name,localName,model,sku,barcode,brand,category,subcategory,subSubcategory,department,unit,purchasePrice,costPrice,retailPrice,wholesalePrice,openingStock,stockAlertQty,commissionPct,status,condition,description,variantAttr1Name,variantAttr1Value,variantAttr2Name,variantAttr2Value,variantAttr3Name,variantAttr3Value,variantSku,variantBarcode,variantPrice,variantPurchasePrice,variantCostPrice,variantWholesalePrice,variantStock,variantCondition
GALAXY A01,,,DEV-1,,SAMSUNG,DEVICE,MOBILE PHONE,,,Pieces,,1,,,,,,Active,New,,GALAXY A01 | 16GB | BLACK | 2019,,,,,,GAL-A01-1,,,,,,,
GALAXY A01,,,DEV-1,,SAMSUNG,DEVICE,MOBILE PHONE,,,Pieces,,1,,,,,,Active,New,,GALAXY A01 | 16GB | BLUE | 2019,,,,,,GAL-A01-2,,,,,,,
GALAXY A01,,,DEV-1,,SAMSUNG,DEVICE,MOBILE PHONE,,,Pieces,,1,,,,,,Active,New,,GALAXY A01 | 16GB | RED | 2019,,,,,,GAL-A01-3,,,,,,,
GALAXY A01,,,DEV-1,,SAMSUNG,DEVICE,MOBILE PHONE,,,Pieces,,1,,,,,,Active,New,,GALAXY A01 | 32GB | BLACK | 2019,,,,,,GAL-A01-4,,,,,,,
GALAXY A01,,,DEV-1,,SAMSUNG,DEVICE,MOBILE PHONE,,,Pieces,,1,,,,,,Active,New,,GALAXY A01 | 32GB | BLUE | 2019,,,,,,GAL-A01-5,,,,,,,
GALAXY A01,,,DEV-1,,SAMSUNG,DEVICE,MOBILE PHONE,,,Pieces,,1,,,,,,Active,New,,GALAXY A01 | 32GB | RED | 2019,,,,,,GAL-A01-6,,,,,,,
GALAXY A14,,,DEV-10,,SAMSUNG,DEVICE,MOBILE PHONE,,,Pieces,,1,,,,,,Active,New,,GALAXY A14 | 128GB | BLACK | 2023,,,,,,GAL-A14-75,,,,,,,
GALAXY A14,,,DEV-10,,SAMSUNG,DEVICE,MOBILE PHONE,,,Pieces,,1,,,,,,Active,New,,GALAXY A14 | 128GB | DARK GREEN | 2023,,,,,,GAL-A14-76,,,,,,,
GALAXY A14,,,DEV-10,,SAMSUNG,DEVICE,MOBILE PHONE,,,Pieces,,1,,,,,,Active,New,,GALAXY A14 | 128GB | LIGHT GREEN | 2023,,,,,,GAL-A14-77,,,,,,,
GALAXY A14,,,DEV-10,,SAMSUNG,DEVICE,MOBILE PHONE,,,Pieces,,1,,,,,,Active,New,,GALAXY A14 | 128GB | SILVER | 2023,,,,,,GAL-A14-78,,,,,,,
GALAXY A14,,,DEV-10,,SAMSUNG,DEVICE,MOBILE PHONE,,,Pieces,,1,,,,,,Active,New,,GALAXY A14 | 64GB | BLACK | 2023,,,,,,GAL-A14-79,,,,,,,
GALAXY A14,,,DEV-10,,SAMSUNG,DEVICE,MOBILE PHONE,,,Pieces,,1,,,,,,Active,New,,GALAXY A14 | 64GB | DARK GREEN | 2023,,,,,,GAL-A14-80,,,,,,,
GALAXY A14,,,DEV-10,,SAMSUNG,DEVICE,MOBILE PHONE,,,Pieces,,1,,,,,,Active,New,,GALAXY A14 | 64GB | LIGHT GREEN | 2023,,,,,,GAL-A14-81,,,,,,,
GALAXY A14,,,DEV-10,,SAMSUNG,DEVICE,MOBILE PHONE,,,Pieces,,1,,,,,,Active,New,,GALAXY A14 | 64GB | SILVER | 2023,,,,,,GAL-A14-82,,,,,,,
HUAWEI MATE 20 PRO,,,DEV-100,,HUAWEI,DEVICE,MOBILE PHONE,,,Pieces,,1,,,,,,Active,New,,HUAWEI MATE 20 PRO | 128GB | BLACK | 2018,,,,,,HUA-20-686,,,,,,,
HUAWEI MATE 20 PRO,,,DEV-100,,HUAWEI,DEVICE,MOBILE PHONE,,,Pieces,,1,,,,,,Active,New,,HUAWEI MATE 20 PRO | 128GB | EMERALD GREEN | 2018,,,,,,HUA-20-687,,,,,,,
HUAWEI MATE 20 PRO,,,DEV-100,,HUAWEI,DEVICE,MOBILE PHONE,,,Pieces,,1,,,,,,Active,New,,HUAWEI MATE 20 PRO | 128GB | TWILIGHT | 2018,,,,,,HUA-20-688,,,,,,,
HUAWEI MATE 40,,,DEV-101,,HUAWEI,DEVICE,MOBILE PHONE,,,Pieces,,1,,,,,,Active,New,,HUAWEI MATE 40 | 128GB | BLACK | 2020,,,,,,HUA-40-689,,,,,,,
HUAWEI MATE 40,,,DEV-101,,HUAWEI,DEVICE,MOBILE PHONE,,,Pieces,,1,,,,,,Active,New,,HUAWEI MATE 40 | 128GB | MYSTIC SILVER | 2020,,,,,,HUA-40-690,,,,,,,
HUAWEI MATE 40,,,DEV-101,,HUAWEI,DEVICE,MOBILE PHONE,,,Pieces,,1,,,,,,Active,New,,HUAWEI MATE 40 | 128GB | WHITE | 2020,,,,,,HUA-40-691,,,,,,,
HUAWEI MATE 40,,,DEV-101,,HUAWEI,DEVICE,MOBILE PHONE,,,Pieces,,1,,,,,,Active,New,,HUAWEI MATE 40 | 256GB | BLACK | 2020,,,,,,HUA-40-692,,,,,,,
HUAWEI MATE 40,,,DEV-101,,HUAWEI,DEVICE,MOBILE PHONE,,,Pieces,,1,,,,,,Active,New,,HUAWEI MATE 40 | 256GB | MYSTIC SILVER | 2020,,,,,,HUA-40-693,,,,,,,
HUAWEI MATE 40,,,DEV-101,,HUAWEI,DEVICE,MOBILE PHONE,,,Pieces,,1,,,,,,Active,New,,HUAWEI MATE 40 | 256GB | WHITE | 2020,,,,,,HUA-40-694,,,,,,,
HUAWEI MATE 40 PRO,,,DEV-102,,HUAWEI,DEVICE,MOBILE PHONE,,,Pieces,,1,,,,,,Active,New,,HUAWEI MATE 40 PRO | 256GB | BLACK | 2020,,,,,,HUA-40-695,,,,,,,
HUAWEI MATE 40 PRO,,,DEV-102,,HUAWEI,DEVICE,MOBILE PHONE,,,Pieces,,1,,,,,,Active,New,,HUAWEI MATE 40 PRO | 256GB | SILVER | 2020,,,,,,HUA-40-696,,,,,,,
HUAWEI MATE 40 PRO,,,DEV-102,,HUAWEI,DEVICE,MOBILE PHONE,,,Pieces,,1,,,,,,Active,New,,HUAWEI MATE 40 PRO | 256GB | WHITE | 2020,,,,,,HUA-40-697,,,,,,,
HUAWEI MATE 50,,,DEV-103,,HUAWEI,DEVICE,MOBILE PHONE,,,Pieces,,1,,,,,,Active,New,,HUAWEI MATE 50 | 128GB | BLACK | 2022,,,,,,HUA-50-698,,,,,,,
HUAWEI MATE 50,,,DEV-103,,HUAWEI,DEVICE,MOBILE PHONE,,,Pieces,,1,,,,,,Active,New,,HUAWEI MATE 50 | 128GB | PURPLE | 2022,,,,,,HUA-50-699,,,,,,,
HUAWEI MATE 50,,,DEV-103,,HUAWEI,DEVICE,MOBILE PHONE,,,Pieces,,1,,,,,,Active,New,,HUAWEI MATE 50 | 128GB | SILVER | 2022,,,,,,HUA-50-700,,,,,,,
HUAWEI MATE 50,,,DEV-103,,HUAWEI,DEVICE,MOBILE PHONE,,,Pieces,,1,,,,,,Active,New,,HUAWEI MATE 50 | 256GB | BLACK | 2022,,,,,,HUA-50-701,,,,,,,
HUAWEI MATE 50,,,DEV-103,,HUAWEI,DEVICE,MOBILE PHONE,,,Pieces,,1,,,,,,Active,New,,HUAWEI MATE 50 | 256GB | PURPLE | 2022,,,,,,HUA-50-702,,,,,,,
HUAWEI MATE 50,,,DEV-103,,HUAWEI,DEVICE,MOBILE PHONE,,,Pieces,,1,,,,,,Active,New,,HUAWEI MATE 50 | 256GB | SILVER | 2022,,,,,,HUA-50-703,,,,,,,
HUAWEI MATE 50 PRO,,,DEV-104,,HUAWEI,DEVICE,MOBILE PHONE,,,Pieces,,1,,,,,,Active,New,,HUAWEI MATE 50 PRO | 256GB | BLACK | 2022,,,,,,HUA-50-704,,,,,,,
HUAWEI MATE 50 PRO,,,DEV-104,,HUAWEI,DEVICE,MOBILE PHONE,,,Pieces,,1,,,,,,Active,New,,HUAWEI MATE 50 PRO | 256GB | ORANGE | 2022,,,,,,HUA-50-705,,,,,,,
HUAWEI MATE 50 PRO,,,DEV-104,,HUAWEI,DEVICE,MOBILE PHONE,,,Pieces,,1,,,,,,Active,New,,HUAWEI MATE 50 PRO | 256GB | SILVER | 2022,,,,,,HUA-50-706,,,,,,,
HUAWEI MATE 50 PRO,,,DEV-104,,HUAWEI,DEVICE,MOBILE PHONE,,,Pieces,,1,,,,,,Active,New,,HUAWEI MATE 50 PRO | 512GB | BLACK | 2022,,,,,,HUA-50-707,,,,,,,
HUAWEI MATE 50 PRO,,,DEV-104,,HUAWEI,DEVICE,MOBILE PHONE,,,Pieces,,1,,,,,,Active,New,,HUAWEI MATE 50 PRO | 512GB | ORANGE | 2022,,,,,,HUA-50-708,,,,,,,
HUAWEI MATE 50 PRO,,,DEV-104,,HUAWEI,DEVICE,MOBILE PHONE,,,Pieces,,1,,,,,,Active,New,,HUAWEI MATE 50 PRO | 512GB | SILVER | 2022,,,,,,HUA-50-709,,,,,,,
HUAWEI MATE 60,,,DEV-105,,HUAWEI,DEVICE,MOBILE PHONE,,,Pieces,,1,,,,,,Active,New,,HUAWEI MATE 60 | 256GB | BLACK | 2023,,,,,,HUA-60-710,,,,,,,
HUAWEI MATE 60,,,DEV-105,,HUAWEI,DEVICE,MOBILE PHONE,,,Pieces,,1,,,,,,Active,New,,HUAWEI MATE 60 | 256GB | GREEN | 2023,,,,,,HUA-60-711,,,,,,,
HUAWEI MATE 60,,,DEV-105,,HUAWEI,DEVICE,MOBILE PHONE,,,Pieces,,1,,,,,,Active,New,,HUAWEI MATE 60 | 256GB | PURPLE | 2023,,,,,,HUA-60-712,,,,,,,
HUAWEI MATE 60,,,DEV-105,,HUAWEI,DEVICE,MOBILE PHONE,,,Pieces,,1,,,,,,Active,New,,HUAWEI MATE 60 | 256GB | WHITE | 2023,,,,,,HUA-60-713,,,,,,,
HUAWEI MATE 60,,,DEV-105,,HUAWEI,DEVICE,MOBILE PHONE,,,Pieces,,1,,,,,,Active,New,,HUAWEI MATE 60 | 512GB | BLACK | 2023,,,,,,HUA-60-714,,,,,,,
HUAWEI MATE 60,,,DEV-105,,HUAWEI,DEVICE,MOBILE PHONE,,,Pieces,,1,,,,,,Active,New,,HUAWEI MATE 60 | 512GB | GREEN | 2023,,,,,,HUA-60-715,,,,,,,
HUAWEI MATE 60,,,DEV-105,,HUAWEI,DEVICE,MOBILE PHONE,,,Pieces,,1,,,,,,Active,New,,HUAWEI MATE 60 | 512GB | PURPLE | 2023,,,,,,HUA-60-716,,,,,,,
HUAWEI MATE 60,,,DEV-105,,HUAWEI,DEVICE,MOBILE PHONE,,,Pieces,,1,,,,,,Active,New,,HUAWEI MATE 60 | 512GB | WHITE | 2023,,,,,,HUA-60-717,,,,,,,
HUAWEI MATE 60 PRO,,,DEV-106,,HUAWEI,DEVICE,MOBILE PHONE,,,Pieces,,1,,,,,,Active,New,,HUAWEI MATE 60 PRO | 1TB | BLACK | 2023,,,,,,HUA-60-718,,,,,,,
HUAWEI MATE 60 PRO,,,DEV-106,,HUAWEI,DEVICE,MOBILE PHONE,,,Pieces,,1,,,,,,Active,New,,HUAWEI MATE 60 PRO | 1TB | GREEN | 2023,,,,,,HUA-60-719,,,,,,,
HUAWEI MATE 60 PRO,,,DEV-106,,HUAWEI,DEVICE,MOBILE PHONE,,,Pieces,,1,,,,,,Active,New,,HUAWEI MATE 60 PRO | 1TB | PURPLE | 2023,,,,,,HUA-60-720,,,,,,,
HUAWEI MATE 60 PRO,,,DEV-106,,HUAWEI,DEVICE,MOBILE PHONE,,,Pieces,,1,,,,,,Active,New,,HUAWEI MATE 60 PRO | 1TB | WHITE | 2023,,,,,,HUA-60-721,,,,,,,
HUAWEI MATE 60 PRO,,,DEV-106,,HUAWEI,DEVICE,MOBILE PHONE,,,Pieces,,1,,,,,,Active,New,,HUAWEI MATE 60 PRO | 256GB | BLACK | 2023,,,,,,HUA-60-722,,,,,,,
HUAWEI MATE 60 PRO,,,DEV-106,,HUAWEI,DEVICE,MOBILE PHONE,,,Pieces,,1,,,,,,Active,New,,HUAWEI MATE 60 PRO | 256GB | GREEN | 2023,,,,,,HUA-60-723,,,,,,,
HUAWEI MATE 60 PRO,,,DEV-106,,HUAWEI,DEVICE,MOBILE PHONE,,,Pieces,,1,,,,,,Active,New,,HUAWEI MATE 60 PRO | 256GB | PURPLE | 2023,,,,,,HUA-60-724,,,,,,,
HUAWEI MATE 60 PRO,,,DEV-106,,HUAWEI,DEVICE,MOBILE PHONE,,,Pieces,,1,,,,,,Active,New,,HUAWEI MATE 60 PRO | 256GB | WHITE | 2023,,,,,,HUA-60-725,,,,,,,
HUAWEI MATE 60 PRO,,,DEV-106,,HUAWEI,DEVICE,MOBILE PHONE,,,Pieces,,1,,,,,,Active,New,,HUAWEI MATE 60 PRO | 512GB | BLACK | 2023,,,,,,HUA-60-726,,,,,,,
HUAWEI MATE 60 PRO,,,DEV-106,,HUAWEI,DEVICE,MOBILE PHONE,,,Pieces,,1,,,,,,Active,New,,HUAWEI MATE 60 PRO | 512GB | GREEN | 2023,,,,,,HUA-60-727,,,,,,,
HUAWEI MATE 60 PRO,,,DEV-106,,HUAWEI,DEVICE,MOBILE PHONE,,,Pieces,,1,,,,,,Active,New,,HUAWEI MATE 60 PRO | 512GB | PURPLE | 2023,,,,,,HUA-60-728,,,,,,,
HUAWEI MATE 60 PRO,,,DEV-106,,HUAWEI,DEVICE,MOBILE PHONE,,,Pieces,,1,,,,,,Active,New,,HUAWEI MATE 60 PRO | 512GB | WHITE | 2023,,,,,,HUA-60-729,,,,,,,
HUAWEI MATE 60 PRO+,,,DEV-107,,HUAWEI,DEVICE,MOBILE PHONE,,,Pieces,,1,,,,,,Active,New,,HUAWEI MATE 60 PRO+ | 1TB | BLACK | 2023,,,,,,HUA-60-730,,,,,,,
HUAWEI MATE 60 PRO+,,,DEV-107,,HUAWEI,DEVICE,MOBILE PHONE,,,Pieces,,1,,,,,,Active,New,,HUAWEI MATE 60 PRO+ | 1TB | WHITE | 2023,,,,,,HUA-60-731,,,,,,,
HUAWEI MATE 60 PRO+,,,DEV-107,,HUAWEI,DEVICE,MOBILE PHONE,,,Pieces,,1,,,,,,Active,New,,HUAWEI MATE 60 PRO+ | 512GB | BLACK | 2023,,,,,,HUA-60-732,,,,,,,
HUAWEI MATE 60 PRO+,,,DEV-107,,HUAWEI,DEVICE,MOBILE PHONE,,,Pieces,,1,,,,,,Active,New,,HUAWEI MATE 60 PRO+ | 512GB | WHITE | 2023,,,,,,HUA-60-733,,,,,,,
HUAWEI MATE 8,,,DEV-108,,HUAWEI,DEVICE,MOBILE PHONE,,,Pieces,,1,,,,,,Active,New,,HUAWEI MATE 8 | 128GB | GOLD | 2015,,,,,,HUA-8-734,,,,,,,
HUAWEI MATE 8,,,DEV-108,,HUAWEI,DEVICE,MOBILE PHONE,,,Pieces,,1,,,,,,Active,New,,HUAWEI MATE 8 | 128GB | GRAY | 2015,,,,,,HUA-8-735,,,,,,,
HUAWEI MATE 8,,,DEV-108,,HUAWEI,DEVICE,MOBILE PHONE,,,Pieces,,1,,,,,,Active,New,,HUAWEI MATE 8 | 128GB | SILVER | 2015,,,,,,HUA-8-736,,,,,,,
HUAWEI MATE 8,,,DEV-108,,HUAWEI,DEVICE,MOBILE PHONE,,,Pieces,,1,,,,,,Active,New,,HUAWEI MATE 8 | 32GB | GOLD | 2015,,,,,,HUA-8-737,,,,,,,
HUAWEI MATE 8,,,DEV-108,,HUAWEI,DEVICE,MOBILE PHONE,,,Pieces,,1,,,,,,Active,New,,HUAWEI MATE 8 | 32GB | GRAY | 2015,,,,,,HUA-8-738,,,,,,,
HUAWEI MATE 8,,,DEV-108,,HUAWEI,DEVICE,MOBILE PHONE,,,Pieces,,1,,,,,,Active,New,,HUAWEI MATE 8 | 32GB | SILVER | 2015,,,,,,HUA-8-739,,,,,,,
HUAWEI MATE 8,,,DEV-108,,HUAWEI,DEVICE,MOBILE PHONE,,,Pieces,,1,,,,,,Active,New,,HUAWEI MATE 8 | 64GB | GOLD | 2015,,,,,,HUA-8-740,,,,,,,
HUAWEI MATE 8,,,DEV-108,,HUAWEI,DEVICE,MOBILE PHONE,,,Pieces,,1,,,,,,Active,New,,HUAWEI MATE 8 | 64GB | GRAY | 2015,,,,,,HUA-8-741,,,,,,,
HUAWEI MATE 8,,,DEV-108,,HUAWEI,DEVICE,MOBILE PHONE,,,Pieces,,1,,,,,,Active,New,,HUAWEI MATE 8 | 64GB | SILVER | 2015,,,,,,HUA-8-742,,,,,,,
HUAWEI MATE 80 PRO MAX,,,DEV-109,,HUAWEI,DEVICE,MOBILE PHONE,,,Pieces,,1,,,,,,Active,New,,HUAWEI MATE 80 PRO MAX | 1TB | BLACK | 2025,,,,,,HUA-80-743,,,,,,,
HUAWEI MATE 80 PRO MAX,,,DEV-109,,HUAWEI,DEVICE,MOBILE PHONE,,,Pieces,,1,,,,,,Active,New,,HUAWEI MATE 80 PRO MAX | 1TB | BLUE | 2025,,,,,,HUA-80-744,,,,,,,
HUAWEI MATE 80 PRO MAX,,,DEV-109,,HUAWEI,DEVICE,MOBILE PHONE,,,Pieces,,1,,,,,,Active,New,,HUAWEI MATE 80 PRO MAX | 1TB | SILVER | 2025,,,,,,HUA-80-745,,,,,,,
HUAWEI MATE 80 PRO MAX,,,DEV-109,,HUAWEI,DEVICE,MOBILE PHONE,,,Pieces,,1,,,,,,Active,New,,HUAWEI MATE 80 PRO MAX | 512GB | BLACK | 2025,,,,,,HUA-80-746,,,,,,,
HUAWEI MATE 80 PRO MAX,,,DEV-109,,HUAWEI,DEVICE,MOBILE PHONE,,,Pieces,,1,,,,,,Active,New,,HUAWEI MATE 80 PRO MAX | 512GB | BLUE | 2025,,,,,,HUA-80-747,,,,,,,
HUAWEI MATE 80 PRO MAX,,,DEV-109,,HUAWEI,DEVICE,MOBILE PHONE,,,Pieces,,1,,,,,,Active,New,,HUAWEI MATE 80 PRO MAX | 512GB | SILVER | 2025,,,,,,HUA-80-748,,,,,,,
GALAXY A15,,,DEV-11,,SAMSUNG,DEVICE,MOBILE PHONE,,,Pieces,,1,,,,,,Active,New,,GALAXY A15 | 128GB | BLUE BLACK | 2024,,,,,,GAL-A15-83,,,,,,,
GALAXY A15,,,DEV-11,,SAMSUNG,DEVICE,MOBILE PHONE,,,Pieces,,1,,,,,,Active,New,,GALAXY A15 | 128GB | BLUE | 2024,,,,,,GAL-A15-84,,,,,,,
GALAXY A15,,,DEV-11,,SAMSUNG,DEVICE,MOBILE PHONE,,,Pieces,,1,,,,,,Active,New,,GALAXY A15 | 128GB | LIGHT BLUE | 2024,,,,,,GAL-A15-85,,,,,,,
GALAXY A15,,,DEV-11,,SAMSUNG,DEVICE,MOBILE PHONE,,,Pieces,,1,,,,,,Active,New,,GALAXY A15 | 128GB | YELLOW | 2024,,,,,,GAL-A15-86,,,,,,,
GALAXY A15,,,DEV-11,,SAMSUNG,DEVICE,MOBILE PHONE,,,Pieces,,1,,,,,,Active,New,,GALAXY A15 | 256GB | BLUE BLACK | 2024,,,,,,GAL-A15-87,,,,,,,
GALAXY A15,,,DEV-11,,SAMSUNG,DEVICE,MOBILE PHONE,,,Pieces,,1,,,,,,Active,New,,GALAXY A15 | 256GB | BLUE | 2024,,,,,,GAL-A15-88,,,,,,,
GALAXY A15,,,DEV-11,,SAMSUNG,DEVICE,MOBILE PHONE,,,Pieces,,1,,,,,,Active,New,,GALAXY A15 | 256GB | LIGHT BLUE | 2024,,,,,,GAL-A15-89,,,,,,,
GALAXY A15,,,DEV-11,,SAMSUNG,DEVICE,MOBILE PHONE,,,Pieces,,1,,,,,,Active,New,,GALAXY A15 | 256GB | YELLOW | 2024,,,,,,GAL-A15-90,,,,,,,
HUAWEI MATE 9,,,DEV-110,,HUAWEI,DEVICE,MOBILE PHONE,,,Pieces,,1,,,,,,Active,New,,HUAWEI MATE 9 | 128GB | BLACK | 2016,,,,,,HUA-9-749,,,,,,,
HUAWEI MATE 9,,,DEV-110,,HUAWEI,DEVICE,MOBILE PHONE,,,Pieces,,1,,,,,,Active,New,,HUAWEI MATE 9 | 128GB | BROWN | 2016,,,,,,HUA-9-750,,,,,,,
HUAWEI MATE 9,,,DEV-110,,HUAWEI,DEVICE,MOBILE PHONE,,,Pieces,,1,,,,,,Active,New,,HUAWEI MATE 9 | 128GB | GOLD | 2016,,,,,,HUA-9-751,,,,,,,
HUAWEI MATE 9,,,DEV-110,,HUAWEI,DEVICE,MOBILE PHONE,,,Pieces,,1,,,,,,Active,New,,HUAWEI MATE 9 | 128GB | SILVER | 2016,,,,,,HUA-9-752,,,,,,,
HUAWEI MATE 9,,,DEV-110,,HUAWEI,DEVICE,MOBILE PHONE,,,Pieces,,1,,,,,,Active,New,,HUAWEI MATE 9 | 64GB | BLACK | 2016,,,,,,HUA-9-753,,,,,,,
HUAWEI MATE 9,,,DEV-110,,HUAWEI,DEVICE,MOBILE PHONE,,,Pieces,,1,,,,,,Active,New,,HUAWEI MATE 9 | 64GB | BROWN | 2016,,,,,,HUA-9-754,,,,,,,
HUAWEI MATE 9,,,DEV-110,,HUAWEI,DEVICE,MOBILE PHONE,,,Pieces,,1,,,,,,Active,New,,HUAWEI MATE 9 | 64GB | GOLD | 2016,,,,,,HUA-9-755,,,,,,,
HUAWEI MATE 9,,,DEV-110,,HUAWEI,DEVICE,MOBILE PHONE,,,Pieces,,1,,,,,,Active,New,,HUAWEI MATE 9 | 64GB | SILVER | 2016,,,,,,HUA-9-756,,,,,,,
HUAWEI MATE X,,,DEV-111,,HUAWEI,DEVICE,MOBILE PHONE,,,Pieces,,1,,,,,,Active,New,,HUAWEI MATE X | 512GB | INTERSTELLAR BLUE | 2019,,,,,,HUA-X-757,,,,,,,
HUAWEI MATE X2,,,DEV-112,,HUAWEI,DEVICE,MOBILE PHONE,,,Pieces,,1,,,,,,Active,New,,HUAWEI MATE X2 | 256GB | CRYSTAL BLUE | 2021,,,,,,HUA-X2-758,,,,,,,
HUAWEI MATE X2,,,DEV-112,,HUAWEI,DEVICE,MOBILE PHONE,,,Pieces,,1,,,,,,Active,New,,HUAWEI MATE X2 | 256GB | CRYSTAL PINK | 2021,,,,,,HUA-X2-759,,,,,,,
HUAWEI MATE X2,,,DEV-112,,HUAWEI,DEVICE,MOBILE PHONE,,,Pieces,,1,,,,,,Active,New,,HUAWEI MATE X2 | 256GB | WHITE | 2021,,,,,,HUA-X2-760,,,,,,,
HUAWEI MATE X2,,,DEV-112,,HUAWEI,DEVICE,MOBILE PHONE,,,Pieces,,1,,,,,,Active,New,,HUAWEI MATE X2 | 512GB | CRYSTAL BLUE | 2021,,,,,,HUA-X2-761,,,,,,,
HUAWEI MATE X2,,,DEV-112,,HUAWEI,DEVICE,MOBILE PHONE,,,Pieces,,1,,,,,,Active,New,,HUAWEI MATE X2 | 512GB | CRYSTAL PINK | 2021,,,,,,HUA-X2-762,,,,,,,
HUAWEI MATE X2,,,DEV-112,,HUAWEI,DEVICE,MOBILE PHONE,,,Pieces,,1,,,,,,Active,New,,HUAWEI MATE X2 | 512GB | WHITE | 2021,,,,,,HUA-X2-763,,,,,,,
HUAWEI MATE XT ULTIMATE,,,DEV-113,,HUAWEI,DEVICE,MOBILE PHONE,,,Pieces,,1,,,,,,Active,New,,HUAWEI MATE XT ULTIMATE | 1TB | BLACK | 2024,,,,,,HUA-XT-764,,,,,,,
HUAWEI MATE XT ULTIMATE,,,DEV-113,,HUAWEI,DEVICE,MOBILE PHONE,,,Pieces,,1,,,,,,Active,New,,HUAWEI MATE XT ULTIMATE | 1TB | RED | 2024,,,,,,HUA-XT-765,,,,,,,
HUAWEI MATE XT ULTIMATE,,,DEV-113,,HUAWEI,DEVICE,MOBILE PHONE,,,Pieces,,1,,,,,,Active,New,,HUAWEI MATE XT ULTIMATE | 256GB | BLACK | 2024,,,,,,HUA-XT-766,,,,,,,
HUAWEI MATE XT ULTIMATE,,,DEV-113,,HUAWEI,DEVICE,MOBILE PHONE,,,Pieces,,1,,,,,,Active,New,,HUAWEI MATE XT ULTIMATE | 256GB | RED | 2024,,,,,,HUA-XT-767,,,,,,,
HUAWEI MATE XT ULTIMATE,,,DEV-113,,HUAWEI,DEVICE,MOBILE PHONE,,,Pieces,,1,,,,,,Active,New,,HUAWEI MATE XT ULTIMATE | 512GB | BLACK | 2024,,,,,,HUA-XT-768,,,,,,,
HUAWEI MATE XT ULTIMATE,,,DEV-113,,HUAWEI,DEVICE,MOBILE PHONE,,,Pieces,,1,,,,,,Active,New,,HUAWEI MATE XT ULTIMATE | 512GB | RED | 2024,,,,,,HUA-XT-769,,,,,,,
HUAWEI NOVA 10,,,DEV-114,,HUAWEI,DEVICE,MOBILE PHONE,,,Pieces,,1,,,,,,Active,New,,HUAWEI NOVA 10 | 128GB | BLACK | 2022,,,,,,HUA-10-770,,,,,,,
HUAWEI NOVA 10,,,DEV-114,,HUAWEI,DEVICE,MOBILE PHONE,,,Pieces,,1,,,,,,Active,New,,HUAWEI NOVA 10 | 128GB | EMERALD GREEN | 2022,,,,,,HUA-10-771,,,,,,,
HUAWEI NOVA 10,,,DEV-114,,HUAWEI,DEVICE,MOBILE PHONE,,,Pieces,,1,,,,,,Active,New,,HUAWEI NOVA 10 | 128GB | STARRY SILVER | 2022,,,,,,HUA-10-772,,,,,,,
HUAWEI NOVA 10,,,DEV-114,,HUAWEI,DEVICE,MOBILE PHONE,,,Pieces,,1,,,,,,Active,New,,HUAWEI NOVA 10 | 256GB | BLACK | 2022,,,,,,HUA-10-773,,,,,,,
HUAWEI NOVA 10,,,DEV-114,,HUAWEI,DEVICE,MOBILE PHONE,,,Pieces,,1,,,,,,Active,New,,HUAWEI NOVA 10 | 256GB | EMERALD GREEN | 2022,,,,,,HUA-10-774,,,,,,,
HUAWEI NOVA 10,,,DEV-114,,HUAWEI,DEVICE,MOBILE PHONE,,,Pieces,,1,,,,,,Active,New,,HUAWEI NOVA 10 | 256GB | STARRY SILVER | 2022,,,,,,HUA-10-775,,,,,,,
HUAWEI NOVA 10 PRO,,,DEV-115,,HUAWEI,DEVICE,MOBILE PHONE,,,Pieces,,1,,,,,,Active,New,,HUAWEI NOVA 10 PRO | 128GB | BLACK | 2022,,,,,,HUA-10-776,,,,,,,
HUAWEI NOVA 10 PRO,,,DEV-115,,HUAWEI,DEVICE,MOBILE PHONE,,,Pieces,,1,,,,,,Active,New,,HUAWEI NOVA 10 PRO | 128GB | GREEN | 2022,,,,,,HUA-10-777,,,,,,,
HUAWEI NOVA 10 PRO,,,DEV-115,,HUAWEI,DEVICE,MOBILE PHONE,,,Pieces,,1,,,,,,Active,New,,HUAWEI NOVA 10 PRO | 128GB | SILVER | 2022,,,,,,HUA-10-778,,,,,,,
HUAWEI NOVA 10 PRO,,,DEV-115,,HUAWEI,DEVICE,MOBILE PHONE,,,Pieces,,1,,,,,,Active,New,,HUAWEI NOVA 10 PRO | 256GB | BLACK | 2022,,,,,,HUA-10-779,,,,,,,
HUAWEI NOVA 10 PRO,,,DEV-115,,HUAWEI,DEVICE,MOBILE PHONE,,,Pieces,,1,,,,,,Active,New,,HUAWEI NOVA 10 PRO | 256GB | GREEN | 2022,,,,,,HUA-10-780,,,,,,,
HUAWEI NOVA 10 PRO,,,DEV-115,,HUAWEI,DEVICE,MOBILE PHONE,,,Pieces,,1,,,,,,Active,New,,HUAWEI NOVA 10 PRO | 256GB | SILVER | 2022,,,,,,HUA-10-781,,,,,,,
HUAWEI NOVA 11,,,DEV-116,,HUAWEI,DEVICE,MOBILE PHONE,,,Pieces,,1,,,,,,Active,New,,HUAWEI NOVA 11 | 128GB | BLACK | 2023,,,,,,HUA-11-782,,,,,,,
HUAWEI NOVA 11,,,DEV-116,,HUAWEI,DEVICE,MOBILE PHONE,,,Pieces,,1,,,,,,Active,New,,HUAWEI NOVA 11 | 128GB | GREEN | 2023,,,,,,HUA-11-783,,,,,,,
HUAWEI NOVA 11,,,DEV-116,,HUAWEI,DEVICE,MOBILE PHONE,,,Pieces,,1,,,,,,Active,New,,HUAWEI NOVA 11 | 128GB | WHITE | 2023,,,,,,HUA-11-784,,,,,,,
HUAWEI NOVA 11,,,DEV-116,,HUAWEI,DEVICE,MOBILE PHONE,,,Pieces,,1,,,,,,Active,New,,HUAWEI NOVA 11 | 256GB | BLACK | 2023,,,,,,HUA-11-785,,,,,,,
HUAWEI NOVA 11,,,DEV-116,,HUAWEI,DEVICE,MOBILE PHONE,,,Pieces,,1,,,,,,Active,New,,HUAWEI NOVA 11 | 256GB | GREEN | 2023,,,,,,HUA-11-786,,,,,,,
HUAWEI NOVA 11,,,DEV-116,,HUAWEI,DEVICE,MOBILE PHONE,,,Pieces,,1,,,,,,Active,New,,HUAWEI NOVA 11 | 256GB | WHITE | 2023,,,,,,HUA-11-787,,,,,,,
HUAWEI NOVA 11 PRO,,,DEV-117,,HUAWEI,DEVICE,MOBILE PHONE,,,Pieces,,1,,,,,,Active,New,,HUAWEI NOVA 11 PRO | 256GB | BLACK | 2023,,,,,,HUA-11-788,,,,,,,
HUAWEI NOVA 11 PRO,,,DEV-117,,HUAWEI,DEVICE,MOBILE PHONE,,,Pieces,,1,,,,,,Active,New,,HUAWEI NOVA 11 PRO | 256GB | GOLD | 2023,,,,,,HUA-11-789,,,,,,,
HUAWEI NOVA 11 PRO,,,DEV-117,,HUAWEI,DEVICE,MOBILE PHONE,,,Pieces,,1,,,,,,Active,New,,HUAWEI NOVA 11 PRO | 256GB | GREEN | 2023,,,,,,HUA-11-790,,,,,,,
HUAWEI NOVA 11 PRO,,,DEV-117,,HUAWEI,DEVICE,MOBILE PHONE,,,Pieces,,1,,,,,,Active,New,,HUAWEI NOVA 11 PRO | 512GB | BLACK | 2023,,,,,,HUA-11-791,,,,,,,
HUAWEI NOVA 11 PRO,,,DEV-117,,HUAWEI,DEVICE,MOBILE PHONE,,,Pieces,,1,,,,,,Active,New,,HUAWEI NOVA 11 PRO | 512GB | GOLD | 2023,,,,,,HUA-11-792,,,,,,,
HUAWEI NOVA 11 PRO,,,DEV-117,,HUAWEI,DEVICE,MOBILE PHONE,,,Pieces,,1,,,,,,Active,New,,HUAWEI NOVA 11 PRO | 512GB | GREEN | 2023,,,,,,HUA-11-793,,,,,,,
HUAWEI NOVA 13,,,DEV-118,,HUAWEI,DEVICE,MOBILE PHONE,,,Pieces,,1,,,,,,Active,New,,HUAWEI NOVA 13 | 256GB | BLACK | 2024,,,,,,HUA-13-794,,,,,,,
HUAWEI NOVA 13,,,DEV-118,,HUAWEI,DEVICE,MOBILE PHONE,,,Pieces,,1,,,,,,Active,New,,HUAWEI NOVA 13 | 256GB | GREEN | 2024,,,,,,HUA-13-795,,,,,,,
HUAWEI NOVA 13,,,DEV-118,,HUAWEI,DEVICE,MOBILE PHONE,,,Pieces,,1,,,,,,Active,New,,HUAWEI NOVA 13 | 256GB | PURPLE | 2024,,,,,,HUA-13-796,,,,,,,
HUAWEI NOVA 13,,,DEV-118,,HUAWEI,DEVICE,MOBILE PHONE,,,Pieces,,1,,,,,,Active,New,,HUAWEI NOVA 13 | 256GB | WHITE | 2024,,,,,,HUA-13-797,,,,,,,
HUAWEI NOVA 13,,,DEV-118,,HUAWEI,DEVICE,MOBILE PHONE,,,Pieces,,1,,,,,,Active,New,,HUAWEI NOVA 13 | 512GB | BLACK | 2024,,,,,,HUA-13-798,,,,,,,
HUAWEI NOVA 13,,,DEV-118,,HUAWEI,DEVICE,MOBILE PHONE,,,Pieces,,1,,,,,,Active,New,,HUAWEI NOVA 13 | 512GB | GREEN | 2024,,,,,,HUA-13-799,,,,,,,
HUAWEI NOVA 13,,,DEV-118,,HUAWEI,DEVICE,MOBILE PHONE,,,Pieces,,1,,,,,,Active,New,,HUAWEI NOVA 13 | 512GB | PURPLE | 2024,,,,,,HUA-13-800,,,,,,,
HUAWEI NOVA 13,,,DEV-118,,HUAWEI,DEVICE,MOBILE PHONE,,,Pieces,,1,,,,,,Active,New,,HUAWEI NOVA 13 | 512GB | WHITE | 2024,,,,,,HUA-13-801,,,,,,,
HUAWEI NOVA 13 PRO,,,DEV-119,,HUAWEI,DEVICE,MOBILE PHONE,,,Pieces,,1,,,,,,Active,New,,HUAWEI NOVA 13 PRO | 1TB | BLACK | 2024,,,,,,HUA-13-802,,,,,,,
HUAWEI NOVA 13 PRO,,,DEV-119,,HUAWEI,DEVICE,MOBILE PHONE,,,Pieces,,1,,,,,,Active,New,,HUAWEI NOVA 13 PRO | 1TB | GREEN | 2024,,,,,,HUA-13-803,,,,,,,
HUAWEI NOVA 13 PRO,,,DEV-119,,HUAWEI,DEVICE,MOBILE PHONE,,,Pieces,,1,,,,,,Active,New,,HUAWEI NOVA 13 PRO | 1TB | PURPLE | 2024,,,,,,HUA-13-804,,,,,,,
HUAWEI NOVA 13 PRO,,,DEV-119,,HUAWEI,DEVICE,MOBILE PHONE,,,Pieces,,1,,,,,,Active,New,,HUAWEI NOVA 13 PRO | 1TB | WHITE | 2024,,,,,,HUA-13-805,,,,,,,
HUAWEI NOVA 13 PRO,,,DEV-119,,HUAWEI,DEVICE,MOBILE PHONE,,,Pieces,,1,,,,,,Active,New,,HUAWEI NOVA 13 PRO | 256GB | BLACK | 2024,,,,,,HUA-13-806,,,,,,,
HUAWEI NOVA 13 PRO,,,DEV-119,,HUAWEI,DEVICE,MOBILE PHONE,,,Pieces,,1,,,,,,Active,New,,HUAWEI NOVA 13 PRO | 256GB | GREEN | 2024,,,,,,HUA-13-807,,,,,,,
HUAWEI NOVA 13 PRO,,,DEV-119,,HUAWEI,DEVICE,MOBILE PHONE,,,Pieces,,1,,,,,,Active,New,,HUAWEI NOVA 13 PRO | 256GB | PURPLE | 2024,,,,,,HUA-13-808,,,,,,,
HUAWEI NOVA 13 PRO,,,DEV-119,,HUAWEI,DEVICE,MOBILE PHONE,,,Pieces,,1,,,,,,Active,New,,HUAWEI NOVA 13 PRO | 256GB | WHITE | 2024,,,,,,HUA-13-809,,,,,,,
HUAWEI NOVA 13 PRO,,,DEV-119,,HUAWEI,DEVICE,MOBILE PHONE,,,Pieces,,1,,,,,,Active,New,,HUAWEI NOVA 13 PRO | 512GB | BLACK | 2024,,,,,,HUA-13-810,,,,,,,
HUAWEI NOVA 13 PRO,,,DEV-119,,HUAWEI,DEVICE,MOBILE PHONE,,,Pieces,,1,,,,,,Active,New,,HUAWEI NOVA 13 PRO | 512GB | GREEN | 2024,,,,,,HUA-13-811,,,,,,,
HUAWEI NOVA 13 PRO,,,DEV-119,,HUAWEI,DEVICE,MOBILE PHONE,,,Pieces,,1,,,,,,Active,New,,HUAWEI NOVA 13 PRO | 512GB | PURPLE | 2024,,,,,,HUA-13-812,,,,,,,
HUAWEI NOVA 13 PRO,,,DEV-119,,HUAWEI,DEVICE,MOBILE PHONE,,,Pieces,,1,,,,,,Active,New,,HUAWEI NOVA 13 PRO | 512GB | WHITE | 2024,,,,,,HUA-13-813,,,,,,,
GALAXY A20,,,DEV-12,,SAMSUNG,DEVICE,MOBILE PHONE,,,Pieces,,1,,,,,,Active,New,,GALAXY A20 | 32GB | BLACK | 2019,,,,,,GAL-A20-91,,,,,,,
GALAXY A20,,,DEV-12,,SAMSUNG,DEVICE,MOBILE PHONE,,,Pieces,,1,,,,,,Active,New,,GALAXY A20 | 32GB | BLUE | 2019,,,,,,GAL-A20-92,,,,,,,
GALAXY A20,,,DEV-12,,SAMSUNG,DEVICE,MOBILE PHONE,,,Pieces,,1,,,,,,Active,New,,GALAXY A20 | 32GB | RED | 2019,,,,,,GAL-A20-93,,,,,,,
HUAWEI NOVA 5T,,,DEV-120,,HUAWEI,DEVICE,MOBILE PHONE,,,Pieces,,1,,,,,,Active,New,,HUAWEI NOVA 5T | 128GB | BLACK | 2019,,,,,,HUA-5T-814,,,,,,,
HUAWEI NOVA 5T,,,DEV-120,,HUAWEI,DEVICE,MOBILE PHONE,,,Pieces,,1,,,,,,Active,New,,HUAWEI NOVA 5T | 128GB | CRUSH BLUE | 2019,,,,,,HUA-5T-815,,,,,,,
HUAWEI NOVA 5T,,,DEV-120,,HUAWEI,DEVICE,MOBILE PHONE,,,Pieces,,1,,,,,,Active,New,,HUAWEI NOVA 5T | 128GB | MIDSUMMER PURPLE | 2019,,,,,,HUA-5T-816,,,,,,,
HUAWEI NOVA 7I,,,DEV-121,,HUAWEI,DEVICE,MOBILE PHONE,,,Pieces,,1,,,,,,Active,New,,HUAWEI NOVA 7I | 128GB | CRUSH GREEN | 2020,,,,,,HUA-7I-817,,,,,,,
HUAWEI NOVA 7I,,,DEV-121,,HUAWEI,DEVICE,MOBILE PHONE,,,Pieces,,1,,,,,,Active,New,,HUAWEI NOVA 7I | 128GB | MIDNIGHT BLACK | 2020,,,,,,HUA-7I-818,,,,,,,
HUAWEI NOVA 7I,,,DEV-121,,HUAWEI,DEVICE,MOBILE PHONE,,,Pieces,,1,,,,,,Active,New,,HUAWEI NOVA 7I | 128GB | SAKURA PINK | 2020,,,,,,HUA-7I-819,,,,,,,
HUAWEI NOVA 8,,,DEV-122,,HUAWEI,DEVICE,MOBILE PHONE,,,Pieces,,1,,,,,,Active,New,,HUAWEI NOVA 8 | 128GB | BLACK | 2021,,,,,,HUA-8-820,,,,,,,
HUAWEI NOVA 8,,,DEV-122,,HUAWEI,DEVICE,MOBILE PHONE,,,Pieces,,1,,,,,,Active,New,,HUAWEI NOVA 8 | 128GB | GREEN | 2021,,,,,,HUA-8-821,,,,,,,
HUAWEI NOVA 8,,,DEV-122,,HUAWEI,DEVICE,MOBILE PHONE,,,Pieces,,1,,,,,,Active,New,,HUAWEI NOVA 8 | 128GB | VIOLET | 2021,,,,,,HUA-8-822,,,,,,,
HUAWEI NOVA 9,,,DEV-123,,HUAWEI,DEVICE,MOBILE PHONE,,,Pieces,,1,,,,,,Active,New,,HUAWEI NOVA 9 | 128GB | BLACK | 2021,,,,,,HUA-9-823,,,,,,,
HUAWEI NOVA 9,,,DEV-123,,HUAWEI,DEVICE,MOBILE PHONE,,,Pieces,,1,,,,,,Active,New,,HUAWEI NOVA 9 | 128GB | GREEN | 2021,,,,,,HUA-9-824,,,,,,,
HUAWEI NOVA 9,,,DEV-123,,HUAWEI,DEVICE,MOBILE PHONE,,,Pieces,,1,,,,,,Active,New,,HUAWEI NOVA 9 | 128GB | STARRY BLUE | 2021,,,,,,HUA-9-825,,,,,,,
HUAWEI NOVA 9,,,DEV-123,,HUAWEI,DEVICE,MOBILE PHONE,,,Pieces,,1,,,,,,Active,New,,HUAWEI NOVA 9 | 256GB | BLACK | 2021,,,,,,HUA-9-826,,,,,,,
HUAWEI NOVA 9,,,DEV-123,,HUAWEI,DEVICE,MOBILE PHONE,,,Pieces,,1,,,,,,Active,New,,HUAWEI NOVA 9 | 256GB | GREEN | 2021,,,,,,HUA-9-827,,,,,,,
HUAWEI NOVA 9,,,DEV-123,,HUAWEI,DEVICE,MOBILE PHONE,,,Pieces,,1,,,,,,Active,New,,HUAWEI NOVA 9 | 256GB | STARRY BLUE | 2021,,,,,,HUA-9-828,,,,,,,
HUAWEI NOVA Y60,,,DEV-124,,HUAWEI,DEVICE,MOBILE PHONE,,,Pieces,,1,,,,,,Active,New,,HUAWEI NOVA Y60 | 64GB | CRUSH GREEN | 2021,,,,,,HUA-Y60-829,,,,,,,
HUAWEI NOVA Y60,,,DEV-124,,HUAWEI,DEVICE,MOBILE PHONE,,,Pieces,,1,,,,,,Active,New,,HUAWEI NOVA Y60 | 64GB | MIDNIGHT BLACK | 2021,,,,,,HUA-Y60-830,,,,,,,
HUAWEI P SMART PRO,,,DEV-125,,HUAWEI,DEVICE,MOBILE PHONE,,,Pieces,,1,,,,,,Active,New,,HUAWEI P SMART PRO | 128GB | BREATHING CRYSTAL | 2019,,,,,,HUA-P-831,,,,,,,
HUAWEI P SMART PRO,,,DEV-125,,HUAWEI,DEVICE,MOBILE PHONE,,,Pieces,,1,,,,,,Active,New,,HUAWEI P SMART PRO | 128GB | MIDNIGHT BLACK | 2019,,,,,,HUA-P-832,,,,,,,
HUAWEI P10,,,DEV-126,,HUAWEI,DEVICE,MOBILE PHONE,,,Pieces,,1,,,,,,Active,New,,HUAWEI P10 | 128GB | GRAPHITE BLACK | 2017,,,,,,HUA-P10-833,,,,,,,
HUAWEI P10,,,DEV-126,,HUAWEI,DEVICE,MOBILE PHONE,,,Pieces,,1,,,,,,Active,New,,HUAWEI P10 | 128GB | MYSTIC SILVER | 2017,,,,,,HUA-P10-834,,,,,,,
HUAWEI P10,,,DEV-126,,HUAWEI,DEVICE,MOBILE PHONE,,,Pieces,,1,,,,,,Active,New,,HUAWEI P10 | 128GB | PRESTIGE GOLD | 2017,,,,,,HUA-P10-835,,,,,,,
HUAWEI P10,,,DEV-126,,HUAWEI,DEVICE,MOBILE PHONE,,,Pieces,,1,,,,,,Active,New,,HUAWEI P10 | 64GB | GRAPHITE BLACK | 2017,,,,,,HUA-P10-836,,,,,,,
HUAWEI P10,,,DEV-126,,HUAWEI,DEVICE,MOBILE PHONE,,,Pieces,,1,,,,,,Active,New,,HUAWEI P10 | 64GB | MYSTIC SILVER | 2017,,,,,,HUA-P10-837,,,,,,,
HUAWEI P10,,,DEV-126,,HUAWEI,DEVICE,MOBILE PHONE,,,Pieces,,1,,,,,,Active,New,,HUAWEI P10 | 64GB | PRESTIGE GOLD | 2017,,,,,,HUA-P10-838,,,,,,,
HUAWEI P10 PLUS,,,DEV-127,,HUAWEI,DEVICE,MOBILE PHONE,,,Pieces,,1,,,,,,Active,New,,HUAWEI P10 PLUS | 128GB | BLACK | 2017,,,,,,HUA-P10-839,,,,,,,
HUAWEI P10 PLUS,,,DEV-127,,HUAWEI,DEVICE,MOBILE PHONE,,,Pieces,,1,,,,,,Active,New,,HUAWEI P10 PLUS | 128GB | GOLD | 2017,,,,,,HUA-P10-840,,,,,,,
HUAWEI P10 PLUS,,,DEV-127,,HUAWEI,DEVICE,MOBILE PHONE,,,Pieces,,1,,,,,,Active,New,,HUAWEI P10 PLUS | 128GB | GREENERY | 2017,,,,,,HUA-P10-841,,,,,,,
HUAWEI P10 PLUS,,,DEV-127,,HUAWEI,DEVICE,MOBILE PHONE,,,Pieces,,1,,,,,,Active,New,,HUAWEI P10 PLUS | 64GB | BLACK | 2017,,,,,,HUA-P10-842,,,,,,,
HUAWEI P10 PLUS,,,DEV-127,,HUAWEI,DEVICE,MOBILE PHONE,,,Pieces,,1,,,,,,Active,New,,HUAWEI P10 PLUS | 64GB | GOLD | 2017,,,,,,HUA-P10-843,,,,,,,
HUAWEI P10 PLUS,,,DEV-127,,HUAWEI,DEVICE,MOBILE PHONE,,,Pieces,,1,,,,,,Active,New,,HUAWEI P10 PLUS | 64GB | GREENERY | 2017,,,,,,HUA-P10-844,,,,,,,
HUAWEI P20,,,DEV-128,,HUAWEI,DEVICE,MOBILE PHONE,,,Pieces,,1,,,,,,Active,New,,HUAWEI P20 | 128GB | BLACK | 2018,,,,,,HUA-P20-845,,,,,,,
HUAWEI P20,,,DEV-128,,HUAWEI,DEVICE,MOBILE PHONE,,,Pieces,,1,,,,,,Active,New,,HUAWEI P20 | 128GB | MIDNIGHT BLUE | 2018,,,,,,HUA-P20-846,,,,,,,
HUAWEI P20,,,DEV-128,,HUAWEI,DEVICE,MOBILE PHONE,,,Pieces,,1,,,,,,Active,New,,HUAWEI P20 | 128GB | PINK GOLD | 2018,,,,,,HUA-P20-847,,,,,,,
HUAWEI P20,,,DEV-128,,HUAWEI,DEVICE,MOBILE PHONE,,,Pieces,,1,,,,,,Active,New,,HUAWEI P20 | 64GB | BLACK | 2018,,,,,,HUA-P20-848,,,,,,,
HUAWEI P20,,,DEV-128,,HUAWEI,DEVICE,MOBILE PHONE,,,Pieces,,1,,,,,,Active,New,,HUAWEI P20 | 64GB | MIDNIGHT BLUE | 2018,,,,,,HUA-P20-849,,,,,,,
HUAWEI P20,,,DEV-128,,HUAWEI,DEVICE,MOBILE PHONE,,,Pieces,,1,,,,,,Active,New,,HUAWEI P20 | 64GB | PINK GOLD | 2018,,,,,,HUA-P20-850,,,,,,,
HUAWEI P20 PRO,,,DEV-129,,HUAWEI,DEVICE,MOBILE PHONE,,,Pieces,,1,,,,,,Active,New,,HUAWEI P20 PRO | 128GB | BLACK | 2018,,,,,,HUA-P20-851,,,,,,,
HUAWEI P20 PRO,,,DEV-129,,HUAWEI,DEVICE,MOBILE PHONE,,,Pieces,,1,,,,,,Active,New,,HUAWEI P20 PRO | 128GB | PINK GOLD | 2018,,,,,,HUA-P20-852,,,,,,,
HUAWEI P20 PRO,,,DEV-129,,HUAWEI,DEVICE,MOBILE PHONE,,,Pieces,,1,,,,,,Active,New,,HUAWEI P20 PRO | 128GB | TWILIGHT | 2018,,,,,,HUA-P20-853,,,,,,,
GALAXY A21,,,DEV-13,,SAMSUNG,DEVICE,MOBILE PHONE,,,Pieces,,1,,,,,,Active,New,,GALAXY A21 | 32GB | BLACK | 2020,,,,,,GAL-A21-94,,,,,,,
GALAXY A21,,,DEV-13,,SAMSUNG,DEVICE,MOBILE PHONE,,,Pieces,,1,,,,,,Active,New,,GALAXY A21 | 32GB | BLUE | 2020,,,,,,GAL-A21-95,,,,,,,
GALAXY A21,,,DEV-13,,SAMSUNG,DEVICE,MOBILE PHONE,,,Pieces,,1,,,,,,Active,New,,GALAXY A21 | 32GB | RED | 2020,,,,,,GAL-A21-96,,,,,,,
GALAXY A21,,,DEV-13,,SAMSUNG,DEVICE,MOBILE PHONE,,,Pieces,,1,,,,,,Active,New,,GALAXY A21 | 32GB | WHITE | 2020,,,,,,GAL-A21-97,,,,,,,
GALAXY A21,,,DEV-13,,SAMSUNG,DEVICE,MOBILE PHONE,,,Pieces,,1,,,,,,Active,New,,GALAXY A21 | 64GB | BLACK | 2020,,,,,,GAL-A21-98,,,,,,,
GALAXY A21,,,DEV-13,,SAMSUNG,DEVICE,MOBILE PHONE,,,Pieces,,1,,,,,,Active,New,,GALAXY A21 | 64GB | BLUE | 2020,,,,,,GAL-A21-99,,,,,,,
GALAXY A21,,,DEV-13,,SAMSUNG,DEVICE,MOBILE PHONE,,,Pieces,,1,,,,,,Active,New,,GALAXY A21 | 64GB | RED | 2020,,,,,,GAL-A21-100,,,,,,,
GALAXY A21,,,DEV-13,,SAMSUNG,DEVICE,MOBILE PHONE,,,Pieces,,1,,,,,,Active,New,,GALAXY A21 | 64GB | WHITE | 2020,,,,,,GAL-A21-101,,,,,,,
HUAWEI P30,,,DEV-130,,HUAWEI,DEVICE,MOBILE PHONE,,,Pieces,,1,,,,,,Active,New,,HUAWEI P30 | 128GB | AURORA | 2019,,,,,,HUA-P30-854,,,,,,,
HUAWEI P30,,,DEV-130,,HUAWEI,DEVICE,MOBILE PHONE,,,Pieces,,1,,,,,,Active,New,,HUAWEI P30 | 128GB | BLACK | 2019,,,,,,HUA-P30-855,,,,,,,
HUAWEI P30,,,DEV-130,,HUAWEI,DEVICE,MOBILE PHONE,,,Pieces,,1,,,,,,Active,New,,HUAWEI P30 | 128GB | BREATHING CRYSTAL | 2019,,,,,,HUA-P30-856,,,,,,,
HUAWEI P30,,,DEV-130,,HUAWEI,DEVICE,MOBILE PHONE,,,Pieces,,1,,,,,,Active,New,,HUAWEI P30 | 64GB | AURORA | 2019,,,,,,HUA-P30-857,,,,,,,
HUAWEI P30,,,DEV-130,,HUAWEI,DEVICE,MOBILE PHONE,,,Pieces,,1,,,,,,Active,New,,HUAWEI P30 | 64GB | BLACK | 2019,,,,,,HUA-P30-858,,,,,,,
HUAWEI P30,,,DEV-130,,HUAWEI,DEVICE,MOBILE PHONE,,,Pieces,,1,,,,,,Active,New,,HUAWEI P30 | 64GB | BREATHING CRYSTAL | 2019,,,,,,HUA-P30-859,,,,,,,
HUAWEI P30 PRO,,,DEV-131,,HUAWEI,DEVICE,MOBILE PHONE,,,Pieces,,1,,,,,,Active,New,,HUAWEI P30 PRO | 128GB | AMBER SUNRISE | 2019,,,,,,HUA-P30-860,,,,,,,
HUAWEI P30 PRO,,,DEV-131,,HUAWEI,DEVICE,MOBILE PHONE,,,Pieces,,1,,,,,,Active,New,,HUAWEI P30 PRO | 128GB | AURORA | 2019,,,,,,HUA-P30-861,,,,,,,
HUAWEI P30 PRO,,,DEV-131,,HUAWEI,DEVICE,MOBILE PHONE,,,Pieces,,1,,,,,,Active,New,,HUAWEI P30 PRO | 128GB | BLACK | 2019,,,,,,HUA-P30-862,,,,,,,
HUAWEI P30 PRO,,,DEV-131,,HUAWEI,DEVICE,MOBILE PHONE,,,Pieces,,1,,,,,,Active,New,,HUAWEI P30 PRO | 256GB | AMBER SUNRISE | 2019,,,,,,HUA-P30-863,,,,,,,
HUAWEI P30 PRO,,,DEV-131,,HUAWEI,DEVICE,MOBILE PHONE,,,Pieces,,1,,,,,,Active,New,,HUAWEI P30 PRO | 256GB | AURORA | 2019,,,,,,HUA-P30-864,,,,,,,
HUAWEI P30 PRO,,,DEV-131,,HUAWEI,DEVICE,MOBILE PHONE,,,Pieces,,1,,,,,,Active,New,,HUAWEI P30 PRO | 256GB | BLACK | 2019,,,,,,HUA-P30-865,,,,,,,
HUAWEI P30 PRO,,,DEV-131,,HUAWEI,DEVICE,MOBILE PHONE,,,Pieces,,1,,,,,,Active,New,,HUAWEI P30 PRO | 512GB | AMBER SUNRISE | 2019,,,,,,HUA-P30-866,,,,,,,
HUAWEI P30 PRO,,,DEV-131,,HUAWEI,DEVICE,MOBILE PHONE,,,Pieces,,1,,,,,,Active,New,,HUAWEI P30 PRO | 512GB | AURORA | 2019,,,,,,HUA-P30-867,,,,,,,
HUAWEI P30 PRO,,,DEV-131,,HUAWEI,DEVICE,MOBILE PHONE,,,Pieces,,1,,,,,,Active,New,,HUAWEI P30 PRO | 512GB | BLACK | 2019,,,,,,HUA-P30-868,,,,,,,
HUAWEI P40,,,DEV-132,,HUAWEI,DEVICE,MOBILE PHONE,,,Pieces,,1,,,,,,Active,New,,HUAWEI P40 | 128GB | BLACK | 2020,,,,,,HUA-P40-869,,,,,,,
HUAWEI P40,,,DEV-132,,HUAWEI,DEVICE,MOBILE PHONE,,,Pieces,,1,,,,,,Active,New,,HUAWEI P40 | 128GB | BLUSH GOLD | 2020,,,,,,HUA-P40-870,,,,,,,
HUAWEI P40,,,DEV-132,,HUAWEI,DEVICE,MOBILE PHONE,,,Pieces,,1,,,,,,Active,New,,HUAWEI P40 | 128GB | SILVER FROST | 2020,,,,,,HUA-P40-871,,,,,,,
HUAWEI P40 PRO,,,DEV-133,,HUAWEI,DEVICE,MOBILE PHONE,,,Pieces,,1,,,,,,Active,New,,HUAWEI P40 PRO | 256GB | BLACK | 2020,,,,,,HUA-P40-872,,,,,,,
HUAWEI P40 PRO,,,DEV-133,,HUAWEI,DEVICE,MOBILE PHONE,,,Pieces,,1,,,,,,Active,New,,HUAWEI P40 PRO | 256GB | DEEP SEA BLUE | 2020,,,,,,HUA-P40-873,,,,,,,
HUAWEI P40 PRO,,,DEV-133,,HUAWEI,DEVICE,MOBILE PHONE,,,Pieces,,1,,,,,,Active,New,,HUAWEI P40 PRO | 256GB | SILVER FROST | 2020,,,,,,HUA-P40-874,,,,,,,
HUAWEI P40 PRO+,,,DEV-134,,HUAWEI,DEVICE,MOBILE PHONE,,,Pieces,,1,,,,,,Active,New,,HUAWEI P40 PRO+ | 512GB | BLACK CERAMIC | 2020,,,,,,HUA-P40-875,,,,,,,
HUAWEI P40 PRO+,,,DEV-134,,HUAWEI,DEVICE,MOBILE PHONE,,,Pieces,,1,,,,,,Active,New,,HUAWEI P40 PRO+ | 512GB | WHITE CERAMIC | 2020,,,,,,HUA-P40-876,,,,,,,
HUAWEI P50,,,DEV-135,,HUAWEI,DEVICE,MOBILE PHONE,,,Pieces,,1,,,,,,Active,New,,HUAWEI P50 | 128GB | COCOA GOLD | 2021,,,,,,HUA-P50-877,,,,,,,
HUAWEI P50,,,DEV-135,,HUAWEI,DEVICE,MOBILE PHONE,,,Pieces,,1,,,,,,Active,New,,HUAWEI P50 | 128GB | GOLDEN BLACK | 2021,,,,,,HUA-P50-878,,,,,,,
HUAWEI P50,,,DEV-135,,HUAWEI,DEVICE,MOBILE PHONE,,,Pieces,,1,,,,,,Active,New,,HUAWEI P50 | 128GB | PEARL WHITE | 2021,,,,,,HUA-P50-879,,,,,,,
HUAWEI P50,,,DEV-135,,HUAWEI,DEVICE,MOBILE PHONE,,,Pieces,,1,,,,,,Active,New,,HUAWEI P50 | 256GB | COCOA GOLD | 2021,,,,,,HUA-P50-880,,,,,,,
HUAWEI P50,,,DEV-135,,HUAWEI,DEVICE,MOBILE PHONE,,,Pieces,,1,,,,,,Active,New,,HUAWEI P50 | 256GB | GOLDEN BLACK | 2021,,,,,,HUA-P50-881,,,,,,,
HUAWEI P50,,,DEV-135,,HUAWEI,DEVICE,MOBILE PHONE,,,Pieces,,1,,,,,,Active,New,,HUAWEI P50 | 256GB | PEARL WHITE | 2021,,,,,,HUA-P50-882,,,,,,,
HUAWEI P50 POCKET,,,DEV-136,,HUAWEI,DEVICE,MOBILE PHONE,,,Pieces,,1,,,,,,Active,New,,HUAWEI P50 POCKET | 256GB | PREMIUM GOLD | 2022,,,,,,HUA-P50-883,,,,,,,
HUAWEI P50 POCKET,,,DEV-136,,HUAWEI,DEVICE,MOBILE PHONE,,,Pieces,,1,,,,,,Active,New,,HUAWEI P50 POCKET | 256GB | SILVER FROST | 2022,,,,,,HUA-P50-884,,,,,,,
HUAWEI P50 POCKET,,,DEV-136,,HUAWEI,DEVICE,MOBILE PHONE,,,Pieces,,1,,,,,,Active,New,,HUAWEI P50 POCKET | 512GB | PREMIUM GOLD | 2022,,,,,,HUA-P50-885,,,,,,,
HUAWEI P50 POCKET,,,DEV-136,,HUAWEI,DEVICE,MOBILE PHONE,,,Pieces,,1,,,,,,Active,New,,HUAWEI P50 POCKET | 512GB | SILVER FROST | 2022,,,,,,HUA-P50-886,,,,,,,
HUAWEI P50 PRO,,,DEV-137,,HUAWEI,DEVICE,MOBILE PHONE,,,Pieces,,1,,,,,,Active,New,,HUAWEI P50 PRO | 256GB | CHARM PINK | 2021,,,,,,HUA-P50-887,,,,,,,
HUAWEI P50 PRO,,,DEV-137,,HUAWEI,DEVICE,MOBILE PHONE,,,Pieces,,1,,,,,,Active,New,,HUAWEI P50 PRO | 256GB | COCOA GOLD | 2021,,,,,,HUA-P50-888,,,,,,,
HUAWEI P50 PRO,,,DEV-137,,HUAWEI,DEVICE,MOBILE PHONE,,,Pieces,,1,,,,,,Active,New,,HUAWEI P50 PRO | 256GB | DYNAMIC SKY BLUE | 2021,,,,,,HUA-P50-889,,,,,,,
HUAWEI P50 PRO,,,DEV-137,,HUAWEI,DEVICE,MOBILE PHONE,,,Pieces,,1,,,,,,Active,New,,HUAWEI P50 PRO | 512GB | CHARM PINK | 2021,,,,,,HUA-P50-890,,,,,,,
HUAWEI P50 PRO,,,DEV-137,,HUAWEI,DEVICE,MOBILE PHONE,,,Pieces,,1,,,,,,Active,New,,HUAWEI P50 PRO | 512GB | COCOA GOLD | 2021,,,,,,HUA-P50-891,,,,,,,
HUAWEI P50 PRO,,,DEV-137,,HUAWEI,DEVICE,MOBILE PHONE,,,Pieces,,1,,,,,,Active,New,,HUAWEI P50 PRO | 512GB | DYNAMIC SKY BLUE | 2021,,,,,,HUA-P50-892,,,,,,,
HUAWEI P60,,,DEV-138,,HUAWEI,DEVICE,MOBILE PHONE,,,Pieces,,1,,,,,,Active,New,,HUAWEI P60 | 128GB | BLACK | 2023,,,,,,HUA-P60-893,,,,,,,
HUAWEI P60,,,DEV-138,,HUAWEI,DEVICE,MOBILE PHONE,,,Pieces,,1,,,,,,Active,New,,HUAWEI P60 | 128GB | EMERALD GREEN | 2023,,,,,,HUA-P60-894,,,,,,,
HUAWEI P60,,,DEV-138,,HUAWEI,DEVICE,MOBILE PHONE,,,Pieces,,1,,,,,,Active,New,,HUAWEI P60 | 128GB | ROCOCO PEARL | 2023,,,,,,HUA-P60-895,,,,,,,
HUAWEI P60,,,DEV-138,,HUAWEI,DEVICE,MOBILE PHONE,,,Pieces,,1,,,,,,Active,New,,HUAWEI P60 | 256GB | BLACK | 2023,,,,,,HUA-P60-896,,,,,,,
HUAWEI P60,,,DEV-138,,HUAWEI,DEVICE,MOBILE PHONE,,,Pieces,,1,,,,,,Active,New,,HUAWEI P60 | 256GB | EMERALD GREEN | 2023,,,,,,HUA-P60-897,,,,,,,
HUAWEI P60,,,DEV-138,,HUAWEI,DEVICE,MOBILE PHONE,,,Pieces,,1,,,,,,Active,New,,HUAWEI P60 | 256GB | ROCOCO PEARL | 2023,,,,,,HUA-P60-898,,,,,,,
HUAWEI P60 PRO,,,DEV-139,,HUAWEI,DEVICE,MOBILE PHONE,,,Pieces,,1,,,,,,Active,New,,HUAWEI P60 PRO | 256GB | BLACK | 2023,,,,,,HUA-P60-899,,,,,,,
HUAWEI P60 PRO,,,DEV-139,,HUAWEI,DEVICE,MOBILE PHONE,,,Pieces,,1,,,,,,Active,New,,HUAWEI P60 PRO | 256GB | ROCOCO PEARL | 2023,,,,,,HUA-P60-900,,,,,,,
HUAWEI P60 PRO,,,DEV-139,,HUAWEI,DEVICE,MOBILE PHONE,,,Pieces,,1,,,,,,Active,New,,HUAWEI P60 PRO | 256GB | VIOLET | 2023,,,,,,HUA-P60-901,,,,,,,
HUAWEI P60 PRO,,,DEV-139,,HUAWEI,DEVICE,MOBILE PHONE,,,Pieces,,1,,,,,,Active,New,,HUAWEI P60 PRO | 512GB | BLACK | 2023,,,,,,HUA-P60-902,,,,,,,
HUAWEI P60 PRO,,,DEV-139,,HUAWEI,DEVICE,MOBILE PHONE,,,Pieces,,1,,,,,,Active,New,,HUAWEI P60 PRO | 512GB | ROCOCO PEARL | 2023,,,,,,HUA-P60-903,,,,,,,
HUAWEI P60 PRO,,,DEV-139,,HUAWEI,DEVICE,MOBILE PHONE,,,Pieces,,1,,,,,,Active,New,,HUAWEI P60 PRO | 512GB | VIOLET | 2023,,,,,,HUA-P60-904,,,,,,,
GALAXY A22,,,DEV-14,,SAMSUNG,DEVICE,MOBILE PHONE,,,Pieces,,1,,,,,,Active,New,,GALAXY A22 | 128GB | BLACK | 2021,,,,,,GAL-A22-102,,,,,,,
GALAXY A22,,,DEV-14,,SAMSUNG,DEVICE,MOBILE PHONE,,,Pieces,,1,,,,,,Active,New,,GALAXY A22 | 128GB | MINT | 2021,,,,,,GAL-A22-103,,,,,,,
GALAXY A22,,,DEV-14,,SAMSUNG,DEVICE,MOBILE PHONE,,,Pieces,,1,,,,,,Active,New,,GALAXY A22 | 128GB | VIOLET | 2021,,,,,,GAL-A22-104,,,,,,,
GALAXY A22,,,DEV-14,,SAMSUNG,DEVICE,MOBILE PHONE,,,Pieces,,1,,,,,,Active,New,,GALAXY A22 | 128GB | WHITE | 2021,,,,,,GAL-A22-105,,,,,,,
GALAXY A22,,,DEV-14,,SAMSUNG,DEVICE,MOBILE PHONE,,,Pieces,,1,,,,,,Active,New,,GALAXY A22 | 64GB | BLACK | 2021,,,,,,GAL-A22-106,,,,,,,
GALAXY A22,,,DEV-14,,SAMSUNG,DEVICE,MOBILE PHONE,,,Pieces,,1,,,,,,Active,New,,GALAXY A22 | 64GB | MINT | 2021,,,,,,GAL-A22-107,,,,,,,
GALAXY A22,,,DEV-14,,SAMSUNG,DEVICE,MOBILE PHONE,,,Pieces,,1,,,,,,Active,New,,GALAXY A22 | 64GB | VIOLET | 2021,,,,,,GAL-A22-108,,,,,,,
GALAXY A22,,,DEV-14,,SAMSUNG,DEVICE,MOBILE PHONE,,,Pieces,,1,,,,,,Active,New,,GALAXY A22 | 64GB | WHITE | 2021,,,,,,GAL-A22-109,,,,,,,
HUAWEI P9,,,DEV-140,,HUAWEI,DEVICE,MOBILE PHONE,,,Pieces,,1,,,,,,Active,New,,HUAWEI P9 | 32GB | CERAMIC WHITE | 2016,,,,,,HUA-P9-905,,,,,,,
HUAWEI P9,,,DEV-140,,HUAWEI,DEVICE,MOBILE PHONE,,,Pieces,,1,,,,,,Active,New,,HUAWEI P9 | 32GB | HAZE GOLD | 2016,,,,,,HUA-P9-906,,,,,,,
HUAWEI P9,,,DEV-140,,HUAWEI,DEVICE,MOBILE PHONE,,,Pieces,,1,,,,,,Active,New,,HUAWEI P9 | 32GB | ROSE GOLD | 2016,,,,,,HUA-P9-907,,,,,,,
HUAWEI P9,,,DEV-140,,HUAWEI,DEVICE,MOBILE PHONE,,,Pieces,,1,,,,,,Active,New,,HUAWEI P9 | 32GB | TITANIUM GREY | 2016,,,,,,HUA-P9-908,,,,,,,
HUAWEI P9,,,DEV-140,,HUAWEI,DEVICE,MOBILE PHONE,,,Pieces,,1,,,,,,Active,New,,HUAWEI P9 | 64GB | CERAMIC WHITE | 2016,,,,,,HUA-P9-909,,,,,,,
HUAWEI P9,,,DEV-140,,HUAWEI,DEVICE,MOBILE PHONE,,,Pieces,,1,,,,,,Active,New,,HUAWEI P9 | 64GB | HAZE GOLD | 2016,,,,,,HUA-P9-910,,,,,,,
HUAWEI P9,,,DEV-140,,HUAWEI,DEVICE,MOBILE PHONE,,,Pieces,,1,,,,,,Active,New,,HUAWEI P9 | 64GB | ROSE GOLD | 2016,,,,,,HUA-P9-911,,,,,,,
HUAWEI P9,,,DEV-140,,HUAWEI,DEVICE,MOBILE PHONE,,,Pieces,,1,,,,,,Active,New,,HUAWEI P9 | 64GB | TITANIUM GREY | 2016,,,,,,HUA-P9-912,,,,,,,
HUAWEI P9 LITE,,,DEV-141,,HUAWEI,DEVICE,MOBILE PHONE,,,Pieces,,1,,,,,,Active,New,,HUAWEI P9 LITE | 16GB | BLACK | 2016,,,,,,HUA-P9-913,,,,,,,
HUAWEI P9 LITE,,,DEV-141,,HUAWEI,DEVICE,MOBILE PHONE,,,Pieces,,1,,,,,,Active,New,,HUAWEI P9 LITE | 16GB | GOLD | 2016,,,,,,HUA-P9-914,,,,,,,
HUAWEI P9 LITE,,,DEV-141,,HUAWEI,DEVICE,MOBILE PHONE,,,Pieces,,1,,,,,,Active,New,,HUAWEI P9 LITE | 16GB | WHITE | 2016,,,,,,HUA-P9-915,,,,,,,
HUAWEI P9 LITE,,,DEV-141,,HUAWEI,DEVICE,MOBILE PHONE,,,Pieces,,1,,,,,,Active,New,,HUAWEI P9 LITE | 32GB | BLACK | 2016,,,,,,HUA-P9-916,,,,,,,
HUAWEI P9 LITE,,,DEV-141,,HUAWEI,DEVICE,MOBILE PHONE,,,Pieces,,1,,,,,,Active,New,,HUAWEI P9 LITE | 32GB | GOLD | 2016,,,,,,HUA-P9-917,,,,,,,
HUAWEI P9 LITE,,,DEV-141,,HUAWEI,DEVICE,MOBILE PHONE,,,Pieces,,1,,,,,,Active,New,,HUAWEI P9 LITE | 32GB | WHITE | 2016,,,,,,HUA-P9-918,,,,,,,
HUAWEI PURA 70,,,DEV-142,,HUAWEI,DEVICE,MOBILE PHONE,,,Pieces,,1,,,,,,Active,New,,HUAWEI PURA 70 | 256GB | BLACK | 2024,,,,,,HUA-70-919,,,,,,,
HUAWEI PURA 70,,,DEV-142,,HUAWEI,DEVICE,MOBILE PHONE,,,Pieces,,1,,,,,,Active,New,,HUAWEI PURA 70 | 256GB | BLUE | 2024,,,,,,HUA-70-920,,,,,,,
HUAWEI PURA 70,,,DEV-142,,HUAWEI,DEVICE,MOBILE PHONE,,,Pieces,,1,,,,,,Active,New,,HUAWEI PURA 70 | 256GB | PINK | 2024,,,,,,HUA-70-921,,,,,,,
HUAWEI PURA 70,,,DEV-142,,HUAWEI,DEVICE,MOBILE PHONE,,,Pieces,,1,,,,,,Active,New,,HUAWEI PURA 70 | 256GB | WHITE | 2024,,,,,,HUA-70-922,,,,,,,
HUAWEI PURA 70,,,DEV-142,,HUAWEI,DEVICE,MOBILE PHONE,,,Pieces,,1,,,,,,Active,New,,HUAWEI PURA 70 | 512GB | BLACK | 2024,,,,,,HUA-70-923,,,,,,,
HUAWEI PURA 70,,,DEV-142,,HUAWEI,DEVICE,MOBILE PHONE,,,Pieces,,1,,,,,,Active,New,,HUAWEI PURA 70 | 512GB | BLUE | 2024,,,,,,HUA-70-924,,,,,,,
HUAWEI PURA 70,,,DEV-142,,HUAWEI,DEVICE,MOBILE PHONE,,,Pieces,,1,,,,,,Active,New,,HUAWEI PURA 70 | 512GB | PINK | 2024,,,,,,HUA-70-925,,,,,,,
HUAWEI PURA 70,,,DEV-142,,HUAWEI,DEVICE,MOBILE PHONE,,,Pieces,,1,,,,,,Active,New,,HUAWEI PURA 70 | 512GB | WHITE | 2024,,,,,,HUA-70-926,,,,,,,
HUAWEI PURA 70 PRO,,,DEV-143,,HUAWEI,DEVICE,MOBILE PHONE,,,Pieces,,1,,,,,,Active,New,,HUAWEI PURA 70 PRO | 1TB | BLACK | 2024,,,,,,HUA-70-927,,,,,,,
HUAWEI PURA 70 PRO,,,DEV-143,,HUAWEI,DEVICE,MOBILE PHONE,,,Pieces,,1,,,,,,Active,New,,HUAWEI PURA 70 PRO | 1TB | PURPLE | 2024,,,,,,HUA-70-928,,,,,,,
HUAWEI PURA 70 PRO,,,DEV-143,,HUAWEI,DEVICE,MOBILE PHONE,,,Pieces,,1,,,,,,Active,New,,HUAWEI PURA 70 PRO | 1TB | WHITE | 2024,,,,,,HUA-70-929,,,,,,,
HUAWEI PURA 70 PRO,,,DEV-143,,HUAWEI,DEVICE,MOBILE PHONE,,,Pieces,,1,,,,,,Active,New,,HUAWEI PURA 70 PRO | 512GB | BLACK | 2024,,,,,,HUA-70-930,,,,,,,
HUAWEI PURA 70 PRO,,,DEV-143,,HUAWEI,DEVICE,MOBILE PHONE,,,Pieces,,1,,,,,,Active,New,,HUAWEI PURA 70 PRO | 512GB | PURPLE | 2024,,,,,,HUA-70-931,,,,,,,
HUAWEI PURA 70 PRO,,,DEV-143,,HUAWEI,DEVICE,MOBILE PHONE,,,Pieces,,1,,,,,,Active,New,,HUAWEI PURA 70 PRO | 512GB | WHITE | 2024,,,,,,HUA-70-932,,,,,,,
HUAWEI PURA 70 ULTRA,,,DEV-144,,HUAWEI,DEVICE,MOBILE PHONE,,,Pieces,,1,,,,,,Active,New,,HUAWEI PURA 70 ULTRA | 1TB | BLACK | 2024,,,,,,HUA-70-933,,,,,,,
HUAWEI PURA 70 ULTRA,,,DEV-144,,HUAWEI,DEVICE,MOBILE PHONE,,,Pieces,,1,,,,,,Active,New,,HUAWEI PURA 70 ULTRA | 1TB | BROWN | 2024,,,,,,HUA-70-934,,,,,,,
HUAWEI PURA 70 ULTRA,,,DEV-144,,HUAWEI,DEVICE,MOBILE PHONE,,,Pieces,,1,,,,,,Active,New,,HUAWEI PURA 70 ULTRA | 1TB | WHITE | 2024,,,,,,HUA-70-935,,,,,,,
HUAWEI PURA 70 ULTRA,,,DEV-144,,HUAWEI,DEVICE,MOBILE PHONE,,,Pieces,,1,,,,,,Active,New,,HUAWEI PURA 70 ULTRA | 512GB | BLACK | 2024,,,,,,HUA-70-936,,,,,,,
HUAWEI PURA 70 ULTRA,,,DEV-144,,HUAWEI,DEVICE,MOBILE PHONE,,,Pieces,,1,,,,,,Active,New,,HUAWEI PURA 70 ULTRA | 512GB | BROWN | 2024,,,,,,HUA-70-937,,,,,,,
HUAWEI PURA 70 ULTRA,,,DEV-144,,HUAWEI,DEVICE,MOBILE PHONE,,,Pieces,,1,,,,,,Active,New,,HUAWEI PURA 70 ULTRA | 512GB | WHITE | 2024,,,,,,HUA-70-938,,,,,,,
HUAWEI PURA X MAX,,,DEV-145,,HUAWEI,DEVICE,MOBILE PHONE,,,Pieces,,1,,,,,,Active,New,,HUAWEI PURA X MAX | 1TB | BLACK | 2025,,,,,,HUA-X-939,,,,,,,
HUAWEI PURA X MAX,,,DEV-145,,HUAWEI,DEVICE,MOBILE PHONE,,,Pieces,,1,,,,,,Active,New,,HUAWEI PURA X MAX | 1TB | BLUE | 2025,,,,,,HUA-X-940,,,,,,,
HUAWEI PURA X MAX,,,DEV-145,,HUAWEI,DEVICE,MOBILE PHONE,,,Pieces,,1,,,,,,Active,New,,HUAWEI PURA X MAX | 1TB | GOLD | 2025,,,,,,HUA-X-941,,,,,,,
HUAWEI PURA X MAX,,,DEV-145,,HUAWEI,DEVICE,MOBILE PHONE,,,Pieces,,1,,,,,,Active,New,,HUAWEI PURA X MAX | 1TB | ORANGE | 2025,,,,,,HUA-X-942,,,,,,,
HUAWEI PURA X MAX,,,DEV-145,,HUAWEI,DEVICE,MOBILE PHONE,,,Pieces,,1,,,,,,Active,New,,HUAWEI PURA X MAX | 1TB | WHITE | 2025,,,,,,HUA-X-943,,,,,,,
HUAWEI PURA X MAX,,,DEV-145,,HUAWEI,DEVICE,MOBILE PHONE,,,Pieces,,1,,,,,,Active,New,,HUAWEI PURA X MAX | 512GB | BLACK | 2025,,,,,,HUA-X-944,,,,,,,
HUAWEI PURA X MAX,,,DEV-145,,HUAWEI,DEVICE,MOBILE PHONE,,,Pieces,,1,,,,,,Active,New,,HUAWEI PURA X MAX | 512GB | BLUE | 2025,,,,,,HUA-X-945,,,,,,,
HUAWEI PURA X MAX,,,DEV-145,,HUAWEI,DEVICE,MOBILE PHONE,,,Pieces,,1,,,,,,Active,New,,HUAWEI PURA X MAX | 512GB | GOLD | 2025,,,,,,HUA-X-946,,,,,,,
HUAWEI PURA X MAX,,,DEV-145,,HUAWEI,DEVICE,MOBILE PHONE,,,Pieces,,1,,,,,,Active,New,,HUAWEI PURA X MAX | 512GB | ORANGE | 2025,,,,,,HUA-X-947,,,,,,,
HUAWEI PURA X MAX,,,DEV-145,,HUAWEI,DEVICE,MOBILE PHONE,,,Pieces,,1,,,,,,Active,New,,HUAWEI PURA X MAX | 512GB | WHITE | 2025,,,,,,HUA-X-948,,,,,,,
HUAWEI Y3,,,DEV-146,,HUAWEI,DEVICE,MOBILE PHONE,,,Pieces,,1,,,,,,Active,New,,HUAWEI Y3 | 4GB | BLACK | 2015,,,,,,HUA-Y3-949,,,,,,,
HUAWEI Y3,,,DEV-146,,HUAWEI,DEVICE,MOBILE PHONE,,,Pieces,,1,,,,,,Active,New,,HUAWEI Y3 | 4GB | WHITE | 2015,,,,,,HUA-Y3-950,,,,,,,
HUAWEI Y3 ,,,DEV-147,,HUAWEI,DEVICE,MOBILE PHONE,,,Pieces,,1,,,,,,Active,New,,HUAWEI Y3 | 8GB | GOLD | 2018,,,,,,HUA-Y3-951,,,,,,,
HUAWEI Y3 ,,,DEV-147,,HUAWEI,DEVICE,MOBILE PHONE,,,Pieces,,1,,,,,,Active,New,,HUAWEI Y3 | 8GB | GRAY | 2018,,,,,,HUA-Y3-952,,,,,,,
HUAWEI Y3 ,,,DEV-147,,HUAWEI,DEVICE,MOBILE PHONE,,,Pieces,,1,,,,,,Active,New,,HUAWEI Y3 | 8GB | WHITE | 2018,,,,,,HUA-Y3-953,,,,,,,
HUAWEI Y5,,,DEV-148,,HUAWEI,DEVICE,MOBILE PHONE,,,Pieces,,1,,,,,,Active,New,,HUAWEI Y5 | 8GB | BLACK | 2015,,,,,,HUA-Y5-954,,,,,,,
HUAWEI Y5,,,DEV-148,,HUAWEI,DEVICE,MOBILE PHONE,,,Pieces,,1,,,,,,Active,New,,HUAWEI Y5 | 8GB | BLUE | 2015,,,,,,HUA-Y5-955,,,,,,,
HUAWEI Y5,,,DEV-148,,HUAWEI,DEVICE,MOBILE PHONE,,,Pieces,,1,,,,,,Active,New,,HUAWEI Y5 | 8GB | PINK | 2015,,,,,,HUA-Y5-956,,,,,,,
HUAWEI Y5,,,DEV-148,,HUAWEI,DEVICE,MOBILE PHONE,,,Pieces,,1,,,,,,Active,New,,HUAWEI Y5 | 8GB | WHITE | 2015,,,,,,HUA-Y5-957,,,,,,,
HUAWEI Y5 ,,,DEV-149,,HUAWEI,DEVICE,MOBILE PHONE,,,Pieces,,1,,,,,,Active,New,,HUAWEI Y5 | 16GB | BLACK | 2018,,,,,,HUA-Y5-958,,,,,,,
HUAWEI Y5 ,,,DEV-149,,HUAWEI,DEVICE,MOBILE PHONE,,,Pieces,,1,,,,,,Active,New,,HUAWEI Y5 | 16GB | BLUE | 2018,,,,,,HUA-Y5-959,,,,,,,
HUAWEI Y5 ,,,DEV-149,,HUAWEI,DEVICE,MOBILE PHONE,,,Pieces,,1,,,,,,Active,New,,HUAWEI Y5 | 16GB | GOLD | 2018,,,,,,HUA-Y5-960,,,,,,,
HUAWEI Y5 ,,,DEV-149,,HUAWEI,DEVICE,MOBILE PHONE,,,Pieces,,1,,,,,,Active,New,,HUAWEI Y5 | 32GB | BLACK | 2018,,,,,,HUA-Y5-961,,,,,,,
HUAWEI Y5 ,,,DEV-149,,HUAWEI,DEVICE,MOBILE PHONE,,,Pieces,,1,,,,,,Active,New,,HUAWEI Y5 | 32GB | BLUE | 2018,,,,,,HUA-Y5-962,,,,,,,
HUAWEI Y5 ,,,DEV-149,,HUAWEI,DEVICE,MOBILE PHONE,,,Pieces,,1,,,,,,Active,New,,HUAWEI Y5 | 32GB | GOLD | 2018,,,,,,HUA-Y5-963,,,,,,,
GALAXY A23,,,DEV-15,,SAMSUNG,DEVICE,MOBILE PHONE,,,Pieces,,1,,,,,,Active,New,,GALAXY A23 | 128GB | BLACK | 2022,,,,,,GAL-A23-110,,,,,,,
GALAXY A23,,,DEV-15,,SAMSUNG,DEVICE,MOBILE PHONE,,,Pieces,,1,,,,,,Active,New,,GALAXY A23 | 128GB | BLUE | 2022,,,,,,GAL-A23-111,,,,,,,
GALAXY A23,,,DEV-15,,SAMSUNG,DEVICE,MOBILE PHONE,,,Pieces,,1,,,,,,Active,New,,GALAXY A23 | 128GB | PEACH | 2022,,,,,,GAL-A23-112,,,,,,,
GALAXY A23,,,DEV-15,,SAMSUNG,DEVICE,MOBILE PHONE,,,Pieces,,1,,,,,,Active,New,,GALAXY A23 | 128GB | WHITE | 2022,,,,,,GAL-A23-113,,,,,,,
GALAXY A23,,,DEV-15,,SAMSUNG,DEVICE,MOBILE PHONE,,,Pieces,,1,,,,,,Active,New,,GALAXY A23 | 64GB | BLACK | 2022,,,,,,GAL-A23-114,,,,,,,
GALAXY A23,,,DEV-15,,SAMSUNG,DEVICE,MOBILE PHONE,,,Pieces,,1,,,,,,Active,New,,GALAXY A23 | 64GB | BLUE | 2022,,,,,,GAL-A23-115,,,,,,,
GALAXY A23,,,DEV-15,,SAMSUNG,DEVICE,MOBILE PHONE,,,Pieces,,1,,,,,,Active,New,,GALAXY A23 | 64GB | PEACH | 2022,,,,,,GAL-A23-116,,,,,,,
GALAXY A23,,,DEV-15,,SAMSUNG,DEVICE,MOBILE PHONE,,,Pieces,,1,,,,,,Active,New,,GALAXY A23 | 64GB | WHITE | 2022,,,,,,GAL-A23-117,,,,,,,
HUAWEI Y5P,,,DEV-150,,HUAWEI,DEVICE,MOBILE PHONE,,,Pieces,,1,,,,,,Active,New,,HUAWEI Y5P | 32GB | MIDNIGHT BLACK | 2020,,,,,,HUA-Y5P-964,,,,,,,
HUAWEI Y5P,,,DEV-150,,HUAWEI,DEVICE,MOBILE PHONE,,,Pieces,,1,,,,,,Active,New,,HUAWEI Y5P | 32GB | MINT GREEN | 2020,,,,,,HUA-Y5P-965,,,,,,,
HUAWEI Y5P,,,DEV-150,,HUAWEI,DEVICE,MOBILE PHONE,,,Pieces,,1,,,,,,Active,New,,HUAWEI Y5P | 32GB | PHANTOM BLUE | 2020,,,,,,HUA-Y5P-966,,,,,,,
HUAWEI Y6P,,,DEV-151,,HUAWEI,DEVICE,MOBILE PHONE,,,Pieces,,1,,,,,,Active,New,,HUAWEI Y6P | 64GB | EMERALD GREEN | 2020,,,,,,HUA-Y6P-967,,,,,,,
HUAWEI Y6P,,,DEV-151,,HUAWEI,DEVICE,MOBILE PHONE,,,Pieces,,1,,,,,,Active,New,,HUAWEI Y6P | 64GB | MIDNIGHT BLACK | 2020,,,,,,HUA-Y6P-968,,,,,,,
HUAWEI Y6P,,,DEV-151,,HUAWEI,DEVICE,MOBILE PHONE,,,Pieces,,1,,,,,,Active,New,,HUAWEI Y6P | 64GB | PHANTOM PURPLE | 2020,,,,,,HUA-Y6P-969,,,,,,,
HUAWEI Y7 PRIME ,,,DEV-152,,HUAWEI,DEVICE,MOBILE PHONE,,,Pieces,,1,,,,,,Active,New,,HUAWEI Y7 PRIME | 32GB | BLACK | 2018,,,,,,HUA-Y7-970,,,,,,,
HUAWEI Y7 PRIME ,,,DEV-152,,HUAWEI,DEVICE,MOBILE PHONE,,,Pieces,,1,,,,,,Active,New,,HUAWEI Y7 PRIME | 32GB | BLUE | 2018,,,,,,HUA-Y7-971,,,,,,,
HUAWEI Y7 PRIME ,,,DEV-152,,HUAWEI,DEVICE,MOBILE PHONE,,,Pieces,,1,,,,,,Active,New,,HUAWEI Y7 PRIME | 32GB | GOLD | 2018,,,,,,HUA-Y7-972,,,,,,,
HUAWEI Y7 PRIME ,,,DEV-152,,HUAWEI,DEVICE,MOBILE PHONE,,,Pieces,,1,,,,,,Active,New,,HUAWEI Y7 PRIME | 64GB | BLACK | 2018,,,,,,HUA-Y7-973,,,,,,,
HUAWEI Y7 PRIME ,,,DEV-152,,HUAWEI,DEVICE,MOBILE PHONE,,,Pieces,,1,,,,,,Active,New,,HUAWEI Y7 PRIME | 64GB | BLUE | 2018,,,,,,HUA-Y7-974,,,,,,,
HUAWEI Y7 PRIME ,,,DEV-152,,HUAWEI,DEVICE,MOBILE PHONE,,,Pieces,,1,,,,,,Active,New,,HUAWEI Y7 PRIME | 64GB | GOLD | 2018,,,,,,HUA-Y7-975,,,,,,,
IPAD (10TH GEN),,,DEV-153,,APPLE,DEVICE,MOBILE PHONE,,,Pieces,,1,,,,,,Active,New,,IPAD (10TH GEN) | 256GB | BLUE | 2022,,,,,,IPAD-10TH-976,,,,,,,
IPAD (10TH GEN),,,DEV-153,,APPLE,DEVICE,MOBILE PHONE,,,Pieces,,1,,,,,,Active,New,,IPAD (10TH GEN) | 256GB | PINK | 2022,,,,,,IPAD-10TH-977,,,,,,,
IPAD (10TH GEN),,,DEV-153,,APPLE,DEVICE,MOBILE PHONE,,,Pieces,,1,,,,,,Active,New,,IPAD (10TH GEN) | 256GB | SILVER | 2022,,,,,,IPAD-10TH-978,,,,,,,
IPAD (10TH GEN),,,DEV-153,,APPLE,DEVICE,MOBILE PHONE,,,Pieces,,1,,,,,,Active,New,,IPAD (10TH GEN) | 256GB | YELLOW | 2022,,,,,,IPAD-10TH-979,,,,,,,
IPAD (10TH GEN),,,DEV-153,,APPLE,DEVICE,MOBILE PHONE,,,Pieces,,1,,,,,,Active,New,,IPAD (10TH GEN) | 64GB | BLUE | 2022,,,,,,IPAD-10TH-980,,,,,,,
IPAD (10TH GEN),,,DEV-153,,APPLE,DEVICE,MOBILE PHONE,,,Pieces,,1,,,,,,Active,New,,IPAD (10TH GEN) | 64GB | PINK | 2022,,,,,,IPAD-10TH-981,,,,,,,
IPAD (10TH GEN),,,DEV-153,,APPLE,DEVICE,MOBILE PHONE,,,Pieces,,1,,,,,,Active,New,,IPAD (10TH GEN) | 64GB | SILVER | 2022,,,,,,IPAD-10TH-982,,,,,,,
IPAD (10TH GEN),,,DEV-153,,APPLE,DEVICE,MOBILE PHONE,,,Pieces,,1,,,,,,Active,New,,IPAD (10TH GEN) | 64GB | YELLOW | 2022,,,,,,IPAD-10TH-983,,,,,,,
IPAD (2ND GEN),,,DEV-154,,APPLE,DEVICE,MOBILE PHONE,,,Pieces,,1,,,,,,Active,New,,IPAD (2ND GEN) | 16GB | BLACK | 2011,,,,,,IPAD-2ND-984,,,,,,,
IPAD (2ND GEN),,,DEV-154,,APPLE,DEVICE,MOBILE PHONE,,,Pieces,,1,,,,,,Active,New,,IPAD (2ND GEN) | 16GB | WHITE | 2011,,,,,,IPAD-2ND-985,,,,,,,
IPAD (2ND GEN),,,DEV-154,,APPLE,DEVICE,MOBILE PHONE,,,Pieces,,1,,,,,,Active,New,,IPAD (2ND GEN) | 32GB | BLACK | 2011,,,,,,IPAD-2ND-986,,,,,,,
IPAD (2ND GEN),,,DEV-154,,APPLE,DEVICE,MOBILE PHONE,,,Pieces,,1,,,,,,Active,New,,IPAD (2ND GEN) | 32GB | WHITE | 2011,,,,,,IPAD-2ND-987,,,,,,,
IPAD (2ND GEN),,,DEV-154,,APPLE,DEVICE,MOBILE PHONE,,,Pieces,,1,,,,,,Active,New,,IPAD (2ND GEN) | 64GB | BLACK | 2011,,,,,,IPAD-2ND-988,,,,,,,
IPAD (2ND GEN),,,DEV-154,,APPLE,DEVICE,MOBILE PHONE,,,Pieces,,1,,,,,,Active,New,,IPAD (2ND GEN) | 64GB | WHITE | 2011,,,,,,IPAD-2ND-989,,,,,,,
IPAD (3RD GEN),,,DEV-155,,APPLE,DEVICE,MOBILE PHONE,,,Pieces,,1,,,,,,Active,New,,IPAD (3RD GEN) | 16GB | BLACK | 2012,,,,,,IPAD-3RD-990,,,,,,,
IPAD (3RD GEN),,,DEV-155,,APPLE,DEVICE,MOBILE PHONE,,,Pieces,,1,,,,,,Active,New,,IPAD (3RD GEN) | 16GB | WHITE | 2012,,,,,,IPAD-3RD-991,,,,,,,
IPAD (3RD GEN),,,DEV-155,,APPLE,DEVICE,MOBILE PHONE,,,Pieces,,1,,,,,,Active,New,,IPAD (3RD GEN) | 32GB | BLACK | 2012,,,,,,IPAD-3RD-992,,,,,,,
IPAD (3RD GEN),,,DEV-155,,APPLE,DEVICE,MOBILE PHONE,,,Pieces,,1,,,,,,Active,New,,IPAD (3RD GEN) | 32GB | WHITE | 2012,,,,,,IPAD-3RD-993,,,,,,,
IPAD (3RD GEN),,,DEV-155,,APPLE,DEVICE,MOBILE PHONE,,,Pieces,,1,,,,,,Active,New,,IPAD (3RD GEN) | 64GB | BLACK | 2012,,,,,,IPAD-3RD-994,,,,,,,
IPAD (3RD GEN),,,DEV-155,,APPLE,DEVICE,MOBILE PHONE,,,Pieces,,1,,,,,,Active,New,,IPAD (3RD GEN) | 64GB | WHITE | 2012,,,,,,IPAD-3RD-995,,,,,,,
IPAD (4TH GEN),,,DEV-156,,APPLE,DEVICE,MOBILE PHONE,,,Pieces,,1,,,,,,Active,New,,IPAD (4TH GEN) | 128GB | BLACK | 2012,,,,,,IPAD-4TH-996,,,,,,,
IPAD (4TH GEN),,,DEV-156,,APPLE,DEVICE,MOBILE PHONE,,,Pieces,,1,,,,,,Active,New,,IPAD (4TH GEN) | 128GB | WHITE | 2012,,,,,,IPAD-4TH-997,,,,,,,
IPAD (4TH GEN),,,DEV-156,,APPLE,DEVICE,MOBILE PHONE,,,Pieces,,1,,,,,,Active,New,,IPAD (4TH GEN) | 16GB | BLACK | 2012,,,,,,IPAD-4TH-998,,,,,,,
IPAD (4TH GEN),,,DEV-156,,APPLE,DEVICE,MOBILE PHONE,,,Pieces,,1,,,,,,Active,New,,IPAD (4TH GEN) | 16GB | WHITE | 2012,,,,,,IPAD-4TH-999,,,,,,,
IPAD (4TH GEN),,,DEV-156,,APPLE,DEVICE,MOBILE PHONE,,,Pieces,,1,,,,,,Active,New,,IPAD (4TH GEN) | 32GB | BLACK | 2012,,,,,,IPAD-4TH-1000,,,,,,,
IPAD (4TH GEN),,,DEV-156,,APPLE,DEVICE,MOBILE PHONE,,,Pieces,,1,,,,,,Active,New,,IPAD (4TH GEN) | 32GB | WHITE | 2012,,,,,,IPAD-4TH-1001,,,,,,,
IPAD (4TH GEN),,,DEV-156,,APPLE,DEVICE,MOBILE PHONE,,,Pieces,,1,,,,,,Active,New,,IPAD (4TH GEN) | 64GB | BLACK | 2012,,,,,,IPAD-4TH-1002,,,,,,,
IPAD (4TH GEN),,,DEV-156,,APPLE,DEVICE,MOBILE PHONE,,,Pieces,,1,,,,,,Active,New,,IPAD (4TH GEN) | 64GB | WHITE | 2012,,,,,,IPAD-4TH-1003,,,,,,,
IPAD (5TH GEN),,,DEV-157,,APPLE,DEVICE,MOBILE PHONE,,,Pieces,,1,,,,,,Active,New,,IPAD (5TH GEN) | 128GB | GOLD | 2017,,,,,,IPAD-5TH-1004,,,,,,,
IPAD (5TH GEN),,,DEV-157,,APPLE,DEVICE,MOBILE PHONE,,,Pieces,,1,,,,,,Active,New,,IPAD (5TH GEN) | 128GB | SILVER | 2017,,,,,,IPAD-5TH-1005,,,,,,,
IPAD (5TH GEN),,,DEV-157,,APPLE,DEVICE,MOBILE PHONE,,,Pieces,,1,,,,,,Active,New,,IPAD (5TH GEN) | 128GB | SPACE GREY | 2017,,,,,,IPAD-5TH-1006,,,,,,,
IPAD (5TH GEN),,,DEV-157,,APPLE,DEVICE,MOBILE PHONE,,,Pieces,,1,,,,,,Active,New,,IPAD (5TH GEN) | 32GB | GOLD | 2017,,,,,,IPAD-5TH-1007,,,,,,,
IPAD (5TH GEN),,,DEV-157,,APPLE,DEVICE,MOBILE PHONE,,,Pieces,,1,,,,,,Active,New,,IPAD (5TH GEN) | 32GB | SILVER | 2017,,,,,,IPAD-5TH-1008,,,,,,,
IPAD (5TH GEN),,,DEV-157,,APPLE,DEVICE,MOBILE PHONE,,,Pieces,,1,,,,,,Active,New,,IPAD (5TH GEN) | 32GB | SPACE GREY | 2017,,,,,,IPAD-5TH-1009,,,,,,,
IPAD (6TH GEN),,,DEV-158,,APPLE,DEVICE,MOBILE PHONE,,,Pieces,,1,,,,,,Active,New,,IPAD (6TH GEN) | 128GB | GOLD | 2018,,,,,,IPAD-6TH-1010,,,,,,,
IPAD (6TH GEN),,,DEV-158,,APPLE,DEVICE,MOBILE PHONE,,,Pieces,,1,,,,,,Active,New,,IPAD (6TH GEN) | 128GB | SILVER | 2018,,,,,,IPAD-6TH-1011,,,,,,,
IPAD (6TH GEN),,,DEV-158,,APPLE,DEVICE,MOBILE PHONE,,,Pieces,,1,,,,,,Active,New,,IPAD (6TH GEN) | 128GB | SPACE GREY | 2018,,,,,,IPAD-6TH-1012,,,,,,,
IPAD (6TH GEN),,,DEV-158,,APPLE,DEVICE,MOBILE PHONE,,,Pieces,,1,,,,,,Active,New,,IPAD (6TH GEN) | 32GB | GOLD | 2018,,,,,,IPAD-6TH-1013,,,,,,,
IPAD (6TH GEN),,,DEV-158,,APPLE,DEVICE,MOBILE PHONE,,,Pieces,,1,,,,,,Active,New,,IPAD (6TH GEN) | 32GB | SILVER | 2018,,,,,,IPAD-6TH-1014,,,,,,,
IPAD (6TH GEN),,,DEV-158,,APPLE,DEVICE,MOBILE PHONE,,,Pieces,,1,,,,,,Active,New,,IPAD (6TH GEN) | 32GB | SPACE GREY | 2018,,,,,,IPAD-6TH-1015,,,,,,,
IPAD (7TH GEN),,,DEV-159,,APPLE,DEVICE,MOBILE PHONE,,,Pieces,,1,,,,,,Active,New,,IPAD (7TH GEN) | 128GB | GOLD | 2019,,,,,,IPAD-7TH-1016,,,,,,,
IPAD (7TH GEN),,,DEV-159,,APPLE,DEVICE,MOBILE PHONE,,,Pieces,,1,,,,,,Active,New,,IPAD (7TH GEN) | 128GB | SILVER | 2019,,,,,,IPAD-7TH-1017,,,,,,,
IPAD (7TH GEN),,,DEV-159,,APPLE,DEVICE,MOBILE PHONE,,,Pieces,,1,,,,,,Active,New,,IPAD (7TH GEN) | 128GB | SPACE GREY | 2019,,,,,,IPAD-7TH-1018,,,,,,,
IPAD (7TH GEN),,,DEV-159,,APPLE,DEVICE,MOBILE PHONE,,,Pieces,,1,,,,,,Active,New,,IPAD (7TH GEN) | 32GB | GOLD | 2019,,,,,,IPAD-7TH-1019,,,,,,,
IPAD (7TH GEN),,,DEV-159,,APPLE,DEVICE,MOBILE PHONE,,,Pieces,,1,,,,,,Active,New,,IPAD (7TH GEN) | 32GB | SILVER | 2019,,,,,,IPAD-7TH-1020,,,,,,,
IPAD (7TH GEN),,,DEV-159,,APPLE,DEVICE,MOBILE PHONE,,,Pieces,,1,,,,,,Active,New,,IPAD (7TH GEN) | 32GB | SPACE GREY | 2019,,,,,,IPAD-7TH-1021,,,,,,,
GALAXY A24,,,DEV-16,,SAMSUNG,DEVICE,MOBILE PHONE,,,Pieces,,1,,,,,,Active,New,,GALAXY A24 | 128GB | BLACK | 2023,,,,,,GAL-A24-118,,,,,,,
GALAXY A24,,,DEV-16,,SAMSUNG,DEVICE,MOBILE PHONE,,,Pieces,,1,,,,,,Active,New,,GALAXY A24 | 128GB | BLUE GRADIENT | 2023,,,,,,GAL-A24-119,,,,,,,
GALAXY A24,,,DEV-16,,SAMSUNG,DEVICE,MOBILE PHONE,,,Pieces,,1,,,,,,Active,New,,GALAXY A24 | 128GB | DARK RED | 2023,,,,,,GAL-A24-120,,,,,,,
GALAXY A24,,,DEV-16,,SAMSUNG,DEVICE,MOBILE PHONE,,,Pieces,,1,,,,,,Active,New,,GALAXY A24 | 128GB | LIME GREEN | 2023,,,,,,GAL-A24-121,,,,,,,
IPAD (8TH GEN),,,DEV-160,,APPLE,DEVICE,MOBILE PHONE,,,Pieces,,1,,,,,,Active,New,,IPAD (8TH GEN) | 128GB | GOLD | 2020,,,,,,IPAD-8TH-1022,,,,,,,
IPAD (8TH GEN),,,DEV-160,,APPLE,DEVICE,MOBILE PHONE,,,Pieces,,1,,,,,,Active,New,,IPAD (8TH GEN) | 128GB | SILVER | 2020,,,,,,IPAD-8TH-1023,,,,,,,
IPAD (8TH GEN),,,DEV-160,,APPLE,DEVICE,MOBILE PHONE,,,Pieces,,1,,,,,,Active,New,,IPAD (8TH GEN) | 128GB | SPACE GREY | 2020,,,,,,IPAD-8TH-1024,,,,,,,
IPAD (8TH GEN),,,DEV-160,,APPLE,DEVICE,MOBILE PHONE,,,Pieces,,1,,,,,,Active,New,,IPAD (8TH GEN) | 32GB | GOLD | 2020,,,,,,IPAD-8TH-1025,,,,,,,
IPAD (8TH GEN),,,DEV-160,,APPLE,DEVICE,MOBILE PHONE,,,Pieces,,1,,,,,,Active,New,,IPAD (8TH GEN) | 32GB | SILVER | 2020,,,,,,IPAD-8TH-1026,,,,,,,
IPAD (8TH GEN),,,DEV-160,,APPLE,DEVICE,MOBILE PHONE,,,Pieces,,1,,,,,,Active,New,,IPAD (8TH GEN) | 32GB | SPACE GREY | 2020,,,,,,IPAD-8TH-1027,,,,,,,
IPAD (9TH GEN),,,DEV-161,,APPLE,DEVICE,MOBILE PHONE,,,Pieces,,1,,,,,,Active,New,,IPAD (9TH GEN) | 256GB | SILVER | 2021,,,,,,IPAD-9TH-1028,,,,,,,
IPAD (9TH GEN),,,DEV-161,,APPLE,DEVICE,MOBILE PHONE,,,Pieces,,1,,,,,,Active,New,,IPAD (9TH GEN) | 256GB | SPACE GREY | 2021,,,,,,IPAD-9TH-1029,,,,,,,
IPAD (9TH GEN),,,DEV-161,,APPLE,DEVICE,MOBILE PHONE,,,Pieces,,1,,,,,,Active,New,,IPAD (9TH GEN) | 64GB | SILVER | 2021,,,,,,IPAD-9TH-1030,,,,,,,
IPAD (9TH GEN),,,DEV-161,,APPLE,DEVICE,MOBILE PHONE,,,Pieces,,1,,,,,,Active,New,,IPAD (9TH GEN) | 64GB | SPACE GREY | 2021,,,,,,IPAD-9TH-1031,,,,,,,
IPAD AIR (1ST GEN),,,DEV-162,,APPLE,DEVICE,MOBILE PHONE,,,Pieces,,1,,,,,,Active,New,,IPAD AIR (1ST GEN) | 128GB | SILVER | 2013,,,,,,IPAD-1ST-1032,,,,,,,
IPAD AIR (1ST GEN),,,DEV-162,,APPLE,DEVICE,MOBILE PHONE,,,Pieces,,1,,,,,,Active,New,,IPAD AIR (1ST GEN) | 128GB | SPACE GREY | 2013,,,,,,IPAD-1ST-1033,,,,,,,
IPAD AIR (1ST GEN),,,DEV-162,,APPLE,DEVICE,MOBILE PHONE,,,Pieces,,1,,,,,,Active,New,,IPAD AIR (1ST GEN) | 16GB | SILVER | 2013,,,,,,IPAD-1ST-1034,,,,,,,
IPAD AIR (1ST GEN),,,DEV-162,,APPLE,DEVICE,MOBILE PHONE,,,Pieces,,1,,,,,,Active,New,,IPAD AIR (1ST GEN) | 16GB | SPACE GREY | 2013,,,,,,IPAD-1ST-1035,,,,,,,
IPAD AIR (1ST GEN),,,DEV-162,,APPLE,DEVICE,MOBILE PHONE,,,Pieces,,1,,,,,,Active,New,,IPAD AIR (1ST GEN) | 32GB | SILVER | 2013,,,,,,IPAD-1ST-1036,,,,,,,
IPAD AIR (1ST GEN),,,DEV-162,,APPLE,DEVICE,MOBILE PHONE,,,Pieces,,1,,,,,,Active,New,,IPAD AIR (1ST GEN) | 32GB | SPACE GREY | 2013,,,,,,IPAD-1ST-1037,,,,,,,
IPAD AIR (1ST GEN),,,DEV-162,,APPLE,DEVICE,MOBILE PHONE,,,Pieces,,1,,,,,,Active,New,,IPAD AIR (1ST GEN) | 64GB | SILVER | 2013,,,,,,IPAD-1ST-1038,,,,,,,
IPAD AIR (1ST GEN),,,DEV-162,,APPLE,DEVICE,MOBILE PHONE,,,Pieces,,1,,,,,,Active,New,,IPAD AIR (1ST GEN) | 64GB | SPACE GREY | 2013,,,,,,IPAD-1ST-1039,,,,,,,
IPAD AIR (3RD GEN),,,DEV-163,,APPLE,DEVICE,MOBILE PHONE,,,Pieces,,1,,,,,,Active,New,,IPAD AIR (3RD GEN) | 256GB | GOLD | 2019,,,,,,IPAD-3RD-1040,,,,,,,
IPAD AIR (3RD GEN),,,DEV-163,,APPLE,DEVICE,MOBILE PHONE,,,Pieces,,1,,,,,,Active,New,,IPAD AIR (3RD GEN) | 256GB | SILVER | 2019,,,,,,IPAD-3RD-1041,,,,,,,
IPAD AIR (3RD GEN),,,DEV-163,,APPLE,DEVICE,MOBILE PHONE,,,Pieces,,1,,,,,,Active,New,,IPAD AIR (3RD GEN) | 256GB | SPACE GREY | 2019,,,,,,IPAD-3RD-1042,,,,,,,
IPAD AIR (3RD GEN),,,DEV-163,,APPLE,DEVICE,MOBILE PHONE,,,Pieces,,1,,,,,,Active,New,,IPAD AIR (3RD GEN) | 64GB | GOLD | 2019,,,,,,IPAD-3RD-1043,,,,,,,
IPAD AIR (3RD GEN),,,DEV-163,,APPLE,DEVICE,MOBILE PHONE,,,Pieces,,1,,,,,,Active,New,,IPAD AIR (3RD GEN) | 64GB | SILVER | 2019,,,,,,IPAD-3RD-1044,,,,,,,
IPAD AIR (3RD GEN),,,DEV-163,,APPLE,DEVICE,MOBILE PHONE,,,Pieces,,1,,,,,,Active,New,,IPAD AIR (3RD GEN) | 64GB | SPACE GREY | 2019,,,,,,IPAD-3RD-1045,,,,,,,
IPAD AIR (4TH GEN),,,DEV-164,,APPLE,DEVICE,MOBILE PHONE,,,Pieces,,1,,,,,,Active,New,,IPAD AIR (4TH GEN) | 256GB | GREEN | 2020,,,,,,IPAD-4TH-1046,,,,,,,
IPAD AIR (4TH GEN),,,DEV-164,,APPLE,DEVICE,MOBILE PHONE,,,Pieces,,1,,,,,,Active,New,,IPAD AIR (4TH GEN) | 256GB | ROSE GOLD | 2020,,,,,,IPAD-4TH-1047,,,,,,,
IPAD AIR (4TH GEN),,,DEV-164,,APPLE,DEVICE,MOBILE PHONE,,,Pieces,,1,,,,,,Active,New,,IPAD AIR (4TH GEN) | 256GB | SILVER | 2020,,,,,,IPAD-4TH-1048,,,,,,,
IPAD AIR (4TH GEN),,,DEV-164,,APPLE,DEVICE,MOBILE PHONE,,,Pieces,,1,,,,,,Active,New,,IPAD AIR (4TH GEN) | 256GB | SKY BLUE | 2020,,,,,,IPAD-4TH-1049,,,,,,,
IPAD AIR (4TH GEN),,,DEV-164,,APPLE,DEVICE,MOBILE PHONE,,,Pieces,,1,,,,,,Active,New,,IPAD AIR (4TH GEN) | 256GB | SPACE GRAY | 2020,,,,,,IPAD-4TH-1050,,,,,,,
IPAD AIR (4TH GEN),,,DEV-164,,APPLE,DEVICE,MOBILE PHONE,,,Pieces,,1,,,,,,Active,New,,IPAD AIR (4TH GEN) | 64GB | GREEN | 2020,,,,,,IPAD-4TH-1051,,,,,,,
IPAD AIR (4TH GEN),,,DEV-164,,APPLE,DEVICE,MOBILE PHONE,,,Pieces,,1,,,,,,Active,New,,IPAD AIR (4TH GEN) | 64GB | ROSE GOLD | 2020,,,,,,IPAD-4TH-1052,,,,,,,
IPAD AIR (4TH GEN),,,DEV-164,,APPLE,DEVICE,MOBILE PHONE,,,Pieces,,1,,,,,,Active,New,,IPAD AIR (4TH GEN) | 64GB | SILVER | 2020,,,,,,IPAD-4TH-1053,,,,,,,
IPAD AIR (4TH GEN),,,DEV-164,,APPLE,DEVICE,MOBILE PHONE,,,Pieces,,1,,,,,,Active,New,,IPAD AIR (4TH GEN) | 64GB | SKY BLUE | 2020,,,,,,IPAD-4TH-1054,,,,,,,
IPAD AIR (4TH GEN),,,DEV-164,,APPLE,DEVICE,MOBILE PHONE,,,Pieces,,1,,,,,,Active,New,,IPAD AIR (4TH GEN) | 64GB | SPACE GRAY | 2020,,,,,,IPAD-4TH-1055,,,,,,,
IPAD AIR (5TH GEN),,,DEV-165,,APPLE,DEVICE,MOBILE PHONE,,,Pieces,,1,,,,,,Active,New,,IPAD AIR (5TH GEN) | 256GB | BLUE | 2022,,,,,,IPAD-5TH-1056,,,,,,,
IPAD AIR (5TH GEN),,,DEV-165,,APPLE,DEVICE,MOBILE PHONE,,,Pieces,,1,,,,,,Active,New,,IPAD AIR (5TH GEN) | 256GB | PINK | 2022,,,,,,IPAD-5TH-1057,,,,,,,
IPAD AIR (5TH GEN),,,DEV-165,,APPLE,DEVICE,MOBILE PHONE,,,Pieces,,1,,,,,,Active,New,,IPAD AIR (5TH GEN) | 256GB | PURPLE | 2022,,,,,,IPAD-5TH-1058,,,,,,,
IPAD AIR (5TH GEN),,,DEV-165,,APPLE,DEVICE,MOBILE PHONE,,,Pieces,,1,,,,,,Active,New,,IPAD AIR (5TH GEN) | 256GB | SPACE GREY | 2022,,,,,,IPAD-5TH-1059,,,,,,,
IPAD AIR (5TH GEN),,,DEV-165,,APPLE,DEVICE,MOBILE PHONE,,,Pieces,,1,,,,,,Active,New,,IPAD AIR (5TH GEN) | 256GB | STARLIGHT | 2022,,,,,,IPAD-5TH-1060,,,,,,,
IPAD AIR (5TH GEN),,,DEV-165,,APPLE,DEVICE,MOBILE PHONE,,,Pieces,,1,,,,,,Active,New,,IPAD AIR (5TH GEN) | 64GB | BLUE | 2022,,,,,,IPAD-5TH-1061,,,,,,,
IPAD AIR (5TH GEN),,,DEV-165,,APPLE,DEVICE,MOBILE PHONE,,,Pieces,,1,,,,,,Active,New,,IPAD AIR (5TH GEN) | 64GB | PINK | 2022,,,,,,IPAD-5TH-1062,,,,,,,
IPAD AIR (5TH GEN),,,DEV-165,,APPLE,DEVICE,MOBILE PHONE,,,Pieces,,1,,,,,,Active,New,,IPAD AIR (5TH GEN) | 64GB | PURPLE | 2022,,,,,,IPAD-5TH-1063,,,,,,,
IPAD AIR (5TH GEN),,,DEV-165,,APPLE,DEVICE,MOBILE PHONE,,,Pieces,,1,,,,,,Active,New,,IPAD AIR (5TH GEN) | 64GB | SPACE GREY | 2022,,,,,,IPAD-5TH-1064,,,,,,,
IPAD AIR (5TH GEN),,,DEV-165,,APPLE,DEVICE,MOBILE PHONE,,,Pieces,,1,,,,,,Active,New,,IPAD AIR (5TH GEN) | 64GB | STARLIGHT | 2022,,,,,,IPAD-5TH-1065,,,,,,,
IPAD AIR (6TH GEN - 11-INCH) (M2),,,DEV-166,,APPLE,DEVICE,MOBILE PHONE,,,Pieces,,1,,,,,,Active,New,,IPAD AIR (6TH GEN - 11-INCH) (M2) | 128GB | BLUE | 2024,,,,,,IPAD-6TH-1066,,,,,,,
IPAD AIR (6TH GEN - 11-INCH) (M2),,,DEV-166,,APPLE,DEVICE,MOBILE PHONE,,,Pieces,,1,,,,,,Active,New,,IPAD AIR (6TH GEN - 11-INCH) (M2) | 128GB | PURPLE | 2024,,,,,,IPAD-6TH-1067,,,,,,,
IPAD AIR (6TH GEN - 11-INCH) (M2),,,DEV-166,,APPLE,DEVICE,MOBILE PHONE,,,Pieces,,1,,,,,,Active,New,,IPAD AIR (6TH GEN - 11-INCH) (M2) | 128GB | SPACE GREY | 2024,,,,,,IPAD-6TH-1068,,,,,,,
IPAD AIR (6TH GEN - 11-INCH) (M2),,,DEV-166,,APPLE,DEVICE,MOBILE PHONE,,,Pieces,,1,,,,,,Active,New,,IPAD AIR (6TH GEN - 11-INCH) (M2) | 128GB | STARLIGHT | 2024,,,,,,IPAD-6TH-1069,,,,,,,
IPAD AIR (6TH GEN - 11-INCH) (M2),,,DEV-166,,APPLE,DEVICE,MOBILE PHONE,,,Pieces,,1,,,,,,Active,New,,IPAD AIR (6TH GEN - 11-INCH) (M2) | 1TB | BLUE | 2024,,,,,,IPAD-6TH-1070,,,,,,,
IPAD AIR (6TH GEN - 11-INCH) (M2),,,DEV-166,,APPLE,DEVICE,MOBILE PHONE,,,Pieces,,1,,,,,,Active,New,,IPAD AIR (6TH GEN - 11-INCH) (M2) | 1TB | PURPLE | 2024,,,,,,IPAD-6TH-1071,,,,,,,
IPAD AIR (6TH GEN - 11-INCH) (M2),,,DEV-166,,APPLE,DEVICE,MOBILE PHONE,,,Pieces,,1,,,,,,Active,New,,IPAD AIR (6TH GEN - 11-INCH) (M2) | 1TB | SPACE GREY | 2024,,,,,,IPAD-6TH-1072,,,,,,,
IPAD AIR (6TH GEN - 11-INCH) (M2),,,DEV-166,,APPLE,DEVICE,MOBILE PHONE,,,Pieces,,1,,,,,,Active,New,,IPAD AIR (6TH GEN - 11-INCH) (M2) | 1TB | STARLIGHT | 2024,,,,,,IPAD-6TH-1073,,,,,,,
IPAD AIR (6TH GEN - 11-INCH) (M2),,,DEV-166,,APPLE,DEVICE,MOBILE PHONE,,,Pieces,,1,,,,,,Active,New,,IPAD AIR (6TH GEN - 11-INCH) (M2) | 256GB | BLUE | 2024,,,,,,IPAD-6TH-1074,,,,,,,
IPAD AIR (6TH GEN - 11-INCH) (M2),,,DEV-166,,APPLE,DEVICE,MOBILE PHONE,,,Pieces,,1,,,,,,Active,New,,IPAD AIR (6TH GEN - 11-INCH) (M2) | 256GB | PURPLE | 2024,,,,,,IPAD-6TH-1075,,,,,,,
IPAD AIR (6TH GEN - 11-INCH) (M2),,,DEV-166,,APPLE,DEVICE,MOBILE PHONE,,,Pieces,,1,,,,,,Active,New,,IPAD AIR (6TH GEN - 11-INCH) (M2) | 256GB | SPACE GREY | 2024,,,,,,IPAD-6TH-1076,,,,,,,
IPAD AIR (6TH GEN - 11-INCH) (M2),,,DEV-166,,APPLE,DEVICE,MOBILE PHONE,,,Pieces,,1,,,,,,Active,New,,IPAD AIR (6TH GEN - 11-INCH) (M2) | 256GB | STARLIGHT | 2024,,,,,,IPAD-6TH-1077,,,,,,,
IPAD AIR (6TH GEN - 11-INCH) (M2),,,DEV-166,,APPLE,DEVICE,MOBILE PHONE,,,Pieces,,1,,,,,,Active,New,,IPAD AIR (6TH GEN - 11-INCH) (M2) | 512GB | BLUE | 2024,,,,,,IPAD-6TH-1078,,,,,,,
IPAD AIR (6TH GEN - 11-INCH) (M2),,,DEV-166,,APPLE,DEVICE,MOBILE PHONE,,,Pieces,,1,,,,,,Active,New,,IPAD AIR (6TH GEN - 11-INCH) (M2) | 512GB | PURPLE | 2024,,,,,,IPAD-6TH-1079,,,,,,,
IPAD AIR (6TH GEN - 11-INCH) (M2),,,DEV-166,,APPLE,DEVICE,MOBILE PHONE,,,Pieces,,1,,,,,,Active,New,,IPAD AIR (6TH GEN - 11-INCH) (M2) | 512GB | SPACE GREY | 2024,,,,,,IPAD-6TH-1080,,,,,,,
IPAD AIR (6TH GEN - 11-INCH) (M2),,,DEV-166,,APPLE,DEVICE,MOBILE PHONE,,,Pieces,,1,,,,,,Active,New,,IPAD AIR (6TH GEN - 11-INCH) (M2) | 512GB | STARLIGHT | 2024,,,,,,IPAD-6TH-1081,,,,,,,
IPAD AIR (6TH GEN13-INCH) (M2),,,DEV-167,,APPLE,DEVICE,MOBILE PHONE,,,Pieces,,1,,,,,,Active,New,,IPAD AIR (6TH GEN 13-INCH) (M2) | 128GB | BLUE | 2024,,,,,,IPAD-6TH-1082,,,,,,,
IPAD AIR (6TH GEN13-INCH) (M2),,,DEV-167,,APPLE,DEVICE,MOBILE PHONE,,,Pieces,,1,,,,,,Active,New,,IPAD AIR (6TH GEN 13-INCH) (M2) | 128GB | PURPLE | 2024,,,,,,IPAD-6TH-1083,,,,,,,
IPAD AIR (6TH GEN13-INCH) (M2),,,DEV-167,,APPLE,DEVICE,MOBILE PHONE,,,Pieces,,1,,,,,,Active,New,,IPAD AIR (6TH GEN 13-INCH) (M2) | 128GB | SPACE GREY | 2024,,,,,,IPAD-6TH-1084,,,,,,,
IPAD AIR (6TH GEN13-INCH) (M2),,,DEV-167,,APPLE,DEVICE,MOBILE PHONE,,,Pieces,,1,,,,,,Active,New,,IPAD AIR (6TH GEN 13-INCH) (M2) | 128GB | STARLIGHT | 2024,,,,,,IPAD-6TH-1085,,,,,,,
IPAD AIR (6TH GEN13-INCH) (M2),,,DEV-167,,APPLE,DEVICE,MOBILE PHONE,,,Pieces,,1,,,,,,Active,New,,IPAD AIR (6TH GEN 13-INCH) (M2) | 1TB | BLUE | 2024,,,,,,IPAD-6TH-1086,,,,,,,
IPAD AIR (6TH GEN13-INCH) (M2),,,DEV-167,,APPLE,DEVICE,MOBILE PHONE,,,Pieces,,1,,,,,,Active,New,,IPAD AIR (6TH GEN 13-INCH) (M2) | 1TB | PURPLE | 2024,,,,,,IPAD-6TH-1087,,,,,,,
IPAD AIR (6TH GEN13-INCH) (M2),,,DEV-167,,APPLE,DEVICE,MOBILE PHONE,,,Pieces,,1,,,,,,Active,New,,IPAD AIR (6TH GEN 13-INCH) (M2) | 1TB | SPACE GREY | 2024,,,,,,IPAD-6TH-1088,,,,,,,
IPAD AIR (6TH GEN13-INCH) (M2),,,DEV-167,,APPLE,DEVICE,MOBILE PHONE,,,Pieces,,1,,,,,,Active,New,,IPAD AIR (6TH GEN 13-INCH) (M2) | 1TB | STARLIGHT | 2024,,,,,,IPAD-6TH-1089,,,,,,,
IPAD AIR (6TH GEN13-INCH) (M2),,,DEV-167,,APPLE,DEVICE,MOBILE PHONE,,,Pieces,,1,,,,,,Active,New,,IPAD AIR (6TH GEN 13-INCH) (M2) | 256GB | BLUE | 2024,,,,,,IPAD-6TH-1090,,,,,,,
IPAD AIR (6TH GEN13-INCH) (M2),,,DEV-167,,APPLE,DEVICE,MOBILE PHONE,,,Pieces,,1,,,,,,Active,New,,IPAD AIR (6TH GEN 13-INCH) (M2) | 256GB | PURPLE | 2024,,,,,,IPAD-6TH-1091,,,,,,,
IPAD AIR (6TH GEN13-INCH) (M2),,,DEV-167,,APPLE,DEVICE,MOBILE PHONE,,,Pieces,,1,,,,,,Active,New,,IPAD AIR (6TH GEN 13-INCH) (M2) | 256GB | SPACE GREY | 2024,,,,,,IPAD-6TH-1092,,,,,,,
IPAD AIR (6TH GEN13-INCH) (M2),,,DEV-167,,APPLE,DEVICE,MOBILE PHONE,,,Pieces,,1,,,,,,Active,New,,IPAD AIR (6TH GEN 13-INCH) (M2) | 256GB | STARLIGHT | 2024,,,,,,IPAD-6TH-1093,,,,,,,
IPAD AIR (6TH GEN13-INCH) (M2),,,DEV-167,,APPLE,DEVICE,MOBILE PHONE,,,Pieces,,1,,,,,,Active,New,,IPAD AIR (6TH GEN 13-INCH) (M2) | 512GB | BLUE | 2024,,,,,,IPAD-6TH-1094,,,,,,,
IPAD AIR (6TH GEN13-INCH) (M2),,,DEV-167,,APPLE,DEVICE,MOBILE PHONE,,,Pieces,,1,,,,,,Active,New,,IPAD AIR (6TH GEN 13-INCH) (M2) | 512GB | PURPLE | 2024,,,,,,IPAD-6TH-1095,,,,,,,
IPAD AIR (6TH GEN13-INCH) (M2),,,DEV-167,,APPLE,DEVICE,MOBILE PHONE,,,Pieces,,1,,,,,,Active,New,,IPAD AIR (6TH GEN 13-INCH) (M2) | 512GB | SPACE GREY | 2024,,,,,,IPAD-6TH-1096,,,,,,,
IPAD AIR (6TH GEN13-INCH) (M2),,,DEV-167,,APPLE,DEVICE,MOBILE PHONE,,,Pieces,,1,,,,,,Active,New,,IPAD AIR (6TH GEN 13-INCH) (M2) | 512GB | STARLIGHT | 2024,,,,,,IPAD-6TH-1097,,,,,,,
IPAD AIR 2,,,DEV-168,,APPLE,DEVICE,MOBILE PHONE,,,Pieces,,1,,,,,,Active,New,,IPAD AIR 2 | 128GB | GOLD | 2014,,,,,,IPAD-2ND-1098,,,,,,,
IPAD AIR 2,,,DEV-168,,APPLE,DEVICE,MOBILE PHONE,,,Pieces,,1,,,,,,Active,New,,IPAD AIR 2 | 128GB | SILVER | 2014,,,,,,IPAD-2ND-1099,,,,,,,
IPAD AIR 2,,,DEV-168,,APPLE,DEVICE,MOBILE PHONE,,,Pieces,,1,,,,,,Active,New,,IPAD AIR 2 | 128GB | SPACE GREY | 2014,,,,,,IPAD-2ND-1100,,,,,,,
IPAD AIR 2,,,DEV-168,,APPLE,DEVICE,MOBILE PHONE,,,Pieces,,1,,,,,,Active,New,,IPAD AIR 2 | 16GB | GOLD | 2014,,,,,,IPAD-2ND-1101,,,,,,,
IPAD AIR 2,,,DEV-168,,APPLE,DEVICE,MOBILE PHONE,,,Pieces,,1,,,,,,Active,New,,IPAD AIR 2 | 16GB | SILVER | 2014,,,,,,IPAD-2ND-1102,,,,,,,
IPAD AIR 2,,,DEV-168,,APPLE,DEVICE,MOBILE PHONE,,,Pieces,,1,,,,,,Active,New,,IPAD AIR 2 | 16GB | SPACE GREY | 2014,,,,,,IPAD-2ND-1103,,,,,,,
IPAD AIR 2,,,DEV-168,,APPLE,DEVICE,MOBILE PHONE,,,Pieces,,1,,,,,,Active,New,,IPAD AIR 2 | 32GB | GOLD | 2014,,,,,,IPAD-2ND-1104,,,,,,,
IPAD AIR 2,,,DEV-168,,APPLE,DEVICE,MOBILE PHONE,,,Pieces,,1,,,,,,Active,New,,IPAD AIR 2 | 32GB | SILVER | 2014,,,,,,IPAD-2ND-1105,,,,,,,
IPAD AIR 2,,,DEV-168,,APPLE,DEVICE,MOBILE PHONE,,,Pieces,,1,,,,,,Active,New,,IPAD AIR 2 | 32GB | SPACE GREY | 2014,,,,,,IPAD-2ND-1106,,,,,,,
IPAD AIR 2,,,DEV-168,,APPLE,DEVICE,MOBILE PHONE,,,Pieces,,1,,,,,,Active,New,,IPAD AIR 2 | 64GB | GOLD | 2014,,,,,,IPAD-2ND-1107,,,,,,,
IPAD AIR 2,,,DEV-168,,APPLE,DEVICE,MOBILE PHONE,,,Pieces,,1,,,,,,Active,New,,IPAD AIR 2 | 64GB | SILVER | 2014,,,,,,IPAD-2ND-1108,,,,,,,
IPAD AIR 2,,,DEV-168,,APPLE,DEVICE,MOBILE PHONE,,,Pieces,,1,,,,,,Active,New,,IPAD AIR 2 | 64GB | SPACE GREY | 2014,,,,,,IPAD-2ND-1109,,,,,,,
IPAD MINI (1ST GEN),,,DEV-169,,APPLE,DEVICE,MOBILE PHONE,,,Pieces,,1,,,,,,Active,New,,IPAD MINI (1ST GEN) | 16GB | SILVER | 2012,,,,,,IPAD-1ST-1110,,,,,,,
IPAD MINI (1ST GEN),,,DEV-169,,APPLE,DEVICE,MOBILE PHONE,,,Pieces,,1,,,,,,Active,New,,IPAD MINI (1ST GEN) | 32GB | SILVER | 2012,,,,,,IPAD-1ST-1111,,,,,,,
IPAD MINI (1ST GEN),,,DEV-169,,APPLE,DEVICE,MOBILE PHONE,,,Pieces,,1,,,,,,Active,New,,IPAD MINI (1ST GEN) | 64GB | SILVER | 2012,,,,,,IPAD-1ST-1112,,,,,,,
GALAXY A25 5G,,,DEV-17,,SAMSUNG,DEVICE,MOBILE PHONE,,,Pieces,,1,,,,,,Active,New,,GALAXY A25 5G | 128GB | BLUE BLACK | 2024,,,,,,GAL-A25-122,,,,,,,
GALAXY A25 5G,,,DEV-17,,SAMSUNG,DEVICE,MOBILE PHONE,,,Pieces,,1,,,,,,Active,New,,GALAXY A25 5G | 128GB | BLUE | 2024,,,,,,GAL-A25-123,,,,,,,
GALAXY A25 5G,,,DEV-17,,SAMSUNG,DEVICE,MOBILE PHONE,,,Pieces,,1,,,,,,Active,New,,GALAXY A25 5G | 128GB | YELLOW | 2024,,,,,,GAL-A25-124,,,,,,,
GALAXY A25 5G,,,DEV-17,,SAMSUNG,DEVICE,MOBILE PHONE,,,Pieces,,1,,,,,,Active,New,,GALAXY A25 5G | 256GB | BLUE BLACK | 2024,,,,,,GAL-A25-125,,,,,,,
GALAXY A25 5G,,,DEV-17,,SAMSUNG,DEVICE,MOBILE PHONE,,,Pieces,,1,,,,,,Active,New,,GALAXY A25 5G | 256GB | BLUE | 2024,,,,,,GAL-A25-126,,,,,,,
GALAXY A25 5G,,,DEV-17,,SAMSUNG,DEVICE,MOBILE PHONE,,,Pieces,,1,,,,,,Active,New,,GALAXY A25 5G | 256GB | YELLOW | 2024,,,,,,GAL-A25-127,,,,,,,
IPAD MINI (5TH GEN),,,DEV-170,,APPLE,DEVICE,MOBILE PHONE,,,Pieces,,1,,,,,,Active,New,,IPAD MINI (5TH GEN) | 256GB | GOLD | 2019,,,,,,IPAD-5TH-1113,,,,,,,
IPAD MINI (5TH GEN),,,DEV-170,,APPLE,DEVICE,MOBILE PHONE,,,Pieces,,1,,,,,,Active,New,,IPAD MINI (5TH GEN) | 256GB | SILVER | 2019,,,,,,IPAD-5TH-1114,,,,,,,
IPAD MINI (5TH GEN),,,DEV-170,,APPLE,DEVICE,MOBILE PHONE,,,Pieces,,1,,,,,,Active,New,,IPAD MINI (5TH GEN) | 256GB | SPACE GREY | 2019,,,,,,IPAD-5TH-1115,,,,,,,
IPAD MINI (5TH GEN),,,DEV-170,,APPLE,DEVICE,MOBILE PHONE,,,Pieces,,1,,,,,,Active,New,,IPAD MINI (5TH GEN) | 64GB | GOLD | 2019,,,,,,IPAD-5TH-1116,,,,,,,
IPAD MINI (5TH GEN),,,DEV-170,,APPLE,DEVICE,MOBILE PHONE,,,Pieces,,1,,,,,,Active,New,,IPAD MINI (5TH GEN) | 64GB | SILVER | 2019,,,,,,IPAD-5TH-1117,,,,,,,
IPAD MINI (5TH GEN),,,DEV-170,,APPLE,DEVICE,MOBILE PHONE,,,Pieces,,1,,,,,,Active,New,,IPAD MINI (5TH GEN) | 64GB | SPACE GREY | 2019,,,,,,IPAD-5TH-1118,,,,,,,
IPAD MINI (6TH GEN),,,DEV-171,,APPLE,DEVICE,MOBILE PHONE,,,Pieces,,1,,,,,,Active,New,,IPAD MINI (6TH GEN) | 256GB | PINK | 2021,,,,,,IPAD-6TH-1119,,,,,,,
IPAD MINI (6TH GEN),,,DEV-171,,APPLE,DEVICE,MOBILE PHONE,,,Pieces,,1,,,,,,Active,New,,IPAD MINI (6TH GEN) | 256GB | PURPLE | 2021,,,,,,IPAD-6TH-1120,,,,,,,
IPAD MINI (6TH GEN),,,DEV-171,,APPLE,DEVICE,MOBILE PHONE,,,Pieces,,1,,,,,,Active,New,,IPAD MINI (6TH GEN) | 256GB | SPACE GREY | 2021,,,,,,IPAD-6TH-1121,,,,,,,
IPAD MINI (6TH GEN),,,DEV-171,,APPLE,DEVICE,MOBILE PHONE,,,Pieces,,1,,,,,,Active,New,,IPAD MINI (6TH GEN) | 256GB | STARLIGHT | 2021,,,,,,IPAD-6TH-1122,,,,,,,
IPAD MINI (6TH GEN),,,DEV-171,,APPLE,DEVICE,MOBILE PHONE,,,Pieces,,1,,,,,,Active,New,,IPAD MINI (6TH GEN) | 64GB | PINK | 2021,,,,,,IPAD-6TH-1123,,,,,,,
IPAD MINI (6TH GEN),,,DEV-171,,APPLE,DEVICE,MOBILE PHONE,,,Pieces,,1,,,,,,Active,New,,IPAD MINI (6TH GEN) | 64GB | PURPLE | 2021,,,,,,IPAD-6TH-1124,,,,,,,
IPAD MINI (6TH GEN),,,DEV-171,,APPLE,DEVICE,MOBILE PHONE,,,Pieces,,1,,,,,,Active,New,,IPAD MINI (6TH GEN) | 64GB | SPACE GREY | 2021,,,,,,IPAD-6TH-1125,,,,,,,
IPAD MINI (6TH GEN),,,DEV-171,,APPLE,DEVICE,MOBILE PHONE,,,Pieces,,1,,,,,,Active,New,,IPAD MINI (6TH GEN) | 64GB | STARLIGHT | 2021,,,,,,IPAD-6TH-1126,,,,,,,
IPAD MINI 2,,,DEV-172,,APPLE,DEVICE,MOBILE PHONE,,,Pieces,,1,,,,,,Active,New,,IPAD MINI 2 | 128GB | SILVER | 2013,,,,,,IPAD-2ND-1127,,,,,,,
IPAD MINI 2,,,DEV-172,,APPLE,DEVICE,MOBILE PHONE,,,Pieces,,1,,,,,,Active,New,,IPAD MINI 2 | 128GB | SPACE GREY | 2013,,,,,,IPAD-2ND-1128,,,,,,,
IPAD MINI 2,,,DEV-172,,APPLE,DEVICE,MOBILE PHONE,,,Pieces,,1,,,,,,Active,New,,IPAD MINI 2 | 16GB | SILVER | 2013,,,,,,IPAD-2ND-1129,,,,,,,
IPAD MINI 2,,,DEV-172,,APPLE,DEVICE,MOBILE PHONE,,,Pieces,,1,,,,,,Active,New,,IPAD MINI 2 | 16GB | SPACE GREY | 2013,,,,,,IPAD-2ND-1130,,,,,,,
IPAD MINI 2,,,DEV-172,,APPLE,DEVICE,MOBILE PHONE,,,Pieces,,1,,,,,,Active,New,,IPAD MINI 2 | 32GB | SILVER | 2013,,,,,,IPAD-2ND-1131,,,,,,,
IPAD MINI 2,,,DEV-172,,APPLE,DEVICE,MOBILE PHONE,,,Pieces,,1,,,,,,Active,New,,IPAD MINI 2 | 32GB | SPACE GREY | 2013,,,,,,IPAD-2ND-1132,,,,,,,
IPAD MINI 2,,,DEV-172,,APPLE,DEVICE,MOBILE PHONE,,,Pieces,,1,,,,,,Active,New,,IPAD MINI 2 | 64GB | SILVER | 2013,,,,,,IPAD-2ND-1133,,,,,,,
IPAD MINI 2,,,DEV-172,,APPLE,DEVICE,MOBILE PHONE,,,Pieces,,1,,,,,,Active,New,,IPAD MINI 2 | 64GB | SPACE GREY | 2013,,,,,,IPAD-2ND-1134,,,,,,,
IPAD MINI 3,,,DEV-173,,APPLE,DEVICE,MOBILE PHONE,,,Pieces,,1,,,,,,Active,New,,IPAD MINI 3 | 128GB | GOLD | 2014,,,,,,IPAD-3RD-1135,,,,,,,
IPAD MINI 3,,,DEV-173,,APPLE,DEVICE,MOBILE PHONE,,,Pieces,,1,,,,,,Active,New,,IPAD MINI 3 | 128GB | SILVER | 2014,,,,,,IPAD-3RD-1136,,,,,,,
IPAD MINI 3,,,DEV-173,,APPLE,DEVICE,MOBILE PHONE,,,Pieces,,1,,,,,,Active,New,,IPAD MINI 3 | 128GB | SPACE GREY | 2014,,,,,,IPAD-3RD-1137,,,,,,,
IPAD MINI 3,,,DEV-173,,APPLE,DEVICE,MOBILE PHONE,,,Pieces,,1,,,,,,Active,New,,IPAD MINI 3 | 16GB | GOLD | 2014,,,,,,IPAD-3RD-1138,,,,,,,
IPAD MINI 3,,,DEV-173,,APPLE,DEVICE,MOBILE PHONE,,,Pieces,,1,,,,,,Active,New,,IPAD MINI 3 | 16GB | SILVER | 2014,,,,,,IPAD-3RD-1139,,,,,,,
IPAD MINI 3,,,DEV-173,,APPLE,DEVICE,MOBILE PHONE,,,Pieces,,1,,,,,,Active,New,,IPAD MINI 3 | 16GB | SPACE GREY | 2014,,,,,,IPAD-3RD-1140,,,,,,,
IPAD MINI 3,,,DEV-173,,APPLE,DEVICE,MOBILE PHONE,,,Pieces,,1,,,,,,Active,New,,IPAD MINI 3 | 32GB | GOLD | 2014,,,,,,IPAD-3RD-1141,,,,,,,
IPAD MINI 3,,,DEV-173,,APPLE,DEVICE,MOBILE PHONE,,,Pieces,,1,,,,,,Active,New,,IPAD MINI 3 | 32GB | SILVER | 2014,,,,,,IPAD-3RD-1142,,,,,,,
IPAD MINI 3,,,DEV-173,,APPLE,DEVICE,MOBILE PHONE,,,Pieces,,1,,,,,,Active,New,,IPAD MINI 3 | 32GB | SPACE GREY | 2014,,,,,,IPAD-3RD-1143,,,,,,,
IPAD MINI 3,,,DEV-173,,APPLE,DEVICE,MOBILE PHONE,,,Pieces,,1,,,,,,Active,New,,IPAD MINI 3 | 64GB | GOLD | 2014,,,,,,IPAD-3RD-1144,,,,,,,
IPAD MINI 3,,,DEV-173,,APPLE,DEVICE,MOBILE PHONE,,,Pieces,,1,,,,,,Active,New,,IPAD MINI 3 | 64GB | SILVER | 2014,,,,,,IPAD-3RD-1145,,,,,,,
IPAD MINI 3,,,DEV-173,,APPLE,DEVICE,MOBILE PHONE,,,Pieces,,1,,,,,,Active,New,,IPAD MINI 3 | 64GB | SPACE GREY | 2014,,,,,,IPAD-3RD-1146,,,,,,,
IPAD MINI 4,,,DEV-174,,APPLE,DEVICE,MOBILE PHONE,,,Pieces,,1,,,,,,Active,New,,IPAD MINI 4 | 128GB | GOLD | 2015,,,,,,IPAD-4TH-1147,,,,,,,
IPAD MINI 4,,,DEV-174,,APPLE,DEVICE,MOBILE PHONE,,,Pieces,,1,,,,,,Active,New,,IPAD MINI 4 | 128GB | SILVER | 2015,,,,,,IPAD-4TH-1148,,,,,,,
IPAD MINI 4,,,DEV-174,,APPLE,DEVICE,MOBILE PHONE,,,Pieces,,1,,,,,,Active,New,,IPAD MINI 4 | 128GB | SPACE GREY | 2015,,,,,,IPAD-4TH-1149,,,,,,,
IPAD MINI 4,,,DEV-174,,APPLE,DEVICE,MOBILE PHONE,,,Pieces,,1,,,,,,Active,New,,IPAD MINI 4 | 16GB | GOLD | 2015,,,,,,IPAD-4TH-1150,,,,,,,
IPAD MINI 4,,,DEV-174,,APPLE,DEVICE,MOBILE PHONE,,,Pieces,,1,,,,,,Active,New,,IPAD MINI 4 | 16GB | SILVER | 2015,,,,,,IPAD-4TH-1151,,,,,,,
IPAD MINI 4,,,DEV-174,,APPLE,DEVICE,MOBILE PHONE,,,Pieces,,1,,,,,,Active,New,,IPAD MINI 4 | 16GB | SPACE GREY | 2015,,,,,,IPAD-4TH-1152,,,,,,,
IPAD MINI 4,,,DEV-174,,APPLE,DEVICE,MOBILE PHONE,,,Pieces,,1,,,,,,Active,New,,IPAD MINI 4 | 32GB | GOLD | 2015,,,,,,IPAD-4TH-1153,,,,,,,
IPAD MINI 4,,,DEV-174,,APPLE,DEVICE,MOBILE PHONE,,,Pieces,,1,,,,,,Active,New,,IPAD MINI 4 | 32GB | SILVER | 2015,,,,,,IPAD-4TH-1154,,,,,,,
IPAD MINI 4,,,DEV-174,,APPLE,DEVICE,MOBILE PHONE,,,Pieces,,1,,,,,,Active,New,,IPAD MINI 4 | 32GB | SPACE GREY | 2015,,,,,,IPAD-4TH-1155,,,,,,,
IPAD MINI 4,,,DEV-174,,APPLE,DEVICE,MOBILE PHONE,,,Pieces,,1,,,,,,Active,New,,IPAD MINI 4 | 64GB | GOLD | 2015,,,,,,IPAD-4TH-1156,,,,,,,
IPAD MINI 4,,,DEV-174,,APPLE,DEVICE,MOBILE PHONE,,,Pieces,,1,,,,,,Active,New,,IPAD MINI 4 | 64GB | SILVER | 2015,,,,,,IPAD-4TH-1157,,,,,,,
IPAD MINI 4,,,DEV-174,,APPLE,DEVICE,MOBILE PHONE,,,Pieces,,1,,,,,,Active,New,,IPAD MINI 4 | 64GB | SPACE GREY | 2015,,,,,,IPAD-4TH-1158,,,,,,,
IPAD PRO (11-INCH) (1ST GEN),,,DEV-175,,APPLE,DEVICE,MOBILE PHONE,,,Pieces,,1,,,,,,Active,New,,IPAD PRO (11-INCH) (1ST GEN) | 1TB | SILVER | 2018,,,,,,IPAD-1ST-1159,,,,,,,
IPAD PRO (11-INCH) (1ST GEN),,,DEV-175,,APPLE,DEVICE,MOBILE PHONE,,,Pieces,,1,,,,,,Active,New,,IPAD PRO (11-INCH) (1ST GEN) | 1TB | SPACE GREY | 2018,,,,,,IPAD-1ST-1160,,,,,,,
IPAD PRO (11-INCH) (1ST GEN),,,DEV-175,,APPLE,DEVICE,MOBILE PHONE,,,Pieces,,1,,,,,,Active,New,,IPAD PRO (11-INCH) (1ST GEN) | 256GB | SILVER | 2018,,,,,,IPAD-1ST-1161,,,,,,,
IPAD PRO (11-INCH) (1ST GEN),,,DEV-175,,APPLE,DEVICE,MOBILE PHONE,,,Pieces,,1,,,,,,Active,New,,IPAD PRO (11-INCH) (1ST GEN) | 256GB | SPACE GREY | 2018,,,,,,IPAD-1ST-1162,,,,,,,
IPAD PRO (11-INCH) (1ST GEN),,,DEV-175,,APPLE,DEVICE,MOBILE PHONE,,,Pieces,,1,,,,,,Active,New,,IPAD PRO (11-INCH) (1ST GEN) | 512GB | SILVER | 2018,,,,,,IPAD-1ST-1163,,,,,,,
IPAD PRO (11-INCH) (1ST GEN),,,DEV-175,,APPLE,DEVICE,MOBILE PHONE,,,Pieces,,1,,,,,,Active,New,,IPAD PRO (11-INCH) (1ST GEN) | 512GB | SPACE GREY | 2018,,,,,,IPAD-1ST-1164,,,,,,,
IPAD PRO (11-INCH) (1ST GEN),,,DEV-175,,APPLE,DEVICE,MOBILE PHONE,,,Pieces,,1,,,,,,Active,New,,IPAD PRO (11-INCH) (1ST GEN) | 64GB | SILVER | 2018,,,,,,IPAD-1ST-1165,,,,,,,
IPAD PRO (11-INCH) (1ST GEN),,,DEV-175,,APPLE,DEVICE,MOBILE PHONE,,,Pieces,,1,,,,,,Active,New,,IPAD PRO (11-INCH) (1ST GEN) | 64GB | SPACE GREY | 2018,,,,,,IPAD-1ST-1166,,,,,,,
IPAD PRO (11-INCH) (2ND GEN),,,DEV-176,,APPLE,DEVICE,MOBILE PHONE,,,Pieces,,1,,,,,,Active,New,,IPAD PRO (11-INCH) (2ND GEN) | 128GB | SILVER | 2020,,,,,,IPAD-2ND-1167,,,,,,,
IPAD PRO (11-INCH) (2ND GEN),,,DEV-176,,APPLE,DEVICE,MOBILE PHONE,,,Pieces,,1,,,,,,Active,New,,IPAD PRO (11-INCH) (2ND GEN) | 128GB | SPACE GREY | 2020,,,,,,IPAD-2ND-1168,,,,,,,
IPAD PRO (11-INCH) (2ND GEN),,,DEV-176,,APPLE,DEVICE,MOBILE PHONE,,,Pieces,,1,,,,,,Active,New,,IPAD PRO (11-INCH) (2ND GEN) | 1TB | SILVER | 2020,,,,,,IPAD-2ND-1169,,,,,,,
IPAD PRO (11-INCH) (2ND GEN),,,DEV-176,,APPLE,DEVICE,MOBILE PHONE,,,Pieces,,1,,,,,,Active,New,,IPAD PRO (11-INCH) (2ND GEN) | 1TB | SPACE GREY | 2020,,,,,,IPAD-2ND-1170,,,,,,,
IPAD PRO (11-INCH) (2ND GEN),,,DEV-176,,APPLE,DEVICE,MOBILE PHONE,,,Pieces,,1,,,,,,Active,New,,IPAD PRO (11-INCH) (2ND GEN) | 256GB | SILVER | 2020,,,,,,IPAD-2ND-1171,,,,,,,
IPAD PRO (11-INCH) (2ND GEN),,,DEV-176,,APPLE,DEVICE,MOBILE PHONE,,,Pieces,,1,,,,,,Active,New,,IPAD PRO (11-INCH) (2ND GEN) | 256GB | SPACE GREY | 2020,,,,,,IPAD-2ND-1172,,,,,,,
IPAD PRO (11-INCH) (2ND GEN),,,DEV-176,,APPLE,DEVICE,MOBILE PHONE,,,Pieces,,1,,,,,,Active,New,,IPAD PRO (11-INCH) (2ND GEN) | 512GB | SILVER | 2020,,,,,,IPAD-2ND-1173,,,,,,,
IPAD PRO (11-INCH) (2ND GEN),,,DEV-176,,APPLE,DEVICE,MOBILE PHONE,,,Pieces,,1,,,,,,Active,New,,IPAD PRO (11-INCH) (2ND GEN) | 512GB | SPACE GREY | 2020,,,,,,IPAD-2ND-1174,,,,,,,
IPAD PRO (11-INCH) (3RD GEN),,,DEV-177,,APPLE,DEVICE,MOBILE PHONE,,,Pieces,,1,,,,,,Active,New,,IPAD PRO (11-INCH) (3RD GEN) | 128GB | SILVER | 2021,,,,,,IPAD-3RD-1175,,,,,,,
IPAD PRO (11-INCH) (3RD GEN),,,DEV-177,,APPLE,DEVICE,MOBILE PHONE,,,Pieces,,1,,,,,,Active,New,,IPAD PRO (11-INCH) (3RD GEN) | 128GB | SPACE GREY | 2021,,,,,,IPAD-3RD-1176,,,,,,,
IPAD PRO (11-INCH) (3RD GEN),,,DEV-177,,APPLE,DEVICE,MOBILE PHONE,,,Pieces,,1,,,,,,Active,New,,IPAD PRO (11-INCH) (3RD GEN) | 1TB | SILVER | 2021,,,,,,IPAD-3RD-1177,,,,,,,
IPAD PRO (11-INCH) (3RD GEN),,,DEV-177,,APPLE,DEVICE,MOBILE PHONE,,,Pieces,,1,,,,,,Active,New,,IPAD PRO (11-INCH) (3RD GEN) | 1TB | SPACE GREY | 2021,,,,,,IPAD-3RD-1178,,,,,,,
IPAD PRO (11-INCH) (3RD GEN),,,DEV-177,,APPLE,DEVICE,MOBILE PHONE,,,Pieces,,1,,,,,,Active,New,,IPAD PRO (11-INCH) (3RD GEN) | 256GB | SILVER | 2021,,,,,,IPAD-3RD-1179,,,,,,,
IPAD PRO (11-INCH) (3RD GEN),,,DEV-177,,APPLE,DEVICE,MOBILE PHONE,,,Pieces,,1,,,,,,Active,New,,IPAD PRO (11-INCH) (3RD GEN) | 256GB | SPACE GREY | 2021,,,,,,IPAD-3RD-1180,,,,,,,
IPAD PRO (11-INCH) (3RD GEN),,,DEV-177,,APPLE,DEVICE,MOBILE PHONE,,,Pieces,,1,,,,,,Active,New,,IPAD PRO (11-INCH) (3RD GEN) | 2TB | SILVER | 2021,,,,,,IPAD-3RD-1181,,,,,,,
IPAD PRO (11-INCH) (3RD GEN),,,DEV-177,,APPLE,DEVICE,MOBILE PHONE,,,Pieces,,1,,,,,,Active,New,,IPAD PRO (11-INCH) (3RD GEN) | 2TB | SPACE GREY | 2021,,,,,,IPAD-3RD-1182,,,,,,,
IPAD PRO (11-INCH) (3RD GEN),,,DEV-177,,APPLE,DEVICE,MOBILE PHONE,,,Pieces,,1,,,,,,Active,New,,IPAD PRO (11-INCH) (3RD GEN) | 512GB | SILVER | 2021,,,,,,IPAD-3RD-1183,,,,,,,
IPAD PRO (11-INCH) (3RD GEN),,,DEV-177,,APPLE,DEVICE,MOBILE PHONE,,,Pieces,,1,,,,,,Active,New,,IPAD PRO (11-INCH) (3RD GEN) | 512GB | SPACE GREY | 2021,,,,,,IPAD-3RD-1184,,,,,,,
IPAD PRO (11-INCH) (4TH GEN),,,DEV-178,,APPLE,DEVICE,MOBILE PHONE,,,Pieces,,1,,,,,,Active,New,,IPAD PRO (11-INCH) (4TH GEN) | 128GB | SILVER | 2022,,,,,,IPAD-4TH-1185,,,,,,,
IPAD PRO (11-INCH) (4TH GEN),,,DEV-178,,APPLE,DEVICE,MOBILE PHONE,,,Pieces,,1,,,,,,Active,New,,IPAD PRO (11-INCH) (4TH GEN) | 128GB | SPACE GREY | 2022,,,,,,IPAD-4TH-1186,,,,,,,
IPAD PRO (11-INCH) (4TH GEN),,,DEV-178,,APPLE,DEVICE,MOBILE PHONE,,,Pieces,,1,,,,,,Active,New,,IPAD PRO (11-INCH) (4TH GEN) | 1TB | SILVER | 2022,,,,,,IPAD-4TH-1187,,,,,,,
IPAD PRO (11-INCH) (4TH GEN),,,DEV-178,,APPLE,DEVICE,MOBILE PHONE,,,Pieces,,1,,,,,,Active,New,,IPAD PRO (11-INCH) (4TH GEN) | 1TB | SPACE GREY | 2022,,,,,,IPAD-4TH-1188,,,,,,,
IPAD PRO (11-INCH) (4TH GEN),,,DEV-178,,APPLE,DEVICE,MOBILE PHONE,,,Pieces,,1,,,,,,Active,New,,IPAD PRO (11-INCH) (4TH GEN) | 256GB | SILVER | 2022,,,,,,IPAD-4TH-1189,,,,,,,
IPAD PRO (11-INCH) (4TH GEN),,,DEV-178,,APPLE,DEVICE,MOBILE PHONE,,,Pieces,,1,,,,,,Active,New,,IPAD PRO (11-INCH) (4TH GEN) | 256GB | SPACE GREY | 2022,,,,,,IPAD-4TH-1190,,,,,,,
IPAD PRO (11-INCH) (4TH GEN),,,DEV-178,,APPLE,DEVICE,MOBILE PHONE,,,Pieces,,1,,,,,,Active,New,,IPAD PRO (11-INCH) (4TH GEN) | 2TB | SILVER | 2022,,,,,,IPAD-4TH-1191,,,,,,,
IPAD PRO (11-INCH) (4TH GEN),,,DEV-178,,APPLE,DEVICE,MOBILE PHONE,,,Pieces,,1,,,,,,Active,New,,IPAD PRO (11-INCH) (4TH GEN) | 2TB | SPACE GREY | 2022,,,,,,IPAD-4TH-1192,,,,,,,
IPAD PRO (11-INCH) (4TH GEN),,,DEV-178,,APPLE,DEVICE,MOBILE PHONE,,,Pieces,,1,,,,,,Active,New,,IPAD PRO (11-INCH) (4TH GEN) | 512GB | SILVER | 2022,,,,,,IPAD-4TH-1193,,,,,,,
IPAD PRO (11-INCH) (4TH GEN),,,DEV-178,,APPLE,DEVICE,MOBILE PHONE,,,Pieces,,1,,,,,,Active,New,,IPAD PRO (11-INCH) (4TH GEN) | 512GB | SPACE GREY | 2022,,,,,,IPAD-4TH-1194,,,,,,,
IPAD PRO (11-INCH) (M4),,,DEV-179,,APPLE,DEVICE,MOBILE PHONE,,,Pieces,,1,,,,,,Active,New,,IPAD PRO (11-INCH) (M4) | 1TB | SILVER | 2024,,,,,,IPAD-M4-1195,,,,,,,
IPAD PRO (11-INCH) (M4),,,DEV-179,,APPLE,DEVICE,MOBILE PHONE,,,Pieces,,1,,,,,,Active,New,,IPAD PRO (11-INCH) (M4) | 1TB | SPACE BLACK | 2024,,,,,,IPAD-M4-1196,,,,,,,
IPAD PRO (11-INCH) (M4),,,DEV-179,,APPLE,DEVICE,MOBILE PHONE,,,Pieces,,1,,,,,,Active,New,,IPAD PRO (11-INCH) (M4) | 256GB | SILVER | 2024,,,,,,IPAD-M4-1197,,,,,,,
IPAD PRO (11-INCH) (M4),,,DEV-179,,APPLE,DEVICE,MOBILE PHONE,,,Pieces,,1,,,,,,Active,New,,IPAD PRO (11-INCH) (M4) | 256GB | SPACE BLACK | 2024,,,,,,IPAD-M4-1198,,,,,,,
IPAD PRO (11-INCH) (M4),,,DEV-179,,APPLE,DEVICE,MOBILE PHONE,,,Pieces,,1,,,,,,Active,New,,IPAD PRO (11-INCH) (M4) | 2TB | SILVER | 2024,,,,,,IPAD-M4-1199,,,,,,,
IPAD PRO (11-INCH) (M4),,,DEV-179,,APPLE,DEVICE,MOBILE PHONE,,,Pieces,,1,,,,,,Active,New,,IPAD PRO (11-INCH) (M4) | 2TB | SPACE BLACK | 2024,,,,,,IPAD-M4-1200,,,,,,,
IPAD PRO (11-INCH) (M4),,,DEV-179,,APPLE,DEVICE,MOBILE PHONE,,,Pieces,,1,,,,,,Active,New,,IPAD PRO (11-INCH) (M4) | 512GB | SILVER | 2024,,,,,,IPAD-M4-1201,,,,,,,
IPAD PRO (11-INCH) (M4),,,DEV-179,,APPLE,DEVICE,MOBILE PHONE,,,Pieces,,1,,,,,,Active,New,,IPAD PRO (11-INCH) (M4) | 512GB | SPACE BLACK | 2024,,,,,,IPAD-M4-1202,,,,,,,
GALAXY A30,,,DEV-18,,SAMSUNG,DEVICE,MOBILE PHONE,,,Pieces,,1,,,,,,Active,New,,GALAXY A30 | 32GB | BLACK | 2019,,,,,,GAL-A30-128,,,,,,,
GALAXY A30,,,DEV-18,,SAMSUNG,DEVICE,MOBILE PHONE,,,Pieces,,1,,,,,,Active,New,,GALAXY A30 | 32GB | BLUE | 2019,,,,,,GAL-A30-129,,,,,,,
GALAXY A30,,,DEV-18,,SAMSUNG,DEVICE,MOBILE PHONE,,,Pieces,,1,,,,,,Active,New,,GALAXY A30 | 32GB | RED | 2019,,,,,,GAL-A30-130,,,,,,,
GALAXY A30,,,DEV-18,,SAMSUNG,DEVICE,MOBILE PHONE,,,Pieces,,1,,,,,,Active,New,,GALAXY A30 | 64GB | BLACK | 2019,,,,,,GAL-A30-131,,,,,,,
GALAXY A30,,,DEV-18,,SAMSUNG,DEVICE,MOBILE PHONE,,,Pieces,,1,,,,,,Active,New,,GALAXY A30 | 64GB | BLUE | 2019,,,,,,GAL-A30-132,,,,,,,
GALAXY A30,,,DEV-18,,SAMSUNG,DEVICE,MOBILE PHONE,,,Pieces,,1,,,,,,Active,New,,GALAXY A30 | 64GB | RED | 2019,,,,,,GAL-A30-133,,,,,,,
IPAD PRO (12.9-INCH) (1ST GEN),,,DEV-180,,APPLE,DEVICE,MOBILE PHONE,,,Pieces,,1,,,,,,Active,New,,IPAD PRO (12.9-INCH) (1ST GEN) | 128GB | GOLD | 2015,,,,,,IPAD-1ST-1203,,,,,,,
IPAD PRO (12.9-INCH) (1ST GEN),,,DEV-180,,APPLE,DEVICE,MOBILE PHONE,,,Pieces,,1,,,,,,Active,New,,IPAD PRO (12.9-INCH) (1ST GEN) | 128GB | SILVER | 2015,,,,,,IPAD-1ST-1204,,,,,,,
IPAD PRO (12.9-INCH) (1ST GEN),,,DEV-180,,APPLE,DEVICE,MOBILE PHONE,,,Pieces,,1,,,,,,Active,New,,IPAD PRO (12.9-INCH) (1ST GEN) | 128GB | SPACE GREY | 2015,,,,,,IPAD-1ST-1205,,,,,,,
IPAD PRO (12.9-INCH) (1ST GEN),,,DEV-180,,APPLE,DEVICE,MOBILE PHONE,,,Pieces,,1,,,,,,Active,New,,IPAD PRO (12.9-INCH) (1ST GEN) | 32GB | GOLD | 2015,,,,,,IPAD-1ST-1206,,,,,,,
IPAD PRO (12.9-INCH) (1ST GEN),,,DEV-180,,APPLE,DEVICE,MOBILE PHONE,,,Pieces,,1,,,,,,Active,New,,IPAD PRO (12.9-INCH) (1ST GEN) | 32GB | SILVER | 2015,,,,,,IPAD-1ST-1207,,,,,,,
IPAD PRO (12.9-INCH) (1ST GEN),,,DEV-180,,APPLE,DEVICE,MOBILE PHONE,,,Pieces,,1,,,,,,Active,New,,IPAD PRO (12.9-INCH) (1ST GEN) | 32GB | SPACE GREY | 2015,,,,,,IPAD-1ST-1208,,,,,,,
IPAD PRO (12.9-INCH) (2ND GEN),,,DEV-181,,APPLE,DEVICE,MOBILE PHONE,,,Pieces,,1,,,,,,Active,New,,IPAD PRO (12.9-INCH) (2ND GEN) | 256GB | GOLD | 2017,,,,,,IPAD-2ND-1209,,,,,,,
IPAD PRO (12.9-INCH) (2ND GEN),,,DEV-181,,APPLE,DEVICE,MOBILE PHONE,,,Pieces,,1,,,,,,Active,New,,IPAD PRO (12.9-INCH) (2ND GEN) | 256GB | SILVER | 2017,,,,,,IPAD-2ND-1210,,,,,,,
IPAD PRO (12.9-INCH) (2ND GEN),,,DEV-181,,APPLE,DEVICE,MOBILE PHONE,,,Pieces,,1,,,,,,Active,New,,IPAD PRO (12.9-INCH) (2ND GEN) | 256GB | SPACE GREY | 2017,,,,,,IPAD-2ND-1211,,,,,,,
IPAD PRO (12.9-INCH) (2ND GEN),,,DEV-181,,APPLE,DEVICE,MOBILE PHONE,,,Pieces,,1,,,,,,Active,New,,IPAD PRO (12.9-INCH) (2ND GEN) | 512GB | GOLD | 2017,,,,,,IPAD-2ND-1212,,,,,,,
IPAD PRO (12.9-INCH) (2ND GEN),,,DEV-181,,APPLE,DEVICE,MOBILE PHONE,,,Pieces,,1,,,,,,Active,New,,IPAD PRO (12.9-INCH) (2ND GEN) | 512GB | SILVER | 2017,,,,,,IPAD-2ND-1213,,,,,,,
IPAD PRO (12.9-INCH) (2ND GEN),,,DEV-181,,APPLE,DEVICE,MOBILE PHONE,,,Pieces,,1,,,,,,Active,New,,IPAD PRO (12.9-INCH) (2ND GEN) | 512GB | SPACE GREY | 2017,,,,,,IPAD-2ND-1214,,,,,,,
IPAD PRO (12.9-INCH) (2ND GEN),,,DEV-181,,APPLE,DEVICE,MOBILE PHONE,,,Pieces,,1,,,,,,Active,New,,IPAD PRO (12.9-INCH) (2ND GEN) | 64GB | GOLD | 2017,,,,,,IPAD-2ND-1215,,,,,,,
IPAD PRO (12.9-INCH) (2ND GEN),,,DEV-181,,APPLE,DEVICE,MOBILE PHONE,,,Pieces,,1,,,,,,Active,New,,IPAD PRO (12.9-INCH) (2ND GEN) | 64GB | SILVER | 2017,,,,,,IPAD-2ND-1216,,,,,,,
IPAD PRO (12.9-INCH) (2ND GEN),,,DEV-181,,APPLE,DEVICE,MOBILE PHONE,,,Pieces,,1,,,,,,Active,New,,IPAD PRO (12.9-INCH) (2ND GEN) | 64GB | SPACE GREY | 2017,,,,,,IPAD-2ND-1217,,,,,,,
IPAD PRO (12.9-INCH) (3RD GEN),,,DEV-182,,APPLE,DEVICE,MOBILE PHONE,,,Pieces,,1,,,,,,Active,New,,IPAD PRO (12.9-INCH) (3RD GEN) | 1TB | SILVER | 2018,,,,,,IPAD-3RD-1218,,,,,,,
IPAD PRO (12.9-INCH) (3RD GEN),,,DEV-182,,APPLE,DEVICE,MOBILE PHONE,,,Pieces,,1,,,,,,Active,New,,IPAD PRO (12.9-INCH) (3RD GEN) | 1TB | SPACE GREY | 2018,,,,,,IPAD-3RD-1219,,,,,,,
IPAD PRO (12.9-INCH) (3RD GEN),,,DEV-182,,APPLE,DEVICE,MOBILE PHONE,,,Pieces,,1,,,,,,Active,New,,IPAD PRO (12.9-INCH) (3RD GEN) | 256GB | SILVER | 2018,,,,,,IPAD-3RD-1220,,,,,,,
IPAD PRO (12.9-INCH) (3RD GEN),,,DEV-182,,APPLE,DEVICE,MOBILE PHONE,,,Pieces,,1,,,,,,Active,New,,IPAD PRO (12.9-INCH) (3RD GEN) | 256GB | SPACE GREY | 2018,,,,,,IPAD-3RD-1221,,,,,,,
IPAD PRO (12.9-INCH) (3RD GEN),,,DEV-182,,APPLE,DEVICE,MOBILE PHONE,,,Pieces,,1,,,,,,Active,New,,IPAD PRO (12.9-INCH) (3RD GEN) | 512GB | SILVER | 2018,,,,,,IPAD-3RD-1222,,,,,,,
IPAD PRO (12.9-INCH) (3RD GEN),,,DEV-182,,APPLE,DEVICE,MOBILE PHONE,,,Pieces,,1,,,,,,Active,New,,IPAD PRO (12.9-INCH) (3RD GEN) | 512GB | SPACE GREY | 2018,,,,,,IPAD-3RD-1223,,,,,,,
IPAD PRO (12.9-INCH) (3RD GEN),,,DEV-182,,APPLE,DEVICE,MOBILE PHONE,,,Pieces,,1,,,,,,Active,New,,IPAD PRO (12.9-INCH) (3RD GEN) | 64GB | SILVER | 2018,,,,,,IPAD-3RD-1224,,,,,,,
IPAD PRO (12.9-INCH) (3RD GEN),,,DEV-182,,APPLE,DEVICE,MOBILE PHONE,,,Pieces,,1,,,,,,Active,New,,IPAD PRO (12.9-INCH) (3RD GEN) | 64GB | SPACE GREY | 2018,,,,,,IPAD-3RD-1225,,,,,,,
IPAD PRO (12.9-INCH) (4TH GEN),,,DEV-183,,APPLE,DEVICE,MOBILE PHONE,,,Pieces,,1,,,,,,Active,New,,IPAD PRO (12.9-INCH) (4TH GEN) | 128GB | SILVER | 2020,,,,,,IPAD-4TH-1226,,,,,,,
IPAD PRO (12.9-INCH) (4TH GEN),,,DEV-183,,APPLE,DEVICE,MOBILE PHONE,,,Pieces,,1,,,,,,Active,New,,IPAD PRO (12.9-INCH) (4TH GEN) | 128GB | SPACE GREY | 2020,,,,,,IPAD-4TH-1227,,,,,,,
IPAD PRO (12.9-INCH) (4TH GEN),,,DEV-183,,APPLE,DEVICE,MOBILE PHONE,,,Pieces,,1,,,,,,Active,New,,IPAD PRO (12.9-INCH) (4TH GEN) | 1TB | SILVER | 2020,,,,,,IPAD-4TH-1228,,,,,,,
IPAD PRO (12.9-INCH) (4TH GEN),,,DEV-183,,APPLE,DEVICE,MOBILE PHONE,,,Pieces,,1,,,,,,Active,New,,IPAD PRO (12.9-INCH) (4TH GEN) | 1TB | SPACE GREY | 2020,,,,,,IPAD-4TH-1229,,,,,,,
IPAD PRO (12.9-INCH) (4TH GEN),,,DEV-183,,APPLE,DEVICE,MOBILE PHONE,,,Pieces,,1,,,,,,Active,New,,IPAD PRO (12.9-INCH) (4TH GEN) | 256GB | SILVER | 2020,,,,,,IPAD-4TH-1230,,,,,,,
IPAD PRO (12.9-INCH) (4TH GEN),,,DEV-183,,APPLE,DEVICE,MOBILE PHONE,,,Pieces,,1,,,,,,Active,New,,IPAD PRO (12.9-INCH) (4TH GEN) | 256GB | SPACE GREY | 2020,,,,,,IPAD-4TH-1231,,,,,,,
IPAD PRO (12.9-INCH) (4TH GEN),,,DEV-183,,APPLE,DEVICE,MOBILE PHONE,,,Pieces,,1,,,,,,Active,New,,IPAD PRO (12.9-INCH) (4TH GEN) | 512GB | SILVER | 2020,,,,,,IPAD-4TH-1232,,,,,,,
IPAD PRO (12.9-INCH) (4TH GEN),,,DEV-183,,APPLE,DEVICE,MOBILE PHONE,,,Pieces,,1,,,,,,Active,New,,IPAD PRO (12.9-INCH) (4TH GEN) | 512GB | SPACE GREY | 2020,,,,,,IPAD-4TH-1233,,,,,,,
IPAD PRO (12.9-INCH) (5TH GEN),,,DEV-184,,APPLE,DEVICE,MOBILE PHONE,,,Pieces,,1,,,,,,Active,New,,IPAD PRO (12.9-INCH) (5TH GEN) | 128GB | SILVER | 2021,,,,,,IPAD-5TH-1234,,,,,,,
IPAD PRO (12.9-INCH) (5TH GEN),,,DEV-184,,APPLE,DEVICE,MOBILE PHONE,,,Pieces,,1,,,,,,Active,New,,IPAD PRO (12.9-INCH) (5TH GEN) | 128GB | SPACE GREY | 2021,,,,,,IPAD-5TH-1235,,,,,,,
IPAD PRO (12.9-INCH) (5TH GEN),,,DEV-184,,APPLE,DEVICE,MOBILE PHONE,,,Pieces,,1,,,,,,Active,New,,IPAD PRO (12.9-INCH) (5TH GEN) | 1TB | SILVER | 2021,,,,,,IPAD-5TH-1236,,,,,,,
IPAD PRO (12.9-INCH) (5TH GEN),,,DEV-184,,APPLE,DEVICE,MOBILE PHONE,,,Pieces,,1,,,,,,Active,New,,IPAD PRO (12.9-INCH) (5TH GEN) | 1TB | SPACE GREY | 2021,,,,,,IPAD-5TH-1237,,,,,,,
IPAD PRO (12.9-INCH) (5TH GEN),,,DEV-184,,APPLE,DEVICE,MOBILE PHONE,,,Pieces,,1,,,,,,Active,New,,IPAD PRO (12.9-INCH) (5TH GEN) | 256GB | SILVER | 2021,,,,,,IPAD-5TH-1238,,,,,,,
IPAD PRO (12.9-INCH) (5TH GEN),,,DEV-184,,APPLE,DEVICE,MOBILE PHONE,,,Pieces,,1,,,,,,Active,New,,IPAD PRO (12.9-INCH) (5TH GEN) | 256GB | SPACE GREY | 2021,,,,,,IPAD-5TH-1239,,,,,,,
IPAD PRO (12.9-INCH) (5TH GEN),,,DEV-184,,APPLE,DEVICE,MOBILE PHONE,,,Pieces,,1,,,,,,Active,New,,IPAD PRO (12.9-INCH) (5TH GEN) | 2TB | SILVER | 2021,,,,,,IPAD-5TH-1240,,,,,,,
IPAD PRO (12.9-INCH) (5TH GEN),,,DEV-184,,APPLE,DEVICE,MOBILE PHONE,,,Pieces,,1,,,,,,Active,New,,IPAD PRO (12.9-INCH) (5TH GEN) | 2TB | SPACE GREY | 2021,,,,,,IPAD-5TH-1241,,,,,,,
IPAD PRO (12.9-INCH) (5TH GEN),,,DEV-184,,APPLE,DEVICE,MOBILE PHONE,,,Pieces,,1,,,,,,Active,New,,IPAD PRO (12.9-INCH) (5TH GEN) | 512GB | SILVER | 2021,,,,,,IPAD-5TH-1242,,,,,,,
IPAD PRO (12.9-INCH) (5TH GEN),,,DEV-184,,APPLE,DEVICE,MOBILE PHONE,,,Pieces,,1,,,,,,Active,New,,IPAD PRO (12.9-INCH) (5TH GEN) | 512GB | SPACE GREY | 2021,,,,,,IPAD-5TH-1243,,,,,,,
IPAD PRO (12.9-INCH) (6TH GEN),,,DEV-185,,APPLE,DEVICE,MOBILE PHONE,,,Pieces,,1,,,,,,Active,New,,IPAD PRO (12.9-INCH) (6TH GEN) | 128GB | SILVER | 2022,,,,,,IPAD-6TH-1244,,,,,,,
IPAD PRO (12.9-INCH) (6TH GEN),,,DEV-185,,APPLE,DEVICE,MOBILE PHONE,,,Pieces,,1,,,,,,Active,New,,IPAD PRO (12.9-INCH) (6TH GEN) | 128GB | SPACE GREY | 2022,,,,,,IPAD-6TH-1245,,,,,,,
IPAD PRO (12.9-INCH) (6TH GEN),,,DEV-185,,APPLE,DEVICE,MOBILE PHONE,,,Pieces,,1,,,,,,Active,New,,IPAD PRO (12.9-INCH) (6TH GEN) | 1TB | SILVER | 2022,,,,,,IPAD-6TH-1246,,,,,,,
IPAD PRO (12.9-INCH) (6TH GEN),,,DEV-185,,APPLE,DEVICE,MOBILE PHONE,,,Pieces,,1,,,,,,Active,New,,IPAD PRO (12.9-INCH) (6TH GEN) | 1TB | SPACE GREY | 2022,,,,,,IPAD-6TH-1247,,,,,,,
IPAD PRO (12.9-INCH) (6TH GEN),,,DEV-185,,APPLE,DEVICE,MOBILE PHONE,,,Pieces,,1,,,,,,Active,New,,IPAD PRO (12.9-INCH) (6TH GEN) | 256GB | SILVER | 2022,,,,,,IPAD-6TH-1248,,,,,,,
IPAD PRO (12.9-INCH) (6TH GEN),,,DEV-185,,APPLE,DEVICE,MOBILE PHONE,,,Pieces,,1,,,,,,Active,New,,IPAD PRO (12.9-INCH) (6TH GEN) | 256GB | SPACE GREY | 2022,,,,,,IPAD-6TH-1249,,,,,,,
IPAD PRO (12.9-INCH) (6TH GEN),,,DEV-185,,APPLE,DEVICE,MOBILE PHONE,,,Pieces,,1,,,,,,Active,New,,IPAD PRO (12.9-INCH) (6TH GEN) | 2TB | SILVER | 2022,,,,,,IPAD-6TH-1250,,,,,,,
IPAD PRO (12.9-INCH) (6TH GEN),,,DEV-185,,APPLE,DEVICE,MOBILE PHONE,,,Pieces,,1,,,,,,Active,New,,IPAD PRO (12.9-INCH) (6TH GEN) | 2TB | SPACE GREY | 2022,,,,,,IPAD-6TH-1251,,,,,,,
IPAD PRO (12.9-INCH) (6TH GEN),,,DEV-185,,APPLE,DEVICE,MOBILE PHONE,,,Pieces,,1,,,,,,Active,New,,IPAD PRO (12.9-INCH) (6TH GEN) | 512GB | SILVER | 2022,,,,,,IPAD-6TH-1252,,,,,,,
IPAD PRO (12.9-INCH) (6TH GEN),,,DEV-185,,APPLE,DEVICE,MOBILE PHONE,,,Pieces,,1,,,,,,Active,New,,IPAD PRO (12.9-INCH) (6TH GEN) | 512GB | SPACE GREY | 2022,,,,,,IPAD-6TH-1253,,,,,,,
IPAD PRO (13-INCH) (M4),,,DEV-186,,APPLE,DEVICE,MOBILE PHONE,,,Pieces,,1,,,,,,Active,New,,IPAD PRO (13-INCH) (M4) | 1TB | SILVER | 2024,,,,,,IPAD-M4-1254,,,,,,,
IPAD PRO (13-INCH) (M4),,,DEV-186,,APPLE,DEVICE,MOBILE PHONE,,,Pieces,,1,,,,,,Active,New,,IPAD PRO (13-INCH) (M4) | 1TB | SPACE BLACK | 2024,,,,,,IPAD-M4-1255,,,,,,,
IPAD PRO (13-INCH) (M4),,,DEV-186,,APPLE,DEVICE,MOBILE PHONE,,,Pieces,,1,,,,,,Active,New,,IPAD PRO (13-INCH) (M4) | 256GB | SILVER | 2024,,,,,,IPAD-M4-1256,,,,,,,
IPAD PRO (13-INCH) (M4),,,DEV-186,,APPLE,DEVICE,MOBILE PHONE,,,Pieces,,1,,,,,,Active,New,,IPAD PRO (13-INCH) (M4) | 256GB | SPACE BLACK | 2024,,,,,,IPAD-M4-1257,,,,,,,
IPAD PRO (13-INCH) (M4),,,DEV-186,,APPLE,DEVICE,MOBILE PHONE,,,Pieces,,1,,,,,,Active,New,,IPAD PRO (13-INCH) (M4) | 2TB | SILVER | 2024,,,,,,IPAD-M4-1258,,,,,,,
IPAD PRO (13-INCH) (M4),,,DEV-186,,APPLE,DEVICE,MOBILE PHONE,,,Pieces,,1,,,,,,Active,New,,IPAD PRO (13-INCH) (M4) | 2TB | SPACE BLACK | 2024,,,,,,IPAD-M4-1259,,,,,,,
IPAD PRO (13-INCH) (M4),,,DEV-186,,APPLE,DEVICE,MOBILE PHONE,,,Pieces,,1,,,,,,Active,New,,IPAD PRO (13-INCH) (M4) | 512GB | SILVER | 2024,,,,,,IPAD-M4-1260,,,,,,,
IPAD PRO (13-INCH) (M4),,,DEV-186,,APPLE,DEVICE,MOBILE PHONE,,,Pieces,,1,,,,,,Active,New,,IPAD PRO (13-INCH) (M4) | 512GB | SPACE BLACK | 2024,,,,,,IPAD-M4-1261,,,,,,,
IPHONE 11,,,DEV-187,,APPLE,DEVICE,MOBILE PHONE,,,Pieces,,1,,,,,,Active,New,,IPHONE 11 | 128GB | BLACK,,,,,,IP-11-1262,,,,,,,
IPHONE 11,,,DEV-187,,APPLE,DEVICE,MOBILE PHONE,,,Pieces,,1,,,,,,Active,New,,IPHONE 11 | 128GB | GREEN,,,,,,IP-11-1263,,,,,,,
IPHONE 11,,,DEV-187,,APPLE,DEVICE,MOBILE PHONE,,,Pieces,,1,,,,,,Active,New,,IPHONE 11 | 128GB | PURPLE,,,,,,IP-11-1264,,,,,,,
IPHONE 11,,,DEV-187,,APPLE,DEVICE,MOBILE PHONE,,,Pieces,,1,,,,,,Active,New,,IPHONE 11 | 128GB | RED,,,,,,IP-11-1265,,,,,,,
IPHONE 11,,,DEV-187,,APPLE,DEVICE,MOBILE PHONE,,,Pieces,,1,,,,,,Active,New,,IPHONE 11 | 128GB | WHITE,,,,,,IP-11-1266,,,,,,,
IPHONE 11,,,DEV-187,,APPLE,DEVICE,MOBILE PHONE,,,Pieces,,1,,,,,,Active,New,,IPHONE 11 | 128GB | YELLOW,,,,,,IP-11-1267,,,,,,,
IPHONE 11,,,DEV-187,,APPLE,DEVICE,MOBILE PHONE,,,Pieces,,1,,,,,,Active,New,,IPHONE 11 | 64GB | BLACK,,,,,,IP-11-1268,,,,,,,
IPHONE 11,,,DEV-187,,APPLE,DEVICE,MOBILE PHONE,,,Pieces,,1,,,,,,Active,New,,IPHONE 11 | 64GB | GREEN,,,,,,IP-11-1269,,,,,,,
IPHONE 11,,,DEV-187,,APPLE,DEVICE,MOBILE PHONE,,,Pieces,,1,,,,,,Active,New,,IPHONE 11 | 64GB | PURPLE,,,,,,IP-11-1270,,,,,,,
IPHONE 11,,,DEV-187,,APPLE,DEVICE,MOBILE PHONE,,,Pieces,,1,,,,,,Active,New,,IPHONE 11 | 64GB | RED,,,,,,IP-11-1271,,,,,,,
IPHONE 11,,,DEV-187,,APPLE,DEVICE,MOBILE PHONE,,,Pieces,,1,,,,,,Active,New,,IPHONE 11 | 64GB | WHITE,,,,,,IP-11-1272,,,,,,,
IPHONE 11,,,DEV-187,,APPLE,DEVICE,MOBILE PHONE,,,Pieces,,1,,,,,,Active,New,,IPHONE 11 | 64GB | YELLOW,,,,,,IP-11-1273,,,,,,,
IPHONE 11 PRO ,,,DEV-188,,APPLE,DEVICE,MOBILE PHONE,,,Pieces,,1,,,,,,Active,New,,IPHONE 11 PRO | 256GB | GOLD,,,,,,IP-11-1274,,,,,,,
IPHONE 11 PRO ,,,DEV-188,,APPLE,DEVICE,MOBILE PHONE,,,Pieces,,1,,,,,,Active,New,,IPHONE 11 PRO | 256GB | MIDNIGHT GREEN ,,,,,,IP-11-1275,,,,,,,
IPHONE 11 PRO ,,,DEV-188,,APPLE,DEVICE,MOBILE PHONE,,,Pieces,,1,,,,,,Active,New,,IPHONE 11 PRO | 256GB | SILVER,,,,,,IP-11-1276,,,,,,,
IPHONE 11 PRO ,,,DEV-188,,APPLE,DEVICE,MOBILE PHONE,,,Pieces,,1,,,,,,Active,New,,IPHONE 11 PRO | 256GB | SPACE GREY,,,,,,IP-11-1277,,,,,,,
IPHONE 11 PRO ,,,DEV-188,,APPLE,DEVICE,MOBILE PHONE,,,Pieces,,1,,,,,,Active,New,,IPHONE 11 PRO | 512GB | GOLD,,,,,,IP-11-1278,,,,,,,
IPHONE 11 PRO ,,,DEV-188,,APPLE,DEVICE,MOBILE PHONE,,,Pieces,,1,,,,,,Active,New,,IPHONE 11 PRO | 512GB | MIDNIGHT GREEN ,,,,,,IP-11-1279,,,,,,,
IPHONE 11 PRO ,,,DEV-188,,APPLE,DEVICE,MOBILE PHONE,,,Pieces,,1,,,,,,Active,New,,IPHONE 11 PRO | 512GB | SILVER,,,,,,IP-11-1280,,,,,,,
IPHONE 11 PRO ,,,DEV-188,,APPLE,DEVICE,MOBILE PHONE,,,Pieces,,1,,,,,,Active,New,,IPHONE 11 PRO | 512GB | SPACE GREY,,,,,,IP-11-1281,,,,,,,
IPHONE 11 PRO ,,,DEV-188,,APPLE,DEVICE,MOBILE PHONE,,,Pieces,,1,,,,,,Active,New,,IPHONE 11 PRO | 64GB | GOLD,,,,,,IP-11-1282,,,,,,,
IPHONE 11 PRO ,,,DEV-188,,APPLE,DEVICE,MOBILE PHONE,,,Pieces,,1,,,,,,Active,New,,IPHONE 11 PRO | 64GB | MIDNIGHT GREEN ,,,,,,IP-11-1283,,,,,,,
IPHONE 11 PRO ,,,DEV-188,,APPLE,DEVICE,MOBILE PHONE,,,Pieces,,1,,,,,,Active,New,,IPHONE 11 PRO | 64GB | SILVER,,,,,,IP-11-1284,,,,,,,
IPHONE 11 PRO ,,,DEV-188,,APPLE,DEVICE,MOBILE PHONE,,,Pieces,,1,,,,,,Active,New,,IPHONE 11 PRO | 64GB | SPACE GREY,,,,,,IP-11-1285,,,,,,,
IPHONE 11 PRO MAX,,,DEV-189,,APPLE,DEVICE,MOBILE PHONE,,,Pieces,,1,,,,,,Active,New,,IPHONE 11 PRO MAX | 256GB | GOLD,,,,,,IP-11-1286,,,,,,,
IPHONE 11 PRO MAX,,,DEV-189,,APPLE,DEVICE,MOBILE PHONE,,,Pieces,,1,,,,,,Active,New,,IPHONE 11 PRO MAX | 256GB | MIDNIGHT GREEN ,,,,,,IP-11-1287,,,,,,,
IPHONE 11 PRO MAX,,,DEV-189,,APPLE,DEVICE,MOBILE PHONE,,,Pieces,,1,,,,,,Active,New,,IPHONE 11 PRO MAX | 256GB | SILVER,,,,,,IP-11-1288,,,,,,,
IPHONE 11 PRO MAX,,,DEV-189,,APPLE,DEVICE,MOBILE PHONE,,,Pieces,,1,,,,,,Active,New,,IPHONE 11 PRO MAX | 256GB | SPACE GREY,,,,,,IP-11-1289,,,,,,,
IPHONE 11 PRO MAX,,,DEV-189,,APPLE,DEVICE,MOBILE PHONE,,,Pieces,,1,,,,,,Active,New,,IPHONE 11 PRO MAX | 512GB | GOLD,,,,,,IP-11-1290,,,,,,,
IPHONE 11 PRO MAX,,,DEV-189,,APPLE,DEVICE,MOBILE PHONE,,,Pieces,,1,,,,,,Active,New,,IPHONE 11 PRO MAX | 512GB | MIDNIGHT GREEN ,,,,,,IP-11-1291,,,,,,,
IPHONE 11 PRO MAX,,,DEV-189,,APPLE,DEVICE,MOBILE PHONE,,,Pieces,,1,,,,,,Active,New,,IPHONE 11 PRO MAX | 512GB | SILVER,,,,,,IP-11-1292,,,,,,,
IPHONE 11 PRO MAX,,,DEV-189,,APPLE,DEVICE,MOBILE PHONE,,,Pieces,,1,,,,,,Active,New,,IPHONE 11 PRO MAX | 512GB | SPACE GREY,,,,,,IP-11-1293,,,,,,,
IPHONE 11 PRO MAX,,,DEV-189,,APPLE,DEVICE,MOBILE PHONE,,,Pieces,,1,,,,,,Active,New,,IPHONE 11 PRO MAX | 64GB | GOLD,,,,,,IP-11-1294,,,,,,,
IPHONE 11 PRO MAX,,,DEV-189,,APPLE,DEVICE,MOBILE PHONE,,,Pieces,,1,,,,,,Active,New,,IPHONE 11 PRO MAX | 64GB | MIDNIGHT GREEN ,,,,,,IP-11-1295,,,,,,,
IPHONE 11 PRO MAX,,,DEV-189,,APPLE,DEVICE,MOBILE PHONE,,,Pieces,,1,,,,,,Active,New,,IPHONE 11 PRO MAX | 64GB | SILVER,,,,,,IP-11-1296,,,,,,,
IPHONE 11 PRO MAX,,,DEV-189,,APPLE,DEVICE,MOBILE PHONE,,,Pieces,,1,,,,,,Active,New,,IPHONE 11 PRO MAX | 64GB | SPACE GREY,,,,,,IP-11-1297,,,,,,,
GALAXY A31,,,DEV-19,,SAMSUNG,DEVICE,MOBILE PHONE,,,Pieces,,1,,,,,,Active,New,,GALAXY A31 | 128GB | BLACK | 2020,,,,,,GAL-A31-134,,,,,,,
GALAXY A31,,,DEV-19,,SAMSUNG,DEVICE,MOBILE PHONE,,,Pieces,,1,,,,,,Active,New,,GALAXY A31 | 128GB | BLUE | 2020,,,,,,GAL-A31-135,,,,,,,
GALAXY A31,,,DEV-19,,SAMSUNG,DEVICE,MOBILE PHONE,,,Pieces,,1,,,,,,Active,New,,GALAXY A31 | 128GB | RED | 2020,,,,,,GAL-A31-136,,,,,,,
GALAXY A31,,,DEV-19,,SAMSUNG,DEVICE,MOBILE PHONE,,,Pieces,,1,,,,,,Active,New,,GALAXY A31 | 128GB | WHITE | 2020,,,,,,GAL-A31-137,,,,,,,
GALAXY A31,,,DEV-19,,SAMSUNG,DEVICE,MOBILE PHONE,,,Pieces,,1,,,,,,Active,New,,GALAXY A31 | 64GB | BLACK | 2020,,,,,,GAL-A31-138,,,,,,,
GALAXY A31,,,DEV-19,,SAMSUNG,DEVICE,MOBILE PHONE,,,Pieces,,1,,,,,,Active,New,,GALAXY A31 | 64GB | BLUE | 2020,,,,,,GAL-A31-139,,,,,,,
GALAXY A31,,,DEV-19,,SAMSUNG,DEVICE,MOBILE PHONE,,,Pieces,,1,,,,,,Active,New,,GALAXY A31 | 64GB | RED | 2020,,,,,,GAL-A31-140,,,,,,,
GALAXY A31,,,DEV-19,,SAMSUNG,DEVICE,MOBILE PHONE,,,Pieces,,1,,,,,,Active,New,,GALAXY A31 | 64GB | WHITE | 2020,,,,,,GAL-A31-141,,,,,,,
IPHONE 12 ,,,DEV-190,,APPLE,DEVICE,MOBILE PHONE,,,Pieces,,1,,,,,,Active,New,,IPHONE 12 | 128GB | BLACK,,,,,,IP-12 -1298,,,,,,,
IPHONE 12 ,,,DEV-190,,APPLE,DEVICE,MOBILE PHONE,,,Pieces,,1,,,,,,Active,New,,IPHONE 12 | 128GB | BLUE,,,,,,IP-12 -1299,,,,,,,
IPHONE 12 ,,,DEV-190,,APPLE,DEVICE,MOBILE PHONE,,,Pieces,,1,,,,,,Active,New,,IPHONE 12 | 128GB | GREEN,,,,,,IP-12 -1300,,,,,,,
IPHONE 12 ,,,DEV-190,,APPLE,DEVICE,MOBILE PHONE,,,Pieces,,1,,,,,,Active,New,,IPHONE 12 | 128GB | PURPLE,,,,,,IP-12 -1301,,,,,,,
IPHONE 12 ,,,DEV-190,,APPLE,DEVICE,MOBILE PHONE,,,Pieces,,1,,,,,,Active,New,,IPHONE 12 | 128GB | RED,,,,,,IP-12 -1302,,,,,,,
IPHONE 12 ,,,DEV-190,,APPLE,DEVICE,MOBILE PHONE,,,Pieces,,1,,,,,,Active,New,,IPHONE 12 | 128GB | WHITE,,,,,,IP-12 -1303,,,,,,,
IPHONE 12 ,,,DEV-190,,APPLE,DEVICE,MOBILE PHONE,,,Pieces,,1,,,,,,Active,New,,IPHONE 12 | 256GB | BLACK,,,,,,IP-12 -1304,,,,,,,
IPHONE 12 ,,,DEV-190,,APPLE,DEVICE,MOBILE PHONE,,,Pieces,,1,,,,,,Active,New,,IPHONE 12 | 256GB | BLUE,,,,,,IP-12 -1305,,,,,,,
IPHONE 12 ,,,DEV-190,,APPLE,DEVICE,MOBILE PHONE,,,Pieces,,1,,,,,,Active,New,,IPHONE 12 | 256GB | GREEN,,,,,,IP-12 -1306,,,,,,,
IPHONE 12 ,,,DEV-190,,APPLE,DEVICE,MOBILE PHONE,,,Pieces,,1,,,,,,Active,New,,IPHONE 12 | 256GB | PURPLE,,,,,,IP-12 -1307,,,,,,,
IPHONE 12 ,,,DEV-190,,APPLE,DEVICE,MOBILE PHONE,,,Pieces,,1,,,,,,Active,New,,IPHONE 12 | 256GB | RED,,,,,,IP-12 -1308,,,,,,,
IPHONE 12 ,,,DEV-190,,APPLE,DEVICE,MOBILE PHONE,,,Pieces,,1,,,,,,Active,New,,IPHONE 12 | 256GB | WHITE,,,,,,IP-12 -1309,,,,,,,
IPHONE 12 ,,,DEV-190,,APPLE,DEVICE,MOBILE PHONE,,,Pieces,,1,,,,,,Active,New,,IPHONE 12 | 64GB | BLACK,,,,,,IP-12 -1310,,,,,,,
IPHONE 12 ,,,DEV-190,,APPLE,DEVICE,MOBILE PHONE,,,Pieces,,1,,,,,,Active,New,,IPHONE 12 | 64GB | BLUE,,,,,,IP-12 -1311,,,,,,,
IPHONE 12 ,,,DEV-190,,APPLE,DEVICE,MOBILE PHONE,,,Pieces,,1,,,,,,Active,New,,IPHONE 12 | 64GB | GREEN,,,,,,IP-12 -1312,,,,,,,
IPHONE 12 ,,,DEV-190,,APPLE,DEVICE,MOBILE PHONE,,,Pieces,,1,,,,,,Active,New,,IPHONE 12 | 64GB | PURPLE,,,,,,IP-12 -1313,,,,,,,
IPHONE 12 ,,,DEV-190,,APPLE,DEVICE,MOBILE PHONE,,,Pieces,,1,,,,,,Active,New,,IPHONE 12 | 64GB | RED,,,,,,IP-12 -1314,,,,,,,
IPHONE 12 ,,,DEV-190,,APPLE,DEVICE,MOBILE PHONE,,,Pieces,,1,,,,,,Active,New,,IPHONE 12 | 64GB | WHITE,,,,,,IP-12-1315,,,,,,,
IPHONE 12 MINI,,,DEV-191,,APPLE,DEVICE,MOBILE PHONE,,,Pieces,,1,,,,,,Active,New,,IPHONE 12 MINI | 128GB | BLACK,,,,,,IP-12-1316,,,,,,,
IPHONE 12 MINI,,,DEV-191,,APPLE,DEVICE,MOBILE PHONE,,,Pieces,,1,,,,,,Active,New,,IPHONE 12 MINI | 128GB | BLUE,,,,,,IP-12-1317,,,,,,,
IPHONE 12 MINI,,,DEV-191,,APPLE,DEVICE,MOBILE PHONE,,,Pieces,,1,,,,,,Active,New,,IPHONE 12 MINI | 128GB | GREEN,,,,,,IP-12-1318,,,,,,,
IPHONE 12 MINI,,,DEV-191,,APPLE,DEVICE,MOBILE PHONE,,,Pieces,,1,,,,,,Active,New,,IPHONE 12 MINI | 128GB | PURPLE,,,,,,IP-12-1319,,,,,,,
IPHONE 12 MINI,,,DEV-191,,APPLE,DEVICE,MOBILE PHONE,,,Pieces,,1,,,,,,Active,New,,IPHONE 12 MINI | 128GB | RED,,,,,,IP-12-1320,,,,,,,
IPHONE 12 MINI,,,DEV-191,,APPLE,DEVICE,MOBILE PHONE,,,Pieces,,1,,,,,,Active,New,,IPHONE 12 MINI | 128GB | WHITE,,,,,,IP-12-1321,,,,,,,
IPHONE 12 MINI,,,DEV-191,,APPLE,DEVICE,MOBILE PHONE,,,Pieces,,1,,,,,,Active,New,,IPHONE 12 MINI | 256GB | BLACK,,,,,,IP-12-1322,,,,,,,
IPHONE 12 MINI,,,DEV-191,,APPLE,DEVICE,MOBILE PHONE,,,Pieces,,1,,,,,,Active,New,,IPHONE 12 MINI | 256GB | BLUE,,,,,,IP-12-1323,,,,,,,
IPHONE 12 MINI,,,DEV-191,,APPLE,DEVICE,MOBILE PHONE,,,Pieces,,1,,,,,,Active,New,,IPHONE 12 MINI | 256GB | GREEN,,,,,,IP-12-1324,,,,,,,
IPHONE 12 MINI,,,DEV-191,,APPLE,DEVICE,MOBILE PHONE,,,Pieces,,1,,,,,,Active,New,,IPHONE 12 MINI | 256GB | PURPLE,,,,,,IP-12-1325,,,,,,,
IPHONE 12 MINI,,,DEV-191,,APPLE,DEVICE,MOBILE PHONE,,,Pieces,,1,,,,,,Active,New,,IPHONE 12 MINI | 256GB | RED,,,,,,IP-12-1326,,,,,,,
IPHONE 12 MINI,,,DEV-191,,APPLE,DEVICE,MOBILE PHONE,,,Pieces,,1,,,,,,Active,New,,IPHONE 12 MINI | 256GB | WHITE,,,,,,IP-12-1327,,,,,,,
IPHONE 12 MINI,,,DEV-191,,APPLE,DEVICE,MOBILE PHONE,,,Pieces,,1,,,,,,Active,New,,IPHONE 12 MINI | 64GB | BLACK,,,,,,IP-12-1328,,,,,,,
IPHONE 12 MINI,,,DEV-191,,APPLE,DEVICE,MOBILE PHONE,,,Pieces,,1,,,,,,Active,New,,IPHONE 12 MINI | 64GB | BLUE,,,,,,IP-12-1329,,,,,,,
IPHONE 12 MINI,,,DEV-191,,APPLE,DEVICE,MOBILE PHONE,,,Pieces,,1,,,,,,Active,New,,IPHONE 12 MINI | 64GB | GREEN,,,,,,IP-12-1330,,,,,,,
IPHONE 12 MINI,,,DEV-191,,APPLE,DEVICE,MOBILE PHONE,,,Pieces,,1,,,,,,Active,New,,IPHONE 12 MINI | 64GB | PURPLE,,,,,,IP-12-1331,,,,,,,
IPHONE 12 MINI,,,DEV-191,,APPLE,DEVICE,MOBILE PHONE,,,Pieces,,1,,,,,,Active,New,,IPHONE 12 MINI | 64GB | RED,,,,,,IP-12-1332,,,,,,,
IPHONE 12 MINI,,,DEV-191,,APPLE,DEVICE,MOBILE PHONE,,,Pieces,,1,,,,,,Active,New,,IPHONE 12 MINI | 64GB | WHITE,,,,,,IP-12-1333,,,,,,,
IPHONE 12 PRO ,,,DEV-192,,APPLE,DEVICE,MOBILE PHONE,,,Pieces,,1,,,,,,Active,New,,IPHONE 12 PRO | 128GB | GOLD,,,,,,IP-12-1334,,,,,,,
IPHONE 12 PRO ,,,DEV-192,,APPLE,DEVICE,MOBILE PHONE,,,Pieces,,1,,,,,,Active,New,,IPHONE 12 PRO | 128GB | GRAPHITE ,,,,,,IP-12-1335,,,,,,,
IPHONE 12 PRO ,,,DEV-192,,APPLE,DEVICE,MOBILE PHONE,,,Pieces,,1,,,,,,Active,New,,IPHONE 12 PRO | 128GB | PCIFIC BLUE ,,,,,,IP-12-1336,,,,,,,
IPHONE 12 PRO ,,,DEV-192,,APPLE,DEVICE,MOBILE PHONE,,,Pieces,,1,,,,,,Active,New,,IPHONE 12 PRO | 128GB | SILVER,,,,,,IP-12-1337,,,,,,,
IPHONE 12 PRO ,,,DEV-192,,APPLE,DEVICE,MOBILE PHONE,,,Pieces,,1,,,,,,Active,New,,IPHONE 12 PRO | 256GB | GOLD,,,,,,IP-12-1338,,,,,,,
IPHONE 12 PRO ,,,DEV-192,,APPLE,DEVICE,MOBILE PHONE,,,Pieces,,1,,,,,,Active,New,,IPHONE 12 PRO | 256GB | GRAPHITE ,,,,,,IP-12-1339,,,,,,,
IPHONE 12 PRO ,,,DEV-192,,APPLE,DEVICE,MOBILE PHONE,,,Pieces,,1,,,,,,Active,New,,IPHONE 12 PRO | 256GB | PCIFIC BLUE ,,,,,,IP-12-1340,,,,,,,
IPHONE 12 PRO ,,,DEV-192,,APPLE,DEVICE,MOBILE PHONE,,,Pieces,,1,,,,,,Active,New,,IPHONE 12 PRO | 256GB | SILVER,,,,,,IP-12-1341,,,,,,,
IPHONE 12 PRO ,,,DEV-192,,APPLE,DEVICE,MOBILE PHONE,,,Pieces,,1,,,,,,Active,New,,IPHONE 12 PRO | 512GB | GOLD,,,,,,IP-12-1342,,,,,,,
IPHONE 12 PRO ,,,DEV-192,,APPLE,DEVICE,MOBILE PHONE,,,Pieces,,1,,,,,,Active,New,,IPHONE 12 PRO | 512GB | GRAPHITE ,,,,,,IP-12-1343,,,,,,,
IPHONE 12 PRO ,,,DEV-192,,APPLE,DEVICE,MOBILE PHONE,,,Pieces,,1,,,,,,Active,New,,IPHONE 12 PRO | 512GB | PCIFIC BLUE ,,,,,,IP-12-1344,,,,,,,
IPHONE 12 PRO ,,,DEV-192,,APPLE,DEVICE,MOBILE PHONE,,,Pieces,,1,,,,,,Active,New,,IPHONE 12 PRO | 512GB | SILVER,,,,,,IP-12-1345,,,,,,,
IPHONE 12 PRO MAX,,,DEV-193,,APPLE,DEVICE,MOBILE PHONE,,,Pieces,,1,,,,,,Active,New,,IPHONE 12 PRO MAX | 128GB | BLACK,,,,,,IP-12-1346,,,,,,,
IPHONE 12 PRO MAX,,,DEV-193,,APPLE,DEVICE,MOBILE PHONE,,,Pieces,,1,,,,,,Active,New,,IPHONE 12 PRO MAX | 128GB | BLUE,,,,,,IP-12-1347,,,,,,,
IPHONE 12 PRO MAX,,,DEV-193,,APPLE,DEVICE,MOBILE PHONE,,,Pieces,,1,,,,,,Active,New,,IPHONE 12 PRO MAX | 128GB | GREEN,,,,,,IP-12-1348,,,,,,,
IPHONE 12 PRO MAX,,,DEV-193,,APPLE,DEVICE,MOBILE PHONE,,,Pieces,,1,,,,,,Active,New,,IPHONE 12 PRO MAX | 128GB | PURPLE,,,,,,IP-12-1349,,,,,,,
IPHONE 12 PRO MAX,,,DEV-193,,APPLE,DEVICE,MOBILE PHONE,,,Pieces,,1,,,,,,Active,New,,IPHONE 12 PRO MAX | 128GB | RED,,,,,,IP-12-1350,,,,,,,
IPHONE 12 PRO MAX,,,DEV-193,,APPLE,DEVICE,MOBILE PHONE,,,Pieces,,1,,,,,,Active,New,,IPHONE 12 PRO MAX | 128GB | WHITE,,,,,,IP-12-1351,,,,,,,
IPHONE 12 PRO MAX,,,DEV-193,,APPLE,DEVICE,MOBILE PHONE,,,Pieces,,1,,,,,,Active,New,,IPHONE 12 PRO MAX | 256GB | BLACK,,,,,,IP-12-1352,,,,,,,
IPHONE 12 PRO MAX,,,DEV-193,,APPLE,DEVICE,MOBILE PHONE,,,Pieces,,1,,,,,,Active,New,,IPHONE 12 PRO MAX | 256GB | BLUE,,,,,,IP-12-1353,,,,,,,
IPHONE 12 PRO MAX,,,DEV-193,,APPLE,DEVICE,MOBILE PHONE,,,Pieces,,1,,,,,,Active,New,,IPHONE 12 PRO MAX | 256GB | GREEN,,,,,,IP-12-1354,,,,,,,
IPHONE 12 PRO MAX,,,DEV-193,,APPLE,DEVICE,MOBILE PHONE,,,Pieces,,1,,,,,,Active,New,,IPHONE 12 PRO MAX | 256GB | PURPLE,,,,,,IP-12-1355,,,,,,,
IPHONE 12 PRO MAX,,,DEV-193,,APPLE,DEVICE,MOBILE PHONE,,,Pieces,,1,,,,,,Active,New,,IPHONE 12 PRO MAX | 256GB | RED,,,,,,IP-12-1356,,,,,,,
IPHONE 12 PRO MAX,,,DEV-193,,APPLE,DEVICE,MOBILE PHONE,,,Pieces,,1,,,,,,Active,New,,IPHONE 12 PRO MAX | 256GB | WHITE,,,,,,IP-12-1357,,,,,,,
IPHONE 12 PRO MAX,,,DEV-193,,APPLE,DEVICE,MOBILE PHONE,,,Pieces,,1,,,,,,Active,New,,IPHONE 12 PRO MAX | 512GB | BLACK,,,,,,IP-12-1358,,,,,,,
IPHONE 12 PRO MAX,,,DEV-193,,APPLE,DEVICE,MOBILE PHONE,,,Pieces,,1,,,,,,Active,New,,IPHONE 12 PRO MAX | 512GB | BLUE,,,,,,IP-12-1359,,,,,,,
IPHONE 12 PRO MAX,,,DEV-193,,APPLE,DEVICE,MOBILE PHONE,,,Pieces,,1,,,,,,Active,New,,IPHONE 12 PRO MAX | 512GB | GREEN,,,,,,IP-12-1360,,,,,,,
IPHONE 12 PRO MAX,,,DEV-193,,APPLE,DEVICE,MOBILE PHONE,,,Pieces,,1,,,,,,Active,New,,IPHONE 12 PRO MAX | 512GB | PURPLE,,,,,,IP-12-1361,,,,,,,
IPHONE 12 PRO MAX,,,DEV-193,,APPLE,DEVICE,MOBILE PHONE,,,Pieces,,1,,,,,,Active,New,,IPHONE 12 PRO MAX | 512GB | RED,,,,,,IP-12-1362,,,,,,,
IPHONE 12 PRO MAX,,,DEV-193,,APPLE,DEVICE,MOBILE PHONE,,,Pieces,,1,,,,,,Active,New,,IPHONE 12 PRO MAX | 512GB | WHITE,,,,,,IP-12-1363,,,,,,,
IPHONE 13,,,DEV-194,,APPLE,DEVICE,MOBILE PHONE,,,Pieces,,1,,,,,,Active,New,,IPHONE 13 | 128GB | BLUE,,,,,,IP-13-1364,,,,,,,
IPHONE 13,,,DEV-194,,APPLE,DEVICE,MOBILE PHONE,,,Pieces,,1,,,,,,Active,New,,IPHONE 13 | 128GB | GREEN,,,,,,IP-13-1365,,,,,,,
IPHONE 13,,,DEV-194,,APPLE,DEVICE,MOBILE PHONE,,,Pieces,,1,,,,,,Active,New,,IPHONE 13 | 128GB | MIDNIGHT,,,,,,IP-13-1366,,,,,,,
IPHONE 13,,,DEV-194,,APPLE,DEVICE,MOBILE PHONE,,,Pieces,,1,,,,,,Active,New,,IPHONE 13 | 128GB | PINK ,,,,,,IP-13-1367,,,,,,,
IPHONE 13,,,DEV-194,,APPLE,DEVICE,MOBILE PHONE,,,Pieces,,1,,,,,,Active,New,,IPHONE 13 | 128GB | RED,,,,,,IP-13-1368,,,,,,,
IPHONE 13,,,DEV-194,,APPLE,DEVICE,MOBILE PHONE,,,Pieces,,1,,,,,,Active,New,,IPHONE 13 | 128GB | STARLIGHT,,,,,,IP-13-1369,,,,,,,
IPHONE 13,,,DEV-194,,APPLE,DEVICE,MOBILE PHONE,,,Pieces,,1,,,,,,Active,New,,IPHONE 13 | 256GB | BLUE,,,,,,IP-13-1370,,,,,,,
IPHONE 13,,,DEV-194,,APPLE,DEVICE,MOBILE PHONE,,,Pieces,,1,,,,,,Active,New,,IPHONE 13 | 256GB | GREEN,,,,,,IP-13-1371,,,,,,,
IPHONE 13,,,DEV-194,,APPLE,DEVICE,MOBILE PHONE,,,Pieces,,1,,,,,,Active,New,,IPHONE 13 | 256GB | MIDNIGHT,,,,,,IP-13-1372,,,,,,,
IPHONE 13,,,DEV-194,,APPLE,DEVICE,MOBILE PHONE,,,Pieces,,1,,,,,,Active,New,,IPHONE 13 | 256GB | PINK ,,,,,,IP-13-1373,,,,,,,
IPHONE 13,,,DEV-194,,APPLE,DEVICE,MOBILE PHONE,,,Pieces,,1,,,,,,Active,New,,IPHONE 13 | 256GB | RED,,,,,,IP-13-1374,,,,,,,
IPHONE 13,,,DEV-194,,APPLE,DEVICE,MOBILE PHONE,,,Pieces,,1,,,,,,Active,New,,IPHONE 13 | 256GB | STARLIGHT,,,,,,IP-13-1375,,,,,,,
IPHONE 13,,,DEV-194,,APPLE,DEVICE,MOBILE PHONE,,,Pieces,,1,,,,,,Active,New,,IPHONE 13 | 512GB | BLUE,,,,,,IP-13-1376,,,,,,,
IPHONE 13,,,DEV-194,,APPLE,DEVICE,MOBILE PHONE,,,Pieces,,1,,,,,,Active,New,,IPHONE 13 | 512GB | GREEN,,,,,,IP-13-1377,,,,,,,
IPHONE 13,,,DEV-194,,APPLE,DEVICE,MOBILE PHONE,,,Pieces,,1,,,,,,Active,New,,IPHONE 13 | 512GB | MIDNIGHT,,,,,,IP-13-1378,,,,,,,
IPHONE 13,,,DEV-194,,APPLE,DEVICE,MOBILE PHONE,,,Pieces,,1,,,,,,Active,New,,IPHONE 13 | 512GB | PINK ,,,,,,IP-13-1379,,,,,,,
IPHONE 13,,,DEV-194,,APPLE,DEVICE,MOBILE PHONE,,,Pieces,,1,,,,,,Active,New,,IPHONE 13 | 512GB | RED,,,,,,IP-13-1380,,,,,,,
IPHONE 13,,,DEV-194,,APPLE,DEVICE,MOBILE PHONE,,,Pieces,,1,,,,,,Active,New,,IPHONE 13 | 512GB | STARLIGHT,,,,,,IP-13-1381,,,,,,,
IPHONE 13 MINI,,,DEV-195,,APPLE,DEVICE,MOBILE PHONE,,,Pieces,,1,,,,,,Active,New,,IPHONE 13 MINI | 128GB | BLUE,,,,,,IP-13-1382,,,,,,,
IPHONE 13 MINI,,,DEV-195,,APPLE,DEVICE,MOBILE PHONE,,,Pieces,,1,,,,,,Active,New,,IPHONE 13 MINI | 128GB | GREEN,,,,,,IP-13-1383,,,,,,,
IPHONE 13 MINI,,,DEV-195,,APPLE,DEVICE,MOBILE PHONE,,,Pieces,,1,,,,,,Active,New,,IPHONE 13 MINI | 128GB | MIDNIGHT,,,,,,IP-13-1384,,,,,,,
IPHONE 13 MINI,,,DEV-195,,APPLE,DEVICE,MOBILE PHONE,,,Pieces,,1,,,,,,Active,New,,IPHONE 13 MINI | 128GB | PINK ,,,,,,IP-13-1385,,,,,,,
IPHONE 13 MINI,,,DEV-195,,APPLE,DEVICE,MOBILE PHONE,,,Pieces,,1,,,,,,Active,New,,IPHONE 13 MINI | 128GB | RED,,,,,,IP-13-1386,,,,,,,
IPHONE 13 MINI,,,DEV-195,,APPLE,DEVICE,MOBILE PHONE,,,Pieces,,1,,,,,,Active,New,,IPHONE 13 MINI | 128GB | STARLIGHT,,,,,,IP-13-1387,,,,,,,
IPHONE 13 MINI,,,DEV-195,,APPLE,DEVICE,MOBILE PHONE,,,Pieces,,1,,,,,,Active,New,,IPHONE 13 MINI | 256GB | BLUE,,,,,,IP-13-1388,,,,,,,
IPHONE 13 MINI,,,DEV-195,,APPLE,DEVICE,MOBILE PHONE,,,Pieces,,1,,,,,,Active,New,,IPHONE 13 MINI | 256GB | GREEN,,,,,,IP-13-1389,,,,,,,
IPHONE 13 MINI,,,DEV-195,,APPLE,DEVICE,MOBILE PHONE,,,Pieces,,1,,,,,,Active,New,,IPHONE 13 MINI | 256GB | MIDNIGHT,,,,,,IP-13-1390,,,,,,,
IPHONE 13 MINI,,,DEV-195,,APPLE,DEVICE,MOBILE PHONE,,,Pieces,,1,,,,,,Active,New,,IPHONE 13 MINI | 256GB | PINK ,,,,,,IP-13-1391,,,,,,,
IPHONE 13 MINI,,,DEV-195,,APPLE,DEVICE,MOBILE PHONE,,,Pieces,,1,,,,,,Active,New,,IPHONE 13 MINI | 256GB | RED,,,,,,IP-13-1392,,,,,,,
IPHONE 13 MINI,,,DEV-195,,APPLE,DEVICE,MOBILE PHONE,,,Pieces,,1,,,,,,Active,New,,IPHONE 13 MINI | 256GB | STARLIGHT,,,,,,IP-13-1393,,,,,,,
IPHONE 13 MINI,,,DEV-195,,APPLE,DEVICE,MOBILE PHONE,,,Pieces,,1,,,,,,Active,New,,IPHONE 13 MINI | 512GB | BLUE,,,,,,IP-13-1394,,,,,,,
IPHONE 13 MINI,,,DEV-195,,APPLE,DEVICE,MOBILE PHONE,,,Pieces,,1,,,,,,Active,New,,IPHONE 13 MINI | 512GB | GREEN,,,,,,IP-13-1395,,,,,,,
IPHONE 13 MINI,,,DEV-195,,APPLE,DEVICE,MOBILE PHONE,,,Pieces,,1,,,,,,Active,New,,IPHONE 13 MINI | 512GB | MIDNIGHT,,,,,,IP-13-1396,,,,,,,
IPHONE 13 MINI,,,DEV-195,,APPLE,DEVICE,MOBILE PHONE,,,Pieces,,1,,,,,,Active,New,,IPHONE 13 MINI | 512GB | PINK ,,,,,,IP-13-1397,,,,,,,
IPHONE 13 MINI,,,DEV-195,,APPLE,DEVICE,MOBILE PHONE,,,Pieces,,1,,,,,,Active,New,,IPHONE 13 MINI | 512GB | RED,,,,,,IP-13-1398,,,,,,,
IPHONE 13 MINI,,,DEV-195,,APPLE,DEVICE,MOBILE PHONE,,,Pieces,,1,,,,,,Active,New,,IPHONE 13 MINI | 512GB | STARLIGHT,,,,,,IP-13-1399,,,,,,,
IPHONE 13 PRO ,,,DEV-196,,APPLE,DEVICE,MOBILE PHONE,,,Pieces,,1,,,,,,Active,New,,IPHONE 13 PRO | 128GB | ALPINE GREEN,,,,,,IP-13-1400,,,,,,,
IPHONE 13 PRO ,,,DEV-196,,APPLE,DEVICE,MOBILE PHONE,,,Pieces,,1,,,,,,Active,New,,IPHONE 13 PRO | 128GB | GOLD,,,,,,IP-13-1401,,,,,,,
IPHONE 13 PRO ,,,DEV-196,,APPLE,DEVICE,MOBILE PHONE,,,Pieces,,1,,,,,,Active,New,,IPHONE 13 PRO | 128GB | GRAPHITE,,,,,,IP-13-1402,,,,,,,
IPHONE 13 PRO ,,,DEV-196,,APPLE,DEVICE,MOBILE PHONE,,,Pieces,,1,,,,,,Active,New,,IPHONE 13 PRO | 128GB | SIERRA BLUE,,,,,,IP-13-1403,,,,,,,
IPHONE 13 PRO ,,,DEV-196,,APPLE,DEVICE,MOBILE PHONE,,,Pieces,,1,,,,,,Active,New,,IPHONE 13 PRO | 128GB | SILVER,,,,,,IP-13-1404,,,,,,,
IPHONE 13 PRO ,,,DEV-196,,APPLE,DEVICE,MOBILE PHONE,,,Pieces,,1,,,,,,Active,New,,IPHONE 13 PRO | 1TB | ALPINE GREEN,,,,,,IP-13-1405,,,,,,,
IPHONE 13 PRO ,,,DEV-196,,APPLE,DEVICE,MOBILE PHONE,,,Pieces,,1,,,,,,Active,New,,IPHONE 13 PRO | 1TB | GOLD,,,,,,IP-13-1406,,,,,,,
IPHONE 13 PRO ,,,DEV-196,,APPLE,DEVICE,MOBILE PHONE,,,Pieces,,1,,,,,,Active,New,,IPHONE 13 PRO | 1TB | GRAPHITE,,,,,,IP-13-1407,,,,,,,
IPHONE 13 PRO ,,,DEV-196,,APPLE,DEVICE,MOBILE PHONE,,,Pieces,,1,,,,,,Active,New,,IPHONE 13 PRO | 1TB | SIERRA BLUE,,,,,,IP-13-1408,,,,,,,
IPHONE 13 PRO ,,,DEV-196,,APPLE,DEVICE,MOBILE PHONE,,,Pieces,,1,,,,,,Active,New,,IPHONE 13 PRO | 1TB | SILVER,,,,,,IP-13-1409,,,,,,,
IPHONE 13 PRO ,,,DEV-196,,APPLE,DEVICE,MOBILE PHONE,,,Pieces,,1,,,,,,Active,New,,IPHONE 13 PRO | 256GB | ALPINE GREEN,,,,,,IP-13-1410,,,,,,,
IPHONE 13 PRO ,,,DEV-196,,APPLE,DEVICE,MOBILE PHONE,,,Pieces,,1,,,,,,Active,New,,IPHONE 13 PRO | 256GB | GOLD,,,,,,IP-13-1411,,,,,,,
IPHONE 13 PRO ,,,DEV-196,,APPLE,DEVICE,MOBILE PHONE,,,Pieces,,1,,,,,,Active,New,,IPHONE 13 PRO | 256GB | GRAPHITE,,,,,,IP-13-1412,,,,,,,
IPHONE 13 PRO ,,,DEV-196,,APPLE,DEVICE,MOBILE PHONE,,,Pieces,,1,,,,,,Active,New,,IPHONE 13 PRO | 256GB | SIERRA BLUE,,,,,,IP-13-1413,,,,,,,
IPHONE 13 PRO ,,,DEV-196,,APPLE,DEVICE,MOBILE PHONE,,,Pieces,,1,,,,,,Active,New,,IPHONE 13 PRO | 256GB | SILVER,,,,,,IP-13-1414,,,,,,,
IPHONE 13 PRO ,,,DEV-196,,APPLE,DEVICE,MOBILE PHONE,,,Pieces,,1,,,,,,Active,New,,IPHONE 13 PRO | 512GB | ALPINE GREEN,,,,,,IP-13-1415,,,,,,,
IPHONE 13 PRO ,,,DEV-196,,APPLE,DEVICE,MOBILE PHONE,,,Pieces,,1,,,,,,Active,New,,IPHONE 13 PRO | 512GB | GOLD,,,,,,IP-13-1416,,,,,,,
IPHONE 13 PRO ,,,DEV-196,,APPLE,DEVICE,MOBILE PHONE,,,Pieces,,1,,,,,,Active,New,,IPHONE 13 PRO | 512GB | GRAPHITE,,,,,,IP-13-1417,,,,,,,
IPHONE 13 PRO ,,,DEV-196,,APPLE,DEVICE,MOBILE PHONE,,,Pieces,,1,,,,,,Active,New,,IPHONE 13 PRO | 512GB | SIERRA BLUE,,,,,,IP-13-1418,,,,,,,
IPHONE 13 PRO ,,,DEV-196,,APPLE,DEVICE,MOBILE PHONE,,,Pieces,,1,,,,,,Active,New,,IPHONE 13 PRO | 512GB | SILVER,,,,,,IP-13-1419,,,,,,,
IPHONE 13 PRO MAX,,,DEV-197,,APPLE,DEVICE,MOBILE PHONE,,,Pieces,,1,,,,,,Active,New,,IPHONE 13 PRO MAX | 128GB | ALPINE GREEN,,,,,,IP-13-1420,,,,,,,
IPHONE 13 PRO MAX,,,DEV-197,,APPLE,DEVICE,MOBILE PHONE,,,Pieces,,1,,,,,,Active,New,,IPHONE 13 PRO MAX | 128GB | GOLD,,,,,,IP-13-1421,,,,,,,
IPHONE 13 PRO MAX,,,DEV-197,,APPLE,DEVICE,MOBILE PHONE,,,Pieces,,1,,,,,,Active,New,,IPHONE 13 PRO MAX | 128GB | GRAPHITE,,,,,,IP-13-1422,,,,,,,
IPHONE 13 PRO MAX,,,DEV-197,,APPLE,DEVICE,MOBILE PHONE,,,Pieces,,1,,,,,,Active,New,,IPHONE 13 PRO MAX | 128GB | SIERRA BLUE,,,,,,IP-13-1423,,,,,,,
IPHONE 13 PRO MAX,,,DEV-197,,APPLE,DEVICE,MOBILE PHONE,,,Pieces,,1,,,,,,Active,New,,IPHONE 13 PRO MAX | 128GB | SILVER,,,,,,IP-13-1424,,,,,,,
IPHONE 13 PRO MAX,,,DEV-197,,APPLE,DEVICE,MOBILE PHONE,,,Pieces,,1,,,,,,Active,New,,IPHONE 13 PRO MAX | 1TB | ALPINE GREEN,,,,,,IP-13-1425,,,,,,,
IPHONE 13 PRO MAX,,,DEV-197,,APPLE,DEVICE,MOBILE PHONE,,,Pieces,,1,,,,,,Active,New,,IPHONE 13 PRO MAX | 1TB | GOLD,,,,,,IP-13-1426,,,,,,,
IPHONE 13 PRO MAX,,,DEV-197,,APPLE,DEVICE,MOBILE PHONE,,,Pieces,,1,,,,,,Active,New,,IPHONE 13 PRO MAX | 1TB | GRAPHITE,,,,,,IP-13-1427,,,,,,,
IPHONE 13 PRO MAX,,,DEV-197,,APPLE,DEVICE,MOBILE PHONE,,,Pieces,,1,,,,,,Active,New,,IPHONE 13 PRO MAX | 1TB | SIERRA BLUE,,,,,,IP-13-1428,,,,,,,
IPHONE 13 PRO MAX,,,DEV-197,,APPLE,DEVICE,MOBILE PHONE,,,Pieces,,1,,,,,,Active,New,,IPHONE 13 PRO MAX | 1TB | SILVER,,,,,,IP-13-1429,,,,,,,
IPHONE 13 PRO MAX,,,DEV-197,,APPLE,DEVICE,MOBILE PHONE,,,Pieces,,1,,,,,,Active,New,,IPHONE 13 PRO MAX | 256GB | ALPINE GREEN,,,,,,IP-13-1430,,,,,,,
IPHONE 13 PRO MAX,,,DEV-197,,APPLE,DEVICE,MOBILE PHONE,,,Pieces,,1,,,,,,Active,New,,IPHONE 13 PRO MAX | 256GB | GOLD,,,,,,IP-13-1431,,,,,,,
IPHONE 13 PRO MAX,,,DEV-197,,APPLE,DEVICE,MOBILE PHONE,,,Pieces,,1,,,,,,Active,New,,IPHONE 13 PRO MAX | 256GB | GRAPHITE,,,,,,IP-13-1432,,,,,,,
IPHONE 13 PRO MAX,,,DEV-197,,APPLE,DEVICE,MOBILE PHONE,,,Pieces,,1,,,,,,Active,New,,IPHONE 13 PRO MAX | 256GB | SIERRA BLUE,,,,,,IP-13-1433,,,,,,,
IPHONE 13 PRO MAX,,,DEV-197,,APPLE,DEVICE,MOBILE PHONE,,,Pieces,,1,,,,,,Active,New,,IPHONE 13 PRO MAX | 256GB | SILVER,,,,,,IP-13-1434,,,,,,,
IPHONE 13 PRO MAX,,,DEV-197,,APPLE,DEVICE,MOBILE PHONE,,,Pieces,,1,,,,,,Active,New,,IPHONE 13 PRO MAX | 512GB | ALPINE GREEN,,,,,,IP-13-1435,,,,,,,
IPHONE 13 PRO MAX,,,DEV-197,,APPLE,DEVICE,MOBILE PHONE,,,Pieces,,1,,,,,,Active,New,,IPHONE 13 PRO MAX | 512GB | GOLD,,,,,,IP-13-1436,,,,,,,
IPHONE 13 PRO MAX,,,DEV-197,,APPLE,DEVICE,MOBILE PHONE,,,Pieces,,1,,,,,,Active,New,,IPHONE 13 PRO MAX | 512GB | GRAPHITE,,,,,,IP-13-1437,,,,,,,
IPHONE 13 PRO MAX,,,DEV-197,,APPLE,DEVICE,MOBILE PHONE,,,Pieces,,1,,,,,,Active,New,,IPHONE 13 PRO MAX | 512GB | SIERRA BLUE,,,,,,IP-13-1438,,,,,,,
IPHONE 13 PRO MAX,,,DEV-197,,APPLE,DEVICE,MOBILE PHONE,,,Pieces,,1,,,,,,Active,New,,IPHONE 13 PRO MAX | 512GB | SILVER,,,,,,IP-13-1439,,,,,,,
IPHONE 14,,,DEV-198,,APPLE,DEVICE,MOBILE PHONE,,,Pieces,,1,,,,,,Active,New,,IPHONE 14 | 128GB | BLUE,,,,,,IP-14-1440,,,,,,,
IPHONE 14,,,DEV-198,,APPLE,DEVICE,MOBILE PHONE,,,Pieces,,1,,,,,,Active,New,,IPHONE 14 | 128GB | MIDNIGHT,,,,,,IP-14-1441,,,,,,,
IPHONE 14,,,DEV-198,,APPLE,DEVICE,MOBILE PHONE,,,Pieces,,1,,,,,,Active,New,,IPHONE 14 | 128GB | PURPLE,,,,,,IP-14-1442,,,,,,,
IPHONE 14,,,DEV-198,,APPLE,DEVICE,MOBILE PHONE,,,Pieces,,1,,,,,,Active,New,,IPHONE 14 | 128GB | RED,,,,,,IP-14-1443,,,,,,,
IPHONE 14,,,DEV-198,,APPLE,DEVICE,MOBILE PHONE,,,Pieces,,1,,,,,,Active,New,,IPHONE 14 | 128GB | STARLIGHT,,,,,,IP-14-1444,,,,,,,
IPHONE 14,,,DEV-198,,APPLE,DEVICE,MOBILE PHONE,,,Pieces,,1,,,,,,Active,New,,IPHONE 14 | 128GB | YELLOW,,,,,,IP-14-1445,,,,,,,
IPHONE 14,,,DEV-198,,APPLE,DEVICE,MOBILE PHONE,,,Pieces,,1,,,,,,Active,New,,IPHONE 14 | 256GB | BLUE,,,,,,IP-14-1446,,,,,,,
IPHONE 14,,,DEV-198,,APPLE,DEVICE,MOBILE PHONE,,,Pieces,,1,,,,,,Active,New,,IPHONE 14 | 256GB | MIDNIGHT,,,,,,IP-14-1447,,,,,,,
IPHONE 14,,,DEV-198,,APPLE,DEVICE,MOBILE PHONE,,,Pieces,,1,,,,,,Active,New,,IPHONE 14 | 256GB | PURPLE,,,,,,IP-14-1448,,,,,,,
IPHONE 14,,,DEV-198,,APPLE,DEVICE,MOBILE PHONE,,,Pieces,,1,,,,,,Active,New,,IPHONE 14 | 256GB | RED,,,,,,IP-14-1449,,,,,,,
IPHONE 14,,,DEV-198,,APPLE,DEVICE,MOBILE PHONE,,,Pieces,,1,,,,,,Active,New,,IPHONE 14 | 256GB | STARLIGHT,,,,,,IP-14-1450,,,,,,,
IPHONE 14,,,DEV-198,,APPLE,DEVICE,MOBILE PHONE,,,Pieces,,1,,,,,,Active,New,,IPHONE 14 | 256GB | YELLOW,,,,,,IP-14-1451,,,,,,,
IPHONE 14,,,DEV-198,,APPLE,DEVICE,MOBILE PHONE,,,Pieces,,1,,,,,,Active,New,,IPHONE 14 | 512GB | BLUE,,,,,,IP-14-1452,,,,,,,
IPHONE 14,,,DEV-198,,APPLE,DEVICE,MOBILE PHONE,,,Pieces,,1,,,,,,Active,New,,IPHONE 14 | 512GB | MIDNIGHT,,,,,,IP-14-1453,,,,,,,
IPHONE 14,,,DEV-198,,APPLE,DEVICE,MOBILE PHONE,,,Pieces,,1,,,,,,Active,New,,IPHONE 14 | 512GB | PURPLE,,,,,,IP-14-1454,,,,,,,
IPHONE 14,,,DEV-198,,APPLE,DEVICE,MOBILE PHONE,,,Pieces,,1,,,,,,Active,New,,IPHONE 14 | 512GB | RED,,,,,,IP-14-1455,,,,,,,
IPHONE 14,,,DEV-198,,APPLE,DEVICE,MOBILE PHONE,,,Pieces,,1,,,,,,Active,New,,IPHONE 14 | 512GB | STARLIGHT,,,,,,IP-14-1456,,,,,,,
IPHONE 14,,,DEV-198,,APPLE,DEVICE,MOBILE PHONE,,,Pieces,,1,,,,,,Active,New,,IPHONE 14 | 512GB | YELLOW,,,,,,IP-14-1457,,,,,,,
IPHONE 14 PLUS,,,DEV-199,,APPLE,DEVICE,MOBILE PHONE,,,Pieces,,1,,,,,,Active,New,,IPHONE 14 PLUS | 128GB | BLUE,,,,,,IP-14-1458,,,,,,,
IPHONE 14 PLUS,,,DEV-199,,APPLE,DEVICE,MOBILE PHONE,,,Pieces,,1,,,,,,Active,New,,IPHONE 14 PLUS | 128GB | MIDNIGHT,,,,,,IP-14-1459,,,,,,,
IPHONE 14 PLUS,,,DEV-199,,APPLE,DEVICE,MOBILE PHONE,,,Pieces,,1,,,,,,Active,New,,IPHONE 14 PLUS | 128GB | PURPLE,,,,,,IP-14-1460,,,,,,,
IPHONE 14 PLUS,,,DEV-199,,APPLE,DEVICE,MOBILE PHONE,,,Pieces,,1,,,,,,Active,New,,IPHONE 14 PLUS | 128GB | RED,,,,,,IP-14-1461,,,,,,,
IPHONE 14 PLUS,,,DEV-199,,APPLE,DEVICE,MOBILE PHONE,,,Pieces,,1,,,,,,Active,New,,IPHONE 14 PLUS | 128GB | STARLIGHT,,,,,,IP-14-1462,,,,,,,
IPHONE 14 PLUS,,,DEV-199,,APPLE,DEVICE,MOBILE PHONE,,,Pieces,,1,,,,,,Active,New,,IPHONE 14 PLUS | 128GB | YELLOW,,,,,,IP-14-1463,,,,,,,
IPHONE 14 PLUS,,,DEV-199,,APPLE,DEVICE,MOBILE PHONE,,,Pieces,,1,,,,,,Active,New,,IPHONE 14 PLUS | 256GB | BLUE,,,,,,IP-14-1464,,,,,,,
IPHONE 14 PLUS,,,DEV-199,,APPLE,DEVICE,MOBILE PHONE,,,Pieces,,1,,,,,,Active,New,,IPHONE 14 PLUS | 256GB | MIDNIGHT,,,,,,IP-14-1465,,,,,,,
IPHONE 14 PLUS,,,DEV-199,,APPLE,DEVICE,MOBILE PHONE,,,Pieces,,1,,,,,,Active,New,,IPHONE 14 PLUS | 256GB | PURPLE,,,,,,IP-14-1466,,,,,,,
IPHONE 14 PLUS,,,DEV-199,,APPLE,DEVICE,MOBILE PHONE,,,Pieces,,1,,,,,,Active,New,,IPHONE 14 PLUS | 256GB | RED,,,,,,IP-14-1467,,,,,,,
IPHONE 14 PLUS,,,DEV-199,,APPLE,DEVICE,MOBILE PHONE,,,Pieces,,1,,,,,,Active,New,,IPHONE 14 PLUS | 256GB | STARLIGHT,,,,,,IP-14-1468,,,,,,,
IPHONE 14 PLUS,,,DEV-199,,APPLE,DEVICE,MOBILE PHONE,,,Pieces,,1,,,,,,Active,New,,IPHONE 14 PLUS | 256GB | YELLOW,,,,,,IP-14-1469,,,,,,,
IPHONE 14 PLUS,,,DEV-199,,APPLE,DEVICE,MOBILE PHONE,,,Pieces,,1,,,,,,Active,New,,IPHONE 14 PLUS | 512GB | BLUE,,,,,,IP-14-1470,,,,,,,
IPHONE 14 PLUS,,,DEV-199,,APPLE,DEVICE,MOBILE PHONE,,,Pieces,,1,,,,,,Active,New,,IPHONE 14 PLUS | 512GB | MIDNIGHT,,,,,,IP-14-1471,,,,,,,
IPHONE 14 PLUS,,,DEV-199,,APPLE,DEVICE,MOBILE PHONE,,,Pieces,,1,,,,,,Active,New,,IPHONE 14 PLUS | 512GB | PURPLE,,,,,,IP-14-1472,,,,,,,
IPHONE 14 PLUS,,,DEV-199,,APPLE,DEVICE,MOBILE PHONE,,,Pieces,,1,,,,,,Active,New,,IPHONE 14 PLUS | 512GB | RED,,,,,,IP-14-1473,,,,,,,
IPHONE 14 PLUS,,,DEV-199,,APPLE,DEVICE,MOBILE PHONE,,,Pieces,,1,,,,,,Active,New,,IPHONE 14 PLUS | 512GB | STARLIGHT,,,,,,IP-14-1474,,,,,,,
IPHONE 14 PLUS,,,DEV-199,,APPLE,DEVICE,MOBILE PHONE,,,Pieces,,1,,,,,,Active,New,,IPHONE 14 PLUS | 512GB | YELLOW,,,,,,IP-14-1475,,,,,,,
GALAXY A02,,,DEV-2,,SAMSUNG,DEVICE,MOBILE PHONE,,,Pieces,,1,,,,,,Active,New,,GALAXY A02 | 32GB | BLACK | 2021,,,,,,GAL-A02-7,,,,,,,
GALAXY A02,,,DEV-2,,SAMSUNG,DEVICE,MOBILE PHONE,,,Pieces,,1,,,,,,Active,New,,GALAXY A02 | 32GB | BLUE | 2021,,,,,,GAL-A02-8,,,,,,,
GALAXY A02,,,DEV-2,,SAMSUNG,DEVICE,MOBILE PHONE,,,Pieces,,1,,,,,,Active,New,,GALAXY A02 | 32GB | RED | 2021,,,,,,GAL-A02-9,,,,,,,
GALAXY A02,,,DEV-2,,SAMSUNG,DEVICE,MOBILE PHONE,,,Pieces,,1,,,,,,Active,New,,GALAXY A02 | 64GB | BLACK | 2021,,,,,,GAL-A02-10,,,,,,,
GALAXY A02,,,DEV-2,,SAMSUNG,DEVICE,MOBILE PHONE,,,Pieces,,1,,,,,,Active,New,,GALAXY A02 | 64GB | BLUE | 2021,,,,,,GAL-A02-11,,,,,,,
GALAXY A02,,,DEV-2,,SAMSUNG,DEVICE,MOBILE PHONE,,,Pieces,,1,,,,,,Active,New,,GALAXY A02 | 64GB | RED | 2021,,,,,,GAL-A02-12,,,,,,,
GALAXY A32,,,DEV-20,,SAMSUNG,DEVICE,MOBILE PHONE,,,Pieces,,1,,,,,,Active,New,,GALAXY A32 | 128GB | BLACK | 2021,,,,,,GAL-A32-142,,,,,,,
GALAXY A32,,,DEV-20,,SAMSUNG,DEVICE,MOBILE PHONE,,,Pieces,,1,,,,,,Active,New,,GALAXY A32 | 128GB | BLUE | 2021,,,,,,GAL-A32-143,,,,,,,
GALAXY A32,,,DEV-20,,SAMSUNG,DEVICE,MOBILE PHONE,,,Pieces,,1,,,,,,Active,New,,GALAXY A32 | 128GB | VIOLET | 2021,,,,,,GAL-A32-144,,,,,,,
GALAXY A32,,,DEV-20,,SAMSUNG,DEVICE,MOBILE PHONE,,,Pieces,,1,,,,,,Active,New,,GALAXY A32 | 128GB | WHITE | 2021,,,,,,GAL-A32-145,,,,,,,
GALAXY A32,,,DEV-20,,SAMSUNG,DEVICE,MOBILE PHONE,,,Pieces,,1,,,,,,Active,New,,GALAXY A32 | 64GB | BLACK | 2021,,,,,,GAL-A32-146,,,,,,,
GALAXY A32,,,DEV-20,,SAMSUNG,DEVICE,MOBILE PHONE,,,Pieces,,1,,,,,,Active,New,,GALAXY A32 | 64GB | BLUE | 2021,,,,,,GAL-A32-147,,,,,,,
GALAXY A32,,,DEV-20,,SAMSUNG,DEVICE,MOBILE PHONE,,,Pieces,,1,,,,,,Active,New,,GALAXY A32 | 64GB | VIOLET | 2021,,,,,,GAL-A32-148,,,,,,,
GALAXY A32,,,DEV-20,,SAMSUNG,DEVICE,MOBILE PHONE,,,Pieces,,1,,,,,,Active,New,,GALAXY A32 | 64GB | WHITE | 2021,,,,,,GAL-A32-149,,,,,,,
IPHONE 14 PRO ,,,DEV-200,,APPLE,DEVICE,MOBILE PHONE,,,Pieces,,1,,,,,,Active,New,,IPHONE 14 PRO | 128GB | DEEP PURPLE,,,,,,IP-14-1476,,,,,,,
IPHONE 14 PRO ,,,DEV-200,,APPLE,DEVICE,MOBILE PHONE,,,Pieces,,1,,,,,,Active,New,,IPHONE 14 PRO | 128GB | GOLD,,,,,,IP-14-1477,,,,,,,
IPHONE 14 PRO ,,,DEV-200,,APPLE,DEVICE,MOBILE PHONE,,,Pieces,,1,,,,,,Active,New,,IPHONE 14 PRO | 128GB | SILVER,,,,,,IP-14-1478,,,,,,,
IPHONE 14 PRO ,,,DEV-200,,APPLE,DEVICE,MOBILE PHONE,,,Pieces,,1,,,,,,Active,New,,IPHONE 14 PRO | 128GB | SPACE BLACK ,,,,,,IP-14-1479,,,,,,,
IPHONE 14 PRO ,,,DEV-200,,APPLE,DEVICE,MOBILE PHONE,,,Pieces,,1,,,,,,Active,New,,IPHONE 14 PRO | 1TB | DEEP PURPLE,,,,,,IP-14-1480,,,,,,,
IPHONE 14 PRO ,,,DEV-200,,APPLE,DEVICE,MOBILE PHONE,,,Pieces,,1,,,,,,Active,New,,IPHONE 14 PRO | 1TB | GOLD,,,,,,IP-14-1481,,,,,,,
IPHONE 14 PRO ,,,DEV-200,,APPLE,DEVICE,MOBILE PHONE,,,Pieces,,1,,,,,,Active,New,,IPHONE 14 PRO | 1TB | SILVER,,,,,,IP-14-1482,,,,,,,
IPHONE 14 PRO ,,,DEV-200,,APPLE,DEVICE,MOBILE PHONE,,,Pieces,,1,,,,,,Active,New,,IPHONE 14 PRO | 1TB | SPACE BLACK ,,,,,,IP-14-1483,,,,,,,
IPHONE 14 PRO ,,,DEV-200,,APPLE,DEVICE,MOBILE PHONE,,,Pieces,,1,,,,,,Active,New,,IPHONE 14 PRO | 256GB | DEEP PURPLE,,,,,,IP-14-1484,,,,,,,
IPHONE 14 PRO ,,,DEV-200,,APPLE,DEVICE,MOBILE PHONE,,,Pieces,,1,,,,,,Active,New,,IPHONE 14 PRO | 256GB | GOLD,,,,,,IP-14-1485,,,,,,,
IPHONE 14 PRO ,,,DEV-200,,APPLE,DEVICE,MOBILE PHONE,,,Pieces,,1,,,,,,Active,New,,IPHONE 14 PRO | 256GB | SILVER,,,,,,IP-14-1486,,,,,,,
IPHONE 14 PRO ,,,DEV-200,,APPLE,DEVICE,MOBILE PHONE,,,Pieces,,1,,,,,,Active,New,,IPHONE 14 PRO | 256GB | SPACE BLACK ,,,,,,IP-14-1487,,,,,,,
IPHONE 14 PRO ,,,DEV-200,,APPLE,DEVICE,MOBILE PHONE,,,Pieces,,1,,,,,,Active,New,,IPHONE 14 PRO | 512GB | DEEP PURPLE,,,,,,IP-14-1488,,,,,,,
IPHONE 14 PRO ,,,DEV-200,,APPLE,DEVICE,MOBILE PHONE,,,Pieces,,1,,,,,,Active,New,,IPHONE 14 PRO | 512GB | GOLD,,,,,,IP-14-1489,,,,,,,
IPHONE 14 PRO ,,,DEV-200,,APPLE,DEVICE,MOBILE PHONE,,,Pieces,,1,,,,,,Active,New,,IPHONE 14 PRO | 512GB | SILVER,,,,,,IP-14-1490,,,,,,,
IPHONE 14 PRO ,,,DEV-200,,APPLE,DEVICE,MOBILE PHONE,,,Pieces,,1,,,,,,Active,New,,IPHONE 14 PRO | 512GB | SPACE BLACK ,,,,,,IP-14-1491,,,,,,,
IPHONE 14 PRO MAX,,,DEV-201,,APPLE,DEVICE,MOBILE PHONE,,,Pieces,,1,,,,,,Active,New,,IPHONE 14 PRO MAX | 128GB | DEEP PURPLE,,,,,,IP-14-1492,,,,,,,
IPHONE 14 PRO MAX,,,DEV-201,,APPLE,DEVICE,MOBILE PHONE,,,Pieces,,1,,,,,,Active,New,,IPHONE 14 PRO MAX | 128GB | GOLD,,,,,,IP-14-1493,,,,,,,
IPHONE 14 PRO MAX,,,DEV-201,,APPLE,DEVICE,MOBILE PHONE,,,Pieces,,1,,,,,,Active,New,,IPHONE 14 PRO MAX | 128GB | SILVER,,,,,,IP-14-1494,,,,,,,
IPHONE 14 PRO MAX,,,DEV-201,,APPLE,DEVICE,MOBILE PHONE,,,Pieces,,1,,,,,,Active,New,,IPHONE 14 PRO MAX | 128GB | SPACE BLACK ,,,,,,IP-14-1495,,,,,,,
IPHONE 14 PRO MAX,,,DEV-201,,APPLE,DEVICE,MOBILE PHONE,,,Pieces,,1,,,,,,Active,New,,IPHONE 14 PRO MAX | 1TB | DEEP PURPLE,,,,,,IP-14-1496,,,,,,,
IPHONE 14 PRO MAX,,,DEV-201,,APPLE,DEVICE,MOBILE PHONE,,,Pieces,,1,,,,,,Active,New,,IPHONE 14 PRO MAX | 1TB | GOLD,,,,,,IP-14-1497,,,,,,,
IPHONE 14 PRO MAX,,,DEV-201,,APPLE,DEVICE,MOBILE PHONE,,,Pieces,,1,,,,,,Active,New,,IPHONE 14 PRO MAX | 1TB | SILVER,,,,,,IP-14-1498,,,,,,,
IPHONE 14 PRO MAX,,,DEV-201,,APPLE,DEVICE,MOBILE PHONE,,,Pieces,,1,,,,,,Active,New,,IPHONE 14 PRO MAX | 1TB | SPACE BLACK ,,,,,,IP-14-1499,,,,,,,
IPHONE 14 PRO MAX,,,DEV-201,,APPLE,DEVICE,MOBILE PHONE,,,Pieces,,1,,,,,,Active,New,,IPHONE 14 PRO MAX | 256GB | DEEP PURPLE,,,,,,IP-14-1500,,,,,,,
IPHONE 14 PRO MAX,,,DEV-201,,APPLE,DEVICE,MOBILE PHONE,,,Pieces,,1,,,,,,Active,New,,IPHONE 14 PRO MAX | 256GB | GOLD,,,,,,IP-14-1501,,,,,,,
IPHONE 14 PRO MAX,,,DEV-201,,APPLE,DEVICE,MOBILE PHONE,,,Pieces,,1,,,,,,Active,New,,IPHONE 14 PRO MAX | 256GB | SILVER,,,,,,IP-14-1502,,,,,,,
IPHONE 14 PRO MAX,,,DEV-201,,APPLE,DEVICE,MOBILE PHONE,,,Pieces,,1,,,,,,Active,New,,IPHONE 14 PRO MAX | 256GB | SPACE BLACK ,,,,,,IP-14-1503,,,,,,,
IPHONE 14 PRO MAX,,,DEV-201,,APPLE,DEVICE,MOBILE PHONE,,,Pieces,,1,,,,,,Active,New,,IPHONE 14 PRO MAX | 512GB | DEEP PURPLE,,,,,,IP-14-1504,,,,,,,
IPHONE 14 PRO MAX,,,DEV-201,,APPLE,DEVICE,MOBILE PHONE,,,Pieces,,1,,,,,,Active,New,,IPHONE 14 PRO MAX | 512GB | GOLD,,,,,,IP-14-1505,,,,,,,
IPHONE 14 PRO MAX,,,DEV-201,,APPLE,DEVICE,MOBILE PHONE,,,Pieces,,1,,,,,,Active,New,,IPHONE 14 PRO MAX | 512GB | SILVER,,,,,,IP-14-1506,,,,,,,
IPHONE 14 PRO MAX,,,DEV-201,,APPLE,DEVICE,MOBILE PHONE,,,Pieces,,1,,,,,,Active,New,,IPHONE 14 PRO MAX | 512GB | SPACE BLACK ,,,,,,IP-14-1507,,,,,,,
IPHONE 15,,,DEV-202,,APPLE,DEVICE,MOBILE PHONE,,,Pieces,,1,,,,,,Active,New,,IPHONE 15 | 128GB | BLACK,,,,,,IP-15-1508,,,,,,,
IPHONE 15,,,DEV-202,,APPLE,DEVICE,MOBILE PHONE,,,Pieces,,1,,,,,,Active,New,,IPHONE 15 | 128GB | BLUE,,,,,,IP-15-1509,,,,,,,
IPHONE 15,,,DEV-202,,APPLE,DEVICE,MOBILE PHONE,,,Pieces,,1,,,,,,Active,New,,IPHONE 15 | 128GB | GREEN,,,,,,IP-15-1510,,,,,,,
IPHONE 15,,,DEV-202,,APPLE,DEVICE,MOBILE PHONE,,,Pieces,,1,,,,,,Active,New,,IPHONE 15 | 128GB | PINK,,,,,,IP-15-1511,,,,,,,
IPHONE 15,,,DEV-202,,APPLE,DEVICE,MOBILE PHONE,,,Pieces,,1,,,,,,Active,New,,IPHONE 15 | 128GB | YELLOW,,,,,,IP-15-1512,,,,,,,
IPHONE 15,,,DEV-202,,APPLE,DEVICE,MOBILE PHONE,,,Pieces,,1,,,,,,Active,New,,IPHONE 15 | 256GB | BLACK,,,,,,IP-15-1513,,,,,,,
IPHONE 15,,,DEV-202,,APPLE,DEVICE,MOBILE PHONE,,,Pieces,,1,,,,,,Active,New,,IPHONE 15 | 256GB | BLUE,,,,,,IP-15-1514,,,,,,,
IPHONE 15,,,DEV-202,,APPLE,DEVICE,MOBILE PHONE,,,Pieces,,1,,,,,,Active,New,,IPHONE 15 | 256GB | GREEN,,,,,,IP-15-1515,,,,,,,
IPHONE 15,,,DEV-202,,APPLE,DEVICE,MOBILE PHONE,,,Pieces,,1,,,,,,Active,New,,IPHONE 15 | 256GB | PINK,,,,,,IP-15-1516,,,,,,,
IPHONE 15,,,DEV-202,,APPLE,DEVICE,MOBILE PHONE,,,Pieces,,1,,,,,,Active,New,,IPHONE 15 | 256GB | YELLOW,,,,,,IP-15-1517,,,,,,,
IPHONE 15,,,DEV-202,,APPLE,DEVICE,MOBILE PHONE,,,Pieces,,1,,,,,,Active,New,,IPHONE 15 | 512GB | BLACK,,,,,,IP-15-1518,,,,,,,
IPHONE 15,,,DEV-202,,APPLE,DEVICE,MOBILE PHONE,,,Pieces,,1,,,,,,Active,New,,IPHONE 15 | 512GB | BLUE,,,,,,IP-15-1519,,,,,,,
IPHONE 15,,,DEV-202,,APPLE,DEVICE,MOBILE PHONE,,,Pieces,,1,,,,,,Active,New,,IPHONE 15 | 512GB | GREEN,,,,,,IP-15-1520,,,,,,,
IPHONE 15,,,DEV-202,,APPLE,DEVICE,MOBILE PHONE,,,Pieces,,1,,,,,,Active,New,,IPHONE 15 | 512GB | PINK,,,,,,IP-15-1521,,,,,,,
IPHONE 15,,,DEV-202,,APPLE,DEVICE,MOBILE PHONE,,,Pieces,,1,,,,,,Active,New,,IPHONE 15 | 512GB | YELLOW,,,,,,IP-15-1522,,,,,,,
IPHONE 15 PLUS,,,DEV-203,,APPLE,DEVICE,MOBILE PHONE,,,Pieces,,1,,,,,,Active,New,,IPHONE 15 PLUS | 128GB | BLACK,,,,,,IP-15-1523,,,,,,,
IPHONE 15 PLUS,,,DEV-203,,APPLE,DEVICE,MOBILE PHONE,,,Pieces,,1,,,,,,Active,New,,IPHONE 15 PLUS | 128GB | BLUE,,,,,,IP-15-1524,,,,,,,
IPHONE 15 PLUS,,,DEV-203,,APPLE,DEVICE,MOBILE PHONE,,,Pieces,,1,,,,,,Active,New,,IPHONE 15 PLUS | 128GB | GREEN,,,,,,IP-15-1525,,,,,,,
IPHONE 15 PLUS,,,DEV-203,,APPLE,DEVICE,MOBILE PHONE,,,Pieces,,1,,,,,,Active,New,,IPHONE 15 PLUS | 128GB | PINK,,,,,,IP-15-1526,,,,,,,
IPHONE 15 PLUS,,,DEV-203,,APPLE,DEVICE,MOBILE PHONE,,,Pieces,,1,,,,,,Active,New,,IPHONE 15 PLUS | 128GB | YELLOW,,,,,,IP-15-1527,,,,,,,
IPHONE 15 PLUS,,,DEV-203,,APPLE,DEVICE,MOBILE PHONE,,,Pieces,,1,,,,,,Active,New,,IPHONE 15 PLUS | 256GB | BLACK,,,,,,IP-15-1528,,,,,,,
IPHONE 15 PLUS,,,DEV-203,,APPLE,DEVICE,MOBILE PHONE,,,Pieces,,1,,,,,,Active,New,,IPHONE 15 PLUS | 256GB | BLUE,,,,,,IP-15-1529,,,,,,,
IPHONE 15 PLUS,,,DEV-203,,APPLE,DEVICE,MOBILE PHONE,,,Pieces,,1,,,,,,Active,New,,IPHONE 15 PLUS | 256GB | GREEN,,,,,,IP-15-1530,,,,,,,
IPHONE 15 PLUS,,,DEV-203,,APPLE,DEVICE,MOBILE PHONE,,,Pieces,,1,,,,,,Active,New,,IPHONE 15 PLUS | 256GB | PINK,,,,,,IP-15-1531,,,,,,,
IPHONE 15 PLUS,,,DEV-203,,APPLE,DEVICE,MOBILE PHONE,,,Pieces,,1,,,,,,Active,New,,IPHONE 15 PLUS | 256GB | YELLOW,,,,,,IP-15-1532,,,,,,,
IPHONE 15 PLUS,,,DEV-203,,APPLE,DEVICE,MOBILE PHONE,,,Pieces,,1,,,,,,Active,New,,IPHONE 15 PLUS | 512GB | BLACK,,,,,,IP-15-1533,,,,,,,
IPHONE 15 PLUS,,,DEV-203,,APPLE,DEVICE,MOBILE PHONE,,,Pieces,,1,,,,,,Active,New,,IPHONE 15 PLUS | 512GB | BLUE,,,,,,IP-15-1534,,,,,,,
IPHONE 15 PLUS,,,DEV-203,,APPLE,DEVICE,MOBILE PHONE,,,Pieces,,1,,,,,,Active,New,,IPHONE 15 PLUS | 512GB | GREEN,,,,,,IP-15-1535,,,,,,,
IPHONE 15 PLUS,,,DEV-203,,APPLE,DEVICE,MOBILE PHONE,,,Pieces,,1,,,,,,Active,New,,IPHONE 15 PLUS | 512GB | PINK,,,,,,IP-15-1536,,,,,,,
IPHONE 15 PLUS,,,DEV-203,,APPLE,DEVICE,MOBILE PHONE,,,Pieces,,1,,,,,,Active,New,,IPHONE 15 PLUS | 512GB | YELLOW,,,,,,IP-15-1537,,,,,,,
IPHONE 15 PRO ,,,DEV-204,,APPLE,DEVICE,MOBILE PHONE,,,Pieces,,1,,,,,,Active,New,,IPHONE 15 PRO | 128GB | BLACK TITANIUM,,,,,,IP-15-1538,,,,,,,
IPHONE 15 PRO ,,,DEV-204,,APPLE,DEVICE,MOBILE PHONE,,,Pieces,,1,,,,,,Active,New,,IPHONE 15 PRO | 128GB | BLUE TITANIUM,,,,,,IP-15-1539,,,,,,,
IPHONE 15 PRO ,,,DEV-204,,APPLE,DEVICE,MOBILE PHONE,,,Pieces,,1,,,,,,Active,New,,IPHONE 15 PRO | 128GB | NATURAL TITANIUM,,,,,,IP-15-1540,,,,,,,
IPHONE 15 PRO ,,,DEV-204,,APPLE,DEVICE,MOBILE PHONE,,,Pieces,,1,,,,,,Active,New,,IPHONE 15 PRO | 128GB | WHITE TITANIUM,,,,,,IP-15-1541,,,,,,,
IPHONE 15 PRO ,,,DEV-204,,APPLE,DEVICE,MOBILE PHONE,,,Pieces,,1,,,,,,Active,New,,IPHONE 15 PRO | 1TB | BLACK TITANIUM,,,,,,IP-15-1542,,,,,,,
IPHONE 15 PRO ,,,DEV-204,,APPLE,DEVICE,MOBILE PHONE,,,Pieces,,1,,,,,,Active,New,,IPHONE 15 PRO | 1TB | BLUE TITANIUM,,,,,,IP-15-1543,,,,,,,
IPHONE 15 PRO ,,,DEV-204,,APPLE,DEVICE,MOBILE PHONE,,,Pieces,,1,,,,,,Active,New,,IPHONE 15 PRO | 1TB | NATURAL TITANIUM,,,,,,IP-15-1544,,,,,,,
IPHONE 15 PRO ,,,DEV-204,,APPLE,DEVICE,MOBILE PHONE,,,Pieces,,1,,,,,,Active,New,,IPHONE 15 PRO | 1TB | WHITE TITANIUM,,,,,,IP-15-1545,,,,,,,
IPHONE 15 PRO ,,,DEV-204,,APPLE,DEVICE,MOBILE PHONE,,,Pieces,,1,,,,,,Active,New,,IPHONE 15 PRO | 256GB | BLACK TITANIUM,,,,,,IP-15-1546,,,,,,,
IPHONE 15 PRO ,,,DEV-204,,APPLE,DEVICE,MOBILE PHONE,,,Pieces,,1,,,,,,Active,New,,IPHONE 15 PRO | 256GB | BLUE TITANIUM,,,,,,IP-15-1547,,,,,,,
IPHONE 15 PRO ,,,DEV-204,,APPLE,DEVICE,MOBILE PHONE,,,Pieces,,1,,,,,,Active,New,,IPHONE 15 PRO | 256GB | NATURAL TITANIUM,,,,,,IP-15-1548,,,,,,,
IPHONE 15 PRO ,,,DEV-204,,APPLE,DEVICE,MOBILE PHONE,,,Pieces,,1,,,,,,Active,New,,IPHONE 15 PRO | 256GB | WHITE TITANIUM,,,,,,IP-15-1549,,,,,,,
IPHONE 15 PRO ,,,DEV-204,,APPLE,DEVICE,MOBILE PHONE,,,Pieces,,1,,,,,,Active,New,,IPHONE 15 PRO | 512GB | BLACK TITANIUM,,,,,,IP-15-1550,,,,,,,
IPHONE 15 PRO ,,,DEV-204,,APPLE,DEVICE,MOBILE PHONE,,,Pieces,,1,,,,,,Active,New,,IPHONE 15 PRO | 512GB | BLUE TITANIUM,,,,,,IP-15-1551,,,,,,,
IPHONE 15 PRO ,,,DEV-204,,APPLE,DEVICE,MOBILE PHONE,,,Pieces,,1,,,,,,Active,New,,IPHONE 15 PRO | 512GB | NATURAL TITANIUM,,,,,,IP-15-1552,,,,,,,
IPHONE 15 PRO ,,,DEV-204,,APPLE,DEVICE,MOBILE PHONE,,,Pieces,,1,,,,,,Active,New,,IPHONE 15 PRO | 512GB | WHITE TITANIUM,,,,,,IP-15-1553,,,,,,,
IPHONE 15 PRO MAX,,,DEV-205,,APPLE,DEVICE,MOBILE PHONE,,,Pieces,,1,,,,,,Active,New,,IPHONE 15 PRO MAX | 1TB | BLACK TITANIUM,,,,,,IP-15-1554,,,,,,,
IPHONE 15 PRO MAX,,,DEV-205,,APPLE,DEVICE,MOBILE PHONE,,,Pieces,,1,,,,,,Active,New,,IPHONE 15 PRO MAX | 1TB | BLUE TITANIUM,,,,,,IP-15-1555,,,,,,,
IPHONE 15 PRO MAX,,,DEV-205,,APPLE,DEVICE,MOBILE PHONE,,,Pieces,,1,,,,,,Active,New,,IPHONE 15 PRO MAX | 1TB | NATURAL TITANIUM,,,,,,IP-15-1556,,,,,,,
IPHONE 15 PRO MAX,,,DEV-205,,APPLE,DEVICE,MOBILE PHONE,,,Pieces,,1,,,,,,Active,New,,IPHONE 15 PRO MAX | 1TB | WHITE TITANIUM,,,,,,IP-15-1557,,,,,,,
IPHONE 15 PRO MAX,,,DEV-205,,APPLE,DEVICE,MOBILE PHONE,,,Pieces,,1,,,,,,Active,New,,IPHONE 15 PRO MAX | 256GB | BLACK TITANIUM,,,,,,IP-15-1558,,,,,,,
IPHONE 15 PRO MAX,,,DEV-205,,APPLE,DEVICE,MOBILE PHONE,,,Pieces,,1,,,,,,Active,New,,IPHONE 15 PRO MAX | 256GB | BLUE TITANIUM,,,,,,IP-15-1559,,,,,,,
IPHONE 15 PRO MAX,,,DEV-205,,APPLE,DEVICE,MOBILE PHONE,,,Pieces,,1,,,,,,Active,New,,IPHONE 15 PRO MAX | 256GB | NATURAL TITANIUM,,,,,,IP-15-1560,,,,,,,
IPHONE 15 PRO MAX,,,DEV-205,,APPLE,DEVICE,MOBILE PHONE,,,Pieces,,1,,,,,,Active,New,,IPHONE 15 PRO MAX | 256GB | WHITE TITANIUM,,,,,,IP-15-1561,,,,,,,
IPHONE 15 PRO MAX,,,DEV-205,,APPLE,DEVICE,MOBILE PHONE,,,Pieces,,1,,,,,,Active,New,,IPHONE 15 PRO MAX | 512GB | BLACK TITANIUM,,,,,,IP-15-1562,,,,,,,
IPHONE 15 PRO MAX,,,DEV-205,,APPLE,DEVICE,MOBILE PHONE,,,Pieces,,1,,,,,,Active,New,,IPHONE 15 PRO MAX | 512GB | BLUE TITANIUM,,,,,,IP-15-1563,,,,,,,
IPHONE 15 PRO MAX,,,DEV-205,,APPLE,DEVICE,MOBILE PHONE,,,Pieces,,1,,,,,,Active,New,,IPHONE 15 PRO MAX | 512GB | NATURAL TITANIUM,,,,,,IP-15-1564,,,,,,,
IPHONE 15 PRO MAX,,,DEV-205,,APPLE,DEVICE,MOBILE PHONE,,,Pieces,,1,,,,,,Active,New,,IPHONE 15 PRO MAX | 512GB | WHITE TITANIUM,,,,,,IP-15-1565,,,,,,,
IPHONE 16,,,DEV-206,,APPLE,DEVICE,MOBILE PHONE,,,Pieces,,1,,,,,,Active,New,,IPHONE 16 | 128GB | BLACK,,,,,,IP-16-1566,,,,,,,
IPHONE 16,,,DEV-206,,APPLE,DEVICE,MOBILE PHONE,,,Pieces,,1,,,,,,Active,New,,IPHONE 16 | 128GB | PINK,,,,,,IP-16-1567,,,,,,,
IPHONE 16,,,DEV-206,,APPLE,DEVICE,MOBILE PHONE,,,Pieces,,1,,,,,,Active,New,,IPHONE 16 | 128GB | TEAL,,,,,,IP-16-1568,,,,,,,
IPHONE 16,,,DEV-206,,APPLE,DEVICE,MOBILE PHONE,,,Pieces,,1,,,,,,Active,New,,IPHONE 16 | 128GB | ULTRAMARINE,,,,,,IP-16-1569,,,,,,,
IPHONE 16,,,DEV-206,,APPLE,DEVICE,MOBILE PHONE,,,Pieces,,1,,,,,,Active,New,,IPHONE 16 | 128GB | WHITE,,,,,,IP-16-1570,,,,,,,
IPHONE 16,,,DEV-206,,APPLE,DEVICE,MOBILE PHONE,,,Pieces,,1,,,,,,Active,New,,IPHONE 16 | 256GB | BLACK,,,,,,IP-16-1571,,,,,,,
IPHONE 16,,,DEV-206,,APPLE,DEVICE,MOBILE PHONE,,,Pieces,,1,,,,,,Active,New,,IPHONE 16 | 256GB | PINK,,,,,,IP-16-1572,,,,,,,
IPHONE 16,,,DEV-206,,APPLE,DEVICE,MOBILE PHONE,,,Pieces,,1,,,,,,Active,New,,IPHONE 16 | 256GB | TEAL,,,,,,IP-16-1573,,,,,,,
IPHONE 16,,,DEV-206,,APPLE,DEVICE,MOBILE PHONE,,,Pieces,,1,,,,,,Active,New,,IPHONE 16 | 256GB | ULTRAMARINE,,,,,,IP-16-1574,,,,,,,
IPHONE 16,,,DEV-206,,APPLE,DEVICE,MOBILE PHONE,,,Pieces,,1,,,,,,Active,New,,IPHONE 16 | 256GB | WHITE,,,,,,IP-16-1575,,,,,,,
IPHONE 16,,,DEV-206,,APPLE,DEVICE,MOBILE PHONE,,,Pieces,,1,,,,,,Active,New,,IPHONE 16 | 512GB | BLACK,,,,,,IP-16-1576,,,,,,,
IPHONE 16,,,DEV-206,,APPLE,DEVICE,MOBILE PHONE,,,Pieces,,1,,,,,,Active,New,,IPHONE 16 | 512GB | PINK,,,,,,IP-16-1577,,,,,,,
IPHONE 16,,,DEV-206,,APPLE,DEVICE,MOBILE PHONE,,,Pieces,,1,,,,,,Active,New,,IPHONE 16 | 512GB | TEAL,,,,,,IP-16-1578,,,,,,,
IPHONE 16,,,DEV-206,,APPLE,DEVICE,MOBILE PHONE,,,Pieces,,1,,,,,,Active,New,,IPHONE 16 | 512GB | ULTRAMARINE,,,,,,IP-16-1579,,,,,,,
IPHONE 16,,,DEV-206,,APPLE,DEVICE,MOBILE PHONE,,,Pieces,,1,,,,,,Active,New,,IPHONE 16 | 512GB | WHITE,,,,,,IP-16-1580,,,,,,,
IPHONE 16 PLUS ,,,DEV-207,,APPLE,DEVICE,MOBILE PHONE,,,Pieces,,1,,,,,,Active,New,,IPHONE 16 PLUS | 128GB | BLACK,,,,,,IP-16-1581,,,,,,,
IPHONE 16 PLUS ,,,DEV-207,,APPLE,DEVICE,MOBILE PHONE,,,Pieces,,1,,,,,,Active,New,,IPHONE 16 PLUS | 128GB | PINK,,,,,,IP-16-1582,,,,,,,
IPHONE 16 PLUS ,,,DEV-207,,APPLE,DEVICE,MOBILE PHONE,,,Pieces,,1,,,,,,Active,New,,IPHONE 16 PLUS | 128GB | TEAL,,,,,,IP-16-1583,,,,,,,
IPHONE 16 PLUS ,,,DEV-207,,APPLE,DEVICE,MOBILE PHONE,,,Pieces,,1,,,,,,Active,New,,IPHONE 16 PLUS | 128GB | ULTRAMARINE,,,,,,IP-16-1584,,,,,,,
IPHONE 16 PLUS ,,,DEV-207,,APPLE,DEVICE,MOBILE PHONE,,,Pieces,,1,,,,,,Active,New,,IPHONE 16 PLUS | 128GB | WHITE,,,,,,IP-16-1585,,,,,,,
IPHONE 16 PLUS ,,,DEV-207,,APPLE,DEVICE,MOBILE PHONE,,,Pieces,,1,,,,,,Active,New,,IPHONE 16 PLUS | 256GB | BLACK,,,,,,IP-16-1586,,,,,,,
IPHONE 16 PLUS ,,,DEV-207,,APPLE,DEVICE,MOBILE PHONE,,,Pieces,,1,,,,,,Active,New,,IPHONE 16 PLUS | 256GB | PINK,,,,,,IP-16-1587,,,,,,,
IPHONE 16 PLUS ,,,DEV-207,,APPLE,DEVICE,MOBILE PHONE,,,Pieces,,1,,,,,,Active,New,,IPHONE 16 PLUS | 256GB | TEAL,,,,,,IP-16-1588,,,,,,,
IPHONE 16 PLUS ,,,DEV-207,,APPLE,DEVICE,MOBILE PHONE,,,Pieces,,1,,,,,,Active,New,,IPHONE 16 PLUS | 256GB | ULTRAMARINE,,,,,,IP-16-1589,,,,,,,
IPHONE 16 PLUS ,,,DEV-207,,APPLE,DEVICE,MOBILE PHONE,,,Pieces,,1,,,,,,Active,New,,IPHONE 16 PLUS | 256GB | WHITE,,,,,,IP-16-1590,,,,,,,
IPHONE 16 PLUS ,,,DEV-207,,APPLE,DEVICE,MOBILE PHONE,,,Pieces,,1,,,,,,Active,New,,IPHONE 16 PLUS | 512GB | BLACK,,,,,,IP-16-1591,,,,,,,
IPHONE 16 PLUS ,,,DEV-207,,APPLE,DEVICE,MOBILE PHONE,,,Pieces,,1,,,,,,Active,New,,IPHONE 16 PLUS | 512GB | PINK,,,,,,IP-16-1592,,,,,,,
IPHONE 16 PLUS ,,,DEV-207,,APPLE,DEVICE,MOBILE PHONE,,,Pieces,,1,,,,,,Active,New,,IPHONE 16 PLUS | 512GB | TEAL,,,,,,IP-16-1593,,,,,,,
IPHONE 16 PLUS ,,,DEV-207,,APPLE,DEVICE,MOBILE PHONE,,,Pieces,,1,,,,,,Active,New,,IPHONE 16 PLUS | 512GB | ULTRAMARINE,,,,,,IP-16-1594,,,,,,,
IPHONE 16 PLUS ,,,DEV-207,,APPLE,DEVICE,MOBILE PHONE,,,Pieces,,1,,,,,,Active,New,,IPHONE 16 PLUS | 512GB | WHITE,,,,,,IP-16-1595,,,,,,,
IPHONE 16 PRO ,,,DEV-208,,APPLE,DEVICE,MOBILE PHONE,,,Pieces,,1,,,,,,Active,New,,IPHONE 16 PRO | 128GB | BLACK TITANIUM,,,,,,IP-16-1596,,,,,,,
IPHONE 16 PRO ,,,DEV-208,,APPLE,DEVICE,MOBILE PHONE,,,Pieces,,1,,,,,,Active,New,,IPHONE 16 PRO | 128GB | DESERT TITANIUM,,,,,,IP-16-1597,,,,,,,
IPHONE 16 PRO ,,,DEV-208,,APPLE,DEVICE,MOBILE PHONE,,,Pieces,,1,,,,,,Active,New,,IPHONE 16 PRO | 128GB | NATURAL TITANIUM,,,,,,IP-16-1598,,,,,,,
IPHONE 16 PRO ,,,DEV-208,,APPLE,DEVICE,MOBILE PHONE,,,Pieces,,1,,,,,,Active,New,,IPHONE 16 PRO | 128GB | WHITE TITANIUM,,,,,,IP-16-1599,,,,,,,
IPHONE 16 PRO ,,,DEV-208,,APPLE,DEVICE,MOBILE PHONE,,,Pieces,,1,,,,,,Active,New,,IPHONE 16 PRO | 1TB | BLACK TITANIUM,,,,,,IP-16-1600,,,,,,,
IPHONE 16 PRO ,,,DEV-208,,APPLE,DEVICE,MOBILE PHONE,,,Pieces,,1,,,,,,Active,New,,IPHONE 16 PRO | 1TB | DESERT TITANIUM,,,,,,IP-16-1601,,,,,,,
IPHONE 16 PRO ,,,DEV-208,,APPLE,DEVICE,MOBILE PHONE,,,Pieces,,1,,,,,,Active,New,,IPHONE 16 PRO | 1TB | NATURAL TITANIUM,,,,,,IP-16-1602,,,,,,,
IPHONE 16 PRO ,,,DEV-208,,APPLE,DEVICE,MOBILE PHONE,,,Pieces,,1,,,,,,Active,New,,IPHONE 16 PRO | 1TB | WHITE TITANIUM,,,,,,IP-16-1603,,,,,,,
IPHONE 16 PRO ,,,DEV-208,,APPLE,DEVICE,MOBILE PHONE,,,Pieces,,1,,,,,,Active,New,,IPHONE 16 PRO | 256GB | BLACK TITANIUM,,,,,,IP-16-1604,,,,,,,
IPHONE 16 PRO ,,,DEV-208,,APPLE,DEVICE,MOBILE PHONE,,,Pieces,,1,,,,,,Active,New,,IPHONE 16 PRO | 256GB | DESERT TITANIUM,,,,,,IP-16-1605,,,,,,,
IPHONE 16 PRO ,,,DEV-208,,APPLE,DEVICE,MOBILE PHONE,,,Pieces,,1,,,,,,Active,New,,IPHONE 16 PRO | 256GB | NATURAL TITANIUM,,,,,,IP-16-1606,,,,,,,
IPHONE 16 PRO ,,,DEV-208,,APPLE,DEVICE,MOBILE PHONE,,,Pieces,,1,,,,,,Active,New,,IPHONE 16 PRO | 256GB | WHITE TITANIUM,,,,,,IP-16-1607,,,,,,,
IPHONE 16 PRO ,,,DEV-208,,APPLE,DEVICE,MOBILE PHONE,,,Pieces,,1,,,,,,Active,New,,IPHONE 16 PRO | 512GB | BLACK TITANIUM,,,,,,IP-16-1608,,,,,,,
IPHONE 16 PRO ,,,DEV-208,,APPLE,DEVICE,MOBILE PHONE,,,Pieces,,1,,,,,,Active,New,,IPHONE 16 PRO | 512GB | DESERT TITANIUM,,,,,,IP-16-1609,,,,,,,
IPHONE 16 PRO ,,,DEV-208,,APPLE,DEVICE,MOBILE PHONE,,,Pieces,,1,,,,,,Active,New,,IPHONE 16 PRO | 512GB | NATURAL TITANIUM,,,,,,IP-16-1610,,,,,,,
IPHONE 16 PRO ,,,DEV-208,,APPLE,DEVICE,MOBILE PHONE,,,Pieces,,1,,,,,,Active,New,,IPHONE 16 PRO | 512GB | WHITE TITANIUM,,,,,,IP-16-1611,,,,,,,
IPHONE 16 PRO MAX,,,DEV-209,,APPLE,DEVICE,MOBILE PHONE,,,Pieces,,1,,,,,,Active,New,,IPHONE 16 PRO MAX | 1TB | BLACK TITANIUM,,,,,,IP-16-1612,,,,,,,
IPHONE 16 PRO MAX,,,DEV-209,,APPLE,DEVICE,MOBILE PHONE,,,Pieces,,1,,,,,,Active,New,,IPHONE 16 PRO MAX | 1TB | DESERT TITANIUM,,,,,,IP-16-1613,,,,,,,
IPHONE 16 PRO MAX,,,DEV-209,,APPLE,DEVICE,MOBILE PHONE,,,Pieces,,1,,,,,,Active,New,,IPHONE 16 PRO MAX | 1TB | NATURAL TITANIUM,,,,,,IP-16-1614,,,,,,,
IPHONE 16 PRO MAX,,,DEV-209,,APPLE,DEVICE,MOBILE PHONE,,,Pieces,,1,,,,,,Active,New,,IPHONE 16 PRO MAX | 1TB | WHITE TITANIUM,,,,,,IP-16-1615,,,,,,,
IPHONE 16 PRO MAX,,,DEV-209,,APPLE,DEVICE,MOBILE PHONE,,,Pieces,,1,,,,,,Active,New,,IPHONE 16 PRO MAX | 256GB | BLACK TITANIUM,,,,,,IP-16-1616,,,,,,,
IPHONE 16 PRO MAX,,,DEV-209,,APPLE,DEVICE,MOBILE PHONE,,,Pieces,,1,,,,,,Active,New,,IPHONE 16 PRO MAX | 256GB | DESERT TITANIUM,,,,,,IP-16-1617,,,,,,,
IPHONE 16 PRO MAX,,,DEV-209,,APPLE,DEVICE,MOBILE PHONE,,,Pieces,,1,,,,,,Active,New,,IPHONE 16 PRO MAX | 256GB | NATURAL TITANIUM,,,,,,IP-16-1618,,,,,,,
IPHONE 16 PRO MAX,,,DEV-209,,APPLE,DEVICE,MOBILE PHONE,,,Pieces,,1,,,,,,Active,New,,IPHONE 16 PRO MAX | 256GB | WHITE TITANIUM,,,,,,IP-16-1619,,,,,,,
IPHONE 16 PRO MAX,,,DEV-209,,APPLE,DEVICE,MOBILE PHONE,,,Pieces,,1,,,,,,Active,New,,IPHONE 16 PRO MAX | 512GB | BLACK TITANIUM,,,,,,IP-16-1620,,,,,,,
IPHONE 16 PRO MAX,,,DEV-209,,APPLE,DEVICE,MOBILE PHONE,,,Pieces,,1,,,,,,Active,New,,IPHONE 16 PRO MAX | 512GB | DESERT TITANIUM,,,,,,IP-16-1621,,,,,,,
IPHONE 16 PRO MAX,,,DEV-209,,APPLE,DEVICE,MOBILE PHONE,,,Pieces,,1,,,,,,Active,New,,IPHONE 16 PRO MAX | 512GB | NATURAL TITANIUM,,,,,,IP-16-1622,,,,,,,
IPHONE 16 PRO MAX,,,DEV-209,,APPLE,DEVICE,MOBILE PHONE,,,Pieces,,1,,,,,,Active,New,,IPHONE 16 PRO MAX | 512GB | WHITE TITANIUM,,,,,,IP-16-1623,,,,,,,
GALAXY A33 5G,,,DEV-21,,SAMSUNG,DEVICE,MOBILE PHONE,,,Pieces,,1,,,,,,Active,New,,GALAXY A33 5G | 128GB | BLACK | 2022,,,,,,GAL-A33-150,,,,,,,
GALAXY A33 5G,,,DEV-21,,SAMSUNG,DEVICE,MOBILE PHONE,,,Pieces,,1,,,,,,Active,New,,GALAXY A33 5G | 128GB | BLUE | 2022,,,,,,GAL-A33-151,,,,,,,
GALAXY A33 5G,,,DEV-21,,SAMSUNG,DEVICE,MOBILE PHONE,,,Pieces,,1,,,,,,Active,New,,GALAXY A33 5G | 128GB | PEACH | 2022,,,,,,GAL-A33-152,,,,,,,
GALAXY A33 5G,,,DEV-21,,SAMSUNG,DEVICE,MOBILE PHONE,,,Pieces,,1,,,,,,Active,New,,GALAXY A33 5G | 128GB | WHITE | 2022,,,,,,GAL-A33-153,,,,,,,
GALAXY A33 5G,,,DEV-21,,SAMSUNG,DEVICE,MOBILE PHONE,,,Pieces,,1,,,,,,Active,New,,GALAXY A33 5G | 256GB | BLACK | 2022,,,,,,GAL-A33-154,,,,,,,
GALAXY A33 5G,,,DEV-21,,SAMSUNG,DEVICE,MOBILE PHONE,,,Pieces,,1,,,,,,Active,New,,GALAXY A33 5G | 256GB | BLUE | 2022,,,,,,GAL-A33-155,,,,,,,
GALAXY A33 5G,,,DEV-21,,SAMSUNG,DEVICE,MOBILE PHONE,,,Pieces,,1,,,,,,Active,New,,GALAXY A33 5G | 256GB | PEACH | 2022,,,,,,GAL-A33-156,,,,,,,
GALAXY A33 5G,,,DEV-21,,SAMSUNG,DEVICE,MOBILE PHONE,,,Pieces,,1,,,,,,Active,New,,GALAXY A33 5G | 256GB | WHITE | 2022,,,,,,GAL-A33-157,,,,,,,
IPHONE 17 ,,,DEV-210,,APPLE,DEVICE,MOBILE PHONE,,,Pieces,,1,,,,,,Active,New,,IPHONE 17 | 256GB | BLACK,,,,,,IP-17-1624,,,,,,,
IPHONE 17 ,,,DEV-210,,APPLE,DEVICE,MOBILE PHONE,,,Pieces,,1,,,,,,Active,New,,IPHONE 17 | 256GB | BLUE,,,,,,IP-17-1625,,,,,,,
IPHONE 17 ,,,DEV-210,,APPLE,DEVICE,MOBILE PHONE,,,Pieces,,1,,,,,,Active,New,,IPHONE 17 | 256GB | GREEN,,,,,,IP-17-1626,,,,,,,
IPHONE 17 ,,,DEV-210,,APPLE,DEVICE,MOBILE PHONE,,,Pieces,,1,,,,,,Active,New,,IPHONE 17 | 256GB | PURPLE,,,,,,IP-17-1627,,,,,,,
IPHONE 17 ,,,DEV-210,,APPLE,DEVICE,MOBILE PHONE,,,Pieces,,1,,,,,,Active,New,,IPHONE 17 | 256GB | WHITE,,,,,,IP-17-1628,,,,,,,
IPHONE 17 ,,,DEV-210,,APPLE,DEVICE,MOBILE PHONE,,,Pieces,,1,,,,,,Active,New,,IPHONE 17 | 512GB | BLACK,,,,,,IP-17-1629,,,,,,,
IPHONE 17 ,,,DEV-210,,APPLE,DEVICE,MOBILE PHONE,,,Pieces,,1,,,,,,Active,New,,IPHONE 17 | 512GB | BLUE,,,,,,IP-17-1630,,,,,,,
IPHONE 17 ,,,DEV-210,,APPLE,DEVICE,MOBILE PHONE,,,Pieces,,1,,,,,,Active,New,,IPHONE 17 | 512GB | GREEN,,,,,,IP-17-1631,,,,,,,
IPHONE 17 ,,,DEV-210,,APPLE,DEVICE,MOBILE PHONE,,,Pieces,,1,,,,,,Active,New,,IPHONE 17 | 512GB | PURPLE,,,,,,IP-17-1632,,,,,,,
IPHONE 17 ,,,DEV-210,,APPLE,DEVICE,MOBILE PHONE,,,Pieces,,1,,,,,,Active,New,,IPHONE 17 | 512GB | WHITE,,,,,,IP-17-1633,,,,,,,
IPHONE 17 AIR ,,,DEV-211,,APPLE,DEVICE,MOBILE PHONE,,,Pieces,,1,,,,,,Active,New,,IPHONE 17 AIR | 1TB | CLOUD WHITE,,,,,,IP-17-1634,,,,,,,
IPHONE 17 AIR ,,,DEV-211,,APPLE,DEVICE,MOBILE PHONE,,,Pieces,,1,,,,,,Active,New,,IPHONE 17 AIR | 1TB | LIGHT GOLD,,,,,,IP-17-1635,,,,,,,
IPHONE 17 AIR ,,,DEV-211,,APPLE,DEVICE,MOBILE PHONE,,,Pieces,,1,,,,,,Active,New,,IPHONE 17 AIR | 1TB | SKY BLUE ,,,,,,IP-17-1636,,,,,,,
IPHONE 17 AIR ,,,DEV-211,,APPLE,DEVICE,MOBILE PHONE,,,Pieces,,1,,,,,,Active,New,,IPHONE 17 AIR | 1TB | SPACE BLACK ,,,,,,IP-17-1637,,,,,,,
IPHONE 17 AIR ,,,DEV-211,,APPLE,DEVICE,MOBILE PHONE,,,Pieces,,1,,,,,,Active,New,,IPHONE 17 AIR | 256GB | CLOUD WHITE,,,,,,IP-17-1638,,,,,,,
IPHONE 17 AIR ,,,DEV-211,,APPLE,DEVICE,MOBILE PHONE,,,Pieces,,1,,,,,,Active,New,,IPHONE 17 AIR | 256GB | LIGHT GOLD,,,,,,IP-17-1639,,,,,,,
IPHONE 17 AIR ,,,DEV-211,,APPLE,DEVICE,MOBILE PHONE,,,Pieces,,1,,,,,,Active,New,,IPHONE 17 AIR | 256GB | SKY BLUE ,,,,,,IP-17-1640,,,,,,,
IPHONE 17 AIR ,,,DEV-211,,APPLE,DEVICE,MOBILE PHONE,,,Pieces,,1,,,,,,Active,New,,IPHONE 17 AIR | 256GB | SPACE BLACK ,,,,,,IP-17-1641,,,,,,,
IPHONE 17 AIR ,,,DEV-211,,APPLE,DEVICE,MOBILE PHONE,,,Pieces,,1,,,,,,Active,New,,IPHONE 17 AIR | 512GB | CLOUD WHITE,,,,,,IP-17-1642,,,,,,,
IPHONE 17 AIR ,,,DEV-211,,APPLE,DEVICE,MOBILE PHONE,,,Pieces,,1,,,,,,Active,New,,IPHONE 17 AIR | 512GB | LIGHT GOLD,,,,,,IP-17-1643,,,,,,,
IPHONE 17 AIR ,,,DEV-211,,APPLE,DEVICE,MOBILE PHONE,,,Pieces,,1,,,,,,Active,New,,IPHONE 17 AIR | 512GB | SKY BLUE ,,,,,,IP-17-1644,,,,,,,
IPHONE 17 AIR ,,,DEV-211,,APPLE,DEVICE,MOBILE PHONE,,,Pieces,,1,,,,,,Active,New,,IPHONE 17 AIR | 512GB | SPACE BLACK ,,,,,,IP-17-1645,,,,,,,
IPHONE 17 PRO ,,,DEV-212,,APPLE,DEVICE,MOBILE PHONE,,,Pieces,,1,,,,,,Active,New,,IPHONE 17 PRO | 1TB | BLACK TITANIUM,,,,,,IP-17-1646,,,,,,,
IPHONE 17 PRO ,,,DEV-212,,APPLE,DEVICE,MOBILE PHONE,,,Pieces,,1,,,,,,Active,New,,IPHONE 17 PRO | 1TB | BLUE TITANIUM,,,,,,IP-17-1647,,,,,,,
IPHONE 17 PRO ,,,DEV-212,,APPLE,DEVICE,MOBILE PHONE,,,Pieces,,1,,,,,,Active,New,,IPHONE 17 PRO | 1TB | NATURAL TITANIUM,,,,,,IP-17-1648,,,,,,,
IPHONE 17 PRO ,,,DEV-212,,APPLE,DEVICE,MOBILE PHONE,,,Pieces,,1,,,,,,Active,New,,IPHONE 17 PRO | 1TB | SILVER TITANIUM,,,,,,IP-17-1649,,,,,,,
IPHONE 17 PRO ,,,DEV-212,,APPLE,DEVICE,MOBILE PHONE,,,Pieces,,1,,,,,,Active,New,,IPHONE 17 PRO | 256GB | BLACK TITANIUM,,,,,,IP-17-1650,,,,,,,
IPHONE 17 PRO ,,,DEV-212,,APPLE,DEVICE,MOBILE PHONE,,,Pieces,,1,,,,,,Active,New,,IPHONE 17 PRO | 256GB | BLUE TITANIUM,,,,,,IP-17-1651,,,,,,,
IPHONE 17 PRO ,,,DEV-212,,APPLE,DEVICE,MOBILE PHONE,,,Pieces,,1,,,,,,Active,New,,IPHONE 17 PRO | 256GB | NATURAL TITANIUM,,,,,,IP-17-1652,,,,,,,
IPHONE 17 PRO ,,,DEV-212,,APPLE,DEVICE,MOBILE PHONE,,,Pieces,,1,,,,,,Active,New,,IPHONE 17 PRO | 256GB | SILVER TITANIUM,,,,,,IP-17-1653,,,,,,,
IPHONE 17 PRO ,,,DEV-212,,APPLE,DEVICE,MOBILE PHONE,,,Pieces,,1,,,,,,Active,New,,IPHONE 17 PRO | 512GB | BLACK TITANIUM,,,,,,IP-17-1654,,,,,,,
IPHONE 17 PRO ,,,DEV-212,,APPLE,DEVICE,MOBILE PHONE,,,Pieces,,1,,,,,,Active,New,,IPHONE 17 PRO | 512GB | BLUE TITANIUM,,,,,,IP-17-1655,,,,,,,
IPHONE 17 PRO ,,,DEV-212,,APPLE,DEVICE,MOBILE PHONE,,,Pieces,,1,,,,,,Active,New,,IPHONE 17 PRO | 512GB | NATURAL TITANIUM,,,,,,IP-17-1656,,,,,,,
IPHONE 17 PRO ,,,DEV-212,,APPLE,DEVICE,MOBILE PHONE,,,Pieces,,1,,,,,,Active,New,,IPHONE 17 PRO | 512GB | SILVER TITANIUM,,,,,,IP-17-1657,,,,,,,
IPHONE 17 PRO MAX,,,DEV-213,,APPLE,DEVICE,MOBILE PHONE,,,Pieces,,1,,,,,,Active,New,,IPHONE 17 PRO MAX | 1TB | BLACK TITANIUM,,,,,,IP-17-1658,,,,,,,
IPHONE 17 PRO MAX,,,DEV-213,,APPLE,DEVICE,MOBILE PHONE,,,Pieces,,1,,,,,,Active,New,,IPHONE 17 PRO MAX | 1TB | BLUE TITANIUM,,,,,,IP-17-1659,,,,,,,
IPHONE 17 PRO MAX,,,DEV-213,,APPLE,DEVICE,MOBILE PHONE,,,Pieces,,1,,,,,,Active,New,,IPHONE 17 PRO MAX | 1TB | NATURAL TITANIUM,,,,,,IP-17-1660,,,,,,,
IPHONE 17 PRO MAX,,,DEV-213,,APPLE,DEVICE,MOBILE PHONE,,,Pieces,,1,,,,,,Active,New,,IPHONE 17 PRO MAX | 1TB | SILVER TITANIUM,,,,,,IP-17-1661,,,,,,,
IPHONE 17 PRO MAX,,,DEV-213,,APPLE,DEVICE,MOBILE PHONE,,,Pieces,,1,,,,,,Active,New,,IPHONE 17 PRO MAX | 256GB | BLACK TITANIUM,,,,,,IP-17-1662,,,,,,,
IPHONE 17 PRO MAX,,,DEV-213,,APPLE,DEVICE,MOBILE PHONE,,,Pieces,,1,,,,,,Active,New,,IPHONE 17 PRO MAX | 256GB | BLUE TITANIUM,,,,,,IP-17-1663,,,,,,,
IPHONE 17 PRO MAX,,,DEV-213,,APPLE,DEVICE,MOBILE PHONE,,,Pieces,,1,,,,,,Active,New,,IPHONE 17 PRO MAX | 256GB | NATURAL TITANIUM,,,,,,IP-17-1664,,,,,,,
IPHONE 17 PRO MAX,,,DEV-213,,APPLE,DEVICE,MOBILE PHONE,,,Pieces,,1,,,,,,Active,New,,IPHONE 17 PRO MAX | 256GB | SILVER TITANIUM,,,,,,IP-17-1665,,,,,,,
IPHONE 17 PRO MAX,,,DEV-213,,APPLE,DEVICE,MOBILE PHONE,,,Pieces,,1,,,,,,Active,New,,IPHONE 17 PRO MAX | 512GB | BLACK TITANIUM,,,,,,IP-17-1666,,,,,,,
IPHONE 17 PRO MAX,,,DEV-213,,APPLE,DEVICE,MOBILE PHONE,,,Pieces,,1,,,,,,Active,New,,IPHONE 17 PRO MAX | 512GB | BLUE TITANIUM,,,,,,IP-17-1667,,,,,,,
IPHONE 17 PRO MAX,,,DEV-213,,APPLE,DEVICE,MOBILE PHONE,,,Pieces,,1,,,,,,Active,New,,IPHONE 17 PRO MAX | 512GB | NATURAL TITANIUM,,,,,,IP-17-1668,,,,,,,
IPHONE 17 PRO MAX,,,DEV-213,,APPLE,DEVICE,MOBILE PHONE,,,Pieces,,1,,,,,,Active,New,,IPHONE 17 PRO MAX | 512GB | SILVER TITANIUM,,,,,,IP-17-1669,,,,,,,
IPHONE 7 ,,,DEV-214,,APPLE,DEVICE,MOBILE PHONE,,,Pieces,,1,,,,,,Active,New,,IPHONE 7 | 128GB | BLACK,,,,,,IP-7 -1670,,,,,,,
IPHONE 7 ,,,DEV-214,,APPLE,DEVICE,MOBILE PHONE,,,Pieces,,1,,,,,,Active,New,,IPHONE 7 | 128GB | GOLD ,,,,,,IP-7 -1671,,,,,,,
IPHONE 7 ,,,DEV-214,,APPLE,DEVICE,MOBILE PHONE,,,Pieces,,1,,,,,,Active,New,,IPHONE 7 | 128GB | ROSE GOLD,,,,,,IP-7 -1672,,,,,,,
IPHONE 7 ,,,DEV-214,,APPLE,DEVICE,MOBILE PHONE,,,Pieces,,1,,,,,,Active,New,,IPHONE 7 | 128GB | SILVER,,,,,,IP-7 -1673,,,,,,,
IPHONE 7 ,,,DEV-214,,APPLE,DEVICE,MOBILE PHONE,,,Pieces,,1,,,,,,Active,New,,IPHONE 7 | 32GB | BLACK,,,,,,IP-7 -1674,,,,,,,
IPHONE 7 ,,,DEV-214,,APPLE,DEVICE,MOBILE PHONE,,,Pieces,,1,,,,,,Active,New,,IPHONE 7 | 32GB | GOLD ,,,,,,IP-7 -1675,,,,,,,
IPHONE 7 ,,,DEV-214,,APPLE,DEVICE,MOBILE PHONE,,,Pieces,,1,,,,,,Active,New,,IPHONE 7 | 32GB | ROSE GOLD,,,,,,IP-7 -1676,,,,,,,
IPHONE 7 ,,,DEV-214,,APPLE,DEVICE,MOBILE PHONE,,,Pieces,,1,,,,,,Active,New,,IPHONE 7 | 32GB | SILVER,,,,,,IP-7 -1677,,,,,,,
IPHONE 7 PLUS ,,,DEV-215,,APPLE,DEVICE,MOBILE PHONE,,,Pieces,,1,,,,,,Active,New,,IPHONE 7 PLUS | 128GB | BLACK,,,,,,IP-S -1678,,,,,,,
IPHONE 7 PLUS ,,,DEV-215,,APPLE,DEVICE,MOBILE PHONE,,,Pieces,,1,,,,,,Active,New,,IPHONE 7 PLUS | 128GB | GOLD ,,,,,,IP-S -1679,,,,,,,
IPHONE 7 PLUS ,,,DEV-215,,APPLE,DEVICE,MOBILE PHONE,,,Pieces,,1,,,,,,Active,New,,IPHONE 7 PLUS | 128GB | ROSE GOLD,,,,,,IP-S -1680,,,,,,,
IPHONE 7 PLUS ,,,DEV-215,,APPLE,DEVICE,MOBILE PHONE,,,Pieces,,1,,,,,,Active,New,,IPHONE 7 PLUS | 128GB | SILVER,,,,,,IP-S -1681,,,,,,,
IPHONE 7 PLUS ,,,DEV-215,,APPLE,DEVICE,MOBILE PHONE,,,Pieces,,1,,,,,,Active,New,,IPHONE 7 PLUS | 32GB | BLACK,,,,,,IP-S -1682,,,,,,,
IPHONE 7 PLUS ,,,DEV-215,,APPLE,DEVICE,MOBILE PHONE,,,Pieces,,1,,,,,,Active,New,,IPHONE 7 PLUS | 32GB | GOLD ,,,,,,IP-S -1683,,,,,,,
IPHONE 7 PLUS ,,,DEV-215,,APPLE,DEVICE,MOBILE PHONE,,,Pieces,,1,,,,,,Active,New,,IPHONE 7 PLUS | 32GB | ROSE GOLD,,,,,,IP-S -1684,,,,,,,
IPHONE 7 PLUS ,,,DEV-215,,APPLE,DEVICE,MOBILE PHONE,,,Pieces,,1,,,,,,Active,New,,IPHONE 7 PLUS | 32GB | SILVER,,,,,,IP-S -1685,,,,,,,
IPHONE 8,,,DEV-216,,APPLE,DEVICE,MOBILE PHONE,,,Pieces,,1,,,,,,Active,New,,IPHONE 8 | 128GB | GOLD,,,,,,IP-8-1686,,,,,,,
IPHONE 8,,,DEV-216,,APPLE,DEVICE,MOBILE PHONE,,,Pieces,,1,,,,,,Active,New,,IPHONE 8 | 128GB | SILVER,,,,,,IP-8-1687,,,,,,,
IPHONE 8,,,DEV-216,,APPLE,DEVICE,MOBILE PHONE,,,Pieces,,1,,,,,,Active,New,,IPHONE 8 | 128GB | SPACE GREY,,,,,,IP-8-1688,,,,,,,
IPHONE 8,,,DEV-216,,APPLE,DEVICE,MOBILE PHONE,,,Pieces,,1,,,,,,Active,New,,IPHONE 8 | 64GB | GOLD,,,,,,IP-8-1689,,,,,,,
IPHONE 8,,,DEV-216,,APPLE,DEVICE,MOBILE PHONE,,,Pieces,,1,,,,,,Active,New,,IPHONE 8 | 64GB | SILVER,,,,,,IP-8-1690,,,,,,,
IPHONE 8,,,DEV-216,,APPLE,DEVICE,MOBILE PHONE,,,Pieces,,1,,,,,,Active,New,,IPHONE 8 | 64GB | SPACE GREY,,,,,,IP-8-1691,,,,,,,
IPHONE 8 PLUS,,,DEV-217,,APPLE,DEVICE,MOBILE PHONE,,,Pieces,,1,,,,,,Active,New,,IPHONE 8 PLUS | 128GB | GOLD,,,,,,IP-8-1692,,,,,,,
IPHONE 8 PLUS,,,DEV-217,,APPLE,DEVICE,MOBILE PHONE,,,Pieces,,1,,,,,,Active,New,,IPHONE 8 PLUS | 128GB | SILVER,,,,,,IP-8-1693,,,,,,,
IPHONE 8 PLUS,,,DEV-217,,APPLE,DEVICE,MOBILE PHONE,,,Pieces,,1,,,,,,Active,New,,IPHONE 8 PLUS | 128GB | SPACE GREY,,,,,,IP-8-1694,,,,,,,
IPHONE 8 PLUS,,,DEV-217,,APPLE,DEVICE,MOBILE PHONE,,,Pieces,,1,,,,,,Active,New,,IPHONE 8 PLUS | 64GB | GOLD,,,,,,IP-8-1695,,,,,,,
IPHONE 8 PLUS,,,DEV-217,,APPLE,DEVICE,MOBILE PHONE,,,Pieces,,1,,,,,,Active,New,,IPHONE 8 PLUS | 64GB | SILVER,,,,,,IP-8-1696,,,,,,,
IPHONE 8 PLUS,,,DEV-217,,APPLE,DEVICE,MOBILE PHONE,,,Pieces,,1,,,,,,Active,New,,IPHONE 8 PLUS | 64GB | SPACE GREY,,,,,,IP-8-1697,,,,,,,
IPHONE SE 2NG GEN ,,,DEV-218,,APPLE,DEVICE,MOBILE PHONE,,,Pieces,,1,,,,,,Active,New,,IPHONE SE 2NG GEN | 128GB | BLACK,,,,,,IP-SE-1698,,,,,,,
IPHONE SE 2NG GEN ,,,DEV-218,,APPLE,DEVICE,MOBILE PHONE,,,Pieces,,1,,,,,,Active,New,,IPHONE SE 2NG GEN | 128GB | RED,,,,,,IP-SE-1699,,,,,,,
IPHONE SE 2NG GEN ,,,DEV-218,,APPLE,DEVICE,MOBILE PHONE,,,Pieces,,1,,,,,,Active,New,,IPHONE SE 2NG GEN | 128GB | WHITE,,,,,,IP-SE-1700,,,,,,,
IPHONE SE 2NG GEN ,,,DEV-218,,APPLE,DEVICE,MOBILE PHONE,,,Pieces,,1,,,,,,Active,New,,IPHONE SE 2NG GEN | 64GB | BLACK,,,,,,IP-SE-1701,,,,,,,
IPHONE SE 2NG GEN ,,,DEV-218,,APPLE,DEVICE,MOBILE PHONE,,,Pieces,,1,,,,,,Active,New,,IPHONE SE 2NG GEN | 64GB | RED,,,,,,IP-SE-1702,,,,,,,
IPHONE SE 2NG GEN ,,,DEV-218,,APPLE,DEVICE,MOBILE PHONE,,,Pieces,,1,,,,,,Active,New,,IPHONE SE 2NG GEN | 64GB | WHITE,,,,,,IP-SE-1703,,,,,,,
IPHONE X,,,DEV-219,,APPLE,DEVICE,MOBILE PHONE,,,Pieces,,1,,,,,,Active,New,,IPHONE X | 256GB | SILVER,,,,,,IP-X-1704,,,,,,,
IPHONE X,,,DEV-219,,APPLE,DEVICE,MOBILE PHONE,,,Pieces,,1,,,,,,Active,New,,IPHONE X | 256GB | SPACE GREY,,,,,,IP-X-1705,,,,,,,
IPHONE X,,,DEV-219,,APPLE,DEVICE,MOBILE PHONE,,,Pieces,,1,,,,,,Active,New,,IPHONE X | 64GB | SILVER,,,,,,IP-X-1706,,,,,,,
IPHONE X,,,DEV-219,,APPLE,DEVICE,MOBILE PHONE,,,Pieces,,1,,,,,,Active,New,,IPHONE X | 64GB | SPACE GREY,,,,,,IP-X-1707,,,,,,,
GALAXY A34 5G,,,DEV-22,,SAMSUNG,DEVICE,MOBILE PHONE,,,Pieces,,1,,,,,,Active,New,,GALAXY A34 5G | 128GB | AWESOME GRAPHITE | 2023,,,,,,GAL-A33-158,,,,,,,
GALAXY A34 5G,,,DEV-22,,SAMSUNG,DEVICE,MOBILE PHONE,,,Pieces,,1,,,,,,Active,New,,GALAXY A34 5G | 128GB | AWESOME LIME | 2023,,,,,,GAL-A33-159,,,,,,,
GALAXY A34 5G,,,DEV-22,,SAMSUNG,DEVICE,MOBILE PHONE,,,Pieces,,1,,,,,,Active,New,,GALAXY A34 5G | 128GB | AWESOME SILVER | 2023,,,,,,GAL-A33-160,,,,,,,
GALAXY A34 5G,,,DEV-22,,SAMSUNG,DEVICE,MOBILE PHONE,,,Pieces,,1,,,,,,Active,New,,GALAXY A34 5G | 128GB | AWESOME VIOLET | 2023,,,,,,GAL-A33-161,,,,,,,
GALAXY A34 5G,,,DEV-22,,SAMSUNG,DEVICE,MOBILE PHONE,,,Pieces,,1,,,,,,Active,New,,GALAXY A34 5G | 256GB | AWESOME GRAPHITE | 2023,,,,,,GAL-A33-162,,,,,,,
GALAXY A34 5G,,,DEV-22,,SAMSUNG,DEVICE,MOBILE PHONE,,,Pieces,,1,,,,,,Active,New,,GALAXY A34 5G | 256GB | AWESOME LIME | 2023,,,,,,GAL-A33-163,,,,,,,
GALAXY A34 5G,,,DEV-22,,SAMSUNG,DEVICE,MOBILE PHONE,,,Pieces,,1,,,,,,Active,New,,GALAXY A34 5G | 256GB | AWESOME SILVER | 2023,,,,,,GAL-A33-164,,,,,,,
GALAXY A34 5G,,,DEV-22,,SAMSUNG,DEVICE,MOBILE PHONE,,,Pieces,,1,,,,,,Active,New,,GALAXY A34 5G | 256GB | AWESOME VIOLET | 2023,,,,,,GAL-A33-165,,,,,,,
IPHONE XR,,,DEV-220,,APPLE,DEVICE,MOBILE PHONE,,,Pieces,,1,,,,,,Active,New,,IPHONE XR | 128GB | BLACK,,,,,,IP-XR-1708,,,,,,,
IPHONE XR,,,DEV-220,,APPLE,DEVICE,MOBILE PHONE,,,Pieces,,1,,,,,,Active,New,,IPHONE XR | 128GB | BLUE,,,,,,IP-XR-1709,,,,,,,
IPHONE XR,,,DEV-220,,APPLE,DEVICE,MOBILE PHONE,,,Pieces,,1,,,,,,Active,New,,IPHONE XR | 128GB | CORAL,,,,,,IP-XR-1710,,,,,,,
IPHONE XR,,,DEV-220,,APPLE,DEVICE,MOBILE PHONE,,,Pieces,,1,,,,,,Active,New,,IPHONE XR | 128GB | RED,,,,,,IP-XR-1711,,,,,,,
IPHONE XR,,,DEV-220,,APPLE,DEVICE,MOBILE PHONE,,,Pieces,,1,,,,,,Active,New,,IPHONE XR | 128GB | WHITE,,,,,,IP-XR-1712,,,,,,,
IPHONE XR,,,DEV-220,,APPLE,DEVICE,MOBILE PHONE,,,Pieces,,1,,,,,,Active,New,,IPHONE XR | 128GB | YELLOW,,,,,,IP-XR-1713,,,,,,,
IPHONE XR,,,DEV-220,,APPLE,DEVICE,MOBILE PHONE,,,Pieces,,1,,,,,,Active,New,,IPHONE XR | 64GB | BLACK,,,,,,IP-XR-1714,,,,,,,
IPHONE XR,,,DEV-220,,APPLE,DEVICE,MOBILE PHONE,,,Pieces,,1,,,,,,Active,New,,IPHONE XR | 64GB | BLUE,,,,,,IP-XR-1715,,,,,,,
IPHONE XR,,,DEV-220,,APPLE,DEVICE,MOBILE PHONE,,,Pieces,,1,,,,,,Active,New,,IPHONE XR | 64GB | CORAL,,,,,,IP-XR-1716,,,,,,,
IPHONE XR,,,DEV-220,,APPLE,DEVICE,MOBILE PHONE,,,Pieces,,1,,,,,,Active,New,,IPHONE XR | 64GB | RED,,,,,,IP-XR-1717,,,,,,,
IPHONE XR,,,DEV-220,,APPLE,DEVICE,MOBILE PHONE,,,Pieces,,1,,,,,,Active,New,,IPHONE XR | 64GB | WHITE,,,,,,IP-XR-1718,,,,,,,
IPHONE XR,,,DEV-220,,APPLE,DEVICE,MOBILE PHONE,,,Pieces,,1,,,,,,Active,New,,IPHONE XR | 64GB | YELLOW,,,,,,IP-XR-1719,,,,,,,
IPHONE XS,,,DEV-221,,APPLE,DEVICE,MOBILE PHONE,,,Pieces,,1,,,,,,Active,New,,IPHONE XS | 256GB | GOLD,,,,,,IP-XS-1720,,,,,,,
IPHONE XS,,,DEV-221,,APPLE,DEVICE,MOBILE PHONE,,,Pieces,,1,,,,,,Active,New,,IPHONE XS | 256GB | SILVER,,,,,,IP-XS-1721,,,,,,,
IPHONE XS,,,DEV-221,,APPLE,DEVICE,MOBILE PHONE,,,Pieces,,1,,,,,,Active,New,,IPHONE XS | 256GB | SPACE GREY,,,,,,IP-XS-1722,,,,,,,
IPHONE XS,,,DEV-221,,APPLE,DEVICE,MOBILE PHONE,,,Pieces,,1,,,,,,Active,New,,IPHONE XS | 512GB | GOLD,,,,,,IP-XS-1723,,,,,,,
IPHONE XS,,,DEV-221,,APPLE,DEVICE,MOBILE PHONE,,,Pieces,,1,,,,,,Active,New,,IPHONE XS | 512GB | SILVER,,,,,,IP-XS-1724,,,,,,,
IPHONE XS,,,DEV-221,,APPLE,DEVICE,MOBILE PHONE,,,Pieces,,1,,,,,,Active,New,,IPHONE XS | 512GB | SPACE GREY,,,,,,IP-XS-1725,,,,,,,
IPHONE XS,,,DEV-221,,APPLE,DEVICE,MOBILE PHONE,,,Pieces,,1,,,,,,Active,New,,IPHONE XS | 64GB | GOLD,,,,,,IP-XS-1726,,,,,,,
IPHONE XS,,,DEV-221,,APPLE,DEVICE,MOBILE PHONE,,,Pieces,,1,,,,,,Active,New,,IPHONE XS | 64GB | SILVER,,,,,,IP-XS-1727,,,,,,,
IPHONE XS,,,DEV-221,,APPLE,DEVICE,MOBILE PHONE,,,Pieces,,1,,,,,,Active,New,,IPHONE XS | 64GB | SPACE GREY,,,,,,IP-XS-1728,,,,,,,
IPHONE XS MAX,,,DEV-222,,APPLE,DEVICE,MOBILE PHONE,,,Pieces,,1,,,,,,Active,New,,IPHONE XS MAX | 256GB | GOLD,,,,,,IP-XS-1729,,,,,,,
IPHONE XS MAX,,,DEV-222,,APPLE,DEVICE,MOBILE PHONE,,,Pieces,,1,,,,,,Active,New,,IPHONE XS MAX | 256GB | SILVER,,,,,,IP-XS-1730,,,,,,,
IPHONE XS MAX,,,DEV-222,,APPLE,DEVICE,MOBILE PHONE,,,Pieces,,1,,,,,,Active,New,,IPHONE XS MAX | 256GB | SPACE GREY,,,,,,IP-XS-1731,,,,,,,
IPHONE XS MAX,,,DEV-222,,APPLE,DEVICE,MOBILE PHONE,,,Pieces,,1,,,,,,Active,New,,IPHONE XS MAX | 512GB | GOLD,,,,,,IP-XS-1732,,,,,,,
IPHONE XS MAX,,,DEV-222,,APPLE,DEVICE,MOBILE PHONE,,,Pieces,,1,,,,,,Active,New,,IPHONE XS MAX | 512GB | SILVER,,,,,,IP-XS-1733,,,,,,,
IPHONE XS MAX,,,DEV-222,,APPLE,DEVICE,MOBILE PHONE,,,Pieces,,1,,,,,,Active,New,,IPHONE XS MAX | 512GB | SPACE GREY,,,,,,IP-XS-1734,,,,,,,
IPHONE XS MAX,,,DEV-222,,APPLE,DEVICE,MOBILE PHONE,,,Pieces,,1,,,,,,Active,New,,IPHONE XS MAX | 64GB | GOLD,,,,,,IP-XS-1735,,,,,,,
IPHONE XS MAX,,,DEV-222,,APPLE,DEVICE,MOBILE PHONE,,,Pieces,,1,,,,,,Active,New,,IPHONE XS MAX | 64GB | SILVER,,,,,,IP-XS-1736,,,,,,,
IPHONE XS MAX,,,DEV-222,,APPLE,DEVICE,MOBILE PHONE,,,Pieces,,1,,,,,,Active,New,,IPHONE XS MAX | 64GB | SPACE GREY,,,,,,IP-XS-1737,,,,,,,
MI 11 ULTRA,,,DEV-223,,XIAOMI,DEVICE,MOBILE PHONE,,,Pieces,,1,,,,,,Active,New,,MI 11 ULTRA | 256GB | BLACK | 2021,,,,,,MI-11-1738,,,,,,,
MI 11 ULTRA,,,DEV-223,,XIAOMI,DEVICE,MOBILE PHONE,,,Pieces,,1,,,,,,Active,New,,MI 11 ULTRA | 256GB | WHITE | MI 11 ULTRA,,,,,,MI-11-1739,,,,,,,
MI 11 ULTRA,,,DEV-223,,XIAOMI,DEVICE,MOBILE PHONE,,,Pieces,,1,,,,,,Active,New,,MI 11 ULTRA | 512GB | BLACK | 2021,,,,,,MI-11-1740,,,,,,,
MI 11 ULTRA,,,DEV-223,,XIAOMI,DEVICE,MOBILE PHONE,,,Pieces,,1,,,,,,Active,New,,MI 11 ULTRA | 512GB | WHITE | MI 11 ULTRA,,,,,,MI-11-1741,,,,,,,
MI 3,,,DEV-224,,XIAOMI,DEVICE,MOBILE PHONE,,,Pieces,,1,,,,,,Active,New,,MI 3 | 16GB | BLACK | 2013,,,,,,MI-3-1742,,,,,,,
MI 3,,,DEV-224,,XIAOMI,DEVICE,MOBILE PHONE,,,Pieces,,1,,,,,,Active,New,,MI 3 | 16GB | SILVER | 2013,,,,,,MI-3-1743,,,,,,,
MI 3,,,DEV-224,,XIAOMI,DEVICE,MOBILE PHONE,,,Pieces,,1,,,,,,Active,New,,MI 3 | 64GB | BLACK | 2013,,,,,,MI-3-1744,,,,,,,
MI 3,,,DEV-224,,XIAOMI,DEVICE,MOBILE PHONE,,,Pieces,,1,,,,,,Active,New,,MI 3 | 64GB | SILVER | 2013,,,,,,MI-3-1745,,,,,,,
MI 4,,,DEV-225,,XIAOMI,DEVICE,MOBILE PHONE,,,Pieces,,1,,,,,,Active,New,,MI 4 | 16GB | BLACK | 2014,,,,,,MI-4-1746,,,,,,,
MI 4,,,DEV-225,,XIAOMI,DEVICE,MOBILE PHONE,,,Pieces,,1,,,,,,Active,New,,MI 4 | 16GB | WHITE | 2014,,,,,,MI-4-1747,,,,,,,
MI 4,,,DEV-225,,XIAOMI,DEVICE,MOBILE PHONE,,,Pieces,,1,,,,,,Active,New,,MI 4 | 64GB | BLACK | 2014,,,,,,MI-4-1748,,,,,,,
MI 4,,,DEV-225,,XIAOMI,DEVICE,MOBILE PHONE,,,Pieces,,1,,,,,,Active,New,,MI 4 | 64GB | WHITE | 2014,,,,,,MI-4-1749,,,,,,,
MI 5,,,DEV-226,,XIAOMI,DEVICE,MOBILE PHONE,,,Pieces,,1,,,,,,Active,New,,MI 5 | 128GB | BLACK | 2016,,,,,,MI-5-1750,,,,,,,
MI 5,,,DEV-226,,XIAOMI,DEVICE,MOBILE PHONE,,,Pieces,,1,,,,,,Active,New,,MI 5 | 128GB | GOLD | 2016,,,,,,MI-5-1751,,,,,,,
MI 5,,,DEV-226,,XIAOMI,DEVICE,MOBILE PHONE,,,Pieces,,1,,,,,,Active,New,,MI 5 | 128GB | WHITE | 2016,,,,,,MI-5-1752,,,,,,,
MI 5,,,DEV-226,,XIAOMI,DEVICE,MOBILE PHONE,,,Pieces,,1,,,,,,Active,New,,MI 5 | 32GB | BLACK | 2016,,,,,,MI-5-1753,,,,,,,
MI 5,,,DEV-226,,XIAOMI,DEVICE,MOBILE PHONE,,,Pieces,,1,,,,,,Active,New,,MI 5 | 32GB | GOLD | 2016,,,,,,MI-5-1754,,,,,,,
MI 5,,,DEV-226,,XIAOMI,DEVICE,MOBILE PHONE,,,Pieces,,1,,,,,,Active,New,,MI 5 | 32GB | WHITE | 2016,,,,,,MI-5-1755,,,,,,,
MI 5,,,DEV-226,,XIAOMI,DEVICE,MOBILE PHONE,,,Pieces,,1,,,,,,Active,New,,MI 5 | 64GB | BLACK | 2016,,,,,,MI-5-1756,,,,,,,
MI 5,,,DEV-226,,XIAOMI,DEVICE,MOBILE PHONE,,,Pieces,,1,,,,,,Active,New,,MI 5 | 64GB | GOLD | 2016,,,,,,MI-5-1757,,,,,,,
MI 5,,,DEV-226,,XIAOMI,DEVICE,MOBILE PHONE,,,Pieces,,1,,,,,,Active,New,,MI 5 | 64GB | WHITE | 2016,,,,,,MI-5-1758,,,,,,,
MI 6,,,DEV-227,,XIAOMI,DEVICE,MOBILE PHONE,,,Pieces,,1,,,,,,Active,New,,MI 6 | 128GB | BLACK | 2017,,,,,,MI-6-1759,,,,,,,
MI 6,,,DEV-227,,XIAOMI,DEVICE,MOBILE PHONE,,,Pieces,,1,,,,,,Active,New,,MI 6 | 128GB | BLUE | 2017,,,,,,MI-6-1760,,,,,,,
MI 6,,,DEV-227,,XIAOMI,DEVICE,MOBILE PHONE,,,Pieces,,1,,,,,,Active,New,,MI 6 | 128GB | SILVER | 2017,,,,,,MI-6-1761,,,,,,,
MI 6,,,DEV-227,,XIAOMI,DEVICE,MOBILE PHONE,,,Pieces,,1,,,,,,Active,New,,MI 6 | 64GB | BLACK | 2017,,,,,,MI-6-1762,,,,,,,
MI 6,,,DEV-227,,XIAOMI,DEVICE,MOBILE PHONE,,,Pieces,,1,,,,,,Active,New,,MI 6 | 64GB | BLUE | 2017,,,,,,MI-6-1763,,,,,,,
MI 6,,,DEV-227,,XIAOMI,DEVICE,MOBILE PHONE,,,Pieces,,1,,,,,,Active,New,,MI 6 | 64GB | SILVER | 2017,,,,,,MI-6-1764,,,,,,,
MI 8,,,DEV-228,,XIAOMI,DEVICE,MOBILE PHONE,,,Pieces,,1,,,,,,Active,New,,MI 8 | 128GB | BLACK | 2018,,,,,,MI-8-1765,,,,,,,
MI 8,,,DEV-228,,XIAOMI,DEVICE,MOBILE PHONE,,,Pieces,,1,,,,,,Active,New,,MI 8 | 128GB | BLUE | 2018,,,,,,MI-8-1766,,,,,,,
MI 8,,,DEV-228,,XIAOMI,DEVICE,MOBILE PHONE,,,Pieces,,1,,,,,,Active,New,,MI 8 | 128GB | GOLD | 2018,,,,,,MI-8-1767,,,,,,,
MI 8,,,DEV-228,,XIAOMI,DEVICE,MOBILE PHONE,,,Pieces,,1,,,,,,Active,New,,MI 8 | 64GB | BLACK | 2018,,,,,,MI-8-1768,,,,,,,
MI 8,,,DEV-228,,XIAOMI,DEVICE,MOBILE PHONE,,,Pieces,,1,,,,,,Active,New,,MI 8 | 64GB | BLUE | 2018,,,,,,MI-8-1769,,,,,,,
MI 8,,,DEV-228,,XIAOMI,DEVICE,MOBILE PHONE,,,Pieces,,1,,,,,,Active,New,,MI 8 | 64GB | GOLD | 2018,,,,,,MI-8-1770,,,,,,,
MI 9,,,DEV-229,,XIAOMI,DEVICE,MOBILE PHONE,,,Pieces,,1,,,,,,Active,New,,MI 9 | 128GB | BLACK | 2019,,,,,,MI-9-1771,,,,,,,
MI 9,,,DEV-229,,XIAOMI,DEVICE,MOBILE PHONE,,,Pieces,,1,,,,,,Active,New,,MI 9 | 128GB | BLUE | 2019,,,,,,MI-9-1772,,,,,,,
MI 9,,,DEV-229,,XIAOMI,DEVICE,MOBILE PHONE,,,Pieces,,1,,,,,,Active,New,,MI 9 | 128GB | LAVENDER | 2019,,,,,,MI-9-1773,,,,,,,
MI 9,,,DEV-229,,XIAOMI,DEVICE,MOBILE PHONE,,,Pieces,,1,,,,,,Active,New,,MI 9 | 64GB | BLACK | 2019,,,,,,MI-9-1774,,,,,,,
MI 9,,,DEV-229,,XIAOMI,DEVICE,MOBILE PHONE,,,Pieces,,1,,,,,,Active,New,,MI 9 | 64GB | BLUE | 2019,,,,,,MI-9-1775,,,,,,,
MI 9,,,DEV-229,,XIAOMI,DEVICE,MOBILE PHONE,,,Pieces,,1,,,,,,Active,New,,MI 9 | 64GB | LAVENDER | 2019,,,,,,MI-9-1776,,,,,,,
GALAXY A35 5G,,,DEV-23,,SAMSUNG,DEVICE,MOBILE PHONE,,,Pieces,,1,,,,,,Active,New,,GALAXY A35 5G | 128GB | AWESOME ICEBLUE | 2024,,,,,,GAL-A33-166,,,,,,,
GALAXY A35 5G,,,DEV-23,,SAMSUNG,DEVICE,MOBILE PHONE,,,Pieces,,1,,,,,,Active,New,,GALAXY A35 5G | 128GB | AWESOME LILAC | 2024,,,,,,GAL-A33-167,,,,,,,
GALAXY A35 5G,,,DEV-23,,SAMSUNG,DEVICE,MOBILE PHONE,,,Pieces,,1,,,,,,Active,New,,GALAXY A35 5G | 128GB | AWESOME NAVY | 2024,,,,,,GAL-A33-168,,,,,,,
GALAXY A35 5G,,,DEV-23,,SAMSUNG,DEVICE,MOBILE PHONE,,,Pieces,,1,,,,,,Active,New,,GALAXY A35 5G | 256GB | AWESOME ICEBLUE | 2024,,,,,,GAL-A33-169,,,,,,,
GALAXY A35 5G,,,DEV-23,,SAMSUNG,DEVICE,MOBILE PHONE,,,Pieces,,1,,,,,,Active,New,,GALAXY A35 5G | 256GB | AWESOME LILAC | 2024,,,,,,GAL-A33-170,,,,,,,
GALAXY A35 5G,,,DEV-23,,SAMSUNG,DEVICE,MOBILE PHONE,,,Pieces,,1,,,,,,Active,New,,GALAXY A35 5G | 256GB | AWESOME NAVY | 2024,,,,,,GAL-A33-171,,,,,,,
MI MIX,,,DEV-230,,XIAOMI,DEVICE,MOBILE PHONE,,,Pieces,,1,,,,,,Active,New,,MI MIX | 16GB | BLACK | 2016,,,,,,MI-MIX-1777,,,,,,,
MI MIX,,,DEV-230,,XIAOMI,DEVICE,MOBILE PHONE,,,Pieces,,1,,,,,,Active,New,,MI MIX | 256GB | BLACK | 2016,,,,,,MI-MIX-1778,,,,,,,
MI NOTE 10,,,DEV-231,,XIAOMI,DEVICE,MOBILE PHONE,,,Pieces,,1,,,,,,Active,New,,MI NOTE 10 | 128GB | BLACK | 2019,,,,,,MI-10-1779,,,,,,,
MI NOTE 10,,,DEV-231,,XIAOMI,DEVICE,MOBILE PHONE,,,Pieces,,1,,,,,,Active,New,,MI NOTE 10 | 128GB | GREEN | 2019,,,,,,MI-10-1780,,,,,,,
MI NOTE 10,,,DEV-231,,XIAOMI,DEVICE,MOBILE PHONE,,,Pieces,,1,,,,,,Active,New,,MI NOTE 10 | 128GB | WHITE | 2019,,,,,,MI-10-1781,,,,,,,
MOTO E,,,DEV-232,,MOTOROLA,DEVICE,MOBILE PHONE,,,Pieces,,1,,,,,,Active,New,,MOTO E | 4GB | BLACK | 2014,,,,,,MOTO-E-1782,,,,,,,
MOTO E,,,DEV-232,,MOTOROLA,DEVICE,MOBILE PHONE,,,Pieces,,1,,,,,,Active,New,,MOTO E | 4GB | WHITE | 2014,,,,,,MOTO-E-1783,,,,,,,
MOTO E5,,,DEV-233,,MOTOROLA,DEVICE,MOBILE PHONE,,,Pieces,,1,,,,,,Active,New,,MOTO E5 | 16GB | FINE GOLD | 2018,,,,,,MOTO-E5-1784,,,,,,,
MOTO E5,,,DEV-233,,MOTOROLA,DEVICE,MOBILE PHONE,,,Pieces,,1,,,,,,Active,New,,MOTO E5 | 16GB | FLASH GRAY | 2018,,,,,,MOTO-E5-1785,,,,,,,
MOTO E5,,,DEV-233,,MOTOROLA,DEVICE,MOBILE PHONE,,,Pieces,,1,,,,,,Active,New,,MOTO E5 | 32GB | FINE GOLD | 2018,,,,,,MOTO-E5-1786,,,,,,,
MOTO E5,,,DEV-233,,MOTOROLA,DEVICE,MOBILE PHONE,,,Pieces,,1,,,,,,Active,New,,MOTO E5 | 32GB | FLASH GRAY | 2018,,,,,,MOTO-E5-1787,,,,,,,
MOTO EDGE 20,,,DEV-234,,MOTOROLA,DEVICE,MOBILE PHONE,,,Pieces,,1,,,,,,Active,New,,MOTO EDGE 20 | 128GB | FROSTED GRAY | 2021,,,,,,MOTO-20-1788,,,,,,,
MOTO EDGE 20,,,DEV-234,,MOTOROLA,DEVICE,MOBILE PHONE,,,Pieces,,1,,,,,,Active,New,,MOTO EDGE 20 | 128GB | FROSTED WHITE | 2021,,,,,,MOTO-20-1789,,,,,,,
MOTO EDGE 20,,,DEV-234,,MOTOROLA,DEVICE,MOBILE PHONE,,,Pieces,,1,,,,,,Active,New,,MOTO EDGE 20 | 256GB | FROSTED GRAY | 2021,,,,,,MOTO-20-1790,,,,,,,
MOTO EDGE 20,,,DEV-234,,MOTOROLA,DEVICE,MOBILE PHONE,,,Pieces,,1,,,,,,Active,New,,MOTO EDGE 20 | 256GB | FROSTED WHITE | 2021,,,,,,MOTO-20-1791,,,,,,,
MOTO EDGE 30 ULTRA,,,DEV-235,,MOTOROLA,DEVICE,MOBILE PHONE,,,Pieces,,1,,,,,,Active,New,,MOTO EDGE 30 ULTRA | 128GB | BLACK | 2022,,,,,,MOTO-30-1792,,,,,,,
MOTO EDGE 30 ULTRA,,,DEV-235,,MOTOROLA,DEVICE,MOBILE PHONE,,,Pieces,,1,,,,,,Active,New,,MOTO EDGE 30 ULTRA | 128GB | WHITE | 2022,,,,,,MOTO-30-1793,,,,,,,
MOTO EDGE 30 ULTRA,,,DEV-235,,MOTOROLA,DEVICE,MOBILE PHONE,,,Pieces,,1,,,,,,Active,New,,MOTO EDGE 30 ULTRA | 256GB | BLACK | 2022,,,,,,MOTO-30-1794,,,,,,,
MOTO EDGE 30 ULTRA,,,DEV-235,,MOTOROLA,DEVICE,MOBILE PHONE,,,Pieces,,1,,,,,,Active,New,,MOTO EDGE 30 ULTRA | 256GB | WHITE | 2022,,,,,,MOTO-30-1795,,,,,,,
MOTO EDGE 30 ULTRA,,,DEV-235,,MOTOROLA,DEVICE,MOBILE PHONE,,,Pieces,,1,,,,,,Active,New,,MOTO EDGE 30 ULTRA | 512GB | BLACK | 2022,,,,,,MOTO-30-1796,,,,,,,
MOTO EDGE 30 ULTRA,,,DEV-235,,MOTOROLA,DEVICE,MOBILE PHONE,,,Pieces,,1,,,,,,Active,New,,MOTO EDGE 30 ULTRA | 512GB | WHITE | 2022,,,,,,MOTO-30-1797,,,,,,,
MOTO EDGE 40,,,DEV-236,,MOTOROLA,DEVICE,MOBILE PHONE,,,Pieces,,1,,,,,,Active,New,,MOTO EDGE 40 | 256GB | ECLIPSE BLACK | 2023,,,,,,MOTO-40-1798,,,,,,,
MOTO EDGE 40,,,DEV-236,,MOTOROLA,DEVICE,MOBILE PHONE,,,Pieces,,1,,,,,,Active,New,,MOTO EDGE 40 | 256GB | NEBULA GREEN | 2023,,,,,,MOTO-40-1799,,,,,,,
MOTO EDGE 50 PRO,,,DEV-237,,MOTOROLA,DEVICE,MOBILE PHONE,,,Pieces,,1,,,,,,Active,New,,MOTO EDGE 50 PRO | 256GB | BLACK | 2024,,,,,,MOTO-50-1800,,,,,,,
MOTO EDGE 50 PRO,,,DEV-237,,MOTOROLA,DEVICE,MOBILE PHONE,,,Pieces,,1,,,,,,Active,New,,MOTO EDGE 50 PRO | 256GB | LAVENDER | 2024,,,,,,MOTO-50-1801,,,,,,,
MOTO EDGE 50 PRO,,,DEV-237,,MOTOROLA,DEVICE,MOBILE PHONE,,,Pieces,,1,,,,,,Active,New,,MOTO EDGE 50 PRO | 256GB | PEARL | 2024,,,,,,MOTO-50-1802,,,,,,,
MOTO EDGE 50 PRO,,,DEV-237,,MOTOROLA,DEVICE,MOBILE PHONE,,,Pieces,,1,,,,,,Active,New,,MOTO EDGE 50 PRO | 512GB | BLACK | 2024,,,,,,MOTO-50-1803,,,,,,,
MOTO EDGE 50 PRO,,,DEV-237,,MOTOROLA,DEVICE,MOBILE PHONE,,,Pieces,,1,,,,,,Active,New,,MOTO EDGE 50 PRO | 512GB | LAVENDER | 2024,,,,,,MOTO-50-1804,,,,,,,
MOTO EDGE 50 PRO,,,DEV-237,,MOTOROLA,DEVICE,MOBILE PHONE,,,Pieces,,1,,,,,,Active,New,,MOTO EDGE 50 PRO | 512GB | PEARL | 2024,,,,,,MOTO-50-1805,,,,,,,
MOTO EDGE 60,,,DEV-238,,MOTOROLA,DEVICE,MOBILE PHONE,,,Pieces,,1,,,,,,Active,New,,MOTO EDGE 60 | 256GB | BLUE | 2025,,,,,,MOTO-60-1806,,,,,,,
MOTO EDGE 60,,,DEV-238,,MOTOROLA,DEVICE,MOBILE PHONE,,,Pieces,,1,,,,,,Active,New,,MOTO EDGE 60 | 256GB | GRAY | 2025,,,,,,MOTO-60-1807,,,,,,,
MOTO EDGE 60,,,DEV-238,,MOTOROLA,DEVICE,MOBILE PHONE,,,Pieces,,1,,,,,,Active,New,,MOTO EDGE 60 | 256GB | GREN | 2025,,,,,,MOTO-60-1808,,,,,,,
MOTO EDGE 60 PRO,,,DEV-239,,MOTOROLA,DEVICE,MOBILE PHONE,,,Pieces,,1,,,,,,Active,New,,MOTO EDGE 60 PRO | 256GB | DAZZLING BLUE | 2025,,,,,,MOTO-60-1809,,,,,,,
MOTO EDGE 60 PRO,,,DEV-239,,MOTOROLA,DEVICE,MOBILE PHONE,,,Pieces,,1,,,,,,Active,New,,MOTO EDGE 60 PRO | 256GB | PANTONE SHADOW | 2025,,,,,,MOTO-60-1810,,,,,,,
MOTO EDGE 60 PRO,,,DEV-239,,MOTOROLA,DEVICE,MOBILE PHONE,,,Pieces,,1,,,,,,Active,New,,MOTO EDGE 60 PRO | 512GB | DAZZLING BLUE | 2025,,,,,,MOTO-60-1811,,,,,,,
MOTO EDGE 60 PRO,,,DEV-239,,MOTOROLA,DEVICE,MOBILE PHONE,,,Pieces,,1,,,,,,Active,New,,MOTO EDGE 60 PRO | 512GB | PANTONE SHADOW | 2025,,,,,,MOTO-60-1812,,,,,,,
GALAXY A50,,,DEV-24,,SAMSUNG,DEVICE,MOBILE PHONE,,,Pieces,,1,,,,,,Active,New,,GALAXY A50 | 128GB | BLACK | 2019,,,,,,GAL-A50-172,,,,,,,
GALAXY A50,,,DEV-24,,SAMSUNG,DEVICE,MOBILE PHONE,,,Pieces,,1,,,,,,Active,New,,GALAXY A50 | 128GB | BLUE | 2019,,,,,,GAL-A50-173,,,,,,,
GALAXY A50,,,DEV-24,,SAMSUNG,DEVICE,MOBILE PHONE,,,Pieces,,1,,,,,,Active,New,,GALAXY A50 | 128GB | CORAL | 2019,,,,,,GAL-A50-174,,,,,,,
GALAXY A50,,,DEV-24,,SAMSUNG,DEVICE,MOBILE PHONE,,,Pieces,,1,,,,,,Active,New,,GALAXY A50 | 128GB | WHITE | 2019,,,,,,GAL-A50-175,,,,,,,
GALAXY A50,,,DEV-24,,SAMSUNG,DEVICE,MOBILE PHONE,,,Pieces,,1,,,,,,Active,New,,GALAXY A50 | 64GB | BLACK | 2019,,,,,,GAL-A50-176,,,,,,,
GALAXY A50,,,DEV-24,,SAMSUNG,DEVICE,MOBILE PHONE,,,Pieces,,1,,,,,,Active,New,,GALAXY A50 | 64GB | BLUE | 2019,,,,,,GAL-A50-177,,,,,,,
GALAXY A50,,,DEV-24,,SAMSUNG,DEVICE,MOBILE PHONE,,,Pieces,,1,,,,,,Active,New,,GALAXY A50 | 64GB | CORAL | 2019,,,,,,GAL-A50-178,,,,,,,
GALAXY A50,,,DEV-24,,SAMSUNG,DEVICE,MOBILE PHONE,,,Pieces,,1,,,,,,Active,New,,GALAXY A50 | 64GB | WHITE | 2019,,,,,,GAL-A50-179,,,,,,,
MOTO G,,,DEV-240,,MOTOROLA,DEVICE,MOBILE PHONE,,,Pieces,,1,,,,,,Active,New,,MOTO G | 16GB | BLACK | 2013,,,,,,MOTO-G-1813,,,,,,,
MOTO G,,,DEV-240,,MOTOROLA,DEVICE,MOBILE PHONE,,,Pieces,,1,,,,,,Active,New,,MOTO G | 16GB | WHITE | 2013,,,,,,MOTO-G-1814,,,,,,,
MOTO G,,,DEV-240,,MOTOROLA,DEVICE,MOBILE PHONE,,,Pieces,,1,,,,,,Active,New,,MOTO G | 8GB | BLACK | 2013,,,,,,MOTO-G-1815,,,,,,,
MOTO G,,,DEV-240,,MOTOROLA,DEVICE,MOBILE PHONE,,,Pieces,,1,,,,,,Active,New,,MOTO G | 8GB | WHITE | 2013,,,,,,MOTO-G-1816,,,,,,,
MOTO G 2ND GEN,,,DEV-241,,MOTOROLA,DEVICE,MOBILE PHONE,,,Pieces,,1,,,,,,Active,New,,MOTO G 2ND GEN | 16GB | BLACK | 2014,,,,,,MOTO-G-1817,,,,,,,
MOTO G 2ND GEN,,,DEV-241,,MOTOROLA,DEVICE,MOBILE PHONE,,,Pieces,,1,,,,,,Active,New,,MOTO G 2ND GEN | 16GB | WHITE | 2014,,,,,,MOTO-G-1818,,,,,,,
MOTO G 2ND GEN,,,DEV-241,,MOTOROLA,DEVICE,MOBILE PHONE,,,Pieces,,1,,,,,,Active,New,,MOTO G 2ND GEN | 8GB | BLACK | 2014,,,,,,MOTO-G-1819,,,,,,,
MOTO G 2ND GEN,,,DEV-241,,MOTOROLA,DEVICE,MOBILE PHONE,,,Pieces,,1,,,,,,Active,New,,MOTO G 2ND GEN | 8GB | WHITE | 2014,,,,,,MOTO-G-1820,,,,,,,
MOTO G POWER,,,DEV-242,,MOTOROLA,DEVICE,MOBILE PHONE,,,Pieces,,1,,,,,,Active,New,,MOTO G POWER | 64GB | BLACK | 2020,,,,,,MOTO-G-1821,,,,,,,
MOTO G POWER,,,DEV-242,,MOTOROLA,DEVICE,MOBILE PHONE,,,Pieces,,1,,,,,,Active,New,,MOTO G POWER | 64GB | SMOKE BLACK | 2020,,,,,,MOTO-G-1822,,,,,,,
MOTO G POWER ,,,DEV-243,,MOTOROLA,DEVICE,MOBILE PHONE,,,Pieces,,1,,,,,,Active,New,,MOTO G POWER | 128GB | GRAY | 2021,,,,,,MOTO-G-1823,,,,,,,
MOTO G POWER ,,,DEV-243,,MOTOROLA,DEVICE,MOBILE PHONE,,,Pieces,,1,,,,,,Active,New,,MOTO G POWER | 128GB | SILVER | 2021,,,,,,MOTO-G-1824,,,,,,,
MOTO G POWER ,,,DEV-243,,MOTOROLA,DEVICE,MOBILE PHONE,,,Pieces,,1,,,,,,Active,New,,MOTO G POWER | 64GB | GRAY | 2021,,,,,,MOTO-G-1825,,,,,,,
MOTO G POWER ,,,DEV-243,,MOTOROLA,DEVICE,MOBILE PHONE,,,Pieces,,1,,,,,,Active,New,,MOTO G POWER | 64GB | SILVER | 2021,,,,,,MOTO-G-1826,,,,,,,
MOTO G STYLUS,,,DEV-244,,MOTOROLA,DEVICE,MOBILE PHONE,,,Pieces,,1,,,,,,Active,New,,MOTO G STYLUS | 128GB | AURORA WHITE | 2021,,,,,,MOTO-G-1827,,,,,,,
MOTO G STYLUS,,,DEV-244,,MOTOROLA,DEVICE,MOBILE PHONE,,,Pieces,,1,,,,,,Active,New,,MOTO G STYLUS | 128GB | BLACK | 2021,,,,,,MOTO-G-1828,,,,,,,
MOTO G STYLUS 5G ,,,DEV-245,,MOTOROLA,DEVICE,MOBILE PHONE,,,Pieces,,1,,,,,,Active,New,,MOTO G STYLUS 5G | 256GB | BLUE | 2025,,,,,,MOTO-G-1829,,,,,,,
MOTO G STYLUS 5G ,,,DEV-245,,MOTOROLA,DEVICE,MOBILE PHONE,,,Pieces,,1,,,,,,Active,New,,MOTO G STYLUS 5G | 256GB | WHITE | 2025,,,,,,MOTO-G-1830,,,,,,,
MOTO G TURBO EDITION,,,DEV-246,,MOTOROLA,DEVICE,MOBILE PHONE,,,Pieces,,1,,,,,,Active,New,,MOTO G TURBO EDITION | 16GB | BLACK | 2015,,,,,,MOTO-G-1831,,,,,,,
MOTO G04,,,DEV-247,,MOTOROLA,DEVICE,MOBILE PHONE,,,Pieces,,1,,,,,,Active,New,,MOTO G04 | 128GB | BLACK | 2024,,,,,,MOTO-G-1832,,,,,,,
MOTO G04,,,DEV-247,,MOTOROLA,DEVICE,MOBILE PHONE,,,Pieces,,1,,,,,,Active,New,,MOTO G04 | 128GB | BLUE | 2024,,,,,,MOTO-G-1833,,,,,,,
MOTO G04,,,DEV-247,,MOTOROLA,DEVICE,MOBILE PHONE,,,Pieces,,1,,,,,,Active,New,,MOTO G04 | 128GB | GREEN | 2024,,,,,,MOTO-G-1834,,,,,,,
MOTO G04,,,DEV-247,,MOTOROLA,DEVICE,MOBILE PHONE,,,Pieces,,1,,,,,,Active,New,,MOTO G04 | 64GB | BLACK | 2024,,,,,,MOTO-G-1835,,,,,,,
MOTO G04,,,DEV-247,,MOTOROLA,DEVICE,MOBILE PHONE,,,Pieces,,1,,,,,,Active,New,,MOTO G04 | 64GB | BLUE | 2024,,,,,,MOTO-G-1836,,,,,,,
MOTO G04,,,DEV-247,,MOTOROLA,DEVICE,MOBILE PHONE,,,Pieces,,1,,,,,,Active,New,,MOTO G04 | 64GB | GREEN | 2024,,,,,,MOTO-G-1837,,,,,,,
MOTO G100,,,DEV-248,,MOTOROLA,DEVICE,MOBILE PHONE,,,Pieces,,1,,,,,,Active,New,,MOTO G100 | 128GB | IRIDESCENT SKY | 2021,,,,,,MOTO-G-1838,,,,,,,
MOTO G100,,,DEV-248,,MOTOROLA,DEVICE,MOBILE PHONE,,,Pieces,,1,,,,,,Active,New,,MOTO G100 | 128GB | OCEAN BLUE | 2021,,,,,,MOTO-G-1839,,,,,,,
MOTO G24,,,DEV-249,,MOTOROLA,DEVICE,MOBILE PHONE,,,Pieces,,1,,,,,,Active,New,,MOTO G24 | 128GB | ICE GREEN | 2024,,,,,,MOTO-G-1840,,,,,,,
MOTO G24,,,DEV-249,,MOTOROLA,DEVICE,MOBILE PHONE,,,Pieces,,1,,,,,,Active,New,,MOTO G24 | 128GB | MATTE CHARCOAL | 2024,,,,,,MOTO-G-1841,,,,,,,
GALAXY A51,,,DEV-25,,SAMSUNG,DEVICE,MOBILE PHONE,,,Pieces,,1,,,,,,Active,New,,GALAXY A51 | 128GB | BLUE | 2020,,,,,,GAL-A51-180,,,,,,,
GALAXY A51,,,DEV-25,,SAMSUNG,DEVICE,MOBILE PHONE,,,Pieces,,1,,,,,,Active,New,,GALAXY A51 | 128GB | PINK | 2020,,,,,,GAL-A51-181,,,,,,,
GALAXY A51,,,DEV-25,,SAMSUNG,DEVICE,MOBILE PHONE,,,Pieces,,1,,,,,,Active,New,,GALAXY A51 | 128GB | PRISM BLACK | 2020,,,,,,GAL-A51-182,,,,,,,
GALAXY A51,,,DEV-25,,SAMSUNG,DEVICE,MOBILE PHONE,,,Pieces,,1,,,,,,Active,New,,GALAXY A51 | 128GB | WHITE | 2020,,,,,,GAL-A51-183,,,,,,,
GALAXY A51,,,DEV-25,,SAMSUNG,DEVICE,MOBILE PHONE,,,Pieces,,1,,,,,,Active,New,,GALAXY A51 | 64GB | BLUE | 2020,,,,,,GAL-A51-184,,,,,,,
GALAXY A51,,,DEV-25,,SAMSUNG,DEVICE,MOBILE PHONE,,,Pieces,,1,,,,,,Active,New,,GALAXY A51 | 64GB | PINK | 2020,,,,,,GAL-A51-185,,,,,,,
GALAXY A51,,,DEV-25,,SAMSUNG,DEVICE,MOBILE PHONE,,,Pieces,,1,,,,,,Active,New,,GALAXY A51 | 64GB | PRISM BLACK | 2020,,,,,,GAL-A51-186,,,,,,,
GALAXY A51,,,DEV-25,,SAMSUNG,DEVICE,MOBILE PHONE,,,Pieces,,1,,,,,,Active,New,,GALAXY A51 | 64GB | WHITE | 2020,,,,,,GAL-A51-187,,,,,,,
MOTO G5,,,DEV-250,,MOTOROLA,DEVICE,MOBILE PHONE,,,Pieces,,1,,,,,,Active,New,,MOTO G5 | 16GB | GOLD | 2017,,,,,,MOTO-G-1842,,,,,,,
MOTO G5,,,DEV-250,,MOTOROLA,DEVICE,MOBILE PHONE,,,Pieces,,1,,,,,,Active,New,,MOTO G5 | 16GB | GREY | 2017,,,,,,MOTO-G-1843,,,,,,,
MOTO G5,,,DEV-250,,MOTOROLA,DEVICE,MOBILE PHONE,,,Pieces,,1,,,,,,Active,New,,MOTO G5 | 32GB | GOLD | 2017,,,,,,MOTO-G-1844,,,,,,,
MOTO G5,,,DEV-250,,MOTOROLA,DEVICE,MOBILE PHONE,,,Pieces,,1,,,,,,Active,New,,MOTO G5 | 32GB | GREY | 2017,,,,,,MOTO-G-1845,,,,,,,
MOTO G5 PLUS,,,DEV-251,,MOTOROLA,DEVICE,MOBILE PHONE,,,Pieces,,1,,,,,,Active,New,,MOTO G5 PLUS | 32GB | GOLD | 2017,,,,,,MOTO-G-1846,,,,,,,
MOTO G5 PLUS,,,DEV-251,,MOTOROLA,DEVICE,MOBILE PHONE,,,Pieces,,1,,,,,,Active,New,,MOTO G5 PLUS | 32GB | GREY | 2017,,,,,,MOTO-G-1847,,,,,,,
MOTO G5 PLUS,,,DEV-251,,MOTOROLA,DEVICE,MOBILE PHONE,,,Pieces,,1,,,,,,Active,New,,MOTO G5 PLUS | 64GB | GOLD | 2017,,,,,,MOTO-G-1848,,,,,,,
MOTO G5 PLUS,,,DEV-251,,MOTOROLA,DEVICE,MOBILE PHONE,,,Pieces,,1,,,,,,Active,New,,MOTO G5 PLUS | 64GB | GREY | 2017,,,,,,MOTO-G-1849,,,,,,,
MOTO G52,,,DEV-252,,MOTOROLA,DEVICE,MOBILE PHONE,,,Pieces,,1,,,,,,Active,New,,MOTO G52 | 128GB | CHARCOAL GREY | 2022,,,,,,MOTO-G-1850,,,,,,,
MOTO G52,,,DEV-252,,MOTOROLA,DEVICE,MOBILE PHONE,,,Pieces,,1,,,,,,Active,New,,MOTO G52 | 128GB | PORCELAIN WHITE | 2022,,,,,,MOTO-G-1851,,,,,,,
MOTO G53,,,DEV-253,,MOTOROLA,DEVICE,MOBILE PHONE,,,Pieces,,1,,,,,,Active,New,,MOTO G53 | 128GB | ARCTIC SILVER | 2023,,,,,,MOTO-G-1852,,,,,,,
MOTO G53,,,DEV-253,,MOTOROLA,DEVICE,MOBILE PHONE,,,Pieces,,1,,,,,,Active,New,,MOTO G53 | 128GB | INK BLUE | 2023,,,,,,MOTO-G-1853,,,,,,,
MOTO G56,,,DEV-254,,MOTOROLA,DEVICE,MOBILE PHONE,,,Pieces,,1,,,,,,Active,New,,MOTO G56 | 128GB | BLACK | 2025,,,,,,MOTO-G-1854,,,,,,,
MOTO G56,,,DEV-254,,MOTOROLA,DEVICE,MOBILE PHONE,,,Pieces,,1,,,,,,Active,New,,MOTO G56 | 128GB | BLUE | 2025,,,,,,MOTO-G-1855,,,,,,,
MOTO G56,,,DEV-254,,MOTOROLA,DEVICE,MOBILE PHONE,,,Pieces,,1,,,,,,Active,New,,MOTO G56 | 256GB | BLACK | 2025,,,,,,MOTO-G-1856,,,,,,,
MOTO G56,,,DEV-254,,MOTOROLA,DEVICE,MOBILE PHONE,,,Pieces,,1,,,,,,Active,New,,MOTO G56 | 256GB | BLUE | 2025,,,,,,MOTO-G-1857,,,,,,,
MOTO G6,,,DEV-255,,MOTOROLA,DEVICE,MOBILE PHONE,,,Pieces,,1,,,,,,Active,New,,MOTO G6 | 32GB | BLACK | 2018,,,,,,MOTO-G-1858,,,,,,,
MOTO G6,,,DEV-255,,MOTOROLA,DEVICE,MOBILE PHONE,,,Pieces,,1,,,,,,Active,New,,MOTO G6 | 32GB | INDIGO | 2018,,,,,,MOTO-G-1859,,,,,,,
MOTO G6,,,DEV-255,,MOTOROLA,DEVICE,MOBILE PHONE,,,Pieces,,1,,,,,,Active,New,,MOTO G6 | 64GB | BLACK | 2018,,,,,,MOTO-G-1860,,,,,,,
MOTO G6,,,DEV-255,,MOTOROLA,DEVICE,MOBILE PHONE,,,Pieces,,1,,,,,,Active,New,,MOTO G6 | 64GB | INDIGO | 2018,,,,,,MOTO-G-1861,,,,,,,
MOTO G6 PLAY,,,DEV-256,,MOTOROLA,DEVICE,MOBILE PHONE,,,Pieces,,1,,,,,,Active,New,,MOTO G6 PLAY | 32GB | BLACK | 2018,,,,,,MOTO-G-1862,,,,,,,
MOTO G6 PLAY,,,DEV-256,,MOTOROLA,DEVICE,MOBILE PHONE,,,Pieces,,1,,,,,,Active,New,,MOTO G6 PLAY | 32GB | GOLD | 2018,,,,,,MOTO-G-1863,,,,,,,
MOTO G64,,,DEV-257,,MOTOROLA,DEVICE,MOBILE PHONE,,,Pieces,,1,,,,,,Active,New,,MOTO G64 | 128GB | MINT GREEN | 2024,,,,,,MOTO-G-1864,,,,,,,
MOTO G64,,,DEV-257,,MOTOROLA,DEVICE,MOBILE PHONE,,,Pieces,,1,,,,,,Active,New,,MOTO G64 | 128GB | PEARL BLUE | 2024,,,,,,MOTO-G-1865,,,,,,,
MOTO G64,,,DEV-257,,MOTOROLA,DEVICE,MOBILE PHONE,,,Pieces,,1,,,,,,Active,New,,MOTO G64 | 256GB | MINT GREEN | 2024,,,,,,MOTO-G-1866,,,,,,,
MOTO G64,,,DEV-257,,MOTOROLA,DEVICE,MOBILE PHONE,,,Pieces,,1,,,,,,Active,New,,MOTO G64 | 256GB | PEARL BLUE | 2024,,,,,,MOTO-G-1867,,,,,,,
MOTO G7,,,DEV-258,,MOTOROLA,DEVICE,MOBILE PHONE,,,Pieces,,1,,,,,,Active,New,,MOTO G7 | 64GB | CERAMIC BLACK | 2019,,,,,,MOTO-G-1868,,,,,,,
MOTO G7,,,DEV-258,,MOTOROLA,DEVICE,MOBILE PHONE,,,Pieces,,1,,,,,,Active,New,,MOTO G7 | 64GB | WHITE | 2019,,,,,,MOTO-G-1869,,,,,,,
MOTO G7 POWER,,,DEV-259,,MOTOROLA,DEVICE,MOBILE PHONE,,,Pieces,,1,,,,,,Active,New,,MOTO G7 POWER | 64GB | BLACK | 2019,,,,,,MOTO-G-1870,,,,,,,
MOTO G7 POWER,,,DEV-259,,MOTOROLA,DEVICE,MOBILE PHONE,,,Pieces,,1,,,,,,Active,New,,MOTO G7 POWER | 64GB | BLUE | 2019,,,,,,MOTO-G-1871,,,,,,,
GALAXY A52 5G,,,DEV-26,,SAMSUNG,DEVICE,MOBILE PHONE,,,Pieces,,1,,,,,,Active,New,,GALAXY A52 5G | 128GB | AWESOME BLACK | 2021,,,,,,GAL-A52-188,,,,,,,
GALAXY A52 5G,,,DEV-26,,SAMSUNG,DEVICE,MOBILE PHONE,,,Pieces,,1,,,,,,Active,New,,GALAXY A52 5G | 128GB | AWESOME BLUE | 2021,,,,,,GAL-A52-189,,,,,,,
GALAXY A52 5G,,,DEV-26,,SAMSUNG,DEVICE,MOBILE PHONE,,,Pieces,,1,,,,,,Active,New,,GALAXY A52 5G | 128GB | AWESOME VIOLET | 2021,,,,,,GAL-A52-190,,,,,,,
GALAXY A52 5G,,,DEV-26,,SAMSUNG,DEVICE,MOBILE PHONE,,,Pieces,,1,,,,,,Active,New,,GALAXY A52 5G | 128GB | AWESOME WHITE | 2021,,,,,,GAL-A52-191,,,,,,,
GALAXY A52 5G,,,DEV-26,,SAMSUNG,DEVICE,MOBILE PHONE,,,Pieces,,1,,,,,,Active,New,,GALAXY A52 5G | 256GB | AWESOME BLACK | 2021,,,,,,GAL-A52-192,,,,,,,
GALAXY A52 5G,,,DEV-26,,SAMSUNG,DEVICE,MOBILE PHONE,,,Pieces,,1,,,,,,Active,New,,GALAXY A52 5G | 256GB | AWESOME BLUE | 2021,,,,,,GAL-A52-193,,,,,,,
GALAXY A52 5G,,,DEV-26,,SAMSUNG,DEVICE,MOBILE PHONE,,,Pieces,,1,,,,,,Active,New,,GALAXY A52 5G | 256GB | AWESOME VIOLET | 2021,,,,,,GAL-A52-194,,,,,,,
GALAXY A52 5G,,,DEV-26,,SAMSUNG,DEVICE,MOBILE PHONE,,,Pieces,,1,,,,,,Active,New,,GALAXY A52 5G | 256GB | AWESOME WHITE | 2021,,,,,,GAL-A52-195,,,,,,,
MOTO G72,,,DEV-260,,MOTOROLA,DEVICE,MOBILE PHONE,,,Pieces,,1,,,,,,Active,New,,MOTO G72 | 128GB | METEORITE GREY | 2022,,,,,,MOTO-G-1872,,,,,,,
MOTO G72,,,DEV-260,,MOTOROLA,DEVICE,MOBILE PHONE,,,Pieces,,1,,,,,,Active,New,,MOTO G72 | 128GB | POLAR BLUE | 2022,,,,,,MOTO-G-1873,,,,,,,
MOTO G73,,,DEV-261,,MOTOROLA,DEVICE,MOBILE PHONE,,,Pieces,,1,,,,,,Active,New,,MOTO G73 | 128GB | LUCENT WHITE | 2023,,,,,,MOTO-G-1874,,,,,,,
MOTO G73,,,DEV-261,,MOTOROLA,DEVICE,MOBILE PHONE,,,Pieces,,1,,,,,,Active,New,,MOTO G73 | 128GB | MIDNIGHT BLUE | 2023,,,,,,MOTO-G-1875,,,,,,,
MOTO G73,,,DEV-261,,MOTOROLA,DEVICE,MOBILE PHONE,,,Pieces,,1,,,,,,Active,New,,MOTO G73 | 256GB | LUCENT WHITE | 2023,,,,,,MOTO-G-1876,,,,,,,
MOTO G73,,,DEV-261,,MOTOROLA,DEVICE,MOBILE PHONE,,,Pieces,,1,,,,,,Active,New,,MOTO G73 | 256GB | MIDNIGHT BLUE | 2023,,,,,,MOTO-G-1877,,,,,,,
MOTO G8,,,DEV-262,,MOTOROLA,DEVICE,MOBILE PHONE,,,Pieces,,1,,,,,,Active,New,,MOTO G8 | 64GB | NEON BLUE | 2020,,,,,,MOTO-G-1878,,,,,,,
MOTO G8,,,DEV-262,,MOTOROLA,DEVICE,MOBILE PHONE,,,Pieces,,1,,,,,,Active,New,,MOTO G8 | 64GB | WHITE | 2020,,,,,,MOTO-G-1879,,,,,,,
MOTO G84,,,DEV-263,,MOTOROLA,DEVICE,MOBILE PHONE,,,Pieces,,1,,,,,,Active,New,,MOTO G84 | 256GB | MARSHMALLOW BLUE | 2023,,,,,,MOTO-G-1880,,,,,,,
MOTO G84,,,DEV-263,,MOTOROLA,DEVICE,MOBILE PHONE,,,Pieces,,1,,,,,,Active,New,,MOTO G84 | 256GB | MIDNIGHT BLUE | 2023,,,,,,MOTO-G-1881,,,,,,,
MOTO G85,,,DEV-264,,MOTOROLA,DEVICE,MOBILE PHONE,,,Pieces,,1,,,,,,Active,New,,MOTO G85 | 256GB | COBALT BLUE | 2024,,,,,,MOTO-G-1882,,,,,,,
MOTO G85,,,DEV-264,,MOTOROLA,DEVICE,MOBILE PHONE,,,Pieces,,1,,,,,,Active,New,,MOTO G85 | 256GB | OLIVE GREEN | 2024,,,,,,MOTO-G-1883,,,,,,,
MOTO G9 PLUS,,,DEV-265,,MOTOROLA,DEVICE,MOBILE PHONE,,,Pieces,,1,,,,,,Active,New,,MOTO G9 PLUS | 128GB | BLUE | 2020,,,,,,MOTO-G-1884,,,,,,,
MOTO G9 PLUS,,,DEV-265,,MOTOROLA,DEVICE,MOBILE PHONE,,,Pieces,,1,,,,,,Active,New,,MOTO G9 PLUS | 128GB | ROSE GOLD | 2020,,,,,,MOTO-G-1885,,,,,,,
MOTO ONE,,,DEV-266,,MOTOROLA,DEVICE,MOBILE PHONE,,,Pieces,,1,,,,,,Active,New,,MOTO ONE | 64GB | BLACK | 2018,,,,,,MOTO-ONE-1886,,,,,,,
MOTO ONE,,,DEV-266,,MOTOROLA,DEVICE,MOBILE PHONE,,,Pieces,,1,,,,,,Active,New,,MOTO ONE | 64GB | WHITE | 2018,,,,,,MOTO-ONE-1887,,,,,,,
MOTO ONE ACTION,,,DEV-267,,MOTOROLA,DEVICE,MOBILE PHONE,,,Pieces,,1,,,,,,Active,New,,MOTO ONE ACTION | 128GB | BLACK | 2019,,,,,,MOTO-ONE-1888,,,,,,,
MOTO ONE ACTION,,,DEV-267,,MOTOROLA,DEVICE,MOBILE PHONE,,,Pieces,,1,,,,,,Active,New,,MOTO ONE ACTION | 128GB | WHITE | 2019,,,,,,MOTO-ONE-1889,,,,,,,
MOTO RAZR ,,,DEV-268,,MOTOROLA,DEVICE,MOBILE PHONE,,,Pieces,,1,,,,,,Active,New,,MOTO RAZR | 128GB | BLACK | 2022,,,,,,MOTO-RAZR-1890,,,,,,,
MOTO RAZR ,,,DEV-268,,MOTOROLA,DEVICE,MOBILE PHONE,,,Pieces,,1,,,,,,Active,New,,MOTO RAZR | 128GB | WHITE | 2022,,,,,,MOTO-RAZR-1891,,,,,,,
MOTO RAZR ,,,DEV-268,,MOTOROLA,DEVICE,MOBILE PHONE,,,Pieces,,1,,,,,,Active,New,,MOTO RAZR | 256GB | BLACK | 2022,,,,,,MOTO-RAZR-1892,,,,,,,
MOTO RAZR ,,,DEV-268,,MOTOROLA,DEVICE,MOBILE PHONE,,,Pieces,,1,,,,,,Active,New,,MOTO RAZR | 256GB | WHITE | 2022,,,,,,MOTO-RAZR-1893,,,,,,,
MOTO RAZR ,,,DEV-268,,MOTOROLA,DEVICE,MOBILE PHONE,,,Pieces,,1,,,,,,Active,New,,MOTO RAZR | 512GB | BLACK | 2022,,,,,,MOTO-RAZR-1894,,,,,,,
MOTO RAZR ,,,DEV-268,,MOTOROLA,DEVICE,MOBILE PHONE,,,Pieces,,1,,,,,,Active,New,,MOTO RAZR | 512GB | WHITE | 2022,,,,,,MOTO-RAZR-1895,,,,,,,
MOTO X,,,DEV-269,,MOTOROLA,DEVICE,MOBILE PHONE,,,Pieces,,1,,,,,,Active,New,,MOTO X | 16GB | BAMBOO | 2013,,,,,,MOTO-X-1896,,,,,,,
MOTO X,,,DEV-269,,MOTOROLA,DEVICE,MOBILE PHONE,,,Pieces,,1,,,,,,Active,New,,MOTO X | 16GB | BLACK | 2013,,,,,,MOTO-X-1897,,,,,,,
MOTO X,,,DEV-269,,MOTOROLA,DEVICE,MOBILE PHONE,,,Pieces,,1,,,,,,Active,New,,MOTO X | 16GB | WHITE | 2013,,,,,,MOTO-X-1898,,,,,,,
MOTO X,,,DEV-269,,MOTOROLA,DEVICE,MOBILE PHONE,,,Pieces,,1,,,,,,Active,New,,MOTO X | 32GB | BAMBOO | 2013,,,,,,MOTO-X-1899,,,,,,,
MOTO X,,,DEV-269,,MOTOROLA,DEVICE,MOBILE PHONE,,,Pieces,,1,,,,,,Active,New,,MOTO X | 32GB | BLACK | 2013,,,,,,MOTO-X-1900,,,,,,,
MOTO X,,,DEV-269,,MOTOROLA,DEVICE,MOBILE PHONE,,,Pieces,,1,,,,,,Active,New,,MOTO X | 32GB | WHITE | 2013,,,,,,MOTO-X-1901,,,,,,,
GALAXY A53 5G,,,DEV-27,,SAMSUNG,DEVICE,MOBILE PHONE,,,Pieces,,1,,,,,,Active,New,,GALAXY A53 5G | 128GB | AWESOME BLACK | 2022,,,,,,GAL-A52-196,,,,,,,
GALAXY A53 5G,,,DEV-27,,SAMSUNG,DEVICE,MOBILE PHONE,,,Pieces,,1,,,,,,Active,New,,GALAXY A53 5G | 128GB | AWESOME BLUE | 2022,,,,,,GAL-A52-197,,,,,,,
GALAXY A53 5G,,,DEV-27,,SAMSUNG,DEVICE,MOBILE PHONE,,,Pieces,,1,,,,,,Active,New,,GALAXY A53 5G | 128GB | AWESOME PEACH | 2022,,,,,,GAL-A52-198,,,,,,,
GALAXY A53 5G,,,DEV-27,,SAMSUNG,DEVICE,MOBILE PHONE,,,Pieces,,1,,,,,,Active,New,,GALAXY A53 5G | 128GB | AWESOME WHITE | 2022,,,,,,GAL-A52-199,,,,,,,
GALAXY A53 5G,,,DEV-27,,SAMSUNG,DEVICE,MOBILE PHONE,,,Pieces,,1,,,,,,Active,New,,GALAXY A53 5G | 256GB | AWESOME BLACK | 2022,,,,,,GAL-A52-200,,,,,,,
GALAXY A53 5G,,,DEV-27,,SAMSUNG,DEVICE,MOBILE PHONE,,,Pieces,,1,,,,,,Active,New,,GALAXY A53 5G | 256GB | AWESOME BLUE | 2022,,,,,,GAL-A52-201,,,,,,,
GALAXY A53 5G,,,DEV-27,,SAMSUNG,DEVICE,MOBILE PHONE,,,Pieces,,1,,,,,,Active,New,,GALAXY A53 5G | 256GB | AWESOME PEACH | 2022,,,,,,GAL-A52-202,,,,,,,
GALAXY A53 5G,,,DEV-27,,SAMSUNG,DEVICE,MOBILE PHONE,,,Pieces,,1,,,,,,Active,New,,GALAXY A53 5G | 256GB | AWESOME WHITE | 2022,,,,,,GAL-A52-203,,,,,,,
MOTO X STYLE,,,DEV-270,,MOTOROLA,DEVICE,MOBILE PHONE,,,Pieces,,1,,,,,,Active,New,,MOTO X STYLE | 16GB | BLACK | 2015,,,,,,MOTO-X-1902,,,,,,,
MOTO X STYLE,,,DEV-270,,MOTOROLA,DEVICE,MOBILE PHONE,,,Pieces,,1,,,,,,Active,New,,MOTO X STYLE | 16GB | WHITE | 2015,,,,,,MOTO-X-1903,,,,,,,
MOTO X STYLE,,,DEV-270,,MOTOROLA,DEVICE,MOBILE PHONE,,,Pieces,,1,,,,,,Active,New,,MOTO X STYLE | 32GB | BLACK | 2015,,,,,,MOTO-X-1904,,,,,,,
MOTO X STYLE,,,DEV-270,,MOTOROLA,DEVICE,MOBILE PHONE,,,Pieces,,1,,,,,,Active,New,,MOTO X STYLE | 32GB | WHITE | 2015,,,,,,MOTO-X-1905,,,,,,,
MOTO X STYLE,,,DEV-270,,MOTOROLA,DEVICE,MOBILE PHONE,,,Pieces,,1,,,,,,Active,New,,MOTO X STYLE | 64GB | BLACK | 2015,,,,,,MOTO-X-1906,,,,,,,
MOTO X STYLE,,,DEV-270,,MOTOROLA,DEVICE,MOBILE PHONE,,,Pieces,,1,,,,,,Active,New,,MOTO X STYLE | 64GB | WHITE | 2015,,,,,,MOTO-X-1907,,,,,,,
MOTO Z,,,DEV-271,,MOTOROLA,DEVICE,MOBILE PHONE,,,Pieces,,1,,,,,,Active,New,,MOTO Z | 32GB | BLACK | 2016,,,,,,MOTO-Z-1908,,,,,,,
MOTO Z,,,DEV-271,,MOTOROLA,DEVICE,MOBILE PHONE,,,Pieces,,1,,,,,,Active,New,,MOTO Z | 32GB | GOLD | 2016,,,,,,MOTO-Z-1909,,,,,,,
MOTO Z,,,DEV-271,,MOTOROLA,DEVICE,MOBILE PHONE,,,Pieces,,1,,,,,,Active,New,,MOTO Z | 32GB | WHITE | 2016,,,,,,MOTO-Z-1910,,,,,,,
MOTO Z,,,DEV-271,,MOTOROLA,DEVICE,MOBILE PHONE,,,Pieces,,1,,,,,,Active,New,,MOTO Z | 64GB | BLACK | 2016,,,,,,MOTO-Z-1911,,,,,,,
MOTO Z,,,DEV-271,,MOTOROLA,DEVICE,MOBILE PHONE,,,Pieces,,1,,,,,,Active,New,,MOTO Z | 64GB | GOLD | 2016,,,,,,MOTO-Z-1912,,,,,,,
MOTO Z,,,DEV-271,,MOTOROLA,DEVICE,MOBILE PHONE,,,Pieces,,1,,,,,,Active,New,,MOTO Z | 64GB | WHITE | 2016,,,,,,MOTO-Z-1913,,,,,,,
MOTO Z PLAY,,,DEV-272,,MOTOROLA,DEVICE,MOBILE PHONE,,,Pieces,,1,,,,,,Active,New,,MOTO Z PLAY | 32GB | BLACK | 2016,,,,,,MOTO-Z-1914,,,,,,,
MOTO Z PLAY,,,DEV-272,,MOTOROLA,DEVICE,MOBILE PHONE,,,Pieces,,1,,,,,,Active,New,,MOTO Z PLAY | 32GB | WHITE | 2016,,,,,,MOTO-Z-1915,,,,,,,
MOTO Z PLAY,,,DEV-272,,MOTOROLA,DEVICE,MOBILE PHONE,,,Pieces,,1,,,,,,Active,New,,MOTO Z PLAY | 64GB | BLACK | 2016,,,,,,MOTO-Z-1916,,,,,,,
MOTO Z PLAY,,,DEV-272,,MOTOROLA,DEVICE,MOBILE PHONE,,,Pieces,,1,,,,,,Active,New,,MOTO Z PLAY | 64GB | WHITE | 2016,,,,,,MOTO-Z-1917,,,,,,,
MOTO Z2 FORCE,,,DEV-273,,MOTOROLA,DEVICE,MOBILE PHONE,,,Pieces,,1,,,,,,Active,New,,MOTO Z2 FORCE | 64GB | BLACK | 2017,,,,,,MOTO-Z-1918,,,,,,,
MOTO Z2 FORCE,,,DEV-273,,MOTOROLA,DEVICE,MOBILE PHONE,,,Pieces,,1,,,,,,Active,New,,MOTO Z2 FORCE | 64GB | GOLD | 2017,,,,,,MOTO-Z-1919,,,,,,,
MOTOROLA RAZR,,,DEV-274,,MOTOROLA,DEVICE,MOBILE PHONE,,,Pieces,,1,,,,,,Active,New,,MOTOROLA RAZR | 128GB | BLUSH GOLD | 2019,,,,,,MOTO-RAZR-1920,,,,,,,
MOTOROLA RAZR,,,DEV-274,,MOTOROLA,DEVICE,MOBILE PHONE,,,Pieces,,1,,,,,,Active,New,,MOTOROLA RAZR | 128GB | NOIR BLACK | 2019,,,,,,MOTO-RAZR-1921,,,,,,,
MOTOROLA RAZR ,,,DEV-275,,MOTOROLA,DEVICE,MOBILE PHONE,,,Pieces,,1,,,,,,Active,New,,RAZR | 256GB | BLACK | 2025,,,,,,MOTO-RAZR-2131,,,,,,,
MOTOROLA RAZR ,,,DEV-275,,MOTOROLA,DEVICE,MOBILE PHONE,,,Pieces,,1,,,,,,Active,New,,RAZR | 256GB | BRIGHT WHITE | 2026,,,,,,MOTO-RAZR-2132,,,,,,,
MOTOROLA RAZR ,,,DEV-275,,MOTOROLA,DEVICE,MOBILE PHONE,,,Pieces,,1,,,,,,Active,New,,RAZR | 256GB | GREEN | 2025,,,,,,MOTO-RAZR-2133,,,,,,,
MOTOROLA RAZR ,,,DEV-275,,MOTOROLA,DEVICE,MOBILE PHONE,,,Pieces,,1,,,,,,Active,New,,RAZR | 256GB | PINK | 2025,,,,,,MOTO-RAZR-2134,,,,,,,
MOTOROLA RAZR ,,,DEV-275,,MOTOROLA,DEVICE,MOBILE PHONE,,,Pieces,,1,,,,,,Active,New,,RAZR | 256GB | SPORTING GREEN | 2026,,,,,,MOTO-RAZR-2135,,,,,,,
MOTOROLA RAZR ,,,DEV-275,,MOTOROLA,DEVICE,MOBILE PHONE,,,Pieces,,1,,,,,,Active,New,,RAZR | 256GB | VIOLET ICE | 2026,,,,,,MOTO-RAZR-2136,,,,,,,
MOTOROLA RAZR 40 ULTRA,,,DEV-276,,MOTOROLA,DEVICE,MOBILE PHONE,,,Pieces,,1,,,,,,Active,New,,MOTOROLA RAZR 40 ULTRA | 256GB | BLACK | 2023,,,,,,MOTO-RAZR-1922,,,,,,,
MOTOROLA RAZR 40 ULTRA,,,DEV-276,,MOTOROLA,DEVICE,MOBILE PHONE,,,Pieces,,1,,,,,,Active,New,,MOTOROLA RAZR 40 ULTRA | 256GB | VIVA MAGENTA | 2023,,,,,,MOTO-RAZR-1923,,,,,,,
MOTOROLA RAZR 40 ULTRA,,,DEV-276,,MOTOROLA,DEVICE,MOBILE PHONE,,,Pieces,,1,,,,,,Active,New,,MOTOROLA RAZR 40 ULTRA | 512GB | BLACK | 2023,,,,,,MOTO-RAZR-1924,,,,,,,
MOTOROLA RAZR 40 ULTRA,,,DEV-276,,MOTOROLA,DEVICE,MOBILE PHONE,,,Pieces,,1,,,,,,Active,New,,MOTOROLA RAZR 40 ULTRA | 512GB | VIVA MAGENTA | 2023,,,,,,MOTO-RAZR-1925,,,,,,,
MOTOROLA RAZR 50 ULTRA,,,DEV-277,,MOTOROLA,DEVICE,MOBILE PHONE,,,Pieces,,1,,,,,,Active,New,,MOTOROLA RAZR 50 ULTRA | 512GB | MIDNIGHT BLUE | 2024,,,,,,MOTO-RAZR-1926,,,,,,,
MOTOROLA RAZR 50 ULTRA,,,DEV-277,,MOTOROLA,DEVICE,MOBILE PHONE,,,Pieces,,1,,,,,,Active,New,,MOTOROLA RAZR 50 ULTRA | 512GB | PEACH FUZZ | 2024,,,,,,MOTO-RAZR-1927,,,,,,,
MOTOROLA RAZR 5G,,,DEV-278,,MOTOROLA,DEVICE,MOBILE PHONE,,,Pieces,,1,,,,,,Active,New,,MOTOROLA RAZR 5G | 256GB | MERCURY | 2020,,,,,,MOTO-RAZR-1928,,,,,,,
MOTOROLA RAZR 5G,,,DEV-278,,MOTOROLA,DEVICE,MOBILE PHONE,,,Pieces,,1,,,,,,Active,New,,MOTOROLA RAZR 5G | 256GB | POLISHED GRAPHITE | 2020,,,,,,MOTO-RAZR-1929,,,,,,,
MOTOROLA RAZR FOLD ,,,DEV-279,,MOTOROLA,DEVICE,MOBILE PHONE,,,Pieces,,1,,,,,,Active,New,,RAZR FOLD | 512GB | BLACK | 2026,,,,,,MOTO-RAZR-2137,,,,,,,
MOTOROLA RAZR FOLD ,,,DEV-279,,MOTOROLA,DEVICE,MOBILE PHONE,,,Pieces,,1,,,,,,Active,New,,RAZR FOLD | 512GB | TITANIUM | 2026,,,,,,MOTO-RAZR-2138,,,,,,,
GALAXY A54 5G,,,DEV-28,,SAMSUNG,DEVICE,MOBILE PHONE,,,Pieces,,1,,,,,,Active,New,,GALAXY A54 5G | 128GB | AWESOME GRAPHITE | 2023,,,,,,GAL-A52-204,,,,,,,
GALAXY A54 5G,,,DEV-28,,SAMSUNG,DEVICE,MOBILE PHONE,,,Pieces,,1,,,,,,Active,New,,GALAXY A54 5G | 128GB | AWESOME LIME | 2023,,,,,,GAL-A52-205,,,,,,,
GALAXY A54 5G,,,DEV-28,,SAMSUNG,DEVICE,MOBILE PHONE,,,Pieces,,1,,,,,,Active,New,,GALAXY A54 5G | 128GB | AWESOME VIOLET | 2023,,,,,,GAL-A52-206,,,,,,,
GALAXY A54 5G,,,DEV-28,,SAMSUNG,DEVICE,MOBILE PHONE,,,Pieces,,1,,,,,,Active,New,,GALAXY A54 5G | 128GB | AWESOME WHITE | 2023,,,,,,GAL-A52-207,,,,,,,
GALAXY A54 5G,,,DEV-28,,SAMSUNG,DEVICE,MOBILE PHONE,,,Pieces,,1,,,,,,Active,New,,GALAXY A54 5G | 256GB | AWESOME GRAPHITE | 2023,,,,,,GAL-A52-208,,,,,,,
GALAXY A54 5G,,,DEV-28,,SAMSUNG,DEVICE,MOBILE PHONE,,,Pieces,,1,,,,,,Active,New,,GALAXY A54 5G | 256GB | AWESOME LIME | 2023,,,,,,GAL-A52-209,,,,,,,
GALAXY A54 5G,,,DEV-28,,SAMSUNG,DEVICE,MOBILE PHONE,,,Pieces,,1,,,,,,Active,New,,GALAXY A54 5G | 256GB | AWESOME VIOLET | 2023,,,,,,GAL-A52-210,,,,,,,
GALAXY A54 5G,,,DEV-28,,SAMSUNG,DEVICE,MOBILE PHONE,,,Pieces,,1,,,,,,Active,New,,GALAXY A54 5G | 256GB | AWESOME WHITE | 2023,,,,,,GAL-A52-211,,,,,,,
MOTOROLA RAZR PLUS ,,,DEV-280,,MOTOROLA,DEVICE,MOBILE PHONE,,,Pieces,,1,,,,,,Active,New,,RAZR PLUS | 256GB | MOUNTAIN VIEW GREEN | 2026,,,,,,MOTO-RAZR-2139,,,,,,,
MOTOROLA RAZR PLUS ,,,DEV-280,,MOTOROLA,DEVICE,MOBILE PHONE,,,Pieces,,1,,,,,,Active,New,,RAZR PLUS | 512GB | MOUNTAIN VIEW GREEN | 2026,,,,,,MOTO-RAZR-2140,,,,,,,
MOTOROLA RAZR ULTRA ,,,DEV-281,,MOTOROLA,DEVICE,MOBILE PHONE,,,Pieces,,1,,,,,,Active,New,,RAZR ULTRA | 512GB | BLACK | 2025,,,,,,MOTO-RAZR-2141,,,,,,,
MOTOROLA RAZR ULTRA ,,,DEV-281,,MOTOROLA,DEVICE,MOBILE PHONE,,,Pieces,,1,,,,,,Active,New,,RAZR ULTRA | 512GB | BLUE | 2025,,,,,,MOTO-RAZR-2142,,,,,,,
MOTOROLA RAZR ULTRA ,,,DEV-281,,MOTOROLA,DEVICE,MOBILE PHONE,,,Pieces,,1,,,,,,Active,New,,RAZR ULTRA | 512GB | RED | 2025,,,,,,MOTO-RAZR-2143,,,,,,,
NEXUS 6,,,DEV-282,,NEXUS,DEVICE,MOBILE PHONE,,,Pieces,,1,,,,,,Active,New,,NEXUS 6 | 32GB | BLUE | 2014,,,,,,NEXUS-6-1930,,,,,,,
NEXUS 6,,,DEV-282,,GOOGLE,DEVICE,MOBILE PHONE,,,Pieces,,1,,,,,,Active,New,,NEXUS 6 | 32GB | WHITE | 2014,,,,,,NEXUS-6-1931,,,,,,,
NEXUS 6,,,DEV-282,,GOOGLE,DEVICE,MOBILE PHONE,,,Pieces,,1,,,,,,Active,New,,NEXUS 6 | 64GB | BLUE | 2014,,,,,,NEXUS-6-1932,,,,,,,
NEXUS 6,,,DEV-282,,GOOGLE,DEVICE,MOBILE PHONE,,,Pieces,,1,,,,,,Active,New,,NEXUS 6 | 64GB | WHITE | 2014,,,,,,NEXUS-6-1933,,,,,,,
ONEPLUS 10 PRO,,,DEV-283,,ONEPLUS,DEVICE,MOBILE PHONE,,,Pieces,,1,,,,,,Active,New,,ONEPLUS 10 PRO | 128GB | BLACK | 2022,,,,,,OP-10-1934,,,,,,,
ONEPLUS 10 PRO,,,DEV-283,,ONEPLUS,DEVICE,MOBILE PHONE,,,Pieces,,1,,,,,,Active,New,,ONEPLUS 10 PRO | 128GB | EMERALD | 2022,,,,,,OP-10-1935,,,,,,,
ONEPLUS 10 PRO,,,DEV-283,,ONEPLUS,DEVICE,MOBILE PHONE,,,Pieces,,1,,,,,,Active,New,,ONEPLUS 10 PRO | 256GB | BLACK | 2022,,,,,,OP-10-1936,,,,,,,
ONEPLUS 10 PRO,,,DEV-283,,ONEPLUS,DEVICE,MOBILE PHONE,,,Pieces,,1,,,,,,Active,New,,ONEPLUS 10 PRO | 256GB | EMERALD | 2022,,,,,,OP-10-1937,,,,,,,
ONEPLUS 11,,,DEV-284,,ONEPLUS,DEVICE,MOBILE PHONE,,,Pieces,,1,,,,,,Active,New,,ONEPLUS 11 | 128GB | ETERNAL GREEN | 2023,,,,,,OP-11-1938,,,,,,,
ONEPLUS 11,,,DEV-284,,ONEPLUS,DEVICE,MOBILE PHONE,,,Pieces,,1,,,,,,Active,New,,ONEPLUS 11 | 128GB | TITAN BLACK | 2023,,,,,,OP-11-1939,,,,,,,
ONEPLUS 11,,,DEV-284,,ONEPLUS,DEVICE,MOBILE PHONE,,,Pieces,,1,,,,,,Active,New,,ONEPLUS 11 | 256GB | ETERNAL GREEN | 2023,,,,,,OP-11-1940,,,,,,,
ONEPLUS 11,,,DEV-284,,ONEPLUS,DEVICE,MOBILE PHONE,,,Pieces,,1,,,,,,Active,New,,ONEPLUS 11 | 256GB | TITAN BLACK | 2023,,,,,,OP-11-1941,,,,,,,
ONEPLUS 12,,,DEV-285,,ONEPLUS,DEVICE,MOBILE PHONE,,,Pieces,,1,,,,,,Active,New,,ONEPLUS 12 | 256GB | BLACK | 2024,,,,,,OP-12-1942,,,,,,,
ONEPLUS 12,,,DEV-285,,ONEPLUS,DEVICE,MOBILE PHONE,,,Pieces,,1,,,,,,Active,New,,ONEPLUS 12 | 256GB | GREEN | 2024,,,,,,OP-12-1943,,,,,,,
ONEPLUS 12,,,DEV-285,,ONEPLUS,DEVICE,MOBILE PHONE,,,Pieces,,1,,,,,,Active,New,,ONEPLUS 12 | 256GB | WHITE | 2024,,,,,,OP-12-1944,,,,,,,
ONEPLUS 12,,,DEV-285,,ONEPLUS,DEVICE,MOBILE PHONE,,,Pieces,,1,,,,,,Active,New,,ONEPLUS 12 | 512GB | BLACK | 2024,,,,,,OP-12-1945,,,,,,,
ONEPLUS 12,,,DEV-285,,ONEPLUS,DEVICE,MOBILE PHONE,,,Pieces,,1,,,,,,Active,New,,ONEPLUS 12 | 512GB | GREEN | 2024,,,,,,OP-12-1946,,,,,,,
ONEPLUS 12,,,DEV-285,,ONEPLUS,DEVICE,MOBILE PHONE,,,Pieces,,1,,,,,,Active,New,,ONEPLUS 12 | 512GB | WHITE | 2024,,,,,,OP-12-1947,,,,,,,
ONEPLUS 13,,,DEV-286,,ONEPLUS,DEVICE,MOBILE PHONE,,,Pieces,,1,,,,,,Active,New,,ONEPLUS 13 | 1TB | BLACK | 2025,,,,,,OP-13-1948,,,,,,,
ONEPLUS 13,,,DEV-286,,ONEPLUS,DEVICE,MOBILE PHONE,,,Pieces,,1,,,,,,Active,New,,ONEPLUS 13 | 1TB | GREEN | 2025,,,,,,OP-13-1949,,,,,,,
ONEPLUS 13,,,DEV-286,,ONEPLUS,DEVICE,MOBILE PHONE,,,Pieces,,1,,,,,,Active,New,,ONEPLUS 13 | 1TB | WHITE | 2025,,,,,,OP-13-1950,,,,,,,
ONEPLUS 13,,,DEV-286,,ONEPLUS,DEVICE,MOBILE PHONE,,,Pieces,,1,,,,,,Active,New,,ONEPLUS 13 | 512GB | BLACK | 2025,,,,,,OP-13-1951,,,,,,,
ONEPLUS 13,,,DEV-286,,ONEPLUS,DEVICE,MOBILE PHONE,,,Pieces,,1,,,,,,Active,New,,ONEPLUS 13 | 512GB | GREEN | 2025,,,,,,OP-13-1952,,,,,,,
ONEPLUS 13,,,DEV-286,,ONEPLUS,DEVICE,MOBILE PHONE,,,Pieces,,1,,,,,,Active,New,,ONEPLUS 13 | 512GB | WHITE | 2025,,,,,,OP-13-1953,,,,,,,
ONEPLUS 2,,,DEV-287,,ONEPLUS,DEVICE,MOBILE PHONE,,,Pieces,,1,,,,,,Active,New,,ONEPLUS 2 | 16GB | BLACK | 2015,,,,,,OP-2-1954,,,,,,,
ONEPLUS 2,,,DEV-287,,ONEPLUS,DEVICE,MOBILE PHONE,,,Pieces,,1,,,,,,Active,New,,ONEPLUS 2 | 64GB | BLACK | 2015,,,,,,OP-2-1955,,,,,,,
ONEPLUS 3,,,DEV-288,,ONEPLUS,DEVICE,MOBILE PHONE,,,Pieces,,1,,,,,,Active,New,,ONEPLUS 3 | 64GB | GRAPHITE | 2016,,,,,,OP-3-1956,,,,,,,
ONEPLUS 3,,,DEV-288,,ONEPLUS,DEVICE,MOBILE PHONE,,,Pieces,,1,,,,,,Active,New,,ONEPLUS 3 | 64GB | SOFT GOLD | 2016,,,,,,OP-3-1957,,,,,,,
ONEPLUS 5,,,DEV-289,,ONEPLUS,DEVICE,MOBILE PHONE,,,Pieces,,1,,,,,,Active,New,,ONEPLUS 5 | 128GB | MIDNIGHT BLACK | 2017,,,,,,OP-5-1958,,,,,,,
ONEPLUS 5,,,DEV-289,,ONEPLUS,DEVICE,MOBILE PHONE,,,Pieces,,1,,,,,,Active,New,,ONEPLUS 5 | 128GB | SLATE GREY | 2017,,,,,,OP-5-1959,,,,,,,
ONEPLUS 5,,,DEV-289,,ONEPLUS,DEVICE,MOBILE PHONE,,,Pieces,,1,,,,,,Active,New,,ONEPLUS 5 | 64GB | MIDNIGHT BLACK | 2017,,,,,,OP-5-1960,,,,,,,
ONEPLUS 5,,,DEV-289,,ONEPLUS,DEVICE,MOBILE PHONE,,,Pieces,,1,,,,,,Active,New,,ONEPLUS 5 | 64GB | SLATE GREY | 2017,,,,,,OP-5-1961,,,,,,,
GALAXY A55 5G,,,DEV-29,,SAMSUNG,DEVICE,MOBILE PHONE,,,Pieces,,1,,,,,,Active,New,,GALAXY A55 5G | 128GB | AWESOME ICEBLUE | 2024,,,,,,GAL-A52-212,,,,,,,
GALAXY A55 5G,,,DEV-29,,SAMSUNG,DEVICE,MOBILE PHONE,,,Pieces,,1,,,,,,Active,New,,GALAXY A55 5G | 128GB | AWESOME LEMON | 2024,,,,,,GAL-A52-213,,,,,,,
GALAXY A55 5G,,,DEV-29,,SAMSUNG,DEVICE,MOBILE PHONE,,,Pieces,,1,,,,,,Active,New,,GALAXY A55 5G | 128GB | AWESOME LILAC | 2024,,,,,,GAL-A52-214,,,,,,,
GALAXY A55 5G,,,DEV-29,,SAMSUNG,DEVICE,MOBILE PHONE,,,Pieces,,1,,,,,,Active,New,,GALAXY A55 5G | 128GB | AWESOME NAVY | 2024,,,,,,GAL-A52-215,,,,,,,
GALAXY A55 5G,,,DEV-29,,SAMSUNG,DEVICE,MOBILE PHONE,,,Pieces,,1,,,,,,Active,New,,GALAXY A55 5G | 256GB | AWESOME ICEBLUE | 2024,,,,,,GAL-A52-216,,,,,,,
GALAXY A55 5G,,,DEV-29,,SAMSUNG,DEVICE,MOBILE PHONE,,,Pieces,,1,,,,,,Active,New,,GALAXY A55 5G | 256GB | AWESOME LEMON | 2024,,,,,,GAL-A52-217,,,,,,,
GALAXY A55 5G,,,DEV-29,,SAMSUNG,DEVICE,MOBILE PHONE,,,Pieces,,1,,,,,,Active,New,,GALAXY A55 5G | 256GB | AWESOME LILAC | 2024,,,,,,GAL-A52-218,,,,,,,
GALAXY A55 5G,,,DEV-29,,SAMSUNG,DEVICE,MOBILE PHONE,,,Pieces,,1,,,,,,Active,New,,GALAXY A55 5G | 256GB | AWESOME NAVY | 2024,,,,,,GAL-A52-219,,,,,,,
ONEPLUS 6,,,DEV-290,,ONEPLUS,DEVICE,MOBILE PHONE,,,Pieces,,1,,,,,,Active,New,,ONEPLUS 6 | 128GB | MIRROR BLACK | 2018,,,,,,OP-6-1962,,,,,,,
ONEPLUS 6,,,DEV-290,,ONEPLUS,DEVICE,MOBILE PHONE,,,Pieces,,1,,,,,,Active,New,,ONEPLUS 6 | 128GB | RED | 2018,,,,,,OP-6-1963,,,,,,,
ONEPLUS 6,,,DEV-290,,ONEPLUS,DEVICE,MOBILE PHONE,,,Pieces,,1,,,,,,Active,New,,ONEPLUS 6 | 128GB | SILK WHITE | 2018,,,,,,OP-6-1964,,,,,,,
ONEPLUS 6,,,DEV-290,,ONEPLUS,DEVICE,MOBILE PHONE,,,Pieces,,1,,,,,,Active,New,,ONEPLUS 6 | 256GB | MIRROR BLACK | 2018,,,,,,OP-6-1965,,,,,,,
ONEPLUS 6,,,DEV-290,,ONEPLUS,DEVICE,MOBILE PHONE,,,Pieces,,1,,,,,,Active,New,,ONEPLUS 6 | 256GB | RED | 2018,,,,,,OP-6-1966,,,,,,,
ONEPLUS 6,,,DEV-290,,ONEPLUS,DEVICE,MOBILE PHONE,,,Pieces,,1,,,,,,Active,New,,ONEPLUS 6 | 256GB | SILK WHITE | 2018,,,,,,OP-6-1967,,,,,,,
ONEPLUS 6,,,DEV-290,,ONEPLUS,DEVICE,MOBILE PHONE,,,Pieces,,1,,,,,,Active,New,,ONEPLUS 6 | 64GB | MIRROR BLACK | 2018,,,,,,OP-6-1968,,,,,,,
ONEPLUS 6,,,DEV-290,,ONEPLUS,DEVICE,MOBILE PHONE,,,Pieces,,1,,,,,,Active,New,,ONEPLUS 6 | 64GB | RED | 2018,,,,,,OP-6-1969,,,,,,,
ONEPLUS 6,,,DEV-290,,ONEPLUS,DEVICE,MOBILE PHONE,,,Pieces,,1,,,,,,Active,New,,ONEPLUS 6 | 64GB | SILK WHITE | 2018,,,,,,OP-6-1970,,,,,,,
ONEPLUS 7 PRO,,,DEV-291,,ONEPLUS,DEVICE,MOBILE PHONE,,,Pieces,,1,,,,,,Active,New,,ONEPLUS 7 PRO | 128GB | ALMOND | 2019,,,,,,OP-7-1971,,,,,,,
ONEPLUS 7 PRO,,,DEV-291,,ONEPLUS,DEVICE,MOBILE PHONE,,,Pieces,,1,,,,,,Active,New,,ONEPLUS 7 PRO | 128GB | GRAY | 2019,,,,,,OP-7-1972,,,,,,,
ONEPLUS 7 PRO,,,DEV-291,,ONEPLUS,DEVICE,MOBILE PHONE,,,Pieces,,1,,,,,,Active,New,,ONEPLUS 7 PRO | 128GB | NEBULA BLUE | 2019,,,,,,OP-7-1973,,,,,,,
ONEPLUS 7 PRO,,,DEV-291,,ONEPLUS,DEVICE,MOBILE PHONE,,,Pieces,,1,,,,,,Active,New,,ONEPLUS 7 PRO | 256GB | ALMOND | 2019,,,,,,OP-7-1974,,,,,,,
ONEPLUS 7 PRO,,,DEV-291,,ONEPLUS,DEVICE,MOBILE PHONE,,,Pieces,,1,,,,,,Active,New,,ONEPLUS 7 PRO | 256GB | GRAY | 2019,,,,,,OP-7-1975,,,,,,,
ONEPLUS 7 PRO,,,DEV-291,,ONEPLUS,DEVICE,MOBILE PHONE,,,Pieces,,1,,,,,,Active,New,,ONEPLUS 7 PRO | 256GB | NEBULA BLUE | 2019,,,,,,OP-7-1976,,,,,,,
ONEPLUS 8 PRO,,,DEV-292,,ONEPLUS,DEVICE,MOBILE PHONE,,,Pieces,,1,,,,,,Active,New,,ONEPLUS 8 PRO | 128GB | BLACK | 2020,,,,,,OP-8-1977,,,,,,,
ONEPLUS 8 PRO,,,DEV-292,,ONEPLUS,DEVICE,MOBILE PHONE,,,Pieces,,1,,,,,,Active,New,,ONEPLUS 8 PRO | 128GB | BLUE | 2020,,,,,,OP-8-1978,,,,,,,
ONEPLUS 8 PRO,,,DEV-292,,ONEPLUS,DEVICE,MOBILE PHONE,,,Pieces,,1,,,,,,Active,New,,ONEPLUS 8 PRO | 128GB | GREEN | 2020,,,,,,OP-8-1979,,,,,,,
ONEPLUS 8 PRO,,,DEV-292,,ONEPLUS,DEVICE,MOBILE PHONE,,,Pieces,,1,,,,,,Active,New,,ONEPLUS 8 PRO | 256GB | BLACK | 2020,,,,,,OP-8-1980,,,,,,,
ONEPLUS 8 PRO,,,DEV-292,,ONEPLUS,DEVICE,MOBILE PHONE,,,Pieces,,1,,,,,,Active,New,,ONEPLUS 8 PRO | 256GB | BLUE | 2020,,,,,,OP-8-1981,,,,,,,
ONEPLUS 8 PRO,,,DEV-292,,ONEPLUS,DEVICE,MOBILE PHONE,,,Pieces,,1,,,,,,Active,New,,ONEPLUS 8 PRO | 256GB | GREEN | 2020,,,,,,OP-8-1982,,,,,,,
ONEPLUS 9,,,DEV-293,,ONEPLUS,DEVICE,MOBILE PHONE,,,Pieces,,1,,,,,,Active,New,,ONEPLUS 9 | 128GB | ARCTIC SKY | 2021,,,,,,OP-9-1983,,,,,,,
ONEPLUS 9,,,DEV-293,,ONEPLUS,DEVICE,MOBILE PHONE,,,Pieces,,1,,,,,,Active,New,,ONEPLUS 9 | 128GB | BLACK | 2021,,,,,,OP-9-1984,,,,,,,
ONEPLUS 9,,,DEV-293,,ONEPLUS,DEVICE,MOBILE PHONE,,,Pieces,,1,,,,,,Active,New,,ONEPLUS 9 | 128GB | WINTER MIST | 2021,,,,,,OP-9-1985,,,,,,,
ONEPLUS 9,,,DEV-293,,ONEPLUS,DEVICE,MOBILE PHONE,,,Pieces,,1,,,,,,Active,New,,ONEPLUS 9 | 256GB | ARCTIC SKY | 2021,,,,,,OP-9-1986,,,,,,,
ONEPLUS 9,,,DEV-293,,ONEPLUS,DEVICE,MOBILE PHONE,,,Pieces,,1,,,,,,Active,New,,ONEPLUS 9 | 256GB | BLACK | 2021,,,,,,OP-9-1987,,,,,,,
ONEPLUS 9,,,DEV-293,,ONEPLUS,DEVICE,MOBILE PHONE,,,Pieces,,1,,,,,,Active,New,,ONEPLUS 9 | 256GB | WINTER MIST | 2021,,,,,,OP-9-1988,,,,,,,
ONEPLUS 9 PRO,,,DEV-294,,ONEPLUS,DEVICE,MOBILE PHONE,,,Pieces,,1,,,,,,Active,New,,ONEPLUS 9 PRO | 128GB | MORNING MIST | 2021,,,,,,OP-9-1989,,,,,,,
ONEPLUS 9 PRO,,,DEV-294,,ONEPLUS,DEVICE,MOBILE PHONE,,,Pieces,,1,,,,,,Active,New,,ONEPLUS 9 PRO | 128GB | PINE GREEN | 2021,,,,,,OP-9-1990,,,,,,,
ONEPLUS 9 PRO,,,DEV-294,,ONEPLUS,DEVICE,MOBILE PHONE,,,Pieces,,1,,,,,,Active,New,,ONEPLUS 9 PRO | 256GB | MORNING MIST | 2021,,,,,,OP-9-1991,,,,,,,
ONEPLUS 9 PRO,,,DEV-294,,ONEPLUS,DEVICE,MOBILE PHONE,,,Pieces,,1,,,,,,Active,New,,ONEPLUS 9 PRO | 256GB | PINE GREEN | 2021,,,,,,OP-9-1992,,,,,,,
ONEPLUS NORD,,,DEV-295,,ONEPLUS,DEVICE,MOBILE PHONE,,,Pieces,,1,,,,,,Active,New,,ONEPLUS NORD | 128GB | BLUE MARBLE | 2020,,,,,,OP-NORD-1993,,,,,,,
ONEPLUS NORD,,,DEV-295,,ONEPLUS,DEVICE,MOBILE PHONE,,,Pieces,,1,,,,,,Active,New,,ONEPLUS NORD | 128GB | GRAY ONYX | 2020,,,,,,OP-NORD-1994,,,,,,,
ONEPLUS NORD,,,DEV-295,,ONEPLUS,DEVICE,MOBILE PHONE,,,Pieces,,1,,,,,,Active,New,,ONEPLUS NORD | 256GB | BLUE MARBLE | 2020,,,,,,OP-NORD-1995,,,,,,,
ONEPLUS NORD,,,DEV-295,,ONEPLUS,DEVICE,MOBILE PHONE,,,Pieces,,1,,,,,,Active,New,,ONEPLUS NORD | 256GB | GRAY ONYX | 2020,,,,,,OP-NORD-1996,,,,,,,
ONEPLUS NORD,,,DEV-295,,ONEPLUS,DEVICE,MOBILE PHONE,,,Pieces,,1,,,,,,Active,New,,ONEPLUS NORD | 64GB | BLUE MARBLE | 2020,,,,,,OP-NORD-1997,,,,,,,
ONEPLUS NORD,,,DEV-295,,ONEPLUS,DEVICE,MOBILE PHONE,,,Pieces,,1,,,,,,Active,New,,ONEPLUS NORD | 64GB | GRAY ONYX | 2020,,,,,,OP-NORD-1998,,,,,,,
ONEPLUS NORD 2T,,,DEV-296,,ONEPLUS,DEVICE,MOBILE PHONE,,,Pieces,,1,,,,,,Active,New,,ONEPLUS NORD 2T | 128GB | GRAY SHADOW | 2022,,,,,,OP-2T-1999,,,,,,,
ONEPLUS NORD 2T,,,DEV-296,,ONEPLUS,DEVICE,MOBILE PHONE,,,Pieces,,1,,,,,,Active,New,,ONEPLUS NORD 2T | 128GB | JADE FOG | 2022,,,,,,OP-2T-2000,,,,,,,
ONEPLUS NORD 2T,,,DEV-296,,ONEPLUS,DEVICE,MOBILE PHONE,,,Pieces,,1,,,,,,Active,New,,ONEPLUS NORD 2T | 256GB | GRAY SHADOW | 2022,,,,,,OP-2T-2001,,,,,,,
ONEPLUS NORD 2T,,,DEV-296,,ONEPLUS,DEVICE,MOBILE PHONE,,,Pieces,,1,,,,,,Active,New,,ONEPLUS NORD 2T | 256GB | JADE FOG | 2022,,,,,,OP-2T-2002,,,,,,,
ONEPLUS NORD 4,,,DEV-297,,ONEPLUS,DEVICE,MOBILE PHONE,,,Pieces,,1,,,,,,Active,New,,ONEPLUS NORD 4 | 256GB | BLACK | 2024,,,,,,OP-4-2003,,,,,,,
ONEPLUS NORD 4,,,DEV-297,,ONEPLUS,DEVICE,MOBILE PHONE,,,Pieces,,1,,,,,,Active,New,,ONEPLUS NORD 4 | 256GB | GREEN | 2024,,,,,,OP-4-2004,,,,,,,
ONEPLUS NORD 4,,,DEV-297,,ONEPLUS,DEVICE,MOBILE PHONE,,,Pieces,,1,,,,,,Active,New,,ONEPLUS NORD 4 | 256GB | SILVER | 2024,,,,,,OP-4-2005,,,,,,,
ONEPLUS NORD 4,,,DEV-297,,ONEPLUS,DEVICE,MOBILE PHONE,,,Pieces,,1,,,,,,Active,New,,ONEPLUS NORD 4 | 512GB | BLACK | 2024,,,,,,OP-4-2006,,,,,,,
ONEPLUS NORD 4,,,DEV-297,,ONEPLUS,DEVICE,MOBILE PHONE,,,Pieces,,1,,,,,,Active,New,,ONEPLUS NORD 4 | 512GB | GREEN | 2024,,,,,,OP-4-2007,,,,,,,
ONEPLUS NORD 4,,,DEV-297,,ONEPLUS,DEVICE,MOBILE PHONE,,,Pieces,,1,,,,,,Active,New,,ONEPLUS NORD 4 | 512GB | SILVER | 2024,,,,,,OP-4-2008,,,,,,,
ONEPLUS ONE,,,DEV-298,,ONEPLUS,DEVICE,MOBILE PHONE,,,Pieces,,1,,,,,,Active,New,,ONEPLUS ONE | 16GB | BLACK | 2014,,,,,,OP-ONE-2009,,,,,,,
ONEPLUS ONE,,,DEV-298,,ONEPLUS,DEVICE,MOBILE PHONE,,,Pieces,,1,,,,,,Active,New,,ONEPLUS ONE | 16GB | WHITE | 2014,,,,,,OP-ONE-2010,,,,,,,
ONEPLUS ONE,,,DEV-298,,ONEPLUS,DEVICE,MOBILE PHONE,,,Pieces,,1,,,,,,Active,New,,ONEPLUS ONE | 64GB | BLACK | 2014,,,,,,OP-ONE-2011,,,,,,,
ONEPLUS ONE,,,DEV-298,,ONEPLUS,DEVICE,MOBILE PHONE,,,Pieces,,1,,,,,,Active,New,,ONEPLUS ONE | 64GB | WHITE | 2014,,,,,,OP-ONE-2012,,,,,,,
ONEPLUS OPEN,,,DEV-299,,ONEPLUS,DEVICE,MOBILE PHONE,,,Pieces,,1,,,,,,Active,New,,ONEPLUS OPEN | 512GB | BLACK | 2023,,,,,,OP-OPEN-2013,,,,,,,
ONEPLUS OPEN,,,DEV-299,,ONEPLUS,DEVICE,MOBILE PHONE,,,Pieces,,1,,,,,,Active,New,,ONEPLUS OPEN | 512GB | GREEN | 2023,,,,,,OP-OPEN-2014,,,,,,,
GALAXY A03,,,DEV-3,,SAMSUNG,DEVICE,MOBILE PHONE,,,Pieces,,1,,,,,,Active,New,,GALAXY A03 | 128GB | BLACK | 2021,,,,,,GAL-A03-13,,,,,,,
GALAXY A03,,,DEV-3,,SAMSUNG,DEVICE,MOBILE PHONE,,,Pieces,,1,,,,,,Active,New,,GALAXY A03 | 128GB | BLUE | 2021,,,,,,GAL-A03-14,,,,,,,
GALAXY A03,,,DEV-3,,SAMSUNG,DEVICE,MOBILE PHONE,,,Pieces,,1,,,,,,Active,New,,GALAXY A03 | 128GB | RED | 2021,,,,,,GAL-A03-15,,,,,,,
GALAXY A03,,,DEV-3,,SAMSUNG,DEVICE,MOBILE PHONE,,,Pieces,,1,,,,,,Active,New,,GALAXY A03 | 32GB | BLACK | 2021,,,,,,GAL-A03-16,,,,,,,
GALAXY A03,,,DEV-3,,SAMSUNG,DEVICE,MOBILE PHONE,,,Pieces,,1,,,,,,Active,New,,GALAXY A03 | 32GB | BLUE | 2021,,,,,,GAL-A03-17,,,,,,,
GALAXY A03,,,DEV-3,,SAMSUNG,DEVICE,MOBILE PHONE,,,Pieces,,1,,,,,,Active,New,,GALAXY A03 | 32GB | RED | 2021,,,,,,GAL-A03-18,,,,,,,
GALAXY A03,,,DEV-3,,SAMSUNG,DEVICE,MOBILE PHONE,,,Pieces,,1,,,,,,Active,New,,GALAXY A03 | 64GB | BLACK | 2021,,,,,,GAL-A03-19,,,,,,,
GALAXY A03,,,DEV-3,,SAMSUNG,DEVICE,MOBILE PHONE,,,Pieces,,1,,,,,,Active,New,,GALAXY A03 | 64GB | BLUE | 2021,,,,,,GAL-A03-20,,,,,,,
GALAXY A03,,,DEV-3,,SAMSUNG,DEVICE,MOBILE PHONE,,,Pieces,,1,,,,,,Active,New,,GALAXY A03 | 64GB | RED | 2021,,,,,,GAL-A03-21,,,,,,,
GALAXY A70,,,DEV-30,,SAMSUNG,DEVICE,MOBILE PHONE,,,Pieces,,1,,,,,,Active,New,,GALAXY A70 | 128GB | BLACK | 2019,,,,,,GAL-A70-220,,,,,,,
GALAXY A70,,,DEV-30,,SAMSUNG,DEVICE,MOBILE PHONE,,,Pieces,,1,,,,,,Active,New,,GALAXY A70 | 128GB | BLUE | 2019,,,,,,GAL-A70-221,,,,,,,
GALAXY A70,,,DEV-30,,SAMSUNG,DEVICE,MOBILE PHONE,,,Pieces,,1,,,,,,Active,New,,GALAXY A70 | 128GB | CORAL | 2019,,,,,,GAL-A70-222,,,,,,,
GALAXY A70,,,DEV-30,,SAMSUNG,DEVICE,MOBILE PHONE,,,Pieces,,1,,,,,,Active,New,,GALAXY A70 | 128GB | WHITE | 2019,,,,,,GAL-A70-223,,,,,,,
ONEPLUS X,,,DEV-300,,ONEPLUS,DEVICE,MOBILE PHONE,,,Pieces,,1,,,,,,Active,New,,ONEPLUS X | 16GB | BLACK | 2015,,,,,,OP-X-2015,,,,,,,
ONEPLUS X,,,DEV-300,,ONEPLUS,DEVICE,MOBILE PHONE,,,Pieces,,1,,,,,,Active,New,,ONEPLUS X | 16GB | WHITE | 2015,,,,,,OP-X-2016,,,,,,,
PIXEL,,,DEV-301,,GOOGLE,DEVICE,MOBILE PHONE,,,Pieces,,1,,,,,,Active,New,,PIXEL | 128GB | QUITE BLACK | 2016,,,,,,PIXEL--2017,,,,,,,
PIXEL,,,DEV-301,,GOOGLE,DEVICE,MOBILE PHONE,,,Pieces,,1,,,,,,Active,New,,PIXEL | 128GB | VERY SILVER | 2016,,,,,,PIXEL--2018,,,,,,,
PIXEL,,,DEV-301,,GOOGLE PIXEL,DEVICE,MOBILE PHONE,,,Pieces,,1,,,,,,Active,New,,PIXEL | 32GB | QUITE BLACK | 2016,,,,,,PIXEL--2019,,,,,,,
PIXEL,,,DEV-301,,GOOGLE,DEVICE,MOBILE PHONE,,,Pieces,,1,,,,,,Active,New,,PIXEL | 32GB | VERY SILVER | 2016,,,,,,PIXEL--2020,,,,,,,
PIXEL 10,,,DEV-302,,GOOGLE,DEVICE,MOBILE PHONE,,,Pieces,,1,,,,,,Active,New,,PIXEL 10 | 256GB | BLUE | 2025,,,,,,PIXEL-PIXEL-10-2021,,,,,,,
PIXEL 10,,,DEV-302,,GOOGLE PIXEL,DEVICE,MOBILE PHONE,,,Pieces,,1,,,,,,Active,New,,PIXEL 10 | 256GB | OBSIDIAN | 2025,,,,,,PIXEL-PIXEL-10-2022,,,,,,,
PIXEL 10,,,DEV-302,,GOOGLE,DEVICE,MOBILE PHONE,,,Pieces,,1,,,,,,Active,New,,PIXEL 10 | 256GB | SILVER | 2025,,,,,,PIXEL-PIXEL-10-2023,,,,,,,
PIXEL 10,,,DEV-302,,GOOGLE,DEVICE,MOBILE PHONE,,,Pieces,,1,,,,,,Active,New,,PIXEL 10 | 512GB | BLUE | 2025,,,,,,PIXEL-PIXEL-10-2024,,,,,,,
PIXEL 10,,,DEV-302,,GOOGLE,DEVICE,MOBILE PHONE,,,Pieces,,1,,,,,,Active,New,,PIXEL 10 | 512GB | OBSIDIAN | 2025,,,,,,PIXEL-PIXEL-10-2025,,,,,,,
PIXEL 10,,,DEV-302,,GOOGLE,DEVICE,MOBILE PHONE,,,Pieces,,1,,,,,,Active,New,,PIXEL 10 | 512GB | SILVER | 2025,,,,,,PIXEL-PIXEL-10-2026,,,,,,,
PIXEL 2,,,DEV-303,,GOOGLE,DEVICE,MOBILE PHONE,,,Pieces,,1,,,,,,Active,New,,PIXEL 2 | 128GB | BLACK | 2017,,,,,,PIXEL-2-2027,,,,,,,
PIXEL 2,,,DEV-303,,GOOGLE,DEVICE,MOBILE PHONE,,,Pieces,,1,,,,,,Active,New,,PIXEL 2 | 128GB | BLUE | 2017,,,,,,PIXEL-2-2028,,,,,,,
PIXEL 2,,,DEV-303,,GOOGLE,DEVICE,MOBILE PHONE,,,Pieces,,1,,,,,,Active,New,,PIXEL 2 | 128GB | WHITE | 2017,,,,,,PIXEL-2-2029,,,,,,,
PIXEL 2,,,DEV-303,,GOOGLE PIXEL,DEVICE,MOBILE PHONE,,,Pieces,,1,,,,,,Active,New,,PIXEL 2 | 64GB | BLACK | 2017,,,,,,PIXEL-2-2030,,,,,,,
PIXEL 2,,,DEV-303,,GOOGLE,DEVICE,MOBILE PHONE,,,Pieces,,1,,,,,,Active,New,,PIXEL 2 | 64GB | BLUE | 2017,,,,,,PIXEL-2-2031,,,,,,,
PIXEL 2,,,DEV-303,,GOOGLE,DEVICE,MOBILE PHONE,,,Pieces,,1,,,,,,Active,New,,PIXEL 2 | 64GB | WHITE | 2017,,,,,,PIXEL-2-2032,,,,,,,
PIXEL 3,,,DEV-304,,GOOGLE,DEVICE,MOBILE PHONE,,,Pieces,,1,,,,,,Active,New,,PIXEL 3 | 128GB | BLACK | 2018,,,,,,PIXEL-3-2033,,,,,,,
PIXEL 3,,,DEV-304,,GOOGLE,DEVICE,MOBILE PHONE,,,Pieces,,1,,,,,,Active,New,,PIXEL 3 | 128GB | PINK | 2018,,,,,,PIXEL-3-2034,,,,,,,
PIXEL 3,,,DEV-304,,GOOGLE,DEVICE,MOBILE PHONE,,,Pieces,,1,,,,,,Active,New,,PIXEL 3 | 128GB | WHITE | 2018,,,,,,PIXEL-3-2035,,,,,,,
PIXEL 3,,,DEV-304,,GOOGLE PIXEL,DEVICE,MOBILE PHONE,,,Pieces,,1,,,,,,Active,New,,PIXEL 3 | 64GB | BLACK | 2018,,,,,,PIXEL-3-2036,,,,,,,
PIXEL 3,,,DEV-304,,GOOGLE,DEVICE,MOBILE PHONE,,,Pieces,,1,,,,,,Active,New,,PIXEL 3 | 64GB | PINK | 2018,,,,,,PIXEL-3-2037,,,,,,,
PIXEL 3,,,DEV-304,,GOOGLE,DEVICE,MOBILE PHONE,,,Pieces,,1,,,,,,Active,New,,PIXEL 3 | 64GB | WHITE | 2018,,,,,,PIXEL-3-2038,,,,,,,
PIXEL 3A,,,DEV-305,,GOOGLE PIXEL,DEVICE,MOBILE PHONE,,,Pieces,,1,,,,,,Active,New,,PIXEL 3A | 64GB | BLACK | 2019,,,,,,PIXEL-3A-2039,,,,,,,
PIXEL 3A,,,DEV-305,,GOOGLE,DEVICE,MOBILE PHONE,,,Pieces,,1,,,,,,Active,New,,PIXEL 3A | 64GB | PURPLE | 2019,,,,,,PIXEL-3A-2040,,,,,,,
PIXEL 3A,,,DEV-305,,GOOGLE,DEVICE,MOBILE PHONE,,,Pieces,,1,,,,,,Active,New,,PIXEL 3A | 64GB | WHITE | 2019,,,,,,PIXEL-3A-2041,,,,,,,
PIXEL 4,,,DEV-306,,GOOGLE,DEVICE,MOBILE PHONE,,,Pieces,,1,,,,,,Active,New,,PIXEL 4 | 128GB | BLACK | 2019,,,,,,PIXEL-4-2042,,,,,,,
PIXEL 4,,,DEV-306,,GOOGLE,DEVICE,MOBILE PHONE,,,Pieces,,1,,,,,,Active,New,,PIXEL 4 | 128GB | ORANGE | 2019,,,,,,PIXEL-4-2043,,,,,,,
PIXEL 4,,,DEV-306,,GOOGLE,DEVICE,MOBILE PHONE,,,Pieces,,1,,,,,,Active,New,,PIXEL 4 | 128GB | WHITE | 2019,,,,,,PIXEL-4-2044,,,,,,,
PIXEL 4,,,DEV-306,,GOOGLE PIXEL,DEVICE,MOBILE PHONE,,,Pieces,,1,,,,,,Active,New,,PIXEL 4 | 64GB | BLACK | 2019,,,,,,PIXEL-4-2045,,,,,,,
PIXEL 4,,,DEV-306,,GOOGLE,DEVICE,MOBILE PHONE,,,Pieces,,1,,,,,,Active,New,,PIXEL 4 | 64GB | ORANGE | 2019,,,,,,PIXEL-4-2046,,,,,,,
PIXEL 4,,,DEV-306,,GOOGLE,DEVICE,MOBILE PHONE,,,Pieces,,1,,,,,,Active,New,,PIXEL 4 | 64GB | WHITE | 2019,,,,,,PIXEL-4-2047,,,,,,,
PIXEL 4A,,,DEV-307,,GOOGLE PIXEL,DEVICE,MOBILE PHONE,,,Pieces,,1,,,,,,Active,New,,PIXEL 4A | 128GB | BLACK | 2020,,,,,,PIXEL-4A-2048,,,,,,,
PIXEL 5,,,DEV-308,,GOOGLE PIXEL,DEVICE,MOBILE PHONE,,,Pieces,,1,,,,,,Active,New,,PIXEL 5 | 128GB | BLACK | 2020,,,,,,PIXEL-5-2049,,,,,,,
PIXEL 5,,,DEV-308,,GOOGLE,DEVICE,MOBILE PHONE,,,Pieces,,1,,,,,,Active,New,,PIXEL 5 | 128GB | GREEN | 2020,,,,,,PIXEL-5-2050,,,,,,,
PIXEL 6,,,DEV-309,,GOOGLE PIXEL,DEVICE,MOBILE PHONE,,,Pieces,,1,,,,,,Active,New,,PIXEL 6 | 128GB | BLACK | 2021,,,,,,PIXEL-6-2051,,,,,,,
PIXEL 6,,,DEV-309,,GOOGLE,DEVICE,MOBILE PHONE,,,Pieces,,1,,,,,,Active,New,,PIXEL 6 | 128GB | CORAL | 2021,,,,,,PIXEL-6-2052,,,,,,,
PIXEL 6,,,DEV-309,,GOOGLE,DEVICE,MOBILE PHONE,,,Pieces,,1,,,,,,Active,New,,PIXEL 6 | 128GB | GREEN | 2021,,,,,,PIXEL-6-2053,,,,,,,
PIXEL 6,,,DEV-309,,GOOGLE,DEVICE,MOBILE PHONE,,,Pieces,,1,,,,,,Active,New,,PIXEL 6 | 256GB | BLACK | 2021,,,,,,PIXEL-6-2054,,,,,,,
PIXEL 6,,,DEV-309,,GOOGLE,DEVICE,MOBILE PHONE,,,Pieces,,1,,,,,,Active,New,,PIXEL 6 | 256GB | CORAL | 2021,,,,,,PIXEL-6-2055,,,,,,,
PIXEL 6,,,DEV-309,,GOOGLE,DEVICE,MOBILE PHONE,,,Pieces,,1,,,,,,Active,New,,PIXEL 6 | 256GB | GREEN | 2021,,,,,,PIXEL-6-2056,,,,,,,
GALAXY A71,,,DEV-31,,SAMSUNG,DEVICE,MOBILE PHONE,,,Pieces,,1,,,,,,Active,New,,GALAXY A71 | 128GB | BLUE | 2020,,,,,,GAL-A71-224,,,,,,,
GALAXY A71,,,DEV-31,,SAMSUNG,DEVICE,MOBILE PHONE,,,Pieces,,1,,,,,,Active,New,,GALAXY A71 | 128GB | PINK | 2020,,,,,,GAL-A71-225,,,,,,,
GALAXY A71,,,DEV-31,,SAMSUNG,DEVICE,MOBILE PHONE,,,Pieces,,1,,,,,,Active,New,,GALAXY A71 | 128GB | PRISM BLACK | 2020,,,,,,GAL-A71-226,,,,,,,
GALAXY A71,,,DEV-31,,SAMSUNG,DEVICE,MOBILE PHONE,,,Pieces,,1,,,,,,Active,New,,GALAXY A71 | 128GB | SLIVER | 2020,,,,,,GAL-A71-227,,,,,,,
PIXEL 6 PRO,,,DEV-310,,GOOGLE PIXEL,DEVICE,MOBILE PHONE,,,Pieces,,1,,,,,,Active,New,,PIXEL 6 PRO | 128GB | BLACK | 2021,,,,,,PIXEL-6-2057,,,,,,,
PIXEL 6 PRO,,,DEV-310,,GOOGLE,DEVICE,MOBILE PHONE,,,Pieces,,1,,,,,,Active,New,,PIXEL 6 PRO | 128GB | GOLD | 2021,,,,,,PIXEL-6-2058,,,,,,,
PIXEL 6 PRO,,,DEV-310,,GOOGLE,DEVICE,MOBILE PHONE,,,Pieces,,1,,,,,,Active,New,,PIXEL 6 PRO | 128GB | WHITE | 2021,,,,,,PIXEL-6-2059,,,,,,,
PIXEL 6 PRO,,,DEV-310,,GOOGLE,DEVICE,MOBILE PHONE,,,Pieces,,1,,,,,,Active,New,,PIXEL 6 PRO | 256GB | BLACK | 2021,,,,,,PIXEL-6-2060,,,,,,,
PIXEL 6 PRO,,,DEV-310,,GOOGLE,DEVICE,MOBILE PHONE,,,Pieces,,1,,,,,,Active,New,,PIXEL 6 PRO | 256GB | GOLD | 2021,,,,,,PIXEL-6-2061,,,,,,,
PIXEL 6 PRO,,,DEV-310,,GOOGLE,DEVICE,MOBILE PHONE,,,Pieces,,1,,,,,,Active,New,,PIXEL 6 PRO | 256GB | WHITE | 2021,,,,,,PIXEL-6-2062,,,,,,,
PIXEL 6 PRO,,,DEV-310,,GOOGLE,DEVICE,MOBILE PHONE,,,Pieces,,1,,,,,,Active,New,,PIXEL 6 PRO | 512GB | BLACK | 2021,,,,,,PIXEL-6-2063,,,,,,,
PIXEL 6 PRO,,,DEV-310,,GOOGLE,DEVICE,MOBILE PHONE,,,Pieces,,1,,,,,,Active,New,,PIXEL 6 PRO | 512GB | GOLD | 2021,,,,,,PIXEL-6-2064,,,,,,,
PIXEL 6 PRO,,,DEV-310,,GOOGLE,DEVICE,MOBILE PHONE,,,Pieces,,1,,,,,,Active,New,,PIXEL 6 PRO | 512GB | WHITE | 2021,,,,,,PIXEL-6-2065,,,,,,,
PIXEL 7,,,DEV-311,,GOOGLE,DEVICE,MOBILE PHONE,,,Pieces,,1,,,,,,Active,New,,PIXEL 7 | 128GB | LEMONGRASS | 2022,,,,,,PIXEL-7-2066,,,,,,,
PIXEL 7,,,DEV-311,,GOOGLE PIXEL,DEVICE,MOBILE PHONE,,,Pieces,,1,,,,,,Active,New,,PIXEL 7 | 128GB | OBSIDIAN | 2022,,,,,,PIXEL-7-2067,,,,,,,
PIXEL 7,,,DEV-311,,GOOGLE,DEVICE,MOBILE PHONE,,,Pieces,,1,,,,,,Active,New,,PIXEL 7 | 128GB | SNOW | 2022,,,,,,PIXEL-7-2068,,,,,,,
PIXEL 7,,,DEV-311,,GOOGLE,DEVICE,MOBILE PHONE,,,Pieces,,1,,,,,,Active,New,,PIXEL 7 | 256GB | LEMONGRASS | 2022,,,,,,PIXEL-7-2069,,,,,,,
PIXEL 7,,,DEV-311,,GOOGLE,DEVICE,MOBILE PHONE,,,Pieces,,1,,,,,,Active,New,,PIXEL 7 | 256GB | OBSIDIAN | 2022,,,,,,PIXEL-7-2070,,,,,,,
PIXEL 7,,,DEV-311,,GOOGLE,DEVICE,MOBILE PHONE,,,Pieces,,1,,,,,,Active,New,,PIXEL 7 | 256GB | SNOW | 2022,,,,,,PIXEL-7-2071,,,,,,,
PIXEL 7 PRO,,,DEV-312,,GOOGLE,DEVICE,MOBILE PHONE,,,Pieces,,1,,,,,,Active,New,,PIXEL 7 PRO | 128GB | HAZEL | 2022,,,,,,PIXEL-7-2072,,,,,,,
PIXEL 7 PRO,,,DEV-312,,GOOGLE PIXEL,DEVICE,MOBILE PHONE,,,Pieces,,1,,,,,,Active,New,,PIXEL 7 PRO | 128GB | OBSIDIAN | 2022,,,,,,PIXEL-7-2073,,,,,,,
PIXEL 7 PRO,,,DEV-312,,GOOGLE,DEVICE,MOBILE PHONE,,,Pieces,,1,,,,,,Active,New,,PIXEL 7 PRO | 128GB | SNOW | 2022,,,,,,PIXEL-7-2074,,,,,,,
PIXEL 7 PRO,,,DEV-312,,GOOGLE,DEVICE,MOBILE PHONE,,,Pieces,,1,,,,,,Active,New,,PIXEL 7 PRO | 256GB | HAZEL | 2022,,,,,,PIXEL-7-2075,,,,,,,
PIXEL 7 PRO,,,DEV-312,,GOOGLE,DEVICE,MOBILE PHONE,,,Pieces,,1,,,,,,Active,New,,PIXEL 7 PRO | 256GB | OBSIDIAN | 2022,,,,,,PIXEL-7-2076,,,,,,,
PIXEL 7 PRO,,,DEV-312,,GOOGLE,DEVICE,MOBILE PHONE,,,Pieces,,1,,,,,,Active,New,,PIXEL 7 PRO | 256GB | SNOW | 2022,,,,,,PIXEL-7-2077,,,,,,,
PIXEL 7 PRO,,,DEV-312,,GOOGLE,DEVICE,MOBILE PHONE,,,Pieces,,1,,,,,,Active,New,,PIXEL 7 PRO | 512GB | HAZEL | 2022,,,,,,PIXEL-7-2078,,,,,,,
PIXEL 7 PRO,,,DEV-312,,GOOGLE,DEVICE,MOBILE PHONE,,,Pieces,,1,,,,,,Active,New,,PIXEL 7 PRO | 512GB | OBSIDIAN | 2022,,,,,,PIXEL-7-2079,,,,,,,
PIXEL 7 PRO,,,DEV-312,,GOOGLE,DEVICE,MOBILE PHONE,,,Pieces,,1,,,,,,Active,New,,PIXEL 7 PRO | 512GB | SNOW | 2022,,,,,,PIXEL-7-2080,,,,,,,
PIXEL 8,,,DEV-313,,GOOGLE,DEVICE,MOBILE PHONE,,,Pieces,,1,,,,,,Active,New,,PIXEL 8 | 128GB | HAZEL | 2023,,,,,,PIXEL-8-2081,,,,,,,
PIXEL 8,,,DEV-313,,GOOGLE PIXEL,DEVICE,MOBILE PHONE,,,Pieces,,1,,,,,,Active,New,,PIXEL 8 | 128GB | OBSIDIAN | 2023,,,,,,PIXEL-8-2082,,,,,,,
PIXEL 8,,,DEV-313,,GOOGLE,DEVICE,MOBILE PHONE,,,Pieces,,1,,,,,,Active,New,,PIXEL 8 | 128GB | ROSE | 2023,,,,,,PIXEL-8-2083,,,,,,,
PIXEL 8,,,DEV-313,,GOOGLE,DEVICE,MOBILE PHONE,,,Pieces,,1,,,,,,Active,New,,PIXEL 8 | 256GB | HAZEL | 2023,,,,,,PIXEL-8-2084,,,,,,,
PIXEL 8,,,DEV-313,,GOOGLE,DEVICE,MOBILE PHONE,,,Pieces,,1,,,,,,Active,New,,PIXEL 8 | 256GB | OBSIDIAN | 2023,,,,,,PIXEL-8-2085,,,,,,,
PIXEL 8,,,DEV-313,,GOOGLE,DEVICE,MOBILE PHONE,,,Pieces,,1,,,,,,Active,New,,PIXEL 8 | 256GB | ROSE | 2023,,,,,,PIXEL-8-2086,,,,,,,
PIXEL 8 PRO,,,DEV-314,,GOOGLE,DEVICE,MOBILE PHONE,,,Pieces,,1,,,,,,Active,New,,PIXEL 8 PRO | 128GB | BAY | 2023,,,,,,PIXEL-8-2087,,,,,,,
PIXEL 8 PRO,,,DEV-314,,GOOGLE PIXEL,DEVICE,MOBILE PHONE,,,Pieces,,1,,,,,,Active,New,,PIXEL 8 PRO | 128GB | OBSIDIAN | 2023,,,,,,PIXEL-8-2088,,,,,,,
PIXEL 8 PRO,,,DEV-314,,GOOGLE,DEVICE,MOBILE PHONE,,,Pieces,,1,,,,,,Active,New,,PIXEL 8 PRO | 128GB | PORCELAIN | 2023,,,,,,PIXEL-8-2089,,,,,,,
PIXEL 8 PRO,,,DEV-314,,GOOGLE,DEVICE,MOBILE PHONE,,,Pieces,,1,,,,,,Active,New,,PIXEL 8 PRO | 256GB | BAY | 2023,,,,,,PIXEL-8-2090,,,,,,,
PIXEL 8 PRO,,,DEV-314,,GOOGLE,DEVICE,MOBILE PHONE,,,Pieces,,1,,,,,,Active,New,,PIXEL 8 PRO | 256GB | OBSIDIAN | 2023,,,,,,PIXEL-8-2091,,,,,,,
PIXEL 8 PRO,,,DEV-314,,GOOGLE,DEVICE,MOBILE PHONE,,,Pieces,,1,,,,,,Active,New,,PIXEL 8 PRO | 256GB | PORCELAIN | 2023,,,,,,PIXEL-8-2092,,,,,,,
PIXEL 9,,,DEV-315,,GOOGLE PIXEL,DEVICE,MOBILE PHONE,,,Pieces,,1,,,,,,Active,New,,PIXEL 9 | 512GB | BLACK | 2024,,,,,,PIXEL-9-2093,,,,,,,
PIXEL 9,,,DEV-315,,GOOGLE,DEVICE,MOBILE PHONE,,,Pieces,,1,,,,,,Active,New,,PIXEL 9 | 512GB | PINK | 2024,,,,,,PIXEL-9-2094,,,,,,,
PIXEL 9,,,DEV-315,,GOOGLE,DEVICE,MOBILE PHONE,,,Pieces,,1,,,,,,Active,New,,PIXEL 9 | 512GB | WHITE | 2024,,,,,,PIXEL-9-2095,,,,,,,
PIXEL 9 PRO,,,DEV-316,,GOOGLE PIXEL,DEVICE,MOBILE PHONE,,,Pieces,,1,,,,,,Active,New,,PIXEL 9 PRO | 256GB | BLACK | 2024,,,,,,PIXEL-9-2096,,,,,,,
PIXEL 9 PRO,,,DEV-316,,GOOGLE,DEVICE,MOBILE PHONE,,,Pieces,,1,,,,,,Active,New,,PIXEL 9 PRO | 256GB | PINK | 2024,,,,,,PIXEL-9-2097,,,,,,,
PIXEL 9 PRO,,,DEV-316,,GOOGLE,DEVICE,MOBILE PHONE,,,Pieces,,1,,,,,,Active,New,,PIXEL 9 PRO | 256GB | WHITE | 2024,,,,,,PIXEL-9-2098,,,,,,,
PIXEL 9 PRO,,,DEV-316,,GOOGLE,DEVICE,MOBILE PHONE,,,Pieces,,1,,,,,,Active,New,,PIXEL 9 PRO | 512GB | BLACK | 2024,,,,,,PIXEL-9-2099,,,,,,,
PIXEL 9 PRO,,,DEV-316,,GOOGLE,DEVICE,MOBILE PHONE,,,Pieces,,1,,,,,,Active,New,,PIXEL 9 PRO | 512GB | GREY | 2024,,,,,,PIXEL-9-2100,,,,,,,
PIXEL 9 PRO,,,DEV-316,,GOOGLE,DEVICE,MOBILE PHONE,,,Pieces,,1,,,,,,Active,New,,PIXEL 9 PRO | 512GB | WHITE | 2024,,,,,,PIXEL-9-2101,,,,,,,
PIXEL 9 PRO FOLD,,,DEV-317,,GOOGLE PIXEL,DEVICE,MOBILE PHONE,,,Pieces,,1,,,,,,Active,New,,PIXEL 9 PRO FOLD | 256GB | BLACK | 2024,,,,,,PIXEL-9-2102,,,,,,,
PIXEL 9 PRO FOLD,,,DEV-317,,GOOGLE,DEVICE,MOBILE PHONE,,,Pieces,,1,,,,,,Active,New,,PIXEL 9 PRO FOLD | 256GB | PORCELAIN | 2024,,,,,,PIXEL-9-2103,,,,,,,
PIXEL 9 PRO FOLD,,,DEV-317,,GOOGLE,DEVICE,MOBILE PHONE,,,Pieces,,1,,,,,,Active,New,,PIXEL 9 PRO FOLD | 512GB | BLACK | 2024,,,,,,PIXEL-9-2104,,,,,,,
PIXEL 9 PRO FOLD,,,DEV-317,,GOOGLE,DEVICE,MOBILE PHONE,,,Pieces,,1,,,,,,Active,New,,PIXEL 9 PRO FOLD | 512GB | PORCELAIN | 2024,,,,,,PIXEL-9-2105,,,,,,,
PIXEL FOLD,,,DEV-318,,GOOGLE PIXEL,DEVICE,MOBILE PHONE,,,Pieces,,1,,,,,,Active,New,,PIXEL FOLD | 256GB | BLACK | 2023,,,,,,PIXEL-FOLD-2106,,,,,,,
PIXEL FOLD,,,DEV-318,,GOOGLE,DEVICE,MOBILE PHONE,,,Pieces,,1,,,,,,Active,New,,PIXEL FOLD | 256GB | WHITE | 2023,,,,,,PIXEL-FOLD-2107,,,,,,,
PIXEL FOLD,,,DEV-318,,GOOGLE,DEVICE,MOBILE PHONE,,,Pieces,,1,,,,,,Active,New,,PIXEL FOLD | 512GB | BLACK | 2023,,,,,,PIXEL-FOLD-2108,,,,,,,
PIXEL FOLD,,,DEV-318,,GOOGLE,DEVICE,MOBILE PHONE,,,Pieces,,1,,,,,,Active,New,,PIXEL FOLD | 512GB | WHITE | 2023,,,,,,PIXEL-FOLD-2109,,,,,,,
PIXEL XL,,,DEV-319,,GOOGLE,DEVICE,MOBILE PHONE,,,Pieces,,1,,,,,,Active,New,,PIXEL XL | 128GB | BLACK | 2016,,,,,,PIXEL-XL-2110,,,,,,,
PIXEL XL,,,DEV-319,,GOOGLE,DEVICE,MOBILE PHONE,,,Pieces,,1,,,,,,Active,New,,PIXEL XL | 128GB | BLUE | 2016,,,,,,PIXEL-XL-2111,,,,,,,
PIXEL XL,,,DEV-319,,GOOGLE,DEVICE,MOBILE PHONE,,,Pieces,,1,,,,,,Active,New,,PIXEL XL | 128GB | SILVER | 2016,,,,,,PIXEL-XL-2112,,,,,,,
PIXEL XL,,,DEV-319,,GOOGLE PIXEL,DEVICE,MOBILE PHONE,,,Pieces,,1,,,,,,Active,New,,PIXEL XL | 32GB | BLACK | 2016,,,,,,PIXEL-XL-2113,,,,,,,
PIXEL XL,,,DEV-319,,GOOGLE,DEVICE,MOBILE PHONE,,,Pieces,,1,,,,,,Active,New,,PIXEL XL | 32GB | BLUE | 2016,,,,,,PIXEL-XL-2114,,,,,,,
PIXEL XL,,,DEV-319,,GOOGLE,DEVICE,MOBILE PHONE,,,Pieces,,1,,,,,,Active,New,,PIXEL XL | 32GB | SILVER | 2016,,,,,,PIXEL-XL-2115,,,,,,,
GALAXY A72,,,DEV-32,,SAMSUNG,DEVICE,MOBILE PHONE,,,Pieces,,1,,,,,,Active,New,,GALAXY A72 | 128GB | AWESOME BLACK | 2021,,,,,,GAL-A72-228,,,,,,,
GALAXY A72,,,DEV-32,,SAMSUNG,DEVICE,MOBILE PHONE,,,Pieces,,1,,,,,,Active,New,,GALAXY A72 | 128GB | AWESOME BLUE | 2021,,,,,,GAL-A72-229,,,,,,,
GALAXY A72,,,DEV-32,,SAMSUNG,DEVICE,MOBILE PHONE,,,Pieces,,1,,,,,,Active,New,,GALAXY A72 | 128GB | AWESOME VIOLET | 2021,,,,,,GAL-A72-230,,,,,,,
GALAXY A72,,,DEV-32,,SAMSUNG,DEVICE,MOBILE PHONE,,,Pieces,,1,,,,,,Active,New,,GALAXY A72 | 128GB | AWESOME WHITE | 2021,,,,,,GAL-A72-231,,,,,,,
GALAXY A72,,,DEV-32,,SAMSUNG,DEVICE,MOBILE PHONE,,,Pieces,,1,,,,,,Active,New,,GALAXY A72 | 256GB | AWESOME BLACK | 2021,,,,,,GAL-A72-232,,,,,,,
GALAXY A72,,,DEV-32,,SAMSUNG,DEVICE,MOBILE PHONE,,,Pieces,,1,,,,,,Active,New,,GALAXY A72 | 256GB | AWESOME BLUE | 2021,,,,,,GAL-A72-233,,,,,,,
GALAXY A72,,,DEV-32,,SAMSUNG,DEVICE,MOBILE PHONE,,,Pieces,,1,,,,,,Active,New,,GALAXY A72 | 256GB | AWESOME VIOLET | 2021,,,,,,GAL-A72-234,,,,,,,
GALAXY A72,,,DEV-32,,SAMSUNG,DEVICE,MOBILE PHONE,,,Pieces,,1,,,,,,Active,New,,GALAXY A72 | 256GB | AWESOME WHITE | 2021,,,,,,GAL-A72-235,,,,,,,
POCO F1,,,DEV-320,,POCO,DEVICE,MOBILE PHONE,,,Pieces,,1,,,,,,Active,New,,POCO F1 | 128GB | BLACK | 2018,,,,,,POCO-F1-2116,,,,,,,
POCO F1,,,DEV-320,,POCO,DEVICE,MOBILE PHONE,,,Pieces,,1,,,,,,Active,New,,POCO F1 | 128GB | BLUE | 2018,,,,,,POCO-F1-2117,,,,,,,
POCO F1,,,DEV-320,,POCO,DEVICE,MOBILE PHONE,,,Pieces,,1,,,,,,Active,New,,POCO F1 | 128GB | RED | 2018,,,,,,POCO-F1-2118,,,,,,,
POCO F1,,,DEV-320,,POCO,DEVICE,MOBILE PHONE,,,Pieces,,1,,,,,,Active,New,,POCO F1 | 256GB | BLACK | 2018,,,,,,POCO-F1-2119,,,,,,,
POCO F1,,,DEV-320,,POCO,DEVICE,MOBILE PHONE,,,Pieces,,1,,,,,,Active,New,,POCO F1 | 256GB | BLUE | 2018,,,,,,POCO-F1-2120,,,,,,,
POCO F1,,,DEV-320,,POCO,DEVICE,MOBILE PHONE,,,Pieces,,1,,,,,,Active,New,,POCO F1 | 256GB | RED | 2018,,,,,,POCO-F1-2121,,,,,,,
POCO F1,,,DEV-320,,XIAOMI,DEVICE,MOBILE PHONE,,,Pieces,,1,,,,,,Active,New,,POCO F1 | 64GB | BLACK | 2018,,,,,,POCO-F1-2122,,,,,,,
POCO F1,,,DEV-320,,POCO,DEVICE,MOBILE PHONE,,,Pieces,,1,,,,,,Active,New,,POCO F1 | 64GB | BLUE | 2018,,,,,,POCO-F1-2123,,,,,,,
POCO F1,,,DEV-320,,POCO,DEVICE,MOBILE PHONE,,,Pieces,,1,,,,,,Active,New,,POCO F1 | 64GB | RED | 2018,,,,,,POCO-F1-2124,,,,,,,
POCO X6 PRO,,,DEV-321,,XIAOMI,DEVICE,MOBILE PHONE,,,Pieces,,1,,,,,,Active,New,,POCO X6 PRO | 256GB | BLACK | 2024,,,,,,POCO-X6-2125,,,,,,,
POCO X6 PRO,,,DEV-321,,POCO,DEVICE,MOBILE PHONE,,,Pieces,,1,,,,,,Active,New,,POCO X6 PRO | 256GB | GREY | 2024,,,,,,POCO-X6-2126,,,,,,,
POCO X6 PRO,,,DEV-321,,POCO,DEVICE,MOBILE PHONE,,,Pieces,,1,,,,,,Active,New,,POCO X6 PRO | 256GB | YELLOW | 2024,,,,,,POCO-X6-2127,,,,,,,
POCO X6 PRO,,,DEV-321,,POCO,DEVICE,MOBILE PHONE,,,Pieces,,1,,,,,,Active,New,,POCO X6 PRO | 512GB | BLACK | 2024,,,,,,POCO-X6-2128,,,,,,,
POCO X6 PRO,,,DEV-321,,POCO,DEVICE,MOBILE PHONE,,,Pieces,,1,,,,,,Active,New,,POCO X6 PRO | 512GB | GREY | 2024,,,,,,POCO-X6-2129,,,,,,,
POCO X6 PRO,,,DEV-321,,POCO,DEVICE,MOBILE PHONE,,,Pieces,,1,,,,,,Active,New,,POCO X6 PRO | 512GB | YELLOW | 2024,,,,,,POCO-X6-2130,,,,,,,
REDMI NOTE 10 PRO,,,DEV-322,,REDMI,DEVICE,MOBILE PHONE,,,Pieces,,1,,,,,,Active,New,,REDMI NOTE 10 PRO | 128GB | BLUE | 2021,,,,,,REDMI-10-2144,,,,,,,
REDMI NOTE 10 PRO,,,DEV-322,,REDMI,DEVICE,MOBILE PHONE,,,Pieces,,1,,,,,,Active,New,,REDMI NOTE 10 PRO | 128GB | BRONZE | 2021,,,,,,REDMI-10-2145,,,,,,,
REDMI NOTE 10 PRO,,,DEV-322,,REDMI,DEVICE,MOBILE PHONE,,,Pieces,,1,,,,,,Active,New,,REDMI NOTE 10 PRO | 128GB | GRAY | 2021,,,,,,REDMI-10-2146,,,,,,,
REDMI NOTE 10 PRO,,,DEV-322,,REDMI,DEVICE,MOBILE PHONE,,,Pieces,,1,,,,,,Active,New,,REDMI NOTE 10 PRO | 64GB | BLUE | 2021,,,,,,REDMI-10-2147,,,,,,,
REDMI NOTE 10 PRO,,,DEV-322,,REDMI,DEVICE,MOBILE PHONE,,,Pieces,,1,,,,,,Active,New,,REDMI NOTE 10 PRO | 64GB | BRONZE | 2021,,,,,,REDMI-10-2148,,,,,,,
REDMI NOTE 10 PRO,,,DEV-322,,REDMI,DEVICE,MOBILE PHONE,,,Pieces,,1,,,,,,Active,New,,REDMI NOTE 10 PRO | 64GB | GRAY | 2021,,,,,,REDMI-10-2149,,,,,,,
REDMI NOTE 12,,,DEV-323,,REDMI,DEVICE,MOBILE PHONE,,,Pieces,,1,,,,,,Active,New,,REDMI NOTE 12 | 128GB | BLACK | 2023,,,,,,REDMI-12-2150,,,,,,,
REDMI NOTE 12,,,DEV-323,,REDMI,DEVICE,MOBILE PHONE,,,Pieces,,1,,,,,,Active,New,,REDMI NOTE 12 | 128GB | BLUE | 2023,,,,,,REDMI-12-2151,,,,,,,
REDMI NOTE 12,,,DEV-323,,REDMI,DEVICE,MOBILE PHONE,,,Pieces,,1,,,,,,Active,New,,REDMI NOTE 12 | 128GB | WHITE | 2023,,,,,,REDMI-12-2152,,,,,,,
REDMI NOTE 12,,,DEV-323,,REDMI,DEVICE,MOBILE PHONE,,,Pieces,,1,,,,,,Active,New,,REDMI NOTE 12 | 256GB | BLACK | 2023,,,,,,REDMI-12-2153,,,,,,,
REDMI NOTE 12,,,DEV-323,,REDMI,DEVICE,MOBILE PHONE,,,Pieces,,1,,,,,,Active,New,,REDMI NOTE 12 | 256GB | BLUE | 2023,,,,,,REDMI-12-2154,,,,,,,
REDMI NOTE 12,,,DEV-323,,REDMI,DEVICE,MOBILE PHONE,,,Pieces,,1,,,,,,Active,New,,REDMI NOTE 12 | 256GB | WHITE | 2023,,,,,,REDMI-12-2155,,,,,,,
REDMI NOTE 13 PRO+,,,DEV-324,,REDMI,DEVICE,MOBILE PHONE,,,Pieces,,1,,,,,,Active,New,,REDMI NOTE 13 PRO+ | 256GB | BLACK | 2024,,,,,,REDMI-13-2156,,,,,,,
REDMI NOTE 13 PRO+,,,DEV-324,,REDMI,DEVICE,MOBILE PHONE,,,Pieces,,1,,,,,,Active,New,,REDMI NOTE 13 PRO+ | 256GB | PURPLE | 2024,,,,,,REDMI-13-2157,,,,,,,
REDMI NOTE 13 PRO+,,,DEV-324,,REDMI,DEVICE,MOBILE PHONE,,,Pieces,,1,,,,,,Active,New,,REDMI NOTE 13 PRO+ | 256GB | WHITE | 2024,,,,,,REDMI-13-2158,,,,,,,
REDMI NOTE 13 PRO+,,,DEV-324,,REDMI,DEVICE,MOBILE PHONE,,,Pieces,,1,,,,,,Active,New,,REDMI NOTE 13 PRO+ | 512GB | BLACK | 2024,,,,,,REDMI-13-2159,,,,,,,
REDMI NOTE 13 PRO+,,,DEV-324,,REDMI,DEVICE,MOBILE PHONE,,,Pieces,,1,,,,,,Active,New,,REDMI NOTE 13 PRO+ | 512GB | PURPLE | 2024,,,,,,REDMI-13-2160,,,,,,,
REDMI NOTE 13 PRO+,,,DEV-324,,REDMI,DEVICE,MOBILE PHONE,,,Pieces,,1,,,,,,Active,New,,REDMI NOTE 13 PRO+ | 512GB | WHITE | 2024,,,,,,REDMI-13-2161,,,,,,,
REDMI NOTE 3,,,DEV-325,,REDMI,DEVICE,MOBILE PHONE,,,Pieces,,1,,,,,,Active,New,,REDMI NOTE 3 | 16GB | GOLD | 2015,,,,,,REDMI-3-2162,,,,,,,
REDMI NOTE 3,,,DEV-325,,REDMI,DEVICE,MOBILE PHONE,,,Pieces,,1,,,,,,Active,New,,REDMI NOTE 3 | 16GB | GRAY | 2015,,,,,,REDMI-3-2163,,,,,,,
REDMI NOTE 3,,,DEV-325,,REDMI,DEVICE,MOBILE PHONE,,,Pieces,,1,,,,,,Active,New,,REDMI NOTE 3 | 16GB | SILVER | 2015,,,,,,REDMI-3-2164,,,,,,,
REDMI NOTE 3,,,DEV-325,,REDMI,DEVICE,MOBILE PHONE,,,Pieces,,1,,,,,,Active,New,,REDMI NOTE 3 | 32GB | GOLD | 2015,,,,,,REDMI-3-2165,,,,,,,
REDMI NOTE 3,,,DEV-325,,REDMI,DEVICE,MOBILE PHONE,,,Pieces,,1,,,,,,Active,New,,REDMI NOTE 3 | 32GB | GRAY | 2015,,,,,,REDMI-3-2166,,,,,,,
REDMI NOTE 3,,,DEV-325,,REDMI,DEVICE,MOBILE PHONE,,,Pieces,,1,,,,,,Active,New,,REDMI NOTE 3 | 32GB | SILVER | 2015,,,,,,REDMI-3-2167,,,,,,,
REDMI NOTE 4,,,DEV-326,,REDMI,DEVICE,MOBILE PHONE,,,Pieces,,1,,,,,,Active,New,,REDMI NOTE 4 | 32GB | BLACK | 2017,,,,,,REDMI-4-2168,,,,,,,
REDMI NOTE 4,,,DEV-326,,REDMI,DEVICE,MOBILE PHONE,,,Pieces,,1,,,,,,Active,New,,REDMI NOTE 4 | 32GB | BLUE | 2017,,,,,,REDMI-4-2169,,,,,,,
REDMI NOTE 4,,,DEV-326,,REDMI,DEVICE,MOBILE PHONE,,,Pieces,,1,,,,,,Active,New,,REDMI NOTE 4 | 32GB | GOLD | 2017,,,,,,REDMI-4-2170,,,,,,,
REDMI NOTE 4,,,DEV-326,,REDMI,DEVICE,MOBILE PHONE,,,Pieces,,1,,,,,,Active,New,,REDMI NOTE 4 | 64GB | BLACK | 2017,,,,,,REDMI-4-2171,,,,,,,
REDMI NOTE 4,,,DEV-326,,REDMI,DEVICE,MOBILE PHONE,,,Pieces,,1,,,,,,Active,New,,REDMI NOTE 4 | 64GB | BLUE | 2017,,,,,,REDMI-4-2172,,,,,,,
REDMI NOTE 4,,,DEV-326,,REDMI,DEVICE,MOBILE PHONE,,,Pieces,,1,,,,,,Active,New,,REDMI NOTE 4 | 64GB | GOLD | 2017,,,,,,REDMI-4-2173,,,,,,,
REDMI NOTE 7,,,DEV-327,,REDMI,DEVICE,MOBILE PHONE,,,Pieces,,1,,,,,,Active,New,,REDMI NOTE 7 | 128GB | BLACK | 2019,,,,,,REDMI-7-2174,,,,,,,
REDMI NOTE 7,,,DEV-327,,REDMI,DEVICE,MOBILE PHONE,,,Pieces,,1,,,,,,Active,New,,REDMI NOTE 7 | 128GB | BLUE | 2019,,,,,,REDMI-7-2175,,,,,,,
REDMI NOTE 7,,,DEV-327,,REDMI,DEVICE,MOBILE PHONE,,,Pieces,,1,,,,,,Active,New,,REDMI NOTE 7 | 128GB | RED | 2019,,,,,,REDMI-7-2176,,,,,,,
REDMI NOTE 7,,,DEV-327,,REDMI,DEVICE,MOBILE PHONE,,,Pieces,,1,,,,,,Active,New,,REDMI NOTE 7 | 32GB | BLACK | 2019,,,,,,REDMI-7-2177,,,,,,,
REDMI NOTE 7,,,DEV-327,,REDMI,DEVICE,MOBILE PHONE,,,Pieces,,1,,,,,,Active,New,,REDMI NOTE 7 | 32GB | BLUE | 2019,,,,,,REDMI-7-2178,,,,,,,
REDMI NOTE 7,,,DEV-327,,REDMI,DEVICE,MOBILE PHONE,,,Pieces,,1,,,,,,Active,New,,REDMI NOTE 7 | 32GB | RED | 2019,,,,,,REDMI-7-2179,,,,,,,
REDMI NOTE 7,,,DEV-327,,REDMI,DEVICE,MOBILE PHONE,,,Pieces,,1,,,,,,Active,New,,REDMI NOTE 7 | 64GB | BLACK | 2019,,,,,,REDMI-7-2180,,,,,,,
REDMI NOTE 7,,,DEV-327,,REDMI,DEVICE,MOBILE PHONE,,,Pieces,,1,,,,,,Active,New,,REDMI NOTE 7 | 64GB | BLUE | 2019,,,,,,REDMI-7-2181,,,,,,,
REDMI NOTE 7,,,DEV-327,,REDMI,DEVICE,MOBILE PHONE,,,Pieces,,1,,,,,,Active,New,,REDMI NOTE 7 | 64GB | RED | 2019,,,,,,REDMI-7-2182,,,,,,,
SAMSUNG GALAXY FOLD,,,DEV-328,,SAMSUNG,DEVICE,MOBILE PHONE,,,Pieces,,1,,,,,,Active,New,,SAMSUNG GALAXY FOLD | 512GB | COSMOS BLACK | 2019,,,,,,GAL-FOLD-2183,,,,,,,
SAMSUNG GALAXY FOLD,,,DEV-328,,SAMSUNG,DEVICE,MOBILE PHONE,,,Pieces,,1,,,,,,Active,New,,SAMSUNG GALAXY FOLD | 512GB | SPACE SILVER | 2019,,,,,,GAL-FOLD-2184,,,,,,,
SAMSUNG GALAXY NOTE 10,,,DEV-329,,SAMSUNG,DEVICE,MOBILE PHONE,,,Pieces,,1,,,,,,Active,New,,SAMSUNG GALAXY NOTE 10 | 256GB | AURA BLACK | 2019,,,,,,GAL-10-2185,,,,,,,
SAMSUNG GALAXY NOTE 10,,,DEV-329,,SAMSUNG,DEVICE,MOBILE PHONE,,,Pieces,,1,,,,,,Active,New,,SAMSUNG GALAXY NOTE 10 | 256GB | AURA GLOW | 2019,,,,,,GAL-10-2186,,,,,,,
SAMSUNG GALAXY NOTE 10,,,DEV-329,,SAMSUNG,DEVICE,MOBILE PHONE,,,Pieces,,1,,,,,,Active,New,,SAMSUNG GALAXY NOTE 10 | 256GB | AURA WHITE | 2019,,,,,,GAL-10-2187,,,,,,,
SAMSUNG GALAXY NOTE 10,,,DEV-329,,SAMSUNG,DEVICE,MOBILE PHONE,,,Pieces,,1,,,,,,Active,New,,SAMSUNG GALAXY NOTE 10 | 256GB | PINK | 2019,,,,,,GAL-10-2188,,,,,,,
SAMSUNG GALAXY NOTE 10,,,DEV-329,,SAMSUNG,DEVICE,MOBILE PHONE,,,Pieces,,1,,,,,,Active,New,,SAMSUNG GALAXY NOTE 10 | 256GB | RED | 2019,,,,,,GAL-10-2189,,,,,,,
GALAXY A73 5G,,,DEV-33,,SAMSUNG,DEVICE,MOBILE PHONE,,,Pieces,,1,,,,,,Active,New,,GALAXY A73 5G | 128GB | AWESOME GREY | 2022,,,,,,GAL-A73-236,,,,,,,
GALAXY A73 5G,,,DEV-33,,SAMSUNG,DEVICE,MOBILE PHONE,,,Pieces,,1,,,,,,Active,New,,GALAXY A73 5G | 128GB | AWESOME MINT | 2022,,,,,,GAL-A73-237,,,,,,,
GALAXY A73 5G,,,DEV-33,,SAMSUNG,DEVICE,MOBILE PHONE,,,Pieces,,1,,,,,,Active,New,,GALAXY A73 5G | 128GB | AWESOME WHITE | 2022,,,,,,GAL-A73-238,,,,,,,
GALAXY A73 5G,,,DEV-33,,SAMSUNG,DEVICE,MOBILE PHONE,,,Pieces,,1,,,,,,Active,New,,GALAXY A73 5G | 256GB | AWESOME GREY | 2022,,,,,,GAL-A73-239,,,,,,,
GALAXY A73 5G,,,DEV-33,,SAMSUNG,DEVICE,MOBILE PHONE,,,Pieces,,1,,,,,,Active,New,,GALAXY A73 5G | 256GB | AWESOME MINT | 2022,,,,,,GAL-A73-240,,,,,,,
GALAXY A73 5G,,,DEV-33,,SAMSUNG,DEVICE,MOBILE PHONE,,,Pieces,,1,,,,,,Active,New,,GALAXY A73 5G | 256GB | AWESOME WHITE | 2022,,,,,,GAL-A73-241,,,,,,,
SAMSUNG GALAXY NOTE 10 LITE,,,DEV-330,,SAMSUNG,DEVICE,MOBILE PHONE,,,Pieces,,1,,,,,,Active,New,,SAMSUNG GALAXY NOTE 10 LITE | 128GB | AURA BLACK | 2020,,,,,,GAL-10-2190,,,,,,,
SAMSUNG GALAXY NOTE 10 LITE,,,DEV-330,,SAMSUNG,DEVICE,MOBILE PHONE,,,Pieces,,1,,,,,,Active,New,,SAMSUNG GALAXY NOTE 10 LITE | 128GB | AURA GLOW | 2020,,,,,,GAL-10-2191,,,,,,,
SAMSUNG GALAXY NOTE 10 LITE,,,DEV-330,,SAMSUNG,DEVICE,MOBILE PHONE,,,Pieces,,1,,,,,,Active,New,,SAMSUNG GALAXY NOTE 10 LITE | 128GB | AURA RED | 2020,,,,,,GAL-10-2192,,,,,,,
SAMSUNG GALAXY NOTE 10+,,,DEV-331,,SAMSUNG,DEVICE,MOBILE PHONE,,,Pieces,,1,,,,,,Active,New,,SAMSUNG GALAXY NOTE 10+ | 256GB | AURA BLACK | 2019,,,,,,GAL-10-2193,,,,,,,
SAMSUNG GALAXY NOTE 10+,,,DEV-331,,SAMSUNG,DEVICE,MOBILE PHONE,,,Pieces,,1,,,,,,Active,New,,SAMSUNG GALAXY NOTE 10+ | 256GB | AURA BLUE | 2019,,,,,,GAL-10-2194,,,,,,,
SAMSUNG GALAXY NOTE 10+,,,DEV-331,,SAMSUNG,DEVICE,MOBILE PHONE,,,Pieces,,1,,,,,,Active,New,,SAMSUNG GALAXY NOTE 10+ | 256GB | AURA GLOW | 2019,,,,,,GAL-10-2195,,,,,,,
SAMSUNG GALAXY NOTE 10+,,,DEV-331,,SAMSUNG,DEVICE,MOBILE PHONE,,,Pieces,,1,,,,,,Active,New,,SAMSUNG GALAXY NOTE 10+ | 256GB | AURA WHITE | 2019,,,,,,GAL-10-2196,,,,,,,
SAMSUNG GALAXY NOTE 10+,,,DEV-331,,SAMSUNG,DEVICE,MOBILE PHONE,,,Pieces,,1,,,,,,Active,New,,SAMSUNG GALAXY NOTE 10+ | 512GB | AURA BLACK | 2019,,,,,,GAL-10-2197,,,,,,,
SAMSUNG GALAXY NOTE 10+,,,DEV-331,,SAMSUNG,DEVICE,MOBILE PHONE,,,Pieces,,1,,,,,,Active,New,,SAMSUNG GALAXY NOTE 10+ | 512GB | AURA BLUE | 2019,,,,,,GAL-10-2198,,,,,,,
SAMSUNG GALAXY NOTE 10+,,,DEV-331,,SAMSUNG,DEVICE,MOBILE PHONE,,,Pieces,,1,,,,,,Active,New,,SAMSUNG GALAXY NOTE 10+ | 512GB | AURA GLOW | 2019,,,,,,GAL-10-2199,,,,,,,
SAMSUNG GALAXY NOTE 10+,,,DEV-331,,SAMSUNG,DEVICE,MOBILE PHONE,,,Pieces,,1,,,,,,Active,New,,SAMSUNG GALAXY NOTE 10+ | 512GB | AURA WHITE | 2019,,,,,,GAL-10-2200,,,,,,,
SAMSUNG GALAXY NOTE 20,,,DEV-332,,SAMSUNG,DEVICE,MOBILE PHONE,,,Pieces,,1,,,,,,Active,New,,SAMSUNG GALAXY NOTE 20 | 128GB | MYSTIC BRONZE | 2020,,,,,,GAL-20-2201,,,,,,,
SAMSUNG GALAXY NOTE 20,,,DEV-332,,SAMSUNG,DEVICE,MOBILE PHONE,,,Pieces,,1,,,,,,Active,New,,SAMSUNG GALAXY NOTE 20 | 128GB | MYSTIC GRAY | 2020,,,,,,GAL-20-2202,,,,,,,
SAMSUNG GALAXY NOTE 20,,,DEV-332,,SAMSUNG,DEVICE,MOBILE PHONE,,,Pieces,,1,,,,,,Active,New,,SAMSUNG GALAXY NOTE 20 | 128GB | MYSTIC GREEN | 2020,,,,,,GAL-20-2203,,,,,,,
SAMSUNG GALAXY NOTE 20,,,DEV-332,,SAMSUNG,DEVICE,MOBILE PHONE,,,Pieces,,1,,,,,,Active,New,,SAMSUNG GALAXY NOTE 20 | 128GB | MYSTIC RED | 2020,,,,,,GAL-20-2204,,,,,,,
SAMSUNG GALAXY NOTE 20,,,DEV-332,,SAMSUNG,DEVICE,MOBILE PHONE,,,Pieces,,1,,,,,,Active,New,,SAMSUNG GALAXY NOTE 20 | 256GB | MYSTIC BRONZE | 2020,,,,,,GAL-20-2205,,,,,,,
SAMSUNG GALAXY NOTE 20,,,DEV-332,,SAMSUNG,DEVICE,MOBILE PHONE,,,Pieces,,1,,,,,,Active,New,,SAMSUNG GALAXY NOTE 20 | 256GB | MYSTIC GRAY | 2020,,,,,,GAL-20-2206,,,,,,,
SAMSUNG GALAXY NOTE 20,,,DEV-332,,SAMSUNG,DEVICE,MOBILE PHONE,,,Pieces,,1,,,,,,Active,New,,SAMSUNG GALAXY NOTE 20 | 256GB | MYSTIC GREEN | 2020,,,,,,GAL-20-2207,,,,,,,
SAMSUNG GALAXY NOTE 20,,,DEV-332,,SAMSUNG,DEVICE,MOBILE PHONE,,,Pieces,,1,,,,,,Active,New,,SAMSUNG GALAXY NOTE 20 | 256GB | MYSTIC RED | 2020,,,,,,GAL-20-2208,,,,,,,
SAMSUNG GALAXY NOTE 20 ULTRA,,,DEV-333,,SAMSUNG,DEVICE,MOBILE PHONE,,,Pieces,,1,,,,,,Active,New,,SAMSUNG GALAXY NOTE 20 ULTRA | 128GB | MYSTIC BLACK | 2020,,,,,,GAL-TRA-2209,,,,,,,
SAMSUNG GALAXY NOTE 20 ULTRA,,,DEV-333,,SAMSUNG,DEVICE,MOBILE PHONE,,,Pieces,,1,,,,,,Active,New,,SAMSUNG GALAXY NOTE 20 ULTRA | 128GB | MYSTIC BRONZE | 2020,,,,,,GAL-TRA-2210,,,,,,,
SAMSUNG GALAXY NOTE 20 ULTRA,,,DEV-333,,SAMSUNG,DEVICE,MOBILE PHONE,,,Pieces,,1,,,,,,Active,New,,SAMSUNG GALAXY NOTE 20 ULTRA | 128GB | MYSTIC WHITE | 2020,,,,,,GAL-TRA-2211,,,,,,,
SAMSUNG GALAXY NOTE 20 ULTRA,,,DEV-333,,SAMSUNG,DEVICE,MOBILE PHONE,,,Pieces,,1,,,,,,Active,New,,SAMSUNG GALAXY NOTE 20 ULTRA | 256GB | MYSTIC BLACK | 2020,,,,,,GAL-TRA-2212,,,,,,,
SAMSUNG GALAXY NOTE 20 ULTRA,,,DEV-333,,SAMSUNG,DEVICE,MOBILE PHONE,,,Pieces,,1,,,,,,Active,New,,SAMSUNG GALAXY NOTE 20 ULTRA | 256GB | MYSTIC BRONZE | 2020,,,,,,GAL-TRA-2213,,,,,,,
SAMSUNG GALAXY NOTE 20 ULTRA,,,DEV-333,,SAMSUNG,DEVICE,MOBILE PHONE,,,Pieces,,1,,,,,,Active,New,,SAMSUNG GALAXY NOTE 20 ULTRA | 256GB | MYSTIC WHITE | 2020,,,,,,GAL-TRA-2214,,,,,,,
SAMSUNG GALAXY NOTE 20 ULTRA,,,DEV-333,,SAMSUNG,DEVICE,MOBILE PHONE,,,Pieces,,1,,,,,,Active,New,,SAMSUNG GALAXY NOTE 20 ULTRA | 512GB | MYSTIC BLACK | 2020,,,,,,GAL-TRA-2215,,,,,,,
SAMSUNG GALAXY NOTE 20 ULTRA,,,DEV-333,,SAMSUNG,DEVICE,MOBILE PHONE,,,Pieces,,1,,,,,,Active,New,,SAMSUNG GALAXY NOTE 20 ULTRA | 512GB | MYSTIC BRONZE | 2020,,,,,,GAL-TRA-2216,,,,,,,
SAMSUNG GALAXY NOTE 20 ULTRA,,,DEV-333,,SAMSUNG,DEVICE,MOBILE PHONE,,,Pieces,,1,,,,,,Active,New,,SAMSUNG GALAXY NOTE 20 ULTRA | 512GB | MYSTIC WHITE | 2020,,,,,,GAL-TRA-2217,,,,,,,
SAMSUNG GALAXY Z FLIP,,,DEV-334,,SAMSUNG,DEVICE,MOBILE PHONE,,,Pieces,,1,,,,,,Active,New,,SAMSUNG GALAXY Z FLIP | 256GB | MIRROR BLACK | 2020,,,,,,GAL-FLIP-2218,,,,,,,
SAMSUNG GALAXY Z FLIP,,,DEV-334,,SAMSUNG,DEVICE,MOBILE PHONE,,,Pieces,,1,,,,,,Active,New,,SAMSUNG GALAXY Z FLIP | 256GB | MIRROR GOLD | 2020,,,,,,GAL-FLIP-2219,,,,,,,
SAMSUNG GALAXY Z FLIP,,,DEV-334,,SAMSUNG,DEVICE,MOBILE PHONE,,,Pieces,,1,,,,,,Active,New,,SAMSUNG GALAXY Z FLIP | 256GB | MIRROR PURPLE | 2020,,,,,,GAL-FLIP-2220,,,,,,,
SAMSUNG GALAXY Z FLIP 3,,,DEV-335,,SAMSUNG,DEVICE,MOBILE PHONE,,,Pieces,,1,,,,,,Active,New,,SAMSUNG GALAXY Z FLIP 3 | 128GB | CREAM | 2021,,,,,,GAL-FLIP-2221,,,,,,,
SAMSUNG GALAXY Z FLIP 3,,,DEV-335,,SAMSUNG,DEVICE,MOBILE PHONE,,,Pieces,,1,,,,,,Active,New,,SAMSUNG GALAXY Z FLIP 3 | 128GB | GREEN | 2021,,,,,,GAL-FLIP-2222,,,,,,,
SAMSUNG GALAXY Z FLIP 3,,,DEV-335,,SAMSUNG,DEVICE,MOBILE PHONE,,,Pieces,,1,,,,,,Active,New,,SAMSUNG GALAXY Z FLIP 3 | 128GB | LAVENDER | 2021,,,,,,GAL-FLIP-2223,,,,,,,
SAMSUNG GALAXY Z FLIP 3,,,DEV-335,,SAMSUNG,DEVICE,MOBILE PHONE,,,Pieces,,1,,,,,,Active,New,,SAMSUNG GALAXY Z FLIP 3 | 128GB | PHANTOM BLACK | 2021,,,,,,GAL-FLIP-2224,,,,,,,
SAMSUNG GALAXY Z FLIP 3,,,DEV-335,,SAMSUNG,DEVICE,MOBILE PHONE,,,Pieces,,1,,,,,,Active,New,,SAMSUNG GALAXY Z FLIP 3 | 256GB | CREAM | 2021,,,,,,GAL-FLIP-2225,,,,,,,
SAMSUNG GALAXY Z FLIP 3,,,DEV-335,,SAMSUNG,DEVICE,MOBILE PHONE,,,Pieces,,1,,,,,,Active,New,,SAMSUNG GALAXY Z FLIP 3 | 256GB | GREEN | 2021,,,,,,GAL-FLIP-2226,,,,,,,
SAMSUNG GALAXY Z FLIP 3,,,DEV-335,,SAMSUNG,DEVICE,MOBILE PHONE,,,Pieces,,1,,,,,,Active,New,,SAMSUNG GALAXY Z FLIP 3 | 256GB | LAVENDER | 2021,,,,,,GAL-FLIP-2227,,,,,,,
SAMSUNG GALAXY Z FLIP 3,,,DEV-335,,SAMSUNG,DEVICE,MOBILE PHONE,,,Pieces,,1,,,,,,Active,New,,SAMSUNG GALAXY Z FLIP 3 | 256GB | PHANTOM BLACK | 2021,,,,,,GAL-FLIP-2228,,,,,,,
SAMSUNG GALAXY Z FLIP 4,,,DEV-336,,SAMSUNG,DEVICE,MOBILE PHONE,,,Pieces,,1,,,,,,Active,New,,SAMSUNG GALAXY Z FLIP 4 | 128GB | BLUE | 2022,,,,,,GAL-FLIP-2229,,,,,,,
SAMSUNG GALAXY Z FLIP 4,,,DEV-336,,SAMSUNG,DEVICE,MOBILE PHONE,,,Pieces,,1,,,,,,Active,New,,SAMSUNG GALAXY Z FLIP 4 | 128GB | BORA PURPLE | 2022,,,,,,GAL-FLIP-2230,,,,,,,
SAMSUNG GALAXY Z FLIP 4,,,DEV-336,,SAMSUNG,DEVICE,MOBILE PHONE,,,Pieces,,1,,,,,,Active,New,,SAMSUNG GALAXY Z FLIP 4 | 128GB | GRAPHITE | 2022,,,,,,GAL-FLIP-2231,,,,,,,
SAMSUNG GALAXY Z FLIP 4,,,DEV-336,,SAMSUNG,DEVICE,MOBILE PHONE,,,Pieces,,1,,,,,,Active,New,,SAMSUNG GALAXY Z FLIP 4 | 128GB | PINK GOLD | 2022,,,,,,GAL-FLIP-2232,,,,,,,
SAMSUNG GALAXY Z FLIP 4,,,DEV-336,,SAMSUNG,DEVICE,MOBILE PHONE,,,Pieces,,1,,,,,,Active,New,,SAMSUNG GALAXY Z FLIP 4 | 256GB | BLUE | 2022,,,,,,GAL-FLIP-2233,,,,,,,
SAMSUNG GALAXY Z FLIP 4,,,DEV-336,,SAMSUNG,DEVICE,MOBILE PHONE,,,Pieces,,1,,,,,,Active,New,,SAMSUNG GALAXY Z FLIP 4 | 256GB | BORA PURPLE | 2022,,,,,,GAL-FLIP-2234,,,,,,,
SAMSUNG GALAXY Z FLIP 4,,,DEV-336,,SAMSUNG,DEVICE,MOBILE PHONE,,,Pieces,,1,,,,,,Active,New,,SAMSUNG GALAXY Z FLIP 4 | 256GB | GRAPHITE | 2022,,,,,,GAL-FLIP-2235,,,,,,,
SAMSUNG GALAXY Z FLIP 4,,,DEV-336,,SAMSUNG,DEVICE,MOBILE PHONE,,,Pieces,,1,,,,,,Active,New,,SAMSUNG GALAXY Z FLIP 4 | 256GB | PINK GOLD | 2022,,,,,,GAL-FLIP-2236,,,,,,,
SAMSUNG GALAXY Z FLIP 4,,,DEV-336,,SAMSUNG,DEVICE,MOBILE PHONE,,,Pieces,,1,,,,,,Active,New,,SAMSUNG GALAXY Z FLIP 4 | 512GB | BLUE | 2022,,,,,,GAL-FLIP-2237,,,,,,,
SAMSUNG GALAXY Z FLIP 4,,,DEV-336,,SAMSUNG,DEVICE,MOBILE PHONE,,,Pieces,,1,,,,,,Active,New,,SAMSUNG GALAXY Z FLIP 4 | 512GB | BORA PURPLE | 2022,,,,,,GAL-FLIP-2238,,,,,,,
SAMSUNG GALAXY Z FLIP 4,,,DEV-336,,SAMSUNG,DEVICE,MOBILE PHONE,,,Pieces,,1,,,,,,Active,New,,SAMSUNG GALAXY Z FLIP 4 | 512GB | GRAPHITE | 2022,,,,,,GAL-FLIP-2239,,,,,,,
SAMSUNG GALAXY Z FLIP 4,,,DEV-336,,SAMSUNG,DEVICE,MOBILE PHONE,,,Pieces,,1,,,,,,Active,New,,SAMSUNG GALAXY Z FLIP 4 | 512GB | PINK GOLD | 2022,,,,,,GAL-FLIP-2240,,,,,,,
SAMSUNG GALAXY Z FLIP 5,,,DEV-337,,SAMSUNG,DEVICE,MOBILE PHONE,,,Pieces,,1,,,,,,Active,New,,SAMSUNG GALAXY Z FLIP 5 | 256GB | CREAM | 2023,,,,,,GAL-FLIP-2241,,,,,,,
SAMSUNG GALAXY Z FLIP 5,,,DEV-337,,SAMSUNG,DEVICE,MOBILE PHONE,,,Pieces,,1,,,,,,Active,New,,SAMSUNG GALAXY Z FLIP 5 | 256GB | GRAPHITE | 2023,,,,,,GAL-FLIP-2242,,,,,,,
SAMSUNG GALAXY Z FLIP 5,,,DEV-337,,SAMSUNG,DEVICE,MOBILE PHONE,,,Pieces,,1,,,,,,Active,New,,SAMSUNG GALAXY Z FLIP 5 | 256GB | LAVENDER | 2023,,,,,,GAL-FLIP-2243,,,,,,,
SAMSUNG GALAXY Z FLIP 5,,,DEV-337,,SAMSUNG,DEVICE,MOBILE PHONE,,,Pieces,,1,,,,,,Active,New,,SAMSUNG GALAXY Z FLIP 5 | 256GB | MINT | 2023,,,,,,GAL-FLIP-2244,,,,,,,
SAMSUNG GALAXY Z FLIP 5,,,DEV-337,,SAMSUNG,DEVICE,MOBILE PHONE,,,Pieces,,1,,,,,,Active,New,,SAMSUNG GALAXY Z FLIP 5 | 512GB | CREAM | 2023,,,,,,GAL-FLIP-2245,,,,,,,
SAMSUNG GALAXY Z FLIP 5,,,DEV-337,,SAMSUNG,DEVICE,MOBILE PHONE,,,Pieces,,1,,,,,,Active,New,,SAMSUNG GALAXY Z FLIP 5 | 512GB | GRAPHITE | 2023,,,,,,GAL-FLIP-2246,,,,,,,
SAMSUNG GALAXY Z FLIP 5,,,DEV-337,,SAMSUNG,DEVICE,MOBILE PHONE,,,Pieces,,1,,,,,,Active,New,,SAMSUNG GALAXY Z FLIP 5 | 512GB | LAVENDER | 2023,,,,,,GAL-FLIP-2247,,,,,,,
SAMSUNG GALAXY Z FLIP 5,,,DEV-337,,SAMSUNG,DEVICE,MOBILE PHONE,,,Pieces,,1,,,,,,Active,New,,SAMSUNG GALAXY Z FLIP 5 | 512GB | MINT | 2023,,,,,,GAL-FLIP-2248,,,,,,,
SAMSUNG GALAXY Z FLIP 6,,,DEV-338,,SAMSUNG,DEVICE,MOBILE PHONE,,,Pieces,,1,,,,,,Active,New,,SAMSUNG GALAXY Z FLIP 6 | 256GB | BLUE | 2024,,,,,,GAL-FLIP-2249,,,,,,,
SAMSUNG GALAXY Z FLIP 6,,,DEV-338,,SAMSUNG,DEVICE,MOBILE PHONE,,,Pieces,,1,,,,,,Active,New,,SAMSUNG GALAXY Z FLIP 6 | 256GB | MINT | 2024,,,,,,GAL-FLIP-2250,,,,,,,
SAMSUNG GALAXY Z FLIP 6,,,DEV-338,,SAMSUNG,DEVICE,MOBILE PHONE,,,Pieces,,1,,,,,,Active,New,,SAMSUNG GALAXY Z FLIP 6 | 256GB | SILVER SHADOW | 2024,,,,,,GAL-FLIP-2251,,,,,,,
SAMSUNG GALAXY Z FLIP 6,,,DEV-338,,SAMSUNG,DEVICE,MOBILE PHONE,,,Pieces,,1,,,,,,Active,New,,SAMSUNG GALAXY Z FLIP 6 | 256GB | YELLOW | 2024,,,,,,GAL-FLIP-2252,,,,,,,
SAMSUNG GALAXY Z FLIP 6,,,DEV-338,,SAMSUNG,DEVICE,MOBILE PHONE,,,Pieces,,1,,,,,,Active,New,,SAMSUNG GALAXY Z FLIP 6 | 512GB | BLUE | 2024,,,,,,GAL-FLIP-2253,,,,,,,
SAMSUNG GALAXY Z FLIP 6,,,DEV-338,,SAMSUNG,DEVICE,MOBILE PHONE,,,Pieces,,1,,,,,,Active,New,,SAMSUNG GALAXY Z FLIP 6 | 512GB | MINT | 2024,,,,,,GAL-FLIP-2254,,,,,,,
SAMSUNG GALAXY Z FLIP 6,,,DEV-338,,SAMSUNG,DEVICE,MOBILE PHONE,,,Pieces,,1,,,,,,Active,New,,SAMSUNG GALAXY Z FLIP 6 | 512GB | SILVER SHADOW | 2024,,,,,,GAL-FLIP-2255,,,,,,,
SAMSUNG GALAXY Z FLIP 6,,,DEV-338,,SAMSUNG,DEVICE,MOBILE PHONE,,,Pieces,,1,,,,,,Active,New,,SAMSUNG GALAXY Z FLIP 6 | 512GB | YELLOW | 2024,,,,,,GAL-FLIP-2256,,,,,,,
SAMSUNG GALAXY Z FOLD 2,,,DEV-339,,SAMSUNG,DEVICE,MOBILE PHONE,,,Pieces,,1,,,,,,Active,New,,SAMSUNG GALAXY Z FOLD 2 | 256GB | MYSTIC BLACK | 2020,,,,,,GAL-FOLD-2257,,,,,,,
SAMSUNG GALAXY Z FOLD 2,,,DEV-339,,SAMSUNG,DEVICE,MOBILE PHONE,,,Pieces,,1,,,,,,Active,New,,SAMSUNG GALAXY Z FOLD 2 | 256GB | MYSTIC BRONZE | 2020,,,,,,GAL-FOLD-2258,,,,,,,
GALAXY S10,,,DEV-34,,SAMSUNG,DEVICE,MOBILE PHONE,,,Pieces,,1,,,,,,Active,New,,GALAXY S10 | 128GB | PRISM BLUE | 2019,,,,,,GAL-S10-242,,,,,,,
GALAXY S10,,,DEV-34,,SAMSUNG,DEVICE,MOBILE PHONE,,,Pieces,,1,,,,,,Active,New,,GALAXY S10 | 128GB | PRISM GREEN | 2019,,,,,,GAL-S10-243,,,,,,,
GALAXY S10,,,DEV-34,,SAMSUNG,DEVICE,MOBILE PHONE,,,Pieces,,1,,,,,,Active,New,,GALAXY S10 | 128GB | PRISM WHITE | 2019,,,,,,GAL-S10-244,,,,,,,
GALAXY S10,,,DEV-34,,SAMSUNG,DEVICE,MOBILE PHONE,,,Pieces,,1,,,,,,Active,New,,GALAXY S10 | 128GB | PROSM BLACK | 2019,,,,,,GAL-S10-245,,,,,,,
GALAXY S10,,,DEV-34,,SAMSUNG,DEVICE,MOBILE PHONE,,,Pieces,,1,,,,,,Active,New,,GALAXY S10 | 256GB | PRISM BLACK | 2019,,,,,,GAL-S10-246,,,,,,,
GALAXY S10,,,DEV-34,,SAMSUNG,DEVICE,MOBILE PHONE,,,Pieces,,1,,,,,,Active,New,,GALAXY S10 | 256GB | PRISM BLUE | 2019,,,,,,GAL-S10-247,,,,,,,
GALAXY S10,,,DEV-34,,SAMSUNG,DEVICE,MOBILE PHONE,,,Pieces,,1,,,,,,Active,New,,GALAXY S10 | 256GB | PRISM GREEN | 2019,,,,,,GAL-S10-248,,,,,,,
GALAXY S10,,,DEV-34,,SAMSUNG,DEVICE,MOBILE PHONE,,,Pieces,,1,,,,,,Active,New,,GALAXY S10 | 256GB | PRISM WHITE | 2019,,,,,,GAL-S10-249,,,,,,,
SAMSUNG GALAXY Z FOLD 3,,,DEV-340,,SAMSUNG,DEVICE,MOBILE PHONE,,,Pieces,,1,,,,,,Active,New,,SAMSUNG GALAXY Z FOLD 3 | 256GB | PHANTOM BLACK | 2021,,,,,,GAL-FOLD-2259,,,,,,,
SAMSUNG GALAXY Z FOLD 3,,,DEV-340,,SAMSUNG,DEVICE,MOBILE PHONE,,,Pieces,,1,,,,,,Active,New,,SAMSUNG GALAXY Z FOLD 3 | 256GB | PHANTOM GREEN | 2021,,,,,,GAL-FOLD-2260,,,,,,,
SAMSUNG GALAXY Z FOLD 3,,,DEV-340,,SAMSUNG,DEVICE,MOBILE PHONE,,,Pieces,,1,,,,,,Active,New,,SAMSUNG GALAXY Z FOLD 3 | 256GB | PHANTOM SILVER | 2021,,,,,,GAL-FOLD-2261,,,,,,,
SAMSUNG GALAXY Z FOLD 3,,,DEV-340,,SAMSUNG,DEVICE,MOBILE PHONE,,,Pieces,,1,,,,,,Active,New,,SAMSUNG GALAXY Z FOLD 3 | 512GB | PHANTOM BLACK | 2021,,,,,,GAL-FOLD-2262,,,,,,,
SAMSUNG GALAXY Z FOLD 3,,,DEV-340,,SAMSUNG,DEVICE,MOBILE PHONE,,,Pieces,,1,,,,,,Active,New,,SAMSUNG GALAXY Z FOLD 3 | 512GB | PHANTOM GREEN | 2021,,,,,,GAL-FOLD-2263,,,,,,,
SAMSUNG GALAXY Z FOLD 3,,,DEV-340,,SAMSUNG,DEVICE,MOBILE PHONE,,,Pieces,,1,,,,,,Active,New,,SAMSUNG GALAXY Z FOLD 3 | 512GB | PHANTOM SILVER | 2021,,,,,,GAL-FOLD-2264,,,,,,,
SAMSUNG GALAXY Z FOLD 4,,,DEV-341,,SAMSUNG,DEVICE,MOBILE PHONE,,,Pieces,,1,,,,,,Active,New,,SAMSUNG GALAXY Z FOLD 4 | 1TB | BEIGR | 2022,,,,,,GAL-FOLD-2265,,,,,,,
SAMSUNG GALAXY Z FOLD 4,,,DEV-341,,SAMSUNG,DEVICE,MOBILE PHONE,,,Pieces,,1,,,,,,Active,New,,SAMSUNG GALAXY Z FOLD 4 | 1TB | GRAYGREEN | 2022,,,,,,GAL-FOLD-2266,,,,,,,
SAMSUNG GALAXY Z FOLD 4,,,DEV-341,,SAMSUNG,DEVICE,MOBILE PHONE,,,Pieces,,1,,,,,,Active,New,,SAMSUNG GALAXY Z FOLD 4 | 1TB | PHANTOM BLACK | 2022,,,,,,GAL-FOLD-2267,,,,,,,
SAMSUNG GALAXY Z FOLD 4,,,DEV-341,,SAMSUNG,DEVICE,MOBILE PHONE,,,Pieces,,1,,,,,,Active,New,,SAMSUNG GALAXY Z FOLD 4 | 256GB | BEIGR | 2022,,,,,,GAL-FOLD-2268,,,,,,,
SAMSUNG GALAXY Z FOLD 4,,,DEV-341,,SAMSUNG,DEVICE,MOBILE PHONE,,,Pieces,,1,,,,,,Active,New,,SAMSUNG GALAXY Z FOLD 4 | 256GB | GRAYGREEN | 2022,,,,,,GAL-FOLD-2269,,,,,,,
SAMSUNG GALAXY Z FOLD 4,,,DEV-341,,SAMSUNG,DEVICE,MOBILE PHONE,,,Pieces,,1,,,,,,Active,New,,SAMSUNG GALAXY Z FOLD 4 | 256GB | PHANTOM BLACK | 2022,,,,,,GAL-FOLD-2270,,,,,,,
SAMSUNG GALAXY Z FOLD 4,,,DEV-341,,SAMSUNG,DEVICE,MOBILE PHONE,,,Pieces,,1,,,,,,Active,New,,SAMSUNG GALAXY Z FOLD 4 | 512GB | BEIGR | 2022,,,,,,GAL-FOLD-2271,,,,,,,
SAMSUNG GALAXY Z FOLD 4,,,DEV-341,,SAMSUNG,DEVICE,MOBILE PHONE,,,Pieces,,1,,,,,,Active,New,,SAMSUNG GALAXY Z FOLD 4 | 512GB | GRAYGREEN | 2022,,,,,,GAL-FOLD-2272,,,,,,,
SAMSUNG GALAXY Z FOLD 4,,,DEV-341,,SAMSUNG,DEVICE,MOBILE PHONE,,,Pieces,,1,,,,,,Active,New,,SAMSUNG GALAXY Z FOLD 4 | 512GB | PHANTOM BLACK | 2022,,,,,,GAL-FOLD-2273,,,,,,,
SAMSUNG GALAXY Z FOLD 5,,,DEV-342,,SAMSUNG,DEVICE,MOBILE PHONE,,,Pieces,,1,,,,,,Active,New,,SAMSUNG GALAXY Z FOLD 5 | 1TB | CREAM | 2023,,,,,,GAL-FOLD-2274,,,,,,,
SAMSUNG GALAXY Z FOLD 5,,,DEV-342,,SAMSUNG,DEVICE,MOBILE PHONE,,,Pieces,,1,,,,,,Active,New,,SAMSUNG GALAXY Z FOLD 5 | 1TB | ICY BLUE | 2023,,,,,,GAL-FOLD-2275,,,,,,,
SAMSUNG GALAXY Z FOLD 5,,,DEV-342,,SAMSUNG,DEVICE,MOBILE PHONE,,,Pieces,,1,,,,,,Active,New,,SAMSUNG GALAXY Z FOLD 5 | 1TB | PHANTOM BLACK | 2023,,,,,,GAL-FOLD-2276,,,,,,,
SAMSUNG GALAXY Z FOLD 5,,,DEV-342,,SAMSUNG,DEVICE,MOBILE PHONE,,,Pieces,,1,,,,,,Active,New,,SAMSUNG GALAXY Z FOLD 5 | 256GB | CREAM | 2023,,,,,,GAL-FOLD-2277,,,,,,,
SAMSUNG GALAXY Z FOLD 5,,,DEV-342,,SAMSUNG,DEVICE,MOBILE PHONE,,,Pieces,,1,,,,,,Active,New,,SAMSUNG GALAXY Z FOLD 5 | 256GB | ICY BLUE | 2023,,,,,,GAL-FOLD-2278,,,,,,,
SAMSUNG GALAXY Z FOLD 5,,,DEV-342,,SAMSUNG,DEVICE,MOBILE PHONE,,,Pieces,,1,,,,,,Active,New,,SAMSUNG GALAXY Z FOLD 5 | 256GB | PHANTOM BLACK | 2023,,,,,,GAL-FOLD-2279,,,,,,,
SAMSUNG GALAXY Z FOLD 5,,,DEV-342,,SAMSUNG,DEVICE,MOBILE PHONE,,,Pieces,,1,,,,,,Active,New,,SAMSUNG GALAXY Z FOLD 5 | 512GB | CREAM | 2023,,,,,,GAL-FOLD-2280,,,,,,,
SAMSUNG GALAXY Z FOLD 5,,,DEV-342,,SAMSUNG,DEVICE,MOBILE PHONE,,,Pieces,,1,,,,,,Active,New,,SAMSUNG GALAXY Z FOLD 5 | 512GB | ICY BLUE | 2023,,,,,,GAL-FOLD-2281,,,,,,,
SAMSUNG GALAXY Z FOLD 5,,,DEV-342,,SAMSUNG,DEVICE,MOBILE PHONE,,,Pieces,,1,,,,,,Active,New,,SAMSUNG GALAXY Z FOLD 5 | 512GB | PHANTOM BLACK | 2023,,,,,,GAL-FOLD-2282,,,,,,,
SAMSUNG GALAXY Z FOLD 6,,,DEV-343,,SAMSUNG,DEVICE,MOBILE PHONE,,,Pieces,,1,,,,,,Active,New,,SAMSUNG GALAXY Z FOLD 6 | 1TB | NAVY | 2024,,,,,,GAL-FOLD-2283,,,,,,,
SAMSUNG GALAXY Z FOLD 6,,,DEV-343,,SAMSUNG,DEVICE,MOBILE PHONE,,,Pieces,,1,,,,,,Active,New,,SAMSUNG GALAXY Z FOLD 6 | 1TB | PINK | 2024,,,,,,GAL-FOLD-2284,,,,,,,
SAMSUNG GALAXY Z FOLD 6,,,DEV-343,,SAMSUNG,DEVICE,MOBILE PHONE,,,Pieces,,1,,,,,,Active,New,,SAMSUNG GALAXY Z FOLD 6 | 1TB | SILVER SHADOW | 2024,,,,,,GAL-FOLD-2285,,,,,,,
SAMSUNG GALAXY Z FOLD 6,,,DEV-343,,SAMSUNG,DEVICE,MOBILE PHONE,,,Pieces,,1,,,,,,Active,New,,SAMSUNG GALAXY Z FOLD 6 | 256GB | NAVY | 2024,,,,,,GAL-FOLD-2286,,,,,,,
SAMSUNG GALAXY Z FOLD 6,,,DEV-343,,SAMSUNG,DEVICE,MOBILE PHONE,,,Pieces,,1,,,,,,Active,New,,SAMSUNG GALAXY Z FOLD 6 | 256GB | PINK | 2024,,,,,,GAL-FOLD-2287,,,,,,,
SAMSUNG GALAXY Z FOLD 6,,,DEV-343,,SAMSUNG,DEVICE,MOBILE PHONE,,,Pieces,,1,,,,,,Active,New,,SAMSUNG GALAXY Z FOLD 6 | 256GB | SILVER SHADOW | 2024,,,,,,GAL-FOLD-2288,,,,,,,
SAMSUNG GALAXY Z FOLD 6,,,DEV-343,,SAMSUNG,DEVICE,MOBILE PHONE,,,Pieces,,1,,,,,,Active,New,,SAMSUNG GALAXY Z FOLD 6 | 512GB | NAVY | 2024,,,,,,GAL-FOLD-2289,,,,,,,
SAMSUNG GALAXY Z FOLD 6,,,DEV-343,,SAMSUNG,DEVICE,MOBILE PHONE,,,Pieces,,1,,,,,,Active,New,,SAMSUNG GALAXY Z FOLD 6 | 512GB | PINK | 2024,,,,,,GAL-FOLD-2290,,,,,,,
SAMSUNG GALAXY Z FOLD 6,,,DEV-343,,SAMSUNG,DEVICE,MOBILE PHONE,,,Pieces,,1,,,,,,Active,New,,SAMSUNG GALAXY Z FOLD 6 | 512GB | SILVER SHADOW | 2024,,,,,,GAL-FOLD-2291,,,,,,,
THINKPHONE 25,,,DEV-344,,MOTOROLA,DEVICE,MOBILE PHONE,,,Pieces,,1,,,,,,Active,New,,THINKPHONE 25 | 256GB | CARBON BLACK | 2024,,,,,,TP-25-2292,,,,,,,
TOUCH | DIGITIZER FOR IPAD,,,DEV-345,,TECH HEAVEN,REPLACEMENT PARTS,IPAD DIGITIZER / TOUCH ,AAA | ORG,,Pieces,,1,,,,,,Active,New,,TOUCH DIGITIZER | IPAD 3 TOUCH (WITH BUTTON),,,,,,TG-PAD-4681,,,,,,,
TOUCH | DIGITIZER FOR IPAD,,,DEV-345,,TECH HEAVEN,REPLACEMENT PARTS,IPAD DIGITIZER / TOUCH ,AAA | ORG,,Pieces,,1,,,,,,Active,New,,TOUCH DIGITIZER | IPAD 4 TOUCH (WITH BUTTON),,,,,,TG-PAD-4682,,,,,,,
TOUCH | DIGITIZER FOR IPAD,,,DEV-345,,TECH HEAVEN,REPLACEMENT PARTS,IPAD DIGITIZER / TOUCH ,AAA | ORG,,Pieces,,1,,,,,,Active,New,,"TOUCH DIGITIZER | IPAD 10.2"" 7TH GEN 2019 TOUCH (WITH BUTTON)",,,,,,TG-PAD-4683,,,,,,,
TOUCH | DIGITIZER FOR IPAD,,,DEV-345,,TECH HEAVEN,REPLACEMENT PARTS,IPAD DIGITIZER / TOUCH ,AAA | ORG,,Pieces,,1,,,,,,Active,New,,"TOUCH DIGITIZER | IPAD 10.2"" 8TH GEN 2020 TOUCH (WITH BUTTON)",,,,,,TG-PAD-4684,,,,,,,
TOUCH | DIGITIZER FOR IPAD,,,DEV-345,,TECH HEAVEN,REPLACEMENT PARTS,IPAD DIGITIZER / TOUCH ,AAA | ORG,,Pieces,,1,,,,,,Active,New,,"TOUCH DIGITIZER | IPAD 10.2"" 9TH GEN 2021 TOUCH (WITH BUTTON)",,,,,,TG-PAD-4685,,,,,,,
TOUCH | DIGITIZER FOR IPAD,,,DEV-345,,TECH HEAVEN,REPLACEMENT PARTS,IPAD DIGITIZER / TOUCH ,AAA | ORG,,Pieces,,1,,,,,,Active,New,,"TOUCH DIGITIZER | IPAD 11"" 11TH GEN 2025 (A16) | A3354",,,,,,TG-PAD-4686,,,,,,,
TOUCH | DIGITIZER FOR IPAD,,,DEV-345,,TECH HEAVEN,REPLACEMENT PARTS,IPAD DIGITIZER / TOUCH ,AAA | ORG,,Pieces,,1,,,,,,Active,New,,"TOUCH DIGITIZER | IPAD 11"" 11TH GEN 2025 (A16) | A3355",,,,,,TG-PAD-4687,,,,,,,
TOUCH | DIGITIZER FOR IPAD,,,DEV-345,,TECH HEAVEN,REPLACEMENT PARTS,IPAD DIGITIZER / TOUCH ,AAA | ORG,,Pieces,,1,,,,,,Active,New,,"TOUCH DIGITIZER | IPAD 11"" 11TH GEN 2025 (A16) | A3356",,,,,,TG-PAD-4688,,,,,,,
TOUCH | DIGITIZER FOR IPAD,,,DEV-345,,TECH HEAVEN,REPLACEMENT PARTS,IPAD DIGITIZER / TOUCH ,AAA | ORG,,Pieces,,1,,,,,,Active,New,,TOUCH DIGITIZER | IPAD 2 TOUCH (WITH BUTTON),,,,,,TG-PAD-4689,,,,,,,
TOUCH | DIGITIZER FOR IPAD,,,DEV-345,,TECH HEAVEN,REPLACEMENT PARTS,IPAD DIGITIZER / TOUCH ,AAA | ORG,,Pieces,,1,,,,,,Active,New,,"TOUCH DIGITIZER | IPAD 9.7"" 5TH GEN 2017 TOUCH (A1822)",,,,,,TG-PAD-4690,,,,,,,
TOUCH | DIGITIZER FOR IPAD,,,DEV-345,,TECH HEAVEN,REPLACEMENT PARTS,IPAD DIGITIZER / TOUCH ,AAA | ORG,,Pieces,,1,,,,,,Active,New,,TOUCH DIGITIZER | IPAD MINI 1 TOUCH (WITH BUTTON),,,,,,TG-PAD-4691,,,,,,,
TOUCH | DIGITIZER FOR IPAD,,,DEV-345,,TECH HEAVEN,REPLACEMENT PARTS,IPAD DIGITIZER / TOUCH ,AAA | ORG,,Pieces,,1,,,,,,Active,New,,TOUCH DIGITIZER | IPAD MINI 2 TOUCH (WITH BUTTON),,,,,,TG-PAD-4692,,,,,,,
TOUCH | DIGITIZER FOR IPAD,,,DEV-345,,TECH HEAVEN,REPLACEMENT PARTS,IPAD DIGITIZER / TOUCH ,AAA | ORG,,Pieces,,1,,,,,,Active,New,,TOUCH DIGITIZER | IPAD MINI 3 TOUCH,,,,,,TG-PAD-4693,,,,,,,
XIAOMI 12,,,DEV-346,,XIAOMI,DEVICE,MOBILE PHONE,,,Pieces,,1,,,,,,Active,New,,XIAOMI 12 | 128GB | BLUE | 2022,,,,,,XIA-12-2293,,,,,,,
XIAOMI 12,,,DEV-346,,XIAOMI,DEVICE,MOBILE PHONE,,,Pieces,,1,,,,,,Active,New,,XIAOMI 12 | 128GB | GRAY | 2022,,,,,,XIA-12-2294,,,,,,,
XIAOMI 12,,,DEV-346,,XIAOMI,DEVICE,MOBILE PHONE,,,Pieces,,1,,,,,,Active,New,,XIAOMI 12 | 128GB | PURPLE | 2022,,,,,,XIA-12-2295,,,,,,,
XIAOMI 12,,,DEV-346,,XIAOMI,DEVICE,MOBILE PHONE,,,Pieces,,1,,,,,,Active,New,,XIAOMI 12 | 256GB | BLUE | 2022,,,,,,XIA-12-2296,,,,,,,
XIAOMI 12,,,DEV-346,,XIAOMI,DEVICE,MOBILE PHONE,,,Pieces,,1,,,,,,Active,New,,XIAOMI 12 | 256GB | GRAY | 2022,,,,,,XIA-12-2297,,,,,,,
XIAOMI 12,,,DEV-346,,XIAOMI,DEVICE,MOBILE PHONE,,,Pieces,,1,,,,,,Active,New,,XIAOMI 12 | 256GB | PURPLE | 2022,,,,,,XIA-12-2298,,,,,,,
XIAOMI 12 PRO,,,DEV-347,,XIAOMI,DEVICE,MOBILE PHONE,,,Pieces,,1,,,,,,Active,New,,XIAOMI 12 PRO | 128GB | BLACK | 2022,,,,,,XIA-12-2299,,,,,,,
XIAOMI 12 PRO,,,DEV-347,,XIAOMI,DEVICE,MOBILE PHONE,,,Pieces,,1,,,,,,Active,New,,XIAOMI 12 PRO | 128GB | BLUE | 2022,,,,,,XIA-12-2300,,,,,,,
XIAOMI 12 PRO,,,DEV-347,,XIAOMI,DEVICE,MOBILE PHONE,,,Pieces,,1,,,,,,Active,New,,XIAOMI 12 PRO | 128GB | PURPLE | 2022,,,,,,XIA-12-2301,,,,,,,
XIAOMI 12 PRO,,,DEV-347,,XIAOMI,DEVICE,MOBILE PHONE,,,Pieces,,1,,,,,,Active,New,,XIAOMI 12 PRO | 256GB | BLACK | 2022,,,,,,XIA-12-2302,,,,,,,
XIAOMI 12 PRO,,,DEV-347,,XIAOMI,DEVICE,MOBILE PHONE,,,Pieces,,1,,,,,,Active,New,,XIAOMI 12 PRO | 256GB | BLUE | 2022,,,,,,XIA-12-2303,,,,,,,
XIAOMI 12 PRO,,,DEV-347,,XIAOMI,DEVICE,MOBILE PHONE,,,Pieces,,1,,,,,,Active,New,,XIAOMI 12 PRO | 256GB | PURPLE | 2022,,,,,,XIA-12-2304,,,,,,,
XIAOMI 13 PRO,,,DEV-348,,XIAOMI,DEVICE,MOBILE PHONE,,,Pieces,,1,,,,,,Active,New,,XIAOMI 13 PRO | 256GB | BLACK | 2023,,,,,,XIA-13-2305,,,,,,,
XIAOMI 13 PRO,,,DEV-348,,XIAOMI,DEVICE,MOBILE PHONE,,,Pieces,,1,,,,,,Active,New,,XIAOMI 13 PRO | 256GB | GREEN | 2023,,,,,,XIA-13-2306,,,,,,,
XIAOMI 13 PRO,,,DEV-348,,XIAOMI,DEVICE,MOBILE PHONE,,,Pieces,,1,,,,,,Active,New,,XIAOMI 13 PRO | 256GB | WHITE | 2023,,,,,,XIA-13-2307,,,,,,,
XIAOMI 13 PRO,,,DEV-348,,XIAOMI,DEVICE,MOBILE PHONE,,,Pieces,,1,,,,,,Active,New,,XIAOMI 13 PRO | 512GB | BLACK | 2023,,,,,,XIA-13-2308,,,,,,,
XIAOMI 13 PRO,,,DEV-348,,XIAOMI,DEVICE,MOBILE PHONE,,,Pieces,,1,,,,,,Active,New,,XIAOMI 13 PRO | 512GB | GREEN | 2023,,,,,,XIA-13-2309,,,,,,,
XIAOMI 13 PRO,,,DEV-348,,XIAOMI,DEVICE,MOBILE PHONE,,,Pieces,,1,,,,,,Active,New,,XIAOMI 13 PRO | 512GB | WHITE | 2023,,,,,,XIA-13-2310,,,,,,,
XIAOMI 14 ULTRA,,,DEV-349,,XIAOMI,DEVICE,MOBILE PHONE,,,Pieces,,1,,,,,,Active,New,,XIAOMI 14 ULTRA | 1TB | BLACK | 2024,,,,,,XIA-14-2311,,,,,,,
XIAOMI 14 ULTRA,,,DEV-349,,XIAOMI,DEVICE,MOBILE PHONE,,,Pieces,,1,,,,,,Active,New,,XIAOMI 14 ULTRA | 1TB | TITANIUM | 2024,,,,,,XIA-14-2312,,,,,,,
XIAOMI 14 ULTRA,,,DEV-349,,XIAOMI,DEVICE,MOBILE PHONE,,,Pieces,,1,,,,,,Active,New,,XIAOMI 14 ULTRA | 1TB | WHITE | 2024,,,,,,XIA-14-2313,,,,,,,
XIAOMI 14 ULTRA,,,DEV-349,,XIAOMI,DEVICE,MOBILE PHONE,,,Pieces,,1,,,,,,Active,New,,XIAOMI 14 ULTRA | 512GB | BLACK | 2024,,,,,,XIA-14-2314,,,,,,,
XIAOMI 14 ULTRA,,,DEV-349,,XIAOMI,DEVICE,MOBILE PHONE,,,Pieces,,1,,,,,,Active,New,,XIAOMI 14 ULTRA | 512GB | TITANIUM | 2024,,,,,,XIA-14-2315,,,,,,,
XIAOMI 14 ULTRA,,,DEV-349,,XIAOMI,DEVICE,MOBILE PHONE,,,Pieces,,1,,,,,,Active,New,,XIAOMI 14 ULTRA | 512GB | WHITE | 2024,,,,,,XIA-14-2316,,,,,,,
GALAXY S10 5G,,,DEV-35,,SAMSUNG,DEVICE,MOBILE PHONE,,,Pieces,,1,,,,,,Active,New,,GALAXY S10 5G | 128GB | CROWN SILVER | 2019,,,,,,GAL-S10-250,,,,,,,
GALAXY S10 5G,,,DEV-35,,SAMSUNG,DEVICE,MOBILE PHONE,,,Pieces,,1,,,,,,Active,New,,GALAXY S10 5G | 128GB | MAJESTIC BLACK | 2019,,,,,,GAL-S10-251,,,,,,,
GALAXY S10 5G,,,DEV-35,,SAMSUNG,DEVICE,MOBILE PHONE,,,Pieces,,1,,,,,,Active,New,,GALAXY S10 5G | 256GB | CROWN SILVER | 2019,,,,,,GAL-S10-252,,,,,,,
GALAXY S10 5G,,,DEV-35,,SAMSUNG,DEVICE,MOBILE PHONE,,,Pieces,,1,,,,,,Active,New,,GALAXY S10 5G | 256GB | MAJESTIC BLACK | 2019,,,,,,GAL-S10-253,,,,,,,
XIAOMI 15 ULTRA,,,DEV-350,,XIAOMI,DEVICE,MOBILE PHONE,,,Pieces,,1,,,,,,Active,New,,XIAOMI 15 ULTRA | 1TB | BLACK | 2025,,,,,,XIA-15-2317,,,,,,,
XIAOMI 15 ULTRA,,,DEV-350,,XIAOMI,DEVICE,MOBILE PHONE,,,Pieces,,1,,,,,,Active,New,,XIAOMI 15 ULTRA | 1TB | SILVER | 2025,,,,,,XIA-15-2318,,,,,,,
XIAOMI 15 ULTRA,,,DEV-350,,XIAOMI,DEVICE,MOBILE PHONE,,,Pieces,,1,,,,,,Active,New,,XIAOMI 15 ULTRA | 1TB | WHITE | 2025,,,,,,XIA-15-2319,,,,,,,
XIAOMI 15 ULTRA,,,DEV-350,,XIAOMI,DEVICE,MOBILE PHONE,,,Pieces,,1,,,,,,Active,New,,XIAOMI 15 ULTRA | 512GB | BLACK | 2025,,,,,,XIA-15-2320,,,,,,,
XIAOMI 15 ULTRA,,,DEV-350,,XIAOMI,DEVICE,MOBILE PHONE,,,Pieces,,1,,,,,,Active,New,,XIAOMI 15 ULTRA | 512GB | SILVER | 2025,,,,,,XIA-15-2321,,,,,,,
XIAOMI 15 ULTRA,,,DEV-350,,XIAOMI,DEVICE,MOBILE PHONE,,,Pieces,,1,,,,,,Active,New,,XIAOMI 15 ULTRA | 512GB | WHITE | 2025,,,,,,XIA-15-2322,,,,,,,
XPERIA 1,,,DEV-351,,SONY,DEVICE,MOBILE PHONE,,,Pieces,,1,,,,,,Active,New,,XPERIA 1 | 128GB | BLACK | 2019,,,,,,XPERIA-1-2323,,,,,,,
XPERIA 1,,,DEV-351,,SONY,DEVICE,MOBILE PHONE,,,Pieces,,1,,,,,,Active,New,,XPERIA 1 | 128GB | GRAY | 2019,,,,,,XPERIA-1-2324,,,,,,,
XPERIA 1,,,DEV-351,,SONY,DEVICE,MOBILE PHONE,,,Pieces,,1,,,,,,Active,New,,XPERIA 1 | 128GB | PURPLE | 2019,,,,,,XPERIA-1-2325,,,,,,,
XPERIA 1,,,DEV-351,,XPERIA,DEVICE,MOBILE PHONE,,,Pieces,,1,,,,,,Active,New,,XPERIA 1 | 64GB | BLACK | 2019,,,,,,XPERIA-1-2326,,,,,,,
XPERIA 1,,,DEV-351,,SONY,DEVICE,MOBILE PHONE,,,Pieces,,1,,,,,,Active,New,,XPERIA 1 | 64GB | GRAY | 2019,,,,,,XPERIA-1-2327,,,,,,,
XPERIA 1,,,DEV-351,,SONY,DEVICE,MOBILE PHONE,,,Pieces,,1,,,,,,Active,New,,XPERIA 1 | 64GB | PURPLE | 2019,,,,,,XPERIA-1-2328,,,,,,,
XPERIA 1 II,,,DEV-352,,XPERIA,DEVICE,MOBILE PHONE,,,Pieces,,1,,,,,,Active,New,,XPERIA 1 II | 256GB | BLACK | 2020,,,,,,XPERIA-II-2329,,,,,,,
XPERIA 1 II,,,DEV-352,,SONY,DEVICE,MOBILE PHONE,,,Pieces,,1,,,,,,Active,New,,XPERIA 1 II | 256GB | PURPLE | 2020,,,,,,XPERIA-II-2330,,,,,,,
XPERIA 1 III,,,DEV-353,,XPERIA,DEVICE,MOBILE PHONE,,,Pieces,,1,,,,,,Active,New,,XPERIA 1 III | 256GB | BLACK | 2021,,,,,,XPERIA-III-2331,,,,,,,
XPERIA 1 III,,,DEV-353,,SONY,DEVICE,MOBILE PHONE,,,Pieces,,1,,,,,,Active,New,,XPERIA 1 III | 256GB | GRAY | 2021,,,,,,XPERIA-III-2332,,,,,,,
XPERIA 1 III,,,DEV-353,,SONY,DEVICE,MOBILE PHONE,,,Pieces,,1,,,,,,Active,New,,XPERIA 1 III | 256GB | PURPLE | 2021,,,,,,XPERIA-III-2333,,,,,,,
XPERIA 1 III,,,DEV-353,,SONY,DEVICE,MOBILE PHONE,,,Pieces,,1,,,,,,Active,New,,XPERIA 1 III | 512GB | BLACK | 2021,,,,,,XPERIA-III-2334,,,,,,,
XPERIA 1 III,,,DEV-353,,SONY,DEVICE,MOBILE PHONE,,,Pieces,,1,,,,,,Active,New,,XPERIA 1 III | 512GB | GRAY | 2021,,,,,,XPERIA-III-2335,,,,,,,
XPERIA 1 III,,,DEV-353,,SONY,DEVICE,MOBILE PHONE,,,Pieces,,1,,,,,,Active,New,,XPERIA 1 III | 512GB | PURPLE | 2021,,,,,,XPERIA-III-2336,,,,,,,
XPERIA 1 IV,,,DEV-354,,XPERIA,DEVICE,MOBILE PHONE,,,Pieces,,1,,,,,,Active,New,,XPERIA 1 IV | 256GB | BLACK | 2022,,,,,,XPERIA-IV-2337,,,,,,,
XPERIA 1 IV,,,DEV-354,,SONY,DEVICE,MOBILE PHONE,,,Pieces,,1,,,,,,Active,New,,XPERIA 1 IV | 256GB | PURPLE | 2022,,,,,,XPERIA-IV-2338,,,,,,,
XPERIA 1 IV,,,DEV-354,,SONY,DEVICE,MOBILE PHONE,,,Pieces,,1,,,,,,Active,New,,XPERIA 1 IV | 256GB | WHITE | 2022,,,,,,XPERIA-IV-2339,,,,,,,
XPERIA 1 IV,,,DEV-354,,SONY,DEVICE,MOBILE PHONE,,,Pieces,,1,,,,,,Active,New,,XPERIA 1 IV | 512GB | BLACK | 2022,,,,,,XPERIA-IV-2340,,,,,,,
XPERIA 1 IV,,,DEV-354,,SONY,DEVICE,MOBILE PHONE,,,Pieces,,1,,,,,,Active,New,,XPERIA 1 IV | 512GB | PURPLE | 2022,,,,,,XPERIA-IV-2341,,,,,,,
XPERIA 1 IV,,,DEV-354,,SONY,DEVICE,MOBILE PHONE,,,Pieces,,1,,,,,,Active,New,,XPERIA 1 IV | 512GB | WHITE | 2022,,,,,,XPERIA-IV-2342,,,,,,,
XPERIA 1 V,,,DEV-355,,XPERIA,DEVICE,MOBILE PHONE,,,Pieces,,1,,,,,,Active,New,,XPERIA 1 V | 256GB | BLACK | 2023,,,,,,XPERIA-1V-2343,,,,,,,
XPERIA 1 V,,,DEV-355,,SONY,DEVICE,MOBILE PHONE,,,Pieces,,1,,,,,,Active,New,,XPERIA 1 V | 256GB | GREEN | 2023,,,,,,XPERIA-1V-2344,,,,,,,
XPERIA 1 V,,,DEV-355,,SONY,DEVICE,MOBILE PHONE,,,Pieces,,1,,,,,,Active,New,,XPERIA 1 V | 256GB | SILVER | 2023,,,,,,XPERIA-1V-2345,,,,,,,
XPERIA 1 V,,,DEV-355,,SONY,DEVICE,MOBILE PHONE,,,Pieces,,1,,,,,,Active,New,,XPERIA 1 V | 512GB | BLACK | 2023,,,,,,XPERIA-1V-2346,,,,,,,
XPERIA 1 V,,,DEV-355,,SONY,DEVICE,MOBILE PHONE,,,Pieces,,1,,,,,,Active,New,,XPERIA 1 V | 512GB | GREEN | 2023,,,,,,XPERIA-1V-2347,,,,,,,
XPERIA 1 V,,,DEV-355,,SONY,DEVICE,MOBILE PHONE,,,Pieces,,1,,,,,,Active,New,,XPERIA 1 V | 512GB | SILVER | 2023,,,,,,XPERIA-1V-2348,,,,,,,
XPERIA 1 VI,,,DEV-356,,XPERIA,DEVICE,MOBILE PHONE,,,Pieces,,1,,,,,,Active,New,,XPERIA 1 VI | 256GB | BLACK | 2024,,,,,,XPERIA-VI-2349,,,,,,,
XPERIA 1 VI,,,DEV-356,,SONY,DEVICE,MOBILE PHONE,,,Pieces,,1,,,,,,Active,New,,XPERIA 1 VI | 256GB | KHAKI GREEN | 2024,,,,,,XPERIA-VI-2350,,,,,,,
XPERIA 1 VI,,,DEV-356,,SONY,DEVICE,MOBILE PHONE,,,Pieces,,1,,,,,,Active,New,,XPERIA 1 VI | 256GB | PLATINUM SILVER | 2024,,,,,,XPERIA-VI-2351,,,,,,,
XPERIA 1 VI,,,DEV-356,,SONY,DEVICE,MOBILE PHONE,,,Pieces,,1,,,,,,Active,New,,XPERIA 1 VI | 512GB | BLACK | 2024,,,,,,XPERIA-VI-2352,,,,,,,
XPERIA 1 VI,,,DEV-356,,SONY,DEVICE,MOBILE PHONE,,,Pieces,,1,,,,,,Active,New,,XPERIA 1 VI | 512GB | KHAKI GREEN | 2024,,,,,,XPERIA-VI-2353,,,,,,,
XPERIA 1 VI,,,DEV-356,,SONY,DEVICE,MOBILE PHONE,,,Pieces,,1,,,,,,Active,New,,XPERIA 1 VI | 512GB | PLATINUM SILVER | 2024,,,,,,XPERIA-VI-2354,,,,,,,
XPERIA 5,,,DEV-357,,XPERIA,DEVICE,MOBILE PHONE,,,Pieces,,1,,,,,,Active,New,,XPERIA 5 | 128GB | BLACK | 2019,,,,,,XPERIA-5-2355,,,,,,,
XPERIA 5,,,DEV-357,,SONY,DEVICE,MOBILE PHONE,,,Pieces,,1,,,,,,Active,New,,XPERIA 5 | 128GB | BLUE | 2019,,,,,,XPERIA-5-2356,,,,,,,
XPERIA 5,,,DEV-357,,SONY,DEVICE,MOBILE PHONE,,,Pieces,,1,,,,,,Active,New,,XPERIA 5 | 128GB | GRAY | 2019,,,,,,XPERIA-5-2357,,,,,,,
XPERIA 5 II,,,DEV-358,,XPERIA,DEVICE,MOBILE PHONE,,,Pieces,,1,,,,,,Active,New,,XPERIA 5 II | 128GB | BLACK | 2020,,,,,,XPERIA-II-2358,,,,,,,
XPERIA 5 II,,,DEV-358,,SONY,DEVICE,MOBILE PHONE,,,Pieces,,1,,,,,,Active,New,,XPERIA 5 II | 128GB | BLUE | 2020,,,,,,XPERIA-II-2359,,,,,,,
XPERIA 5 II,,,DEV-358,,SONY,DEVICE,MOBILE PHONE,,,Pieces,,1,,,,,,Active,New,,XPERIA 5 II | 128GB | PINK | 2020,,,,,,XPERIA-II-2360,,,,,,,
XPERIA 5 II,,,DEV-358,,SONY,DEVICE,MOBILE PHONE,,,Pieces,,1,,,,,,Active,New,,XPERIA 5 II | 256GB | BLACK | 2020,,,,,,XPERIA-II-2361,,,,,,,
XPERIA 5 II,,,DEV-358,,SONY,DEVICE,MOBILE PHONE,,,Pieces,,1,,,,,,Active,New,,XPERIA 5 II | 256GB | BLUE | 2020,,,,,,XPERIA-II-2362,,,,,,,
XPERIA 5 II,,,DEV-358,,SONY,DEVICE,MOBILE PHONE,,,Pieces,,1,,,,,,Active,New,,XPERIA 5 II | 256GB | PINK | 2020,,,,,,XPERIA-II-2363,,,,,,,
XPERIA 5 IV,,,DEV-359,,XPERIA,DEVICE,MOBILE PHONE,,,Pieces,,1,,,,,,Active,New,,XPERIA 5 IV | 128GB | BLACK | 2022,,,,,,XPERIA-IV-2364,,,,,,,
XPERIA 5 IV,,,DEV-359,,SONY,DEVICE,MOBILE PHONE,,,Pieces,,1,,,,,,Active,New,,XPERIA 5 IV | 128GB | GREEN | 2022,,,,,,XPERIA-IV-2365,,,,,,,
XPERIA 5 IV,,,DEV-359,,SONY,DEVICE,MOBILE PHONE,,,Pieces,,1,,,,,,Active,New,,XPERIA 5 IV | 128GB | WHITE | 2022,,,,,,XPERIA-IV-2366,,,,,,,
GALAXY S10+,,,DEV-36,,SAMSUNG,DEVICE,MOBILE PHONE,,,Pieces,,1,,,,,,Active,New,,GALAXY S10+ | 128GB | CERAMIC BLACK | 2019,,,,,,GAL-S10+-254,,,,,,,
GALAXY S10+,,,DEV-36,,SAMSUNG,DEVICE,MOBILE PHONE,,,Pieces,,1,,,,,,Active,New,,GALAXY S10+ | 128GB | CERAMIC WHITE | 2019,,,,,,GAL-S10+-255,,,,,,,
GALAXY S10+,,,DEV-36,,SAMSUNG,DEVICE,MOBILE PHONE,,,Pieces,,1,,,,,,Active,New,,GALAXY S10+ | 128GB | PRISM BLACK | 2019,,,,,,GAL-S10+-256,,,,,,,
GALAXY S10+,,,DEV-36,,SAMSUNG,DEVICE,MOBILE PHONE,,,Pieces,,1,,,,,,Active,New,,GALAXY S10+ | 128GB | PRISM BLUE | 2019,,,,,,GAL-S10+-257,,,,,,,
GALAXY S10+,,,DEV-36,,SAMSUNG,DEVICE,MOBILE PHONE,,,Pieces,,1,,,,,,Active,New,,GALAXY S10+ | 128GB | PRISM WHITE | 2019,,,,,,GAL-S10+-258,,,,,,,
GALAXY S10+,,,DEV-36,,SAMSUNG,DEVICE,MOBILE PHONE,,,Pieces,,1,,,,,,Active,New,,GALAXY S10+ | 1TB | CERAMIC BLACK | 2019,,,,,,GAL-S10+-259,,,,,,,
GALAXY S10+,,,DEV-36,,SAMSUNG,DEVICE,MOBILE PHONE,,,Pieces,,1,,,,,,Active,New,,GALAXY S10+ | 1TB | CERAMIC WHITE | 2019,,,,,,GAL-S10+-260,,,,,,,
GALAXY S10+,,,DEV-36,,SAMSUNG,DEVICE,MOBILE PHONE,,,Pieces,,1,,,,,,Active,New,,GALAXY S10+ | 1TB | PRISM BLACK | 2019,,,,,,GAL-S10+-261,,,,,,,
GALAXY S10+,,,DEV-36,,SAMSUNG,DEVICE,MOBILE PHONE,,,Pieces,,1,,,,,,Active,New,,GALAXY S10+ | 1TB | PRISM BLUE | 2019,,,,,,GAL-S10+-262,,,,,,,
GALAXY S10+,,,DEV-36,,SAMSUNG,DEVICE,MOBILE PHONE,,,Pieces,,1,,,,,,Active,New,,GALAXY S10+ | 1TB | PRISM WHITE | 2019,,,,,,GAL-S10+-263,,,,,,,
GALAXY S10+,,,DEV-36,,SAMSUNG,DEVICE,MOBILE PHONE,,,Pieces,,1,,,,,,Active,New,,GALAXY S10+ | 512GB | CERAMIC BLACK | 2019,,,,,,GAL-S10+-264,,,,,,,
GALAXY S10+,,,DEV-36,,SAMSUNG,DEVICE,MOBILE PHONE,,,Pieces,,1,,,,,,Active,New,,GALAXY S10+ | 512GB | CERAMIC WHITE | 2019,,,,,,GAL-S10+-265,,,,,,,
GALAXY S10+,,,DEV-36,,SAMSUNG,DEVICE,MOBILE PHONE,,,Pieces,,1,,,,,,Active,New,,GALAXY S10+ | 512GB | PRISM BLACK | 2019,,,,,,GAL-S10+-266,,,,,,,
GALAXY S10+,,,DEV-36,,SAMSUNG,DEVICE,MOBILE PHONE,,,Pieces,,1,,,,,,Active,New,,GALAXY S10+ | 512GB | PRISM BLUE | 2019,,,,,,GAL-S10+-267,,,,,,,
GALAXY S10+,,,DEV-36,,SAMSUNG,DEVICE,MOBILE PHONE,,,Pieces,,1,,,,,,Active,New,,GALAXY S10+ | 512GB | PRISM WHITE | 2019,,,,,,GAL-S10+-268,,,,,,,
XPERIA 5 V,,,DEV-360,,XPERIA,DEVICE,MOBILE PHONE,,,Pieces,,1,,,,,,Active,New,,XPERIA 5 V | 128GB | BLACK | 2023,,,,,,XPERIA-5V-2367,,,,,,,
XPERIA 5 V,,,DEV-360,,SONY,DEVICE,MOBILE PHONE,,,Pieces,,1,,,,,,Active,New,,XPERIA 5 V | 128GB | BLUE | 2023,,,,,,XPERIA-5V-2368,,,,,,,
XPERIA 5 V,,,DEV-360,,SONY,DEVICE,MOBILE PHONE,,,Pieces,,1,,,,,,Active,New,,XPERIA 5 V | 128GB | WHITE | 2023,,,,,,XPERIA-5V-2369,,,,,,,
XPERIA 5 V,,,DEV-360,,SONY,DEVICE,MOBILE PHONE,,,Pieces,,1,,,,,,Active,New,,XPERIA 5 V | 256GB | BLACK | 2023,,,,,,XPERIA-5V-2370,,,,,,,
XPERIA 5 V,,,DEV-360,,SONY,DEVICE,MOBILE PHONE,,,Pieces,,1,,,,,,Active,New,,XPERIA 5 V | 256GB | BLUE | 2023,,,,,,XPERIA-5V-2371,,,,,,,
XPERIA 5 V,,,DEV-360,,SONY,DEVICE,MOBILE PHONE,,,Pieces,,1,,,,,,Active,New,,XPERIA 5 V | 256GB | WHITE | 2023,,,,,,XPERIA-5V-2372,,,,,,,
XPERIA PRO-I,,,DEV-361,,XPERIA,DEVICE,MOBILE PHONE,,,Pieces,,1,,,,,,Active,New,,XPERIA PRO-I | 512GB | BLACK | 2021,,,,,,XPERIA-I-2373,,,,,,,
XPERIA X,,,DEV-362,,XPERIA,DEVICE,MOBILE PHONE,,,Pieces,,1,,,,,,Active,New,,XPERIA X | 32GB | BLACK | 2016,,,,,,XPERIA-X-2374,,,,,,,
XPERIA X,,,DEV-362,,SONY,DEVICE,MOBILE PHONE,,,Pieces,,1,,,,,,Active,New,,XPERIA X | 32GB | LIME GOLD | 2016,,,,,,XPERIA-X-2375,,,,,,,
XPERIA X,,,DEV-362,,SONY,DEVICE,MOBILE PHONE,,,Pieces,,1,,,,,,Active,New,,XPERIA X | 32GB | WHITE | 2016,,,,,,XPERIA-X-2376,,,,,,,
XPERIA X,,,DEV-362,,SONY,DEVICE,MOBILE PHONE,,,Pieces,,1,,,,,,Active,New,,XPERIA X | 64GB | BLACK | 2016,,,,,,XPERIA-X-2377,,,,,,,
XPERIA X,,,DEV-362,,SONY,DEVICE,MOBILE PHONE,,,Pieces,,1,,,,,,Active,New,,XPERIA X | 64GB | LIME GOLD | 2016,,,,,,XPERIA-X-2378,,,,,,,
XPERIA X,,,DEV-362,,SONY,DEVICE,MOBILE PHONE,,,Pieces,,1,,,,,,Active,New,,XPERIA X | 64GB | WHITE | 2016,,,,,,XPERIA-XZ-2379,,,,,,,
XPERIA XZ,,,DEV-363,,XPERIA,DEVICE,MOBILE PHONE,,,Pieces,,1,,,,,,Active,New,,XPERIA XZ | 32GB | BLACK | 2016,,,,,,XPERIA-XZ-2380,,,,,,,
XPERIA XZ,,,DEV-363,,SONY,DEVICE,MOBILE PHONE,,,Pieces,,1,,,,,,Active,New,,XPERIA XZ | 32GB | BLUE | 2016,,,,,,XPERIA-XZ-2381,,,,,,,
XPERIA XZ,,,DEV-363,,SONY,DEVICE,MOBILE PHONE,,,Pieces,,1,,,,,,Active,New,,XPERIA XZ | 32GB | PLATINUM | 2016,,,,,,XPERIA-XZ-2382,,,,,,,
XPERIA XZ,,,DEV-363,,SONY,DEVICE,MOBILE PHONE,,,Pieces,,1,,,,,,Active,New,,XPERIA XZ | 64GB | BLACK | 2016,,,,,,XPERIA-XZ-2383,,,,,,,
XPERIA XZ,,,DEV-363,,SONY,DEVICE,MOBILE PHONE,,,Pieces,,1,,,,,,Active,New,,XPERIA XZ | 64GB | BLUE | 2016,,,,,,XPERIA-XZ-2384,,,,,,,
XPERIA XZ,,,DEV-363,,SONY,DEVICE,MOBILE PHONE,,,Pieces,,1,,,,,,Active,New,,XPERIA XZ | 64GB | PLATINUM | 2016,,,,,,XPERIA-XZ-2385,,,,,,,
XPERIA XZ PREMIUM,,,DEV-364,,SONY,DEVICE,MOBILE PHONE,,,Pieces,,1,,,,,,Active,New,,XPERIA XZ PREMIUM | 64GB | BLACK | 2017,,,,,,XPERIA-XZ-2386,,,,,,,
XPERIA XZ PREMIUM,,,DEV-364,,SONY,DEVICE,MOBILE PHONE,,,Pieces,,1,,,,,,Active,New,,XPERIA XZ PREMIUM | 64GB | BRONZE | 2017,,,,,,XPERIA-XZ-2387,,,,,,,
XPERIA XZ PREMIUM,,,DEV-364,,XPERIA,DEVICE,MOBILE PHONE,,,Pieces,,1,,,,,,Active,New,,XPERIA XZ PREMIUM | 64GB | CHROME | 2017,,,,,,XPERIA-XZ-2388,,,,,,,
XPERIA XZ2,,,DEV-365,,XPERIA,DEVICE,MOBILE PHONE,,,Pieces,,1,,,,,,Active,New,,XPERIA XZ2 | 64GB | BLACK | 2018,,,,,,XPERIA-XZ-2389,,,,,,,
XPERIA XZ2,,,DEV-365,,SONY,DEVICE,MOBILE PHONE,,,Pieces,,1,,,,,,Active,New,,XPERIA XZ2 | 64GB | GREEN | 2018,,,,,,XPERIA-XZ-2390,,,,,,,
XPERIA XZ2,,,DEV-365,,SONY,DEVICE,MOBILE PHONE,,,Pieces,,1,,,,,,Active,New,,XPERIA XZ2 | 64GB | SILVER | 2018,,,,,,XPERIA-XZ-2391,,,,,,,
XPERIA XZ3,,,DEV-366,,XPERIA,DEVICE,MOBILE PHONE,,,Pieces,,1,,,,,,Active,New,,XPERIA XZ3 | 64GB | BLACK | 2018,,,,,,XPERIA-XZ-2392,,,,,,,
XPERIA XZ3,,,DEV-366,,SONY,DEVICE,MOBILE PHONE,,,Pieces,,1,,,,,,Active,New,,XPERIA XZ3 | 64GB | GREEN | 2018,,,,,,XPERIA-XZ-2393,,,,,,,
XPERIA XZ3,,,DEV-366,,SONY,DEVICE,MOBILE PHONE,,,Pieces,,1,,,,,,Active,New,,XPERIA XZ3 | 64GB | RED | 2018,,,,,,XPERIA-XZ-2394,,,,,,,
XPERIA XZ3,,,DEV-366,,SONY,DEVICE,MOBILE PHONE,,,Pieces,,1,,,,,,Active,New,,XPERIA XZ3 | 64GB | WHITE | 2018,,,,,,XPERIA-XZ-2395,,,,,,,
XPERIA Z,,,DEV-367,,XPERIA,DEVICE,MOBILE PHONE,,,Pieces,,1,,,,,,Active,New,,XPERIA Z | 16GB | BLACK | 2013,,,,,,XPERIA-Z-2396,,,,,,,
XPERIA Z,,,DEV-367,,SONY,DEVICE,MOBILE PHONE,,,Pieces,,1,,,,,,Active,New,,XPERIA Z | 16GB | PURPLE | 2013,,,,,,XPERIA-Z-2397,,,,,,,
XPERIA Z,,,DEV-367,,SONY,DEVICE,MOBILE PHONE,,,Pieces,,1,,,,,,Active,New,,XPERIA Z | 16GB | WHITE | 2013,,,,,,XPERIA-Z-2398,,,,,,,
XPERIA Z1,,,DEV-368,,XPERIA,DEVICE,MOBILE PHONE,,,Pieces,,1,,,,,,Active,New,,XPERIA Z1 | 16GB | BLACK | 2013,,,,,,XPERIA-Z1-2399,,,,,,,
XPERIA Z1,,,DEV-368,,SONY,DEVICE,MOBILE PHONE,,,Pieces,,1,,,,,,Active,New,,XPERIA Z1 | 16GB | PURPLE | 2013,,,,,,XPERIA-Z1-2400,,,,,,,
XPERIA Z1,,,DEV-368,,SONY,DEVICE,MOBILE PHONE,,,Pieces,,1,,,,,,Active,New,,XPERIA Z1 | 16GB | WHITE | 2013,,,,,,XPERIA-Z1-2401,,,,,,,
XPERIA Z2,,,DEV-369,,XPERIA,DEVICE,MOBILE PHONE,,,Pieces,,1,,,,,,Active,New,,XPERIA Z2 | 16GB | BLACK | 2014,,,,,,XPERIA-Z2-2402,,,,,,,
XPERIA Z2,,,DEV-369,,SONY,DEVICE,MOBILE PHONE,,,Pieces,,1,,,,,,Active,New,,XPERIA Z2 | 16GB | PURPLE | 2014,,,,,,XPERIA-Z2-2403,,,,,,,
XPERIA Z2,,,DEV-369,,SONY,DEVICE,MOBILE PHONE,,,Pieces,,1,,,,,,Active,New,,XPERIA Z2 | 16GB | WHITE | 2014,,,,,,XPERIA-Z2-2404,,,,,,,
GALAXY S10E,,,DEV-37,,SAMSUNG,DEVICE,MOBILE PHONE,,,Pieces,,1,,,,,,Active,New,,GALAXY S10E | 128GB | CANARY YELLOE | 2019,,,,,,GAL-S10E-269,,,,,,,
GALAXY S10E,,,DEV-37,,SAMSUNG,DEVICE,MOBILE PHONE,,,Pieces,,1,,,,,,Active,New,,GALAXY S10E | 128GB | PRISM BLACK | 2019,,,,,,GAL-S10E-270,,,,,,,
GALAXY S10E,,,DEV-37,,SAMSUNG,DEVICE,MOBILE PHONE,,,Pieces,,1,,,,,,Active,New,,GALAXY S10E | 128GB | PRISM GREEN | 2019,,,,,,GAL-S10E-271,,,,,,,
GALAXY S10E,,,DEV-37,,SAMSUNG,DEVICE,MOBILE PHONE,,,Pieces,,1,,,,,,Active,New,,GALAXY S10E | 128GB | PRISM WHITE | 2019,,,,,,GAL-S10E-272,,,,,,,
GALAXY S10E,,,DEV-37,,SAMSUNG,DEVICE,MOBILE PHONE,,,Pieces,,1,,,,,,Active,New,,GALAXY S10E | 256GB | CANARY YELLOE | 2019,,,,,,GAL-S10E-273,,,,,,,
GALAXY S10E,,,DEV-37,,SAMSUNG,DEVICE,MOBILE PHONE,,,Pieces,,1,,,,,,Active,New,,GALAXY S10E | 256GB | PRISM BLACK | 2019,,,,,,GAL-S10E-274,,,,,,,
GALAXY S10E,,,DEV-37,,SAMSUNG,DEVICE,MOBILE PHONE,,,Pieces,,1,,,,,,Active,New,,GALAXY S10E | 256GB | PRISM GREEN | 2019,,,,,,GAL-S10E-275,,,,,,,
GALAXY S10E,,,DEV-37,,SAMSUNG,DEVICE,MOBILE PHONE,,,Pieces,,1,,,,,,Active,New,,GALAXY S10E | 256GB | PRISM WHITE | 2019,,,,,,GAL-S10E-276,,,,,,,
XPERIA Z3,,,DEV-370,,XPERIA,DEVICE,MOBILE PHONE,,,Pieces,,1,,,,,,Active,New,,XPERIA Z3 | 16GB | BLACK | 2014,,,,,,XPERIA-Z3-2405,,,,,,,
XPERIA Z3,,,DEV-370,,SONY,DEVICE,MOBILE PHONE,,,Pieces,,1,,,,,,Active,New,,XPERIA Z3 | 16GB | COPPER | 2014,,,,,,XPERIA-Z3-2406,,,,,,,
XPERIA Z3,,,DEV-370,,SONY,DEVICE,MOBILE PHONE,,,Pieces,,1,,,,,,Active,New,,XPERIA Z3 | 16GB | WHITE | 2014,,,,,,XPERIA-Z3-2407,,,,,,,
XPERIA Z3,,,DEV-370,,SONY,DEVICE,MOBILE PHONE,,,Pieces,,1,,,,,,Active,New,,XPERIA Z3 | 32GB | BLACK | 2014,,,,,,XPERIA-Z3-2408,,,,,,,
XPERIA Z3,,,DEV-370,,SONY,DEVICE,MOBILE PHONE,,,Pieces,,1,,,,,,Active,New,,XPERIA Z3 | 32GB | COPPER | 2014,,,,,,XPERIA-Z3-2409,,,,,,,
XPERIA Z3,,,DEV-370,,SONY,DEVICE,MOBILE PHONE,,,Pieces,,1,,,,,,Active,New,,XPERIA Z3 | 32GB | WHITE | 2014,,,,,,XPERIA-Z3-2410,,,,,,,
XPERIA Z5,,,DEV-371,,XPERIA,DEVICE,MOBILE PHONE,,,Pieces,,1,,,,,,Active,New,,XPERIA Z5 | 32GB | BLACK | 2015,,,,,,XPERIA-Z5-2411,,,,,,,
XPERIA Z5,,,DEV-371,,SONY,DEVICE,MOBILE PHONE,,,Pieces,,1,,,,,,Active,New,,XPERIA Z5 | 32GB | GOLD | 2015,,,,,,XPERIA-Z5-2412,,,,,,,
XPERIA Z5,,,DEV-371,,SONY,DEVICE,MOBILE PHONE,,,Pieces,,1,,,,,,Active,New,,XPERIA Z5 | 32GB | GREEN | 2015,,,,,,XPERIA-Z5-2413,,,,,,,
XPERIA Z5,,,DEV-371,,SONY,DEVICE,MOBILE PHONE,,,Pieces,,1,,,,,,Active,New,,XPERIA Z5 | 32GB | WHITE | 2015,,,,,,XPERIA-Z5-2414,,,,,,,
GALAXY S20,,,DEV-38,,SAMSUNG,DEVICE,MOBILE PHONE,,,Pieces,,1,,,,,,Active,New,,GALAXY S20 | 128GB | CLOUD BLUE | 2020,,,,,,GAL-S20-277,,,,,,,
GALAXY S20,,,DEV-38,,SAMSUNG,DEVICE,MOBILE PHONE,,,Pieces,,1,,,,,,Active,New,,GALAXY S20 | 128GB | CLOUD PINK | 2020,,,,,,GAL-S20-278,,,,,,,
GALAXY S20,,,DEV-38,,SAMSUNG,DEVICE,MOBILE PHONE,,,Pieces,,1,,,,,,Active,New,,GALAXY S20 | 128GB | COSMIC GREY | 2020,,,,,,GAL-S20-279,,,,,,,
GALAXY S20 FE,,,DEV-39,,SAMSUNG,DEVICE,MOBILE PHONE,,,Pieces,,1,,,,,,Active,New,,GALAXY S20 FE | 128GB | CLOUD LAVENDER | 2020,,,,,,GAL-S20-280,,,,,,,
GALAXY S20 FE,,,DEV-39,,SAMSUNG,DEVICE,MOBILE PHONE,,,Pieces,,1,,,,,,Active,New,,GALAXY S20 FE | 128GB | CLOUD MINT | 2020,,,,,,GAL-S20-281,,,,,,,
GALAXY S20 FE,,,DEV-39,,SAMSUNG,DEVICE,MOBILE PHONE,,,Pieces,,1,,,,,,Active,New,,GALAXY S20 FE | 128GB | CLOUD NAVY | 2020,,,,,,GAL-S20-282,,,,,,,
GALAXY S20 FE,,,DEV-39,,SAMSUNG,DEVICE,MOBILE PHONE,,,Pieces,,1,,,,,,Active,New,,GALAXY S20 FE | 128GB | CLOUD RED | 2020,,,,,,GAL-S20-283,,,,,,,
GALAXY S20 FE,,,DEV-39,,SAMSUNG,DEVICE,MOBILE PHONE,,,Pieces,,1,,,,,,Active,New,,GALAXY S20 FE | 128GB | CLOUD WHITE | 2020,,,,,,GAL-S20-284,,,,,,,
GALAXY S20 FE,,,DEV-39,,SAMSUNG,DEVICE,MOBILE PHONE,,,Pieces,,1,,,,,,Active,New,,GALAXY S20 FE | 256GB | CLOUD LAVENDER | 2020,,,,,,GAL-S20-285,,,,,,,
GALAXY S20 FE,,,DEV-39,,SAMSUNG,DEVICE,MOBILE PHONE,,,Pieces,,1,,,,,,Active,New,,GALAXY S20 FE | 256GB | CLOUD MINT | 2020,,,,,,GAL-S20-286,,,,,,,
GALAXY S20 FE,,,DEV-39,,SAMSUNG,DEVICE,MOBILE PHONE,,,Pieces,,1,,,,,,Active,New,,GALAXY S20 FE | 256GB | CLOUD NAVY | 2020,,,,,,GAL-S20-287,,,,,,,
GALAXY S20 FE,,,DEV-39,,SAMSUNG,DEVICE,MOBILE PHONE,,,Pieces,,1,,,,,,Active,New,,GALAXY S20 FE | 256GB | CLOUD RED | 2020,,,,,,GAL-S20-288,,,,,,,
GALAXY S20 FE,,,DEV-39,,SAMSUNG,DEVICE,MOBILE PHONE,,,Pieces,,1,,,,,,Active,New,,GALAXY S20 FE | 256GB | CLOUD WHITE | 2020,,,,,,GAL-S20-289,,,,,,,
GALAXY A04,,,DEV-4,,SAMSUNG,DEVICE,MOBILE PHONE,,,Pieces,,1,,,,,,Active,New,,GALAXY A04 | 128GB | BLACK | 2022,,,,,,GAL-A04-22,,,,,,,
GALAXY A04,,,DEV-4,,SAMSUNG,DEVICE,MOBILE PHONE,,,Pieces,,1,,,,,,Active,New,,GALAXY A04 | 128GB | COPPER | 2022,,,,,,GAL-A04-23,,,,,,,
GALAXY A04,,,DEV-4,,SAMSUNG,DEVICE,MOBILE PHONE,,,Pieces,,1,,,,,,Active,New,,GALAXY A04 | 128GB | GREEN | 2022,,,,,,GAL-A04-24,,,,,,,
GALAXY A04,,,DEV-4,,SAMSUNG,DEVICE,MOBILE PHONE,,,Pieces,,1,,,,,,Active,New,,GALAXY A04 | 128GB | WHITE | 2022,,,,,,GAL-A04-25,,,,,,,
GALAXY A04,,,DEV-4,,SAMSUNG,DEVICE,MOBILE PHONE,,,Pieces,,1,,,,,,Active,New,,GALAXY A04 | 32GB | BLACK | 2022,,,,,,GAL-A04-26,,,,,,,
GALAXY A04,,,DEV-4,,SAMSUNG,DEVICE,MOBILE PHONE,,,Pieces,,1,,,,,,Active,New,,GALAXY A04 | 32GB | COPPER | 2022,,,,,,GAL-A04-27,,,,,,,
GALAXY A04,,,DEV-4,,SAMSUNG,DEVICE,MOBILE PHONE,,,Pieces,,1,,,,,,Active,New,,GALAXY A04 | 32GB | GREEN | 2022,,,,,,GAL-A04-28,,,,,,,
GALAXY A04,,,DEV-4,,SAMSUNG,DEVICE,MOBILE PHONE,,,Pieces,,1,,,,,,Active,New,,GALAXY A04 | 32GB | WHITE | 2022,,,,,,GAL-A04-29,,,,,,,
GALAXY A04,,,DEV-4,,SAMSUNG,DEVICE,MOBILE PHONE,,,Pieces,,1,,,,,,Active,New,,GALAXY A04 | 64GB | BLACK | 2022,,,,,,GAL-A04-30,,,,,,,
GALAXY A04,,,DEV-4,,SAMSUNG,DEVICE,MOBILE PHONE,,,Pieces,,1,,,,,,Active,New,,GALAXY A04 | 64GB | COPPER | 2022,,,,,,GAL-A04-31,,,,,,,
GALAXY A04,,,DEV-4,,SAMSUNG,DEVICE,MOBILE PHONE,,,Pieces,,1,,,,,,Active,New,,GALAXY A04 | 64GB | GREEN | 2022,,,,,,GAL-A04-32,,,,,,,
GALAXY A04,,,DEV-4,,SAMSUNG,DEVICE,MOBILE PHONE,,,Pieces,,1,,,,,,Active,New,,GALAXY A04 | 64GB | WHITE | 2022,,,,,,GAL-A04-33,,,,,,,
GALAXY S20 ULTRA,,,DEV-40,,SAMSUNG,DEVICE,MOBILE PHONE,,,Pieces,,1,,,,,,Active,New,,GALAXY S20 ULTRA | 128GB | COSMIC BLACK | 2020,,,,,,GAL-S20-290,,,,,,,
GALAXY S20 ULTRA,,,DEV-40,,SAMSUNG,DEVICE,MOBILE PHONE,,,Pieces,,1,,,,,,Active,New,,GALAXY S20 ULTRA | 128GB | COSMIC GREY | 2020,,,,,,GAL-S20-291,,,,,,,
GALAXY S20 ULTRA,,,DEV-40,,SAMSUNG,DEVICE,MOBILE PHONE,,,Pieces,,1,,,,,,Active,New,,GALAXY S20 ULTRA | 512GB | COSMIC BLACK | 2020,,,,,,GAL-S20-292,,,,,,,
GALAXY S20 ULTRA,,,DEV-40,,SAMSUNG,DEVICE,MOBILE PHONE,,,Pieces,,1,,,,,,Active,New,,GALAXY S20 ULTRA | 512GB | COSMIC GREY | 2020,,,,,,GAL-S20-293,,,,,,,
GALAXY S20+,,,DEV-41,,SAMSUNG,DEVICE,MOBILE PHONE,,,Pieces,,1,,,,,,Active,New,,GALAXY S20+ | 128GB | CLOUD BLUE | 2020,,,,,,GAL-S20+-294,,,,,,,
GALAXY S20+,,,DEV-41,,SAMSUNG,DEVICE,MOBILE PHONE,,,Pieces,,1,,,,,,Active,New,,GALAXY S20+ | 128GB | COSMIC BLACK | 2020,,,,,,GAL-S20+-295,,,,,,,
GALAXY S20+,,,DEV-41,,SAMSUNG,DEVICE,MOBILE PHONE,,,Pieces,,1,,,,,,Active,New,,GALAXY S20+ | 128GB | COSMIC GREY | 2020,,,,,,GAL-S20+-296,,,,,,,
GALAXY S20+,,,DEV-41,,SAMSUNG,DEVICE,MOBILE PHONE,,,Pieces,,1,,,,,,Active,New,,GALAXY S20+ | 512GB | CLOUD BLUE | 2020,,,,,,GAL-S20+-297,,,,,,,
GALAXY S20+,,,DEV-41,,SAMSUNG,DEVICE,MOBILE PHONE,,,Pieces,,1,,,,,,Active,New,,GALAXY S20+ | 512GB | COSMIC BLACK | 2020,,,,,,GAL-S20+-298,,,,,,,
GALAXY S20+,,,DEV-41,,SAMSUNG,DEVICE,MOBILE PHONE,,,Pieces,,1,,,,,,Active,New,,GALAXY S20+ | 512GB | COSMIC GREY | 2020,,,,,,GAL-S20+-299,,,,,,,
GALAXY S21,,,DEV-42,,SAMSUNG,DEVICE,MOBILE PHONE,,,Pieces,,1,,,,,,Active,New,,GALAXY S21 | 128GB | PHANTOM GREY | 2021,,,,,,GAL-S21-300,,,,,,,
GALAXY S21,,,DEV-42,,SAMSUNG,DEVICE,MOBILE PHONE,,,Pieces,,1,,,,,,Active,New,,GALAXY S21 | 128GB | PHANTOM PINK | 2021,,,,,,GAL-S21-301,,,,,,,
GALAXY S21,,,DEV-42,,SAMSUNG,DEVICE,MOBILE PHONE,,,Pieces,,1,,,,,,Active,New,,GALAXY S21 | 128GB | PHANTOM VIOLET | 2021,,,,,,GAL-S21-302,,,,,,,
GALAXY S21,,,DEV-42,,SAMSUNG,DEVICE,MOBILE PHONE,,,Pieces,,1,,,,,,Active,New,,GALAXY S21 | 128GB | PHANTOM WHITE | 2021,,,,,,GAL-S21-303,,,,,,,
GALAXY S21,,,DEV-42,,SAMSUNG,DEVICE,MOBILE PHONE,,,Pieces,,1,,,,,,Active,New,,GALAXY S21 | 256GB | PHANTOM GREY | 2021,,,,,,GAL-S21-304,,,,,,,
GALAXY S21,,,DEV-42,,SAMSUNG,DEVICE,MOBILE PHONE,,,Pieces,,1,,,,,,Active,New,,GALAXY S21 | 256GB | PHANTOM PINK | 2021,,,,,,GAL-S21-305,,,,,,,
GALAXY S21,,,DEV-42,,SAMSUNG,DEVICE,MOBILE PHONE,,,Pieces,,1,,,,,,Active,New,,GALAXY S21 | 256GB | PHANTOM VIOLET | 2021,,,,,,GAL-S21-306,,,,,,,
GALAXY S21,,,DEV-42,,SAMSUNG,DEVICE,MOBILE PHONE,,,Pieces,,1,,,,,,Active,New,,GALAXY S21 | 256GB | PHANTOM WHITE | 2021,,,,,,GAL-S21-307,,,,,,,
GALAXY S21 FE,,,DEV-43,,SAMSUNG,DEVICE,MOBILE PHONE,,,Pieces,,1,,,,,,Active,New,,GALAXY S21 FE | 128GB | GRAPHITE | 2022,,,,,,GAL-S21-308,,,,,,,
GALAXY S21 FE,,,DEV-43,,SAMSUNG,DEVICE,MOBILE PHONE,,,Pieces,,1,,,,,,Active,New,,GALAXY S21 FE | 128GB | LAVENDER | 2022,,,,,,GAL-S21-309,,,,,,,
GALAXY S21 FE,,,DEV-43,,SAMSUNG,DEVICE,MOBILE PHONE,,,Pieces,,1,,,,,,Active,New,,GALAXY S21 FE | 128GB | OLIVE | 2022,,,,,,GAL-S21-310,,,,,,,
GALAXY S21 FE,,,DEV-43,,SAMSUNG,DEVICE,MOBILE PHONE,,,Pieces,,1,,,,,,Active,New,,GALAXY S21 FE | 128GB | WHITE | 2022,,,,,,GAL-S21-311,,,,,,,
GALAXY S21 FE,,,DEV-43,,SAMSUNG,DEVICE,MOBILE PHONE,,,Pieces,,1,,,,,,Active,New,,GALAXY S21 FE | 256GB | GRAPHITE | 2022,,,,,,GAL-S21-312,,,,,,,
GALAXY S21 FE,,,DEV-43,,SAMSUNG,DEVICE,MOBILE PHONE,,,Pieces,,1,,,,,,Active,New,,GALAXY S21 FE | 256GB | LAVENDER | 2022,,,,,,GAL-S21-313,,,,,,,
GALAXY S21 FE,,,DEV-43,,SAMSUNG,DEVICE,MOBILE PHONE,,,Pieces,,1,,,,,,Active,New,,GALAXY S21 FE | 256GB | OLIVE | 2022,,,,,,GAL-S21-314,,,,,,,
GALAXY S21 FE,,,DEV-43,,SAMSUNG,DEVICE,MOBILE PHONE,,,Pieces,,1,,,,,,Active,New,,GALAXY S21 FE | 256GB | WHITE | 2022,,,,,,GAL-S21-315,,,,,,,
GALAXY S21 ULTRA,,,DEV-44,,SAMSUNG,DEVICE,MOBILE PHONE,,,Pieces,,1,,,,,,Active,New,,GALAXY S21 ULTRA | 128GB | PHANTOM BLACK | 2021,,,,,,GAL-S21-316,,,,,,,
GALAXY S21 ULTRA,,,DEV-44,,SAMSUNG,DEVICE,MOBILE PHONE,,,Pieces,,1,,,,,,Active,New,,GALAXY S21 ULTRA | 128GB | PHANTOM SILVER | 2021,,,,,,GAL-S21-317,,,,,,,
GALAXY S21 ULTRA,,,DEV-44,,SAMSUNG,DEVICE,MOBILE PHONE,,,Pieces,,1,,,,,,Active,New,,GALAXY S21 ULTRA | 256GB | PHANTOM BLACK | 2021,,,,,,GAL-S21-318,,,,,,,
GALAXY S21 ULTRA,,,DEV-44,,SAMSUNG,DEVICE,MOBILE PHONE,,,Pieces,,1,,,,,,Active,New,,GALAXY S21 ULTRA | 256GB | PHANTOM SILVER | 2021,,,,,,GAL-S21-319,,,,,,,
GALAXY S21 ULTRA,,,DEV-44,,SAMSUNG,DEVICE,MOBILE PHONE,,,Pieces,,1,,,,,,Active,New,,GALAXY S21 ULTRA | 512GB | PHANTOM BLACK | 2021,,,,,,GAL-S21-320,,,,,,,
GALAXY S21 ULTRA,,,DEV-44,,SAMSUNG,DEVICE,MOBILE PHONE,,,Pieces,,1,,,,,,Active,New,,GALAXY S21 ULTRA | 512GB | PHANTOM SILVER | 2021,,,,,,GAL-S21-321,,,,,,,
GALAXY S21+,,,DEV-45,,SAMSUNG,DEVICE,MOBILE PHONE,,,Pieces,,1,,,,,,Active,New,,GALAXY S21+ | 128GB | PHANTOM BLACK | 2021,,,,,,GAL-S21+-322,,,,,,,
GALAXY S21+,,,DEV-45,,SAMSUNG,DEVICE,MOBILE PHONE,,,Pieces,,1,,,,,,Active,New,,GALAXY S21+ | 128GB | PHANTOM SILVER | 2021,,,,,,GAL-S21+-323,,,,,,,
GALAXY S21+,,,DEV-45,,SAMSUNG,DEVICE,MOBILE PHONE,,,Pieces,,1,,,,,,Active,New,,GALAXY S21+ | 128GB | PHANTOM VIOLET | 2021,,,,,,GAL-S21+-324,,,,,,,
GALAXY S21+,,,DEV-45,,SAMSUNG,DEVICE,MOBILE PHONE,,,Pieces,,1,,,,,,Active,New,,GALAXY S21+ | 256GB | PHANTOM BLACK | 2021,,,,,,GAL-S21+-325,,,,,,,
GALAXY S21+,,,DEV-45,,SAMSUNG,DEVICE,MOBILE PHONE,,,Pieces,,1,,,,,,Active,New,,GALAXY S21+ | 256GB | PHANTOM SILVER | 2021,,,,,,GAL-S21+-326,,,,,,,
GALAXY S21+,,,DEV-45,,SAMSUNG,DEVICE,MOBILE PHONE,,,Pieces,,1,,,,,,Active,New,,GALAXY S21+ | 256GB | PHANTOM VIOLET | 2021,,,,,,GAL-S21+-327,,,,,,,
GALAXY S22,,,DEV-46,,SAMSUNG,DEVICE,MOBILE PHONE,,,Pieces,,1,,,,,,Active,New,,GALAXY S22 | 128GB | GREEN | 2022,,,,,,GAL-S22-328,,,,,,,
GALAXY S22,,,DEV-46,,SAMSUNG,DEVICE,MOBILE PHONE,,,Pieces,,1,,,,,,Active,New,,GALAXY S22 | 128GB | PHANTOM BLACK | 2022,,,,,,GAL-S22-329,,,,,,,
GALAXY S22,,,DEV-46,,SAMSUNG,DEVICE,MOBILE PHONE,,,Pieces,,1,,,,,,Active,New,,GALAXY S22 | 128GB | PINK GOLD | 2022,,,,,,GAL-S22-330,,,,,,,
GALAXY S22,,,DEV-46,,SAMSUNG,DEVICE,MOBILE PHONE,,,Pieces,,1,,,,,,Active,New,,GALAXY S22 | 128GB | WHITE | 2022,,,,,,GAL-S22-331,,,,,,,
GALAXY S22,,,DEV-46,,SAMSUNG,DEVICE,MOBILE PHONE,,,Pieces,,1,,,,,,Active,New,,GALAXY S22 | 256GB | GREEN | 2022,,,,,,GAL-S22-332,,,,,,,
GALAXY S22,,,DEV-46,,SAMSUNG,DEVICE,MOBILE PHONE,,,Pieces,,1,,,,,,Active,New,,GALAXY S22 | 256GB | PHANTOM BLACK | 2022,,,,,,GAL-S22-333,,,,,,,
GALAXY S22,,,DEV-46,,SAMSUNG,DEVICE,MOBILE PHONE,,,Pieces,,1,,,,,,Active,New,,GALAXY S22 | 256GB | PINK GOLD | 2022,,,,,,GAL-S22-334,,,,,,,
GALAXY S22,,,DEV-46,,SAMSUNG,DEVICE,MOBILE PHONE,,,Pieces,,1,,,,,,Active,New,,GALAXY S22 | 256GB | WHITE | 2022,,,,,,GAL-S22-335,,,,,,,
GALAXY S22 ULTRA,,,DEV-47,,SAMSUNG,DEVICE,MOBILE PHONE,,,Pieces,,1,,,,,,Active,New,,GALAXY S22 ULTRA | 128GB | BURGUNDY | 2022,,,,,,GAL-S22-336,,,,,,,
GALAXY S22 ULTRA,,,DEV-47,,SAMSUNG,DEVICE,MOBILE PHONE,,,Pieces,,1,,,,,,Active,New,,GALAXY S22 ULTRA | 128GB | GREEN | 2022,,,,,,GAL-S22-337,,,,,,,
GALAXY S22 ULTRA,,,DEV-47,,SAMSUNG,DEVICE,MOBILE PHONE,,,Pieces,,1,,,,,,Active,New,,GALAXY S22 ULTRA | 128GB | PHANTOM BLACK | 2022,,,,,,GAL-S22-338,,,,,,,
GALAXY S22 ULTRA,,,DEV-47,,SAMSUNG,DEVICE,MOBILE PHONE,,,Pieces,,1,,,,,,Active,New,,GALAXY S22 ULTRA | 128GB | WHITE | 2022,,,,,,GAL-S22-339,,,,,,,
GALAXY S22 ULTRA,,,DEV-47,,SAMSUNG,DEVICE,MOBILE PHONE,,,Pieces,,1,,,,,,Active,New,,GALAXY S22 ULTRA | 1TB | BURGUNDY | 2022,,,,,,GAL-S22-340,,,,,,,
GALAXY S22 ULTRA,,,DEV-47,,SAMSUNG,DEVICE,MOBILE PHONE,,,Pieces,,1,,,,,,Active,New,,GALAXY S22 ULTRA | 1TB | GREEN | 2022,,,,,,GAL-S22-341,,,,,,,
GALAXY S22 ULTRA,,,DEV-47,,SAMSUNG,DEVICE,MOBILE PHONE,,,Pieces,,1,,,,,,Active,New,,GALAXY S22 ULTRA | 1TB | PHANTOM BLACK | 2022,,,,,,GAL-S22-342,,,,,,,
GALAXY S22 ULTRA,,,DEV-47,,SAMSUNG,DEVICE,MOBILE PHONE,,,Pieces,,1,,,,,,Active,New,,GALAXY S22 ULTRA | 1TB | WHITE | 2022,,,,,,GAL-S22-343,,,,,,,
GALAXY S22 ULTRA,,,DEV-47,,SAMSUNG,DEVICE,MOBILE PHONE,,,Pieces,,1,,,,,,Active,New,,GALAXY S22 ULTRA | 256GB | BURGUNDY | 2022,,,,,,GAL-S22-344,,,,,,,
GALAXY S22 ULTRA,,,DEV-47,,SAMSUNG,DEVICE,MOBILE PHONE,,,Pieces,,1,,,,,,Active,New,,GALAXY S22 ULTRA | 256GB | GREEN | 2022,,,,,,GAL-S22-345,,,,,,,
GALAXY S22 ULTRA,,,DEV-47,,SAMSUNG,DEVICE,MOBILE PHONE,,,Pieces,,1,,,,,,Active,New,,GALAXY S22 ULTRA | 256GB | PHANTOM BLACK | 2022,,,,,,GAL-S22-346,,,,,,,
GALAXY S22 ULTRA,,,DEV-47,,SAMSUNG,DEVICE,MOBILE PHONE,,,Pieces,,1,,,,,,Active,New,,GALAXY S22 ULTRA | 256GB | WHITE | 2022,,,,,,GAL-S22-347,,,,,,,
GALAXY S22 ULTRA,,,DEV-47,,SAMSUNG,DEVICE,MOBILE PHONE,,,Pieces,,1,,,,,,Active,New,,GALAXY S22 ULTRA | 512GB | BURGUNDY | 2022,,,,,,GAL-S22-348,,,,,,,
GALAXY S22 ULTRA,,,DEV-47,,SAMSUNG,DEVICE,MOBILE PHONE,,,Pieces,,1,,,,,,Active,New,,GALAXY S22 ULTRA | 512GB | GREEN | 2022,,,,,,GAL-S22-349,,,,,,,
GALAXY S22 ULTRA,,,DEV-47,,SAMSUNG,DEVICE,MOBILE PHONE,,,Pieces,,1,,,,,,Active,New,,GALAXY S22 ULTRA | 512GB | PHANTOM BLACK | 2022,,,,,,GAL-S22-350,,,,,,,
GALAXY S22 ULTRA,,,DEV-47,,SAMSUNG,DEVICE,MOBILE PHONE,,,Pieces,,1,,,,,,Active,New,,GALAXY S22 ULTRA | 512GB | WHITE | 2022,,,,,,GAL-S22-351,,,,,,,
GALAXY S22+,,,DEV-48,,SAMSUNG,DEVICE,MOBILE PHONE,,,Pieces,,1,,,,,,Active,New,,GALAXY S22+ | 128GB | GREEN | 2022,,,,,,GAL-S22+-352,,,,,,,
GALAXY S22+,,,DEV-48,,SAMSUNG,DEVICE,MOBILE PHONE,,,Pieces,,1,,,,,,Active,New,,GALAXY S22+ | 128GB | PHANTOM BLACK | 2022,,,,,,GAL-S22+-353,,,,,,,
GALAXY S22+,,,DEV-48,,SAMSUNG,DEVICE,MOBILE PHONE,,,Pieces,,1,,,,,,Active,New,,GALAXY S22+ | 128GB | PINK GOLD | 2022,,,,,,GAL-S22+-354,,,,,,,
GALAXY S22+,,,DEV-48,,SAMSUNG,DEVICE,MOBILE PHONE,,,Pieces,,1,,,,,,Active,New,,GALAXY S22+ | 128GB | WHITE | 2022,,,,,,GAL-S22+-355,,,,,,,
GALAXY S22+,,,DEV-48,,SAMSUNG,DEVICE,MOBILE PHONE,,,Pieces,,1,,,,,,Active,New,,GALAXY S22+ | 256GB | GREEN | 2022,,,,,,GAL-S22+-356,,,,,,,
GALAXY S22+,,,DEV-48,,SAMSUNG,DEVICE,MOBILE PHONE,,,Pieces,,1,,,,,,Active,New,,GALAXY S22+ | 256GB | PHANTOM BLACK | 2022,,,,,,GAL-S22+-357,,,,,,,
GALAXY S22+,,,DEV-48,,SAMSUNG,DEVICE,MOBILE PHONE,,,Pieces,,1,,,,,,Active,New,,GALAXY S22+ | 256GB | PINK GOLD | 2022,,,,,,GAL-S22+-358,,,,,,,
GALAXY S22+,,,DEV-48,,SAMSUNG,DEVICE,MOBILE PHONE,,,Pieces,,1,,,,,,Active,New,,GALAXY S22+ | 256GB | WHITE | 2022,,,,,,GAL-S22+-359,,,,,,,
GALAXY S23,,,DEV-49,,SAMSUNG,DEVICE,MOBILE PHONE,,,Pieces,,1,,,,,,Active,New,,GALAXY S23 | 128GB | CREAM | 2023,,,,,,GAL-S23-360,,,,,,,
GALAXY S23,,,DEV-49,,SAMSUNG,DEVICE,MOBILE PHONE,,,Pieces,,1,,,,,,Active,New,,GALAXY S23 | 128GB | GREEN | 2023,,,,,,GAL-S23-361,,,,,,,
GALAXY S23,,,DEV-49,,SAMSUNG,DEVICE,MOBILE PHONE,,,Pieces,,1,,,,,,Active,New,,GALAXY S23 | 128GB | LAVENDER | 2023,,,,,,GAL-S23-362,,,,,,,
GALAXY S23,,,DEV-49,,SAMSUNG,DEVICE,MOBILE PHONE,,,Pieces,,1,,,,,,Active,New,,GALAXY S23 | 128GB | PHANTOM BLACK | 2023,,,,,,GAL-S23-363,,,,,,,
GALAXY S23,,,DEV-49,,SAMSUNG,DEVICE,MOBILE PHONE,,,Pieces,,1,,,,,,Active,New,,GALAXY S23 | 256GB | CREAM | 2023,,,,,,GAL-S23-364,,,,,,,
GALAXY S23,,,DEV-49,,SAMSUNG,DEVICE,MOBILE PHONE,,,Pieces,,1,,,,,,Active,New,,GALAXY S23 | 256GB | GREEN | 2023,,,,,,GAL-S23-365,,,,,,,
GALAXY S23,,,DEV-49,,SAMSUNG,DEVICE,MOBILE PHONE,,,Pieces,,1,,,,,,Active,New,,GALAXY S23 | 256GB | LAVENDER | 2023,,,,,,GAL-S23-366,,,,,,,
GALAXY S23,,,DEV-49,,SAMSUNG,DEVICE,MOBILE PHONE,,,Pieces,,1,,,,,,Active,New,,GALAXY S23 | 256GB | PHANTOM BLACK | 2023,,,,,,GAL-S23-367,,,,,,,
GALAXY A05,,,DEV-5,,SAMSUNG,DEVICE,MOBILE PHONE,,,Pieces,,1,,,,,,Active,New,,GALAXY A05 | 128GB | BLACK | 2023,,,,,,GAL-A05-34,,,,,,,
GALAXY A05,,,DEV-5,,SAMSUNG,DEVICE,MOBILE PHONE,,,Pieces,,1,,,,,,Active,New,,GALAXY A05 | 128GB | LIGHT GREEN | 2023,,,,,,GAL-A05-35,,,,,,,
GALAXY A05,,,DEV-5,,SAMSUNG,DEVICE,MOBILE PHONE,,,Pieces,,1,,,,,,Active,New,,GALAXY A05 | 128GB | SLIVER | 2023,,,,,,GAL-A05-36,,,,,,,
GALAXY A05,,,DEV-5,,SAMSUNG,DEVICE,MOBILE PHONE,,,Pieces,,1,,,,,,Active,New,,GALAXY A05 | 64GB | BLACK | 2023,,,,,,GAL-A05-37,,,,,,,
GALAXY A05,,,DEV-5,,SAMSUNG,DEVICE,MOBILE PHONE,,,Pieces,,1,,,,,,Active,New,,GALAXY A05 | 64GB | LIGHT GREEN | 2023,,,,,,GAL-A05-38,,,,,,,
GALAXY A05,,,DEV-5,,SAMSUNG,DEVICE,MOBILE PHONE,,,Pieces,,1,,,,,,Active,New,,GALAXY A05 | 64GB | SLIVER | 2023,,,,,,GAL-A05-39,,,,,,,
GALAXY S23 FE,,,DEV-50,,SAMSUNG,DEVICE,MOBILE PHONE,,,Pieces,,1,,,,,,Active,New,,GALAXY S23 FE | 128GB | CREAM | 2023,,,,,,GAL-S23-368,,,,,,,
GALAXY S23 FE,,,DEV-50,,SAMSUNG,DEVICE,MOBILE PHONE,,,Pieces,,1,,,,,,Active,New,,GALAXY S23 FE | 128GB | GRAPHITE | 2023,,,,,,GAL-S23-369,,,,,,,
GALAXY S23 FE,,,DEV-50,,SAMSUNG,DEVICE,MOBILE PHONE,,,Pieces,,1,,,,,,Active,New,,GALAXY S23 FE | 128GB | MINT | 2023,,,,,,GAL-S23-370,,,,,,,
GALAXY S23 FE,,,DEV-50,,SAMSUNG,DEVICE,MOBILE PHONE,,,Pieces,,1,,,,,,Active,New,,GALAXY S23 FE | 128GB | PURPLE | 2023,,,,,,GAL-S23-371,,,,,,,
GALAXY S23 FE,,,DEV-50,,SAMSUNG,DEVICE,MOBILE PHONE,,,Pieces,,1,,,,,,Active,New,,GALAXY S23 FE | 256GB | CREAM | 2023,,,,,,GAL-S23-372,,,,,,,
GALAXY S23 FE,,,DEV-50,,SAMSUNG,DEVICE,MOBILE PHONE,,,Pieces,,1,,,,,,Active,New,,GALAXY S23 FE | 256GB | GRAPHITE | 2023,,,,,,GAL-S23-373,,,,,,,
GALAXY S23 FE,,,DEV-50,,SAMSUNG,DEVICE,MOBILE PHONE,,,Pieces,,1,,,,,,Active,New,,GALAXY S23 FE | 256GB | MINT | 2023,,,,,,GAL-S23-374,,,,,,,
GALAXY S23 FE,,,DEV-50,,SAMSUNG,DEVICE,MOBILE PHONE,,,Pieces,,1,,,,,,Active,New,,GALAXY S23 FE | 256GB | PURPLE | 2023,,,,,,GAL-S23-375,,,,,,,
GALAXY S23 ULTRA,,,DEV-51,,SAMSUNG,DEVICE,MOBILE PHONE,,,Pieces,,1,,,,,,Active,New,,GALAXY S23 ULTRA | 1TB | CREAM | 2023,,,,,,GAL-S23-376,,,,,,,
GALAXY S23 ULTRA,,,DEV-51,,SAMSUNG,DEVICE,MOBILE PHONE,,,Pieces,,1,,,,,,Active,New,,GALAXY S23 ULTRA | 1TB | GREEN | 2023,,,,,,GAL-S23-377,,,,,,,
GALAXY S23 ULTRA,,,DEV-51,,SAMSUNG,DEVICE,MOBILE PHONE,,,Pieces,,1,,,,,,Active,New,,GALAXY S23 ULTRA | 1TB | LAVENDER | 2023,,,,,,GAL-S23-378,,,,,,,
GALAXY S23 ULTRA,,,DEV-51,,SAMSUNG,DEVICE,MOBILE PHONE,,,Pieces,,1,,,,,,Active,New,,GALAXY S23 ULTRA | 1TB | PHANTOM BLACK | 2023,,,,,,GAL-S23-379,,,,,,,
GALAXY S23 ULTRA,,,DEV-51,,SAMSUNG,DEVICE,MOBILE PHONE,,,Pieces,,1,,,,,,Active,New,,GALAXY S23 ULTRA | 256GB | CREAM | 2023,,,,,,GAL-S23-380,,,,,,,
GALAXY S23 ULTRA,,,DEV-51,,SAMSUNG,DEVICE,MOBILE PHONE,,,Pieces,,1,,,,,,Active,New,,GALAXY S23 ULTRA | 256GB | GREEN | 2023,,,,,,GAL-S23-381,,,,,,,
GALAXY S23 ULTRA,,,DEV-51,,SAMSUNG,DEVICE,MOBILE PHONE,,,Pieces,,1,,,,,,Active,New,,GALAXY S23 ULTRA | 256GB | LAVENDER | 2023,,,,,,GAL-S23-382,,,,,,,
GALAXY S23 ULTRA,,,DEV-51,,SAMSUNG,DEVICE,MOBILE PHONE,,,Pieces,,1,,,,,,Active,New,,GALAXY S23 ULTRA | 256GB | PHANTOM BLACK | 2023,,,,,,GAL-S23-383,,,,,,,
GALAXY S23 ULTRA,,,DEV-51,,SAMSUNG,DEVICE,MOBILE PHONE,,,Pieces,,1,,,,,,Active,New,,GALAXY S23 ULTRA | 512GB | CREAM | 2023,,,,,,GAL-S23-384,,,,,,,
GALAXY S23 ULTRA,,,DEV-51,,SAMSUNG,DEVICE,MOBILE PHONE,,,Pieces,,1,,,,,,Active,New,,GALAXY S23 ULTRA | 512GB | GREEN | 2023,,,,,,GAL-S23-385,,,,,,,
GALAXY S23 ULTRA,,,DEV-51,,SAMSUNG,DEVICE,MOBILE PHONE,,,Pieces,,1,,,,,,Active,New,,GALAXY S23 ULTRA | 512GB | LAVENDER | 2023,,,,,,GAL-S23-386,,,,,,,
GALAXY S23 ULTRA,,,DEV-51,,SAMSUNG,DEVICE,MOBILE PHONE,,,Pieces,,1,,,,,,Active,New,,GALAXY S23 ULTRA | 512GB | PHANTOM BLACK | 2023,,,,,,GAL-S23-387,,,,,,,
GALAXY S23+,,,DEV-52,,SAMSUNG,DEVICE,MOBILE PHONE,,,Pieces,,1,,,,,,Active,New,,GALAXY S23+ | 256GB | CREAM | 2023,,,,,,GAL-S23+-388,,,,,,,
GALAXY S23+,,,DEV-52,,SAMSUNG,DEVICE,MOBILE PHONE,,,Pieces,,1,,,,,,Active,New,,GALAXY S23+ | 256GB | GREEN | 2023,,,,,,GAL-S23+-389,,,,,,,
GALAXY S23+,,,DEV-52,,SAMSUNG,DEVICE,MOBILE PHONE,,,Pieces,,1,,,,,,Active,New,,GALAXY S23+ | 256GB | LAVENDER | 2023,,,,,,GAL-S23+-390,,,,,,,
GALAXY S23+,,,DEV-52,,SAMSUNG,DEVICE,MOBILE PHONE,,,Pieces,,1,,,,,,Active,New,,GALAXY S23+ | 256GB | PHANTOM BLACK | 2023,,,,,,GAL-S23+-391,,,,,,,
GALAXY S23+,,,DEV-52,,SAMSUNG,DEVICE,MOBILE PHONE,,,Pieces,,1,,,,,,Active,New,,GALAXY S23+ | 512GB | CREAM | 2023,,,,,,GAL-S23+-392,,,,,,,
GALAXY S23+,,,DEV-52,,SAMSUNG,DEVICE,MOBILE PHONE,,,Pieces,,1,,,,,,Active,New,,GALAXY S23+ | 512GB | GREEN | 2023,,,,,,GAL-S23+-393,,,,,,,
GALAXY S23+,,,DEV-52,,SAMSUNG,DEVICE,MOBILE PHONE,,,Pieces,,1,,,,,,Active,New,,GALAXY S23+ | 512GB | LAVENDER | 2023,,,,,,GAL-S23+-394,,,,,,,
GALAXY S23+,,,DEV-52,,SAMSUNG,DEVICE,MOBILE PHONE,,,Pieces,,1,,,,,,Active,New,,GALAXY S23+ | 512GB | PHANTOM BLACK | 2023,,,,,,GAL-S23+-395,,,,,,,
GALAXY S24,,,DEV-53,,SAMSUNG,DEVICE,MOBILE PHONE,,,Pieces,,1,,,,,,Active,New,,GALAXY S24 | 128GB | AMBER YELLOW | 2024,,,,,,GAL-S24-396,,,,,,,
GALAXY S24,,,DEV-53,,SAMSUNG,DEVICE,MOBILE PHONE,,,Pieces,,1,,,,,,Active,New,,GALAXY S24 | 128GB | COBALT VIOLET | 2024,,,,,,GAL-S24-397,,,,,,,
GALAXY S24,,,DEV-53,,SAMSUNG,DEVICE,MOBILE PHONE,,,Pieces,,1,,,,,,Active,New,,GALAXY S24 | 128GB | MARBLE GREY | 2024,,,,,,GAL-S24-398,,,,,,,
GALAXY S24,,,DEV-53,,SAMSUNG,DEVICE,MOBILE PHONE,,,Pieces,,1,,,,,,Active,New,,GALAXY S24 | 128GB | ONYX BLACK | 2024,,,,,,GAL-S24-399,,,,,,,
GALAXY S24,,,DEV-53,,SAMSUNG,DEVICE,MOBILE PHONE,,,Pieces,,1,,,,,,Active,New,,GALAXY S24 | 256GB | AMBER YELLOW | 2024,,,,,,GAL-S24-400,,,,,,,
GALAXY S24,,,DEV-53,,SAMSUNG,DEVICE,MOBILE PHONE,,,Pieces,,1,,,,,,Active,New,,GALAXY S24 | 256GB | COBALT VIOLET | 2024,,,,,,GAL-S24-401,,,,,,,
GALAXY S24,,,DEV-53,,SAMSUNG,DEVICE,MOBILE PHONE,,,Pieces,,1,,,,,,Active,New,,GALAXY S24 | 256GB | MARBLE GREY | 2024,,,,,,GAL-S24-402,,,,,,,
GALAXY S24,,,DEV-53,,SAMSUNG,DEVICE,MOBILE PHONE,,,Pieces,,1,,,,,,Active,New,,GALAXY S24 | 256GB | ONYX BLACK | 2024,,,,,,GAL-S24-403,,,,,,,
GALAXY S24 ULTRA,,,DEV-54,,SAMSUNG,DEVICE,MOBILE PHONE,,,Pieces,,1,,,,,,Active,New,,GALAXY S24 ULTRA | 1TB | TITANIUM BLACK | 2024,,,,,,GAL-S24-404,,,,,,,
GALAXY S24 ULTRA,,,DEV-54,,SAMSUNG,DEVICE,MOBILE PHONE,,,Pieces,,1,,,,,,Active,New,,GALAXY S24 ULTRA | 1TB | TITANIUM GRAY | 2024,,,,,,GAL-S24-405,,,,,,,
GALAXY S24 ULTRA,,,DEV-54,,SAMSUNG,DEVICE,MOBILE PHONE,,,Pieces,,1,,,,,,Active,New,,GALAXY S24 ULTRA | 1TB | TITANIUM VIOLET | 2024,,,,,,GAL-S24-406,,,,,,,
GALAXY S24 ULTRA,,,DEV-54,,SAMSUNG,DEVICE,MOBILE PHONE,,,Pieces,,1,,,,,,Active,New,,GALAXY S24 ULTRA | 1TB | TITANIUM YELLOW | 2024,,,,,,GAL-S24-407,,,,,,,
GALAXY S24 ULTRA,,,DEV-54,,SAMSUNG,DEVICE,MOBILE PHONE,,,Pieces,,1,,,,,,Active,New,,GALAXY S24 ULTRA | 256GB | TITANIUM BLACK | 2024,,,,,,GAL-S24-408,,,,,,,
GALAXY S24 ULTRA,,,DEV-54,,SAMSUNG,DEVICE,MOBILE PHONE,,,Pieces,,1,,,,,,Active,New,,GALAXY S24 ULTRA | 256GB | TITANIUM GRAY | 2024,,,,,,GAL-S24-409,,,,,,,
GALAXY S24 ULTRA,,,DEV-54,,SAMSUNG,DEVICE,MOBILE PHONE,,,Pieces,,1,,,,,,Active,New,,GALAXY S24 ULTRA | 256GB | TITANIUM VIOLET | 2024,,,,,,GAL-S24-410,,,,,,,
GALAXY S24 ULTRA,,,DEV-54,,SAMSUNG,DEVICE,MOBILE PHONE,,,Pieces,,1,,,,,,Active,New,,GALAXY S24 ULTRA | 256GB | TITANIUM YELLOW | 2024,,,,,,GAL-S24-411,,,,,,,
GALAXY S24 ULTRA,,,DEV-54,,SAMSUNG,DEVICE,MOBILE PHONE,,,Pieces,,1,,,,,,Active,New,,GALAXY S24 ULTRA | 512GB | TITANIUM BLACK | 2024,,,,,,GAL-S24-412,,,,,,,
GALAXY S24 ULTRA,,,DEV-54,,SAMSUNG,DEVICE,MOBILE PHONE,,,Pieces,,1,,,,,,Active,New,,GALAXY S24 ULTRA | 512GB | TITANIUM GRAY | 2024,,,,,,GAL-S24-413,,,,,,,
GALAXY S24 ULTRA,,,DEV-54,,SAMSUNG,DEVICE,MOBILE PHONE,,,Pieces,,1,,,,,,Active,New,,GALAXY S24 ULTRA | 512GB | TITANIUM VIOLET | 2024,,,,,,GAL-S24-414,,,,,,,
GALAXY S24 ULTRA,,,DEV-54,,SAMSUNG,DEVICE,MOBILE PHONE,,,Pieces,,1,,,,,,Active,New,,GALAXY S24 ULTRA | 512GB | TITANIUM YELLOW | 2024,,,,,,GAL-S24-415,,,,,,,
GALAXY S24+,,,DEV-55,,SAMSUNG,DEVICE,MOBILE PHONE,,,Pieces,,1,,,,,,Active,New,,GALAXY S24+ | 256GB | AMBER YELLOW | 2024,,,,,,GAL-S24+-416,,,,,,,
GALAXY S24+,,,DEV-55,,SAMSUNG,DEVICE,MOBILE PHONE,,,Pieces,,1,,,,,,Active,New,,GALAXY S24+ | 256GB | COBALT VIOLET | 2024,,,,,,GAL-S24+-417,,,,,,,
GALAXY S24+,,,DEV-55,,SAMSUNG,DEVICE,MOBILE PHONE,,,Pieces,,1,,,,,,Active,New,,GALAXY S24+ | 256GB | MARBLE GRAY | 2024,,,,,,GAL-S24+-418,,,,,,,
GALAXY S24+,,,DEV-55,,SAMSUNG,DEVICE,MOBILE PHONE,,,Pieces,,1,,,,,,Active,New,,GALAXY S24+ | 256GB | ONYX BLACK | 2024,,,,,,GAL-S24+-419,,,,,,,
GALAXY S24+,,,DEV-55,,SAMSUNG,DEVICE,MOBILE PHONE,,,Pieces,,1,,,,,,Active,New,,GALAXY S24+ | 512GB | AMBER YELLOW | 2024,,,,,,GAL-S24+-420,,,,,,,
GALAXY S24+,,,DEV-55,,SAMSUNG,DEVICE,MOBILE PHONE,,,Pieces,,1,,,,,,Active,New,,GALAXY S24+ | 512GB | COBALT VIOLET | 2024,,,,,,GAL-S24+-421,,,,,,,
GALAXY S24+,,,DEV-55,,SAMSUNG,DEVICE,MOBILE PHONE,,,Pieces,,1,,,,,,Active,New,,GALAXY S24+ | 512GB | MARBLE GRAY | 2024,,,,,,GAL-S24+-422,,,,,,,
GALAXY S24+,,,DEV-55,,SAMSUNG,DEVICE,MOBILE PHONE,,,Pieces,,1,,,,,,Active,New,,GALAXY S24+ | 512GB | ONYX BLACK | 2024,,,,,,GAL-S24+-423,,,,,,,
GALAXY S25,,,DEV-56,,SAMSUNG,DEVICE,MOBILE PHONE,,,Pieces,,1,,,,,,Active,New,,GALAXY S25 | 256GB | NAVY MINT | 2025,,,,,,GAL-S25-424,,,,,,,
GALAXY S25,,,DEV-56,,SAMSUNG,DEVICE,MOBILE PHONE,,,Pieces,,1,,,,,,Active,New,,GALAXY S25 | 256GB | SILVER SHADOW | 2025,,,,,,GAL-S25-425,,,,,,,
GALAXY S25,,,DEV-56,,SAMSUNG,DEVICE,MOBILE PHONE,,,Pieces,,1,,,,,,Active,New,,GALAXY S25 | 256GB | TITANIUM BLACK | 2025,,,,,,GAL-S25-426,,,,,,,
GALAXY S25,,,DEV-56,,SAMSUNG,DEVICE,MOBILE PHONE,,,Pieces,,1,,,,,,Active,New,,GALAXY S25 | 512GB | NAVY MINT | 2025,,,,,,GAL-S25-427,,,,,,,
GALAXY S25,,,DEV-56,,SAMSUNG,DEVICE,MOBILE PHONE,,,Pieces,,1,,,,,,Active,New,,GALAXY S25 | 512GB | SILVER SHADOW | 2025,,,,,,GAL-S25-428,,,,,,,
GALAXY S25,,,DEV-56,,SAMSUNG,DEVICE,MOBILE PHONE,,,Pieces,,1,,,,,,Active,New,,GALAXY S25 | 512GB | TITANIUM BLACK | 2025,,,,,,GAL-S25-429,,,,,,,
GALAXY S25 ULTRA,,,DEV-57,,SAMSUNG,DEVICE,MOBILE PHONE,,,Pieces,,1,,,,,,Active,New,,GALAXY S25 ULTRA | 1TB | TITANIUM BLACK | 2025,,,,,,GAL-S25-430,,,,,,,
GALAXY S25 ULTRA,,,DEV-57,,SAMSUNG,DEVICE,MOBILE PHONE,,,Pieces,,1,,,,,,Active,New,,GALAXY S25 ULTRA | 1TB | TITANIUM GRAY | 2025,,,,,,GAL-S25-431,,,,,,,
GALAXY S25 ULTRA,,,DEV-57,,SAMSUNG,DEVICE,MOBILE PHONE,,,Pieces,,1,,,,,,Active,New,,GALAXY S25 ULTRA | 1TB | TITANIUM SILVER BLUE | 2025,,,,,,GAL-S25-432,,,,,,,
GALAXY S25 ULTRA,,,DEV-57,,SAMSUNG,DEVICE,MOBILE PHONE,,,Pieces,,1,,,,,,Active,New,,GALAXY S25 ULTRA | 1TB | TITANIUM WHITE | 2025,,,,,,GAL-S25-433,,,,,,,
GALAXY S25 ULTRA,,,DEV-57,,SAMSUNG,DEVICE,MOBILE PHONE,,,Pieces,,1,,,,,,Active,New,,GALAXY S25 ULTRA | 256GB | TITANIUM BLACK | 2025,,,,,,GAL-S25-434,,,,,,,
GALAXY S25 ULTRA,,,DEV-57,,SAMSUNG,DEVICE,MOBILE PHONE,,,Pieces,,1,,,,,,Active,New,,GALAXY S25 ULTRA | 256GB | TITANIUM GRAY | 2025,,,,,,GAL-S25-435,,,,,,,
GALAXY S25 ULTRA,,,DEV-57,,SAMSUNG,DEVICE,MOBILE PHONE,,,Pieces,,1,,,,,,Active,New,,GALAXY S25 ULTRA | 256GB | TITANIUM SILVER BLUE | 2025,,,,,,GAL-S25-436,,,,,,,
GALAXY S25 ULTRA,,,DEV-57,,SAMSUNG,DEVICE,MOBILE PHONE,,,Pieces,,1,,,,,,Active,New,,GALAXY S25 ULTRA | 256GB | TITANIUM WHITE | 2025,,,,,,GAL-S25-437,,,,,,,
GALAXY S25 ULTRA,,,DEV-57,,SAMSUNG,DEVICE,MOBILE PHONE,,,Pieces,,1,,,,,,Active,New,,GALAXY S25 ULTRA | 512GB | TITANIUM BLACK | 2025,,,,,,GAL-S25-438,,,,,,,
GALAXY S25 ULTRA,,,DEV-57,,SAMSUNG,DEVICE,MOBILE PHONE,,,Pieces,,1,,,,,,Active,New,,GALAXY S25 ULTRA | 512GB | TITANIUM GRAY | 2025,,,,,,GAL-S25-439,,,,,,,
GALAXY S25 ULTRA,,,DEV-57,,SAMSUNG,DEVICE,MOBILE PHONE,,,Pieces,,1,,,,,,Active,New,,GALAXY S25 ULTRA | 512GB | TITANIUM SILVER BLUE | 2025,,,,,,GAL-S25-440,,,,,,,
GALAXY S25 ULTRA,,,DEV-57,,SAMSUNG,DEVICE,MOBILE PHONE,,,Pieces,,1,,,,,,Active,New,,GALAXY S25 ULTRA | 512GB | TITANIUM WHITE | 2025,,,,,,GAL-S25-441,,,,,,,
GALAXY S25+,,,DEV-58,,SAMSUNG,DEVICE,MOBILE PHONE,,,Pieces,,1,,,,,,Active,New,,GALAXY S25+ | 256GB | MINT | 2025,,,,,,GAL-S25+-442,,,,,,,
GALAXY S25+,,,DEV-58,,SAMSUNG,DEVICE,MOBILE PHONE,,,Pieces,,1,,,,,,Active,New,,GALAXY S25+ | 256GB | NAVY | 2025,,,,,,GAL-S25+-443,,,,,,,
GALAXY S25+,,,DEV-58,,SAMSUNG,DEVICE,MOBILE PHONE,,,Pieces,,1,,,,,,Active,New,,GALAXY S25+ | 256GB | SILVER SHADOW | 2025,,,,,,GAL-S25+-444,,,,,,,
GALAXY S25+,,,DEV-58,,SAMSUNG,DEVICE,MOBILE PHONE,,,Pieces,,1,,,,,,Active,New,,GALAXY S25+ | 256GB | TITANIUM BLACK | 2025,,,,,,GAL-S25+-445,,,,,,,
GALAXY S25+,,,DEV-58,,SAMSUNG,DEVICE,MOBILE PHONE,,,Pieces,,1,,,,,,Active,New,,GALAXY S25+ | 512GB | MINT | 2025,,,,,,GAL-S25+-446,,,,,,,
GALAXY S25+,,,DEV-58,,SAMSUNG,DEVICE,MOBILE PHONE,,,Pieces,,1,,,,,,Active,New,,GALAXY S25+ | 512GB | NAVY | 2025,,,,,,GAL-S25+-447,,,,,,,
GALAXY S25+,,,DEV-58,,SAMSUNG,DEVICE,MOBILE PHONE,,,Pieces,,1,,,,,,Active,New,,GALAXY S25+ | 512GB | SILVER SHADOW | 2025,,,,,,GAL-S25+-448,,,,,,,
GALAXY S25+,,,DEV-58,,SAMSUNG,DEVICE,MOBILE PHONE,,,Pieces,,1,,,,,,Active,New,,GALAXY S25+ | 512GB | TITANIUM BLACK | 2025,,,,,,GAL-S25+-449,,,,,,,
GALAXY S26,,,DEV-59,,SAMSUNG,DEVICE,MOBILE PHONE,,,Pieces,,1,,,,,,Active,New,,GALAXY S26 | 256GB | BLACK | 2026,,,,,,GAL-S26-450,,,,,,,
GALAXY S26,,,DEV-59,,SAMSUNG,DEVICE,MOBILE PHONE,,,Pieces,,1,,,,,,Active,New,,GALAXY S26 | 256GB | BLUE | 2026,,,,,,GAL-S26-451,,,,,,,
GALAXY S26,,,DEV-59,,SAMSUNG,DEVICE,MOBILE PHONE,,,Pieces,,1,,,,,,Active,New,,GALAXY S26 | 256GB | GREEN | 2026,,,,,,GAL-S26-452,,,,,,,
GALAXY S26,,,DEV-59,,SAMSUNG,DEVICE,MOBILE PHONE,,,Pieces,,1,,,,,,Active,New,,GALAXY S26 | 256GB | SILVER | 2026,,,,,,GAL-S26-453,,,,,,,
GALAXY S26,,,DEV-59,,SAMSUNG,DEVICE,MOBILE PHONE,,,Pieces,,1,,,,,,Active,New,,GALAXY S26 | 512GB | BLACK | 2026,,,,,,GAL-S26-454,,,,,,,
GALAXY S26,,,DEV-59,,SAMSUNG,DEVICE,MOBILE PHONE,,,Pieces,,1,,,,,,Active,New,,GALAXY S26 | 512GB | BLUE | 2026,,,,,,GAL-S26-455,,,,,,,
GALAXY S26,,,DEV-59,,SAMSUNG,DEVICE,MOBILE PHONE,,,Pieces,,1,,,,,,Active,New,,GALAXY S26 | 512GB | GREEN | 2026,,,,,,GAL-S26-456,,,,,,,
GALAXY S26,,,DEV-59,,SAMSUNG,DEVICE,MOBILE PHONE,,,Pieces,,1,,,,,,Active,New,,GALAXY S26 | 512GB | SILVER | 2026,,,,,,GAL-S26-457,,,,,,,
GALAXY A10,,,DEV-6,,SAMSUNG,DEVICE,MOBILE PHONE,,,Pieces,,1,,,,,,Active,New,,GALAXY A10 | 32GB | BLACK | 2019,,,,,,GAL-A10-40,,,,,,,
GALAXY A10,,,DEV-6,,SAMSUNG,DEVICE,MOBILE PHONE,,,Pieces,,1,,,,,,Active,New,,GALAXY A10 | 32GB | BLUE | 2019,,,,,,GAL-A10-41,,,,,,,
GALAXY A10,,,DEV-6,,SAMSUNG,DEVICE,MOBILE PHONE,,,Pieces,,1,,,,,,Active,New,,GALAXY A10 | 32GB | RED | 2019,,,,,,GAL-A10-42,,,,,,,
GALAXY S26 ULTRA,,,DEV-60,,SAMSUNG,DEVICE,MOBILE PHONE,,,Pieces,,1,,,,,,Active,New,,GALAXY S26 ULTRA | 1TB | TITANIUM BLACK | 2026,,,,,,GAL-S26-458,,,,,,,
GALAXY S26 ULTRA,,,DEV-60,,SAMSUNG,DEVICE,MOBILE PHONE,,,Pieces,,1,,,,,,Active,New,,GALAXY S26 ULTRA | 1TB | TITANIUM BLUE | 2026,,,,,,GAL-S26-459,,,,,,,
GALAXY S26 ULTRA,,,DEV-60,,SAMSUNG,DEVICE,MOBILE PHONE,,,Pieces,,1,,,,,,Active,New,,GALAXY S26 ULTRA | 1TB | TITANIUM SILVER | 2026,,,,,,GAL-S26-460,,,,,,,
GALAXY S26 ULTRA,,,DEV-60,,SAMSUNG,DEVICE,MOBILE PHONE,,,Pieces,,1,,,,,,Active,New,,GALAXY S26 ULTRA | 256GB | TITANIUM BLACK | 2026,,,,,,GAL-S26-461,,,,,,,
GALAXY S26 ULTRA,,,DEV-60,,SAMSUNG,DEVICE,MOBILE PHONE,,,Pieces,,1,,,,,,Active,New,,GALAXY S26 ULTRA | 256GB | TITANIUM BLUE | 2026,,,,,,GAL-S26-462,,,,,,,
GALAXY S26 ULTRA,,,DEV-60,,SAMSUNG,DEVICE,MOBILE PHONE,,,Pieces,,1,,,,,,Active,New,,GALAXY S26 ULTRA | 256GB | TITANIUM SILVER | 2026,,,,,,GAL-S26-463,,,,,,,
GALAXY S26 ULTRA,,,DEV-60,,SAMSUNG,DEVICE,MOBILE PHONE,,,Pieces,,1,,,,,,Active,New,,GALAXY S26 ULTRA | 512GB | TITANIUM BLACK | 2026,,,,,,GAL-S26-464,,,,,,,
GALAXY S26 ULTRA,,,DEV-60,,SAMSUNG,DEVICE,MOBILE PHONE,,,Pieces,,1,,,,,,Active,New,,GALAXY S26 ULTRA | 512GB | TITANIUM BLUE | 2026,,,,,,GAL-S26-465,,,,,,,
GALAXY S26 ULTRA,,,DEV-60,,SAMSUNG,DEVICE,MOBILE PHONE,,,Pieces,,1,,,,,,Active,New,,GALAXY S26 ULTRA | 512GB | TITANIUM SILVER | 2026,,,,,,GAL-S26-466,,,,,,,
GALAXY S26+,,,DEV-61,,SAMSUNG,DEVICE,MOBILE PHONE,,,Pieces,,1,,,,,,Active,New,,GALAXY S26+ | 256GB | BLACK | 2026,,,,,,GAL-S26+-467,,,,,,,
GALAXY S26+,,,DEV-61,,SAMSUNG,DEVICE,MOBILE PHONE,,,Pieces,,1,,,,,,Active,New,,GALAXY S26+ | 256GB | BLUE | 2026,,,,,,GAL-S26+-468,,,,,,,
GALAXY S26+,,,DEV-61,,SAMSUNG,DEVICE,MOBILE PHONE,,,Pieces,,1,,,,,,Active,New,,GALAXY S26+ | 256GB | GREEN | 2026,,,,,,GAL-S26+-469,,,,,,,
GALAXY S26+,,,DEV-61,,SAMSUNG,DEVICE,MOBILE PHONE,,,Pieces,,1,,,,,,Active,New,,GALAXY S26+ | 256GB | SILVER | 2026,,,,,,GAL-S26+-470,,,,,,,
GALAXY S26+,,,DEV-61,,SAMSUNG,DEVICE,MOBILE PHONE,,,Pieces,,1,,,,,,Active,New,,GALAXY S26+ | 512GB | BLACK | 2026,,,,,,GAL-S26+-471,,,,,,,
GALAXY S26+,,,DEV-61,,SAMSUNG,DEVICE,MOBILE PHONE,,,Pieces,,1,,,,,,Active,New,,GALAXY S26+ | 512GB | BLUE | 2026,,,,,,GAL-S26+-472,,,,,,,
GALAXY S26+,,,DEV-61,,SAMSUNG,DEVICE,MOBILE PHONE,,,Pieces,,1,,,,,,Active,New,,GALAXY S26+ | 512GB | GREEN | 2026,,,,,,GAL-S26+-473,,,,,,,
GALAXY S26+,,,DEV-61,,SAMSUNG,DEVICE,MOBILE PHONE,,,Pieces,,1,,,,,,Active,New,,GALAXY S26+ | 512GB | SILVER | 2026,,,,,,GAL-S26+-474,,,,,,,
GALAXY S7,,,DEV-62,,SAMSUNG,DEVICE,MOBILE PHONE,,,Pieces,,1,,,,,,Active,New,,GALAXY S7 | 32GB | BLACK ONYX | 2016,,,,,,GAL-S7-475,,,,,,,
GALAXY S7,,,DEV-62,,SAMSUNG,DEVICE,MOBILE PHONE,,,Pieces,,1,,,,,,Active,New,,GALAXY S7 | 32GB | GOLD PLATINUM | 2016,,,,,,GAL-S7-476,,,,,,,
GALAXY S7,,,DEV-62,,SAMSUNG,DEVICE,MOBILE PHONE,,,Pieces,,1,,,,,,Active,New,,GALAXY S7 | 32GB | SILVER TITANIUM | 2016,,,,,,GAL-S7-477,,,,,,,
GALAXY S7,,,DEV-62,,SAMSUNG,DEVICE,MOBILE PHONE,,,Pieces,,1,,,,,,Active,New,,GALAXY S7 | 32GB | WHITE PEARL | 2016,,,,,,GAL-S7-478,,,,,,,
GALAXY S7 EDGE,,,DEV-63,,SAMSUNG,DEVICE,MOBILE PHONE,,,Pieces,,1,,,,,,Active,New,,GALAXY S7 EDGE | 32GB | BLACK ONYX | 2016,,,,,,GAL-S7-479,,,,,,,
GALAXY S7 EDGE,,,DEV-63,,SAMSUNG,DEVICE,MOBILE PHONE,,,Pieces,,1,,,,,,Active,New,,GALAXY S7 EDGE | 32GB | GOLD PLATINUM | 2016,,,,,,GAL-S7-480,,,,,,,
GALAXY S7 EDGE,,,DEV-63,,SAMSUNG,DEVICE,MOBILE PHONE,,,Pieces,,1,,,,,,Active,New,,GALAXY S7 EDGE | 32GB | SILVER TITANIUM | 2016,,,,,,GAL-S7-481,,,,,,,
GALAXY S7 EDGE,,,DEV-63,,SAMSUNG,DEVICE,MOBILE PHONE,,,Pieces,,1,,,,,,Active,New,,GALAXY S7 EDGE | 64GB | BLACK ONYX | 2016,,,,,,GAL-S7-482,,,,,,,
GALAXY S7 EDGE,,,DEV-63,,SAMSUNG,DEVICE,MOBILE PHONE,,,Pieces,,1,,,,,,Active,New,,GALAXY S7 EDGE | 64GB | GOLD PLATINUM | 2016,,,,,,GAL-S7-483,,,,,,,
GALAXY S7 EDGE,,,DEV-63,,SAMSUNG,DEVICE,MOBILE PHONE,,,Pieces,,1,,,,,,Active,New,,GALAXY S7 EDGE | 64GB | SILVER TITANIUM | 2016,,,,,,GAL-S7-484,,,,,,,
GALAXY S8,,,DEV-64,,SAMSUNG,DEVICE,MOBILE PHONE,,,Pieces,,1,,,,,,Active,New,,GALAXY S8 | 64GB | ARCTIC SILVER | 2017,,,,,,GAL-S8-485,,,,,,,
GALAXY S8,,,DEV-64,,SAMSUNG,DEVICE,MOBILE PHONE,,,Pieces,,1,,,,,,Active,New,,GALAXY S8 | 64GB | CORAL BLUE | 2017,,,,,,GAL-S8-486,,,,,,,
GALAXY S8,,,DEV-64,,SAMSUNG,DEVICE,MOBILE PHONE,,,Pieces,,1,,,,,,Active,New,,GALAXY S8 | 64GB | MIDNIGHT BLACK | 2017,,,,,,GAL-S8-487,,,,,,,
GALAXY S8,,,DEV-64,,SAMSUNG,DEVICE,MOBILE PHONE,,,Pieces,,1,,,,,,Active,New,,GALAXY S8 | 64GB | ORCHID GREY | 2017,,,,,,GAL-S8-488,,,,,,,
GALAXY S8+,,,DEV-65,,SAMSUNG,DEVICE,MOBILE PHONE,,,Pieces,,1,,,,,,Active,New,,GALAXY S8+ | 128GB | ARCTIC SILVER | 2017,,,,,,GAL-S8+-489,,,,,,,
GALAXY S8+,,,DEV-65,,SAMSUNG,DEVICE,MOBILE PHONE,,,Pieces,,1,,,,,,Active,New,,GALAXY S8+ | 128GB | CORAL BLUE | 2017,,,,,,GAL-S8+-490,,,,,,,
GALAXY S8+,,,DEV-65,,SAMSUNG,DEVICE,MOBILE PHONE,,,Pieces,,1,,,,,,Active,New,,GALAXY S8+ | 128GB | MIDNIGHT BLACK | 2017,,,,,,GAL-S8+-491,,,,,,,
GALAXY S8+,,,DEV-65,,SAMSUNG,DEVICE,MOBILE PHONE,,,Pieces,,1,,,,,,Active,New,,GALAXY S8+ | 128GB | ORCHID GREY | 2017,,,,,,GAL-S8+-492,,,,,,,
GALAXY S8+,,,DEV-65,,SAMSUNG,DEVICE,MOBILE PHONE,,,Pieces,,1,,,,,,Active,New,,GALAXY S8+ | 64GB | ARCTIC SILVER | 2017,,,,,,GAL-S8+-493,,,,,,,
GALAXY S8+,,,DEV-65,,SAMSUNG,DEVICE,MOBILE PHONE,,,Pieces,,1,,,,,,Active,New,,GALAXY S8+ | 64GB | CORAL BLUE | 2017,,,,,,GAL-S8+-494,,,,,,,
GALAXY S8+,,,DEV-65,,SAMSUNG,DEVICE,MOBILE PHONE,,,Pieces,,1,,,,,,Active,New,,GALAXY S8+ | 64GB | MIDNIGHT BLACK | 2017,,,,,,GAL-S8+-495,,,,,,,
GALAXY S8+,,,DEV-65,,SAMSUNG,DEVICE,MOBILE PHONE,,,Pieces,,1,,,,,,Active,New,,GALAXY S8+ | 64GB | ORCHID GREY | 2017,,,,,,GAL-S8+-496,,,,,,,
GALAXY S9,,,DEV-66,,SAMSUNG,DEVICE,MOBILE PHONE,,,Pieces,,1,,,,,,Active,New,,GALAXY S9 | 128GB | CORAL BLUE | 2018,,,,,,GAL-S9-497,,,,,,,
GALAXY S9,,,DEV-66,,SAMSUNG,DEVICE,MOBILE PHONE,,,Pieces,,1,,,,,,Active,New,,GALAXY S9 | 128GB | LILAC PURPLE | 2018,,,,,,GAL-S9-498,,,,,,,
GALAXY S9,,,DEV-66,,SAMSUNG,DEVICE,MOBILE PHONE,,,Pieces,,1,,,,,,Active,New,,GALAXY S9 | 128GB | MIDNIGHT BLACK | 2018,,,,,,GAL-S9-499,,,,,,,
GALAXY S9,,,DEV-66,,SAMSUNG,DEVICE,MOBILE PHONE,,,Pieces,,1,,,,,,Active,New,,GALAXY S9 | 128GB | TITANIUM GREY | 2018,,,,,,GAL-S9-500,,,,,,,
GALAXY S9,,,DEV-66,,SAMSUNG,DEVICE,MOBILE PHONE,,,Pieces,,1,,,,,,Active,New,,GALAXY S9 | 256GB | CORAL BLUE | 2018,,,,,,GAL-S9-501,,,,,,,
GALAXY S9,,,DEV-66,,SAMSUNG,DEVICE,MOBILE PHONE,,,Pieces,,1,,,,,,Active,New,,GALAXY S9 | 256GB | LILAC PURPLE | 2018,,,,,,GAL-S9-502,,,,,,,
GALAXY S9,,,DEV-66,,SAMSUNG,DEVICE,MOBILE PHONE,,,Pieces,,1,,,,,,Active,New,,GALAXY S9 | 256GB | MIDNIGHT BLACK | 2018,,,,,,GAL-S9-503,,,,,,,
GALAXY S9,,,DEV-66,,SAMSUNG,DEVICE,MOBILE PHONE,,,Pieces,,1,,,,,,Active,New,,GALAXY S9 | 256GB | TITANIUM GREY | 2018,,,,,,GAL-S9-504,,,,,,,
GALAXY S9,,,DEV-66,,SAMSUNG,DEVICE,MOBILE PHONE,,,Pieces,,1,,,,,,Active,New,,GALAXY S9 | 64GB | CORAL BLUE | 2018,,,,,,GAL-S9-505,,,,,,,
GALAXY S9,,,DEV-66,,SAMSUNG,DEVICE,MOBILE PHONE,,,Pieces,,1,,,,,,Active,New,,GALAXY S9 | 64GB | LILAC PURPLE | 2018,,,,,,GAL-S9-506,,,,,,,
GALAXY S9,,,DEV-66,,SAMSUNG,DEVICE,MOBILE PHONE,,,Pieces,,1,,,,,,Active,New,,GALAXY S9 | 64GB | MIDNIGHT BLACK | 2018,,,,,,GAL-S9-507,,,,,,,
GALAXY S9,,,DEV-66,,SAMSUNG,DEVICE,MOBILE PHONE,,,Pieces,,1,,,,,,Active,New,,GALAXY S9 | 64GB | TITANIUM GREY | 2018,,,,,,GAL-S9-508,,,,,,,
GALAXY S9+,,,DEV-67,,SAMSUNG,DEVICE,MOBILE PHONE,,,Pieces,,1,,,,,,Active,New,,GALAXY S9+ | 128GB | CORAL BLUE | 2018,,,,,,GAL-S9+-509,,,,,,,
GALAXY S9+,,,DEV-67,,SAMSUNG,DEVICE,MOBILE PHONE,,,Pieces,,1,,,,,,Active,New,,GALAXY S9+ | 128GB | LILAC PURPLE | 2018,,,,,,GAL-S9+-510,,,,,,,
GALAXY S9+,,,DEV-67,,SAMSUNG,DEVICE,MOBILE PHONE,,,Pieces,,1,,,,,,Active,New,,GALAXY S9+ | 128GB | MIDNIGHT BLACK | 2018,,,,,,GAL-S9+-511,,,,,,,
GALAXY S9+,,,DEV-67,,SAMSUNG,DEVICE,MOBILE PHONE,,,Pieces,,1,,,,,,Active,New,,GALAXY S9+ | 128GB | TITANIUM GREY | 2018,,,,,,GAL-S9+-512,,,,,,,
GALAXY S9+,,,DEV-67,,SAMSUNG,DEVICE,MOBILE PHONE,,,Pieces,,1,,,,,,Active,New,,GALAXY S9+ | 256GB | CORAL BLUE | 2018,,,,,,GAL-S9+-513,,,,,,,
GALAXY S9+,,,DEV-67,,SAMSUNG,DEVICE,MOBILE PHONE,,,Pieces,,1,,,,,,Active,New,,GALAXY S9+ | 256GB | LILAC PURPLE | 2018,,,,,,GAL-S9+-514,,,,,,,
GALAXY S9+,,,DEV-67,,SAMSUNG,DEVICE,MOBILE PHONE,,,Pieces,,1,,,,,,Active,New,,GALAXY S9+ | 256GB | MIDNIGHT BLACK | 2018,,,,,,GAL-S9+-515,,,,,,,
GALAXY S9+,,,DEV-67,,SAMSUNG,DEVICE,MOBILE PHONE,,,Pieces,,1,,,,,,Active,New,,GALAXY S9+ | 256GB | TITANIUM GREY | 2018,,,,,,GAL-S9+-516,,,,,,,
GALAXY S9+,,,DEV-67,,SAMSUNG,DEVICE,MOBILE PHONE,,,Pieces,,1,,,,,,Active,New,,GALAXY S9+ | 64GB | CORAL BLUE | 2018,,,,,,GAL-S9+-517,,,,,,,
GALAXY S9+,,,DEV-67,,SAMSUNG,DEVICE,MOBILE PHONE,,,Pieces,,1,,,,,,Active,New,,GALAXY S9+ | 64GB | LILAC PURPLE | 2018,,,,,,GAL-S9+-518,,,,,,,
GALAXY S9+,,,DEV-67,,SAMSUNG,DEVICE,MOBILE PHONE,,,Pieces,,1,,,,,,Active,New,,GALAXY S9+ | 64GB | MIDNIGHT BLACK | 2018,,,,,,GAL-S9+-519,,,,,,,
GALAXY S9+,,,DEV-67,,SAMSUNG,DEVICE,MOBILE PHONE,,,Pieces,,1,,,,,,Active,New,,GALAXY S9+ | 64GB | TITANIUM GREY | 2018,,,,,,GAL-S9+-520,,,,,,,
GALAXY TAB 2 7.0,,,DEV-68,,SAMSUNG,DEVICE,Tablet,,,Pieces,,1,,,,,,Active,New,,GALAXY TAB 2 7.0 | 16GB | BLACK | 2012,,,,,,GAL-TAB-521,,,,,,,
GALAXY TAB 2 7.0,,,DEV-68,,SAMSUNG,DEVICE,Tablet,,,Pieces,,1,,,,,,Active,New,,GALAXY TAB 2 7.0 | 16GB | WHITE | 2012,,,,,,GAL-TAB-522,,,,,,,
GALAXY TAB 2 7.0,,,DEV-68,,SAMSUNG,DEVICE,Tablet,,,Pieces,,1,,,,,,Active,New,,GALAXY TAB 2 7.0 | 32GB | BLACK | 2012,,,,,,GAL-TAB-523,,,,,,,
GALAXY TAB 2 7.0,,,DEV-68,,SAMSUNG,DEVICE,Tablet,,,Pieces,,1,,,,,,Active,New,,GALAXY TAB 2 7.0 | 32GB | WHITE | 2012,,,,,,GAL-TAB-524,,,,,,,
GALAXY TAB 2 7.0,,,DEV-68,,SAMSUNG,DEVICE,Tablet,,,Pieces,,1,,,,,,Active,New,,GALAXY TAB 2 7.0 | 8GB | BLACK | 2012,,,,,,GAL-TAB-525,,,,,,,
GALAXY TAB 2 7.0,,,DEV-68,,SAMSUNG,DEVICE,Tablet,,,Pieces,,1,,,,,,Active,New,,GALAXY TAB 2 7.0 | 8GB | WHITE | 2012,,,,,,GAL-TAB-526,,,,,,,
GALAXY TAB 3 7.0,,,DEV-69,,SAMSUNG,DEVICE,Tablet,,,Pieces,,1,,,,,,Active,New,,GALAXY TAB 3 7.0 | 16GB | BLACK | 2013,,,,,,GAL-TAB-527,,,,,,,
GALAXY TAB 3 7.0,,,DEV-69,,SAMSUNG,DEVICE,Tablet,,,Pieces,,1,,,,,,Active,New,,GALAXY TAB 3 7.0 | 16GB | WHITE | 2013,,,,,,GAL-TAB-528,,,,,,,
GALAXY TAB 3 7.0,,,DEV-69,,SAMSUNG,DEVICE,Tablet,,,Pieces,,1,,,,,,Active,New,,GALAXY TAB 3 7.0 | 8GB | BLACK | 2013,,,,,,GAL-TAB-529,,,,,,,
GALAXY TAB 3 7.0,,,DEV-69,,SAMSUNG,DEVICE,Tablet,,,Pieces,,1,,,,,,Active,New,,GALAXY TAB 3 7.0 | 8GB | WHITE | 2013,,,,,,GAL-TAB-530,,,,,,,
GALAXY A11,,,DEV-7,,SAMSUNG,DEVICE,MOBILE PHONE,,,Pieces,,1,,,,,,Active,New,,GALAXY A11 | 32GB | BLACK | 2020,,,,,,GAL-A11-43,,,,,,,
GALAXY A11,,,DEV-7,,SAMSUNG,DEVICE,MOBILE PHONE,,,Pieces,,1,,,,,,Active,New,,GALAXY A11 | 32GB | BLUE | 2020,,,,,,GAL-A11-44,,,,,,,
GALAXY A11,,,DEV-7,,SAMSUNG,DEVICE,MOBILE PHONE,,,Pieces,,1,,,,,,Active,New,,GALAXY A11 | 32GB | RED | 2020,,,,,,GAL-A11-45,,,,,,,
GALAXY A11,,,DEV-7,,SAMSUNG,DEVICE,MOBILE PHONE,,,Pieces,,1,,,,,,Active,New,,GALAXY A11 | 32GB | WHITE | 2020,,,,,,GAL-A11-46,,,,,,,
GALAXY A11,,,DEV-7,,SAMSUNG,DEVICE,MOBILE PHONE,,,Pieces,,1,,,,,,Active,New,,GALAXY A11 | 64GB | BLACK | 2020,,,,,,GAL-A11-47,,,,,,,
GALAXY A11,,,DEV-7,,SAMSUNG,DEVICE,MOBILE PHONE,,,Pieces,,1,,,,,,Active,New,,GALAXY A11 | 64GB | BLUE | 2020,,,,,,GAL-A11-48,,,,,,,
GALAXY A11,,,DEV-7,,SAMSUNG,DEVICE,MOBILE PHONE,,,Pieces,,1,,,,,,Active,New,,GALAXY A11 | 64GB | RED | 2020,,,,,,GAL-A11-49,,,,,,,
GALAXY A11,,,DEV-7,,SAMSUNG,DEVICE,MOBILE PHONE,,,Pieces,,1,,,,,,Active,New,,GALAXY A11 | 64GB | WHITE | 2020,,,,,,GAL-A11-50,,,,,,,
GALAXY TAB 4 10.1,,,DEV-70,,SAMSUNG,DEVICE,Tablet,,,Pieces,,1,,,,,,Active,New,,GALAXY TAB 4 10.1 | 16GB | BLACK | 2014,,,,,,GAL-TAB-531,,,,,,,
GALAXY TAB 4 10.1,,,DEV-70,,SAMSUNG,DEVICE,Tablet,,,Pieces,,1,,,,,,Active,New,,GALAXY TAB 4 10.1 | 16GB | WHITE | 2014,,,,,,GAL-TAB-532,,,,,,,
GALAXY TAB 7.0,,,DEV-71,,SAMSUNG,DEVICE,Tablet,,,Pieces,,1,,,,,,Active,New,,GALAXY TAB 7.0 | 16GB | BLACK | 2010,,,,,,GAL-TAB-533,,,,,,,
GALAXY TAB 7.0,,,DEV-71,,SAMSUNG,DEVICE,Tablet,,,Pieces,,1,,,,,,Active,New,,GALAXY TAB 7.0 | 16GB | WHITE | 2010,,,,,,GAL-TAB-534,,,,,,,
GALAXY TAB 7.0,,,DEV-71,,SAMSUNG,DEVICE,Tablet,,,Pieces,,1,,,,,,Active,New,,GALAXY TAB 7.0 | 32GB | BLACK | 2010,,,,,,GAL-TAB-535,,,,,,,
GALAXY TAB 7.0,,,DEV-71,,SAMSUNG,DEVICE,Tablet,,,Pieces,,1,,,,,,Active,New,,GALAXY TAB 7.0 | 32GB | WHITE | 2010,,,,,,GAL-TAB-536,,,,,,,
GALAXY TAB A 10.1,,,DEV-72,,SAMSUNG,DEVICE,Tablet,,,Pieces,,1,,,,,,Active,New,,GALAXY TAB A 10.1 | 16GB | BLACK | 2016,,,,,,GAL-TAB-537,,,,,,,
GALAXY TAB A 10.1,,,DEV-72,,SAMSUNG,DEVICE,Tablet,,,Pieces,,1,,,,,,Active,New,,GALAXY TAB A 10.1 | 16GB | WHITE | 2016,,,,,,GAL-TAB-538,,,,,,,
GALAXY TAB A 10.1,,,DEV-72,,SAMSUNG,DEVICE,Tablet,,,Pieces,,1,,,,,,Active,New,,GALAXY TAB A 10.1 | 32GB | BLACK | 2016,,,,,,GAL-TAB-539,,,,,,,
GALAXY TAB A 10.1,,,DEV-72,,SAMSUNG,DEVICE,Tablet,,,Pieces,,1,,,,,,Active,New,,GALAXY TAB A 10.1 | 32GB | WHITE | 2016,,,,,,GAL-TAB-540,,,,,,,
GALAXY TAB A7,,,DEV-73,,SAMSUNG,DEVICE,Tablet,,,Pieces,,1,,,,,,Active,New,,GALAXY TAB A7 | 32GB | DARK GRAY | 2020,,,,,,GAL-TAB-541,,,,,,,
GALAXY TAB A7,,,DEV-73,,SAMSUNG,DEVICE,Tablet,,,Pieces,,1,,,,,,Active,New,,GALAXY TAB A7 | 32GB | GOLD | 2020,,,,,,GAL-TAB-542,,,,,,,
GALAXY TAB A7,,,DEV-73,,SAMSUNG,DEVICE,Tablet,,,Pieces,,1,,,,,,Active,New,,GALAXY TAB A7 | 32GB | SILVER | 2020,,,,,,GAL-TAB-543,,,,,,,
GALAXY TAB A7,,,DEV-73,,SAMSUNG,DEVICE,Tablet,,,Pieces,,1,,,,,,Active,New,,GALAXY TAB A7 | 64GB | DARK GRAY | 2020,,,,,,GAL-TAB-544,,,,,,,
GALAXY TAB A7,,,DEV-73,,SAMSUNG,DEVICE,Tablet,,,Pieces,,1,,,,,,Active,New,,GALAXY TAB A7 | 64GB | GOLD | 2020,,,,,,GAL-TAB-545,,,,,,,
GALAXY TAB A7,,,DEV-73,,SAMSUNG,DEVICE,Tablet,,,Pieces,,1,,,,,,Active,New,,GALAXY TAB A7 | 64GB | SILVER | 2020,,,,,,GAL-TAB-546,,,,,,,
GALAXY TAB A7 LITE,,,DEV-74,,SAMSUNG,DEVICE,Tablet,,,Pieces,,1,,,,,,Active,New,,GALAXY TAB A7 LITE | 32GB | GRAY | 2021,,,,,,GAL-TAB-547,,,,,,,
GALAXY TAB A7 LITE,,,DEV-74,,SAMSUNG,DEVICE,Tablet,,,Pieces,,1,,,,,,Active,New,,GALAXY TAB A7 LITE | 32GB | SILVER | 2021,,,,,,GAL-TAB-548,,,,,,,
GALAXY TAB A7 LITE,,,DEV-74,,SAMSUNG,DEVICE,Tablet,,,Pieces,,1,,,,,,Active,New,,GALAXY TAB A7 LITE | 64GB | GRAY | 2021,,,,,,GAL-TAB-549,,,,,,,
GALAXY TAB A7 LITE,,,DEV-74,,SAMSUNG,DEVICE,Tablet,,,Pieces,,1,,,,,,Active,New,,GALAXY TAB A7 LITE | 64GB | SILVER | 2021,,,,,,GAL-TAB-550,,,,,,,
GALAXY TAB A8,,,DEV-75,,SAMSUNG,DEVICE,Tablet,,,Pieces,,1,,,,,,Active,New,,GALAXY TAB A8 | 128GB | GRAY | 2022,,,,,,GAL-TAB-551,,,,,,,
GALAXY TAB A8,,,DEV-75,,SAMSUNG,DEVICE,Tablet,,,Pieces,,1,,,,,,Active,New,,GALAXY TAB A8 | 128GB | PINK GOLD | 2022,,,,,,GAL-TAB-552,,,,,,,
GALAXY TAB A8,,,DEV-75,,SAMSUNG,DEVICE,Tablet,,,Pieces,,1,,,,,,Active,New,,GALAXY TAB A8 | 128GB | SILVER | 2022,,,,,,GAL-TAB-553,,,,,,,
GALAXY TAB A8,,,DEV-75,,SAMSUNG,DEVICE,Tablet,,,Pieces,,1,,,,,,Active,New,,GALAXY TAB A8 | 32GB | GRAY | 2022,,,,,,GAL-TAB-554,,,,,,,
GALAXY TAB A8,,,DEV-75,,SAMSUNG,DEVICE,Tablet,,,Pieces,,1,,,,,,Active,New,,GALAXY TAB A8 | 32GB | PINK GOLD | 2022,,,,,,GAL-TAB-555,,,,,,,
GALAXY TAB A8,,,DEV-75,,SAMSUNG,DEVICE,Tablet,,,Pieces,,1,,,,,,Active,New,,GALAXY TAB A8 | 32GB | SILVER | 2022,,,,,,GAL-TAB-556,,,,,,,
GALAXY TAB A8,,,DEV-75,,SAMSUNG,DEVICE,Tablet,,,Pieces,,1,,,,,,Active,New,,GALAXY TAB A8 | 64GB | GRAY | 2022,,,,,,GAL-TAB-557,,,,,,,
GALAXY TAB A8,,,DEV-75,,SAMSUNG,DEVICE,Tablet,,,Pieces,,1,,,,,,Active,New,,GALAXY TAB A8 | 64GB | PINK GOLD | 2022,,,,,,GAL-TAB-558,,,,,,,
GALAXY TAB A8,,,DEV-75,,SAMSUNG,DEVICE,Tablet,,,Pieces,,1,,,,,,Active,New,,GALAXY TAB A8 | 64GB | SILVER | 2022,,,,,,GAL-TAB-559,,,,,,,
GALAXY TAB A9,,,DEV-76,,SAMSUNG,DEVICE,Tablet,,,Pieces,,1,,,,,,Active,New,,GALAXY TAB A9 | 128GB | GRAPHITE | 2023,,,,,,GAL-TAB-560,,,,,,,
GALAXY TAB A9,,,DEV-76,,SAMSUNG,DEVICE,Tablet,,,Pieces,,1,,,,,,Active,New,,GALAXY TAB A9 | 128GB | NAVY | 2023,,,,,,GAL-TAB-561,,,,,,,
GALAXY TAB A9,,,DEV-76,,SAMSUNG,DEVICE,Tablet,,,Pieces,,1,,,,,,Active,New,,GALAXY TAB A9 | 128GB | SILVER | 2023,,,,,,GAL-TAB-562,,,,,,,
GALAXY TAB A9,,,DEV-76,,SAMSUNG,DEVICE,Tablet,,,Pieces,,1,,,,,,Active,New,,GALAXY TAB A9 | 64GB | GRAPHITE | 2023,,,,,,GAL-TAB-563,,,,,,,
GALAXY TAB A9,,,DEV-76,,SAMSUNG,DEVICE,Tablet,,,Pieces,,1,,,,,,Active,New,,GALAXY TAB A9 | 64GB | NAVY | 2023,,,,,,GAL-TAB-564,,,,,,,
GALAXY TAB A9,,,DEV-76,,SAMSUNG,DEVICE,Tablet,,,Pieces,,1,,,,,,Active,New,,GALAXY TAB A9 | 64GB | SILVER | 2023,,,,,,GAL-TAB-565,,,,,,,
GALAXY TAB A9+,,,DEV-77,,SAMSUNG,DEVICE,Tablet,,,Pieces,,1,,,,,,Active,New,,GALAXY TAB A9+ | 128GB | GRAPHITE | 2023,,,,,,GAL-TAB-566,,,,,,,
GALAXY TAB A9+,,,DEV-77,,SAMSUNG,DEVICE,Tablet,,,Pieces,,1,,,,,,Active,New,,GALAXY TAB A9+ | 128GB | NAVY | 2023,,,,,,GAL-TAB-567,,,,,,,
GALAXY TAB A9+,,,DEV-77,,SAMSUNG,DEVICE,Tablet,,,Pieces,,1,,,,,,Active,New,,GALAXY TAB A9+ | 128GB | SILVER | 2023,,,,,,GAL-TAB-568,,,,,,,
GALAXY TAB A9+,,,DEV-77,,SAMSUNG,DEVICE,Tablet,,,Pieces,,1,,,,,,Active,New,,GALAXY TAB A9+ | 64GB | GRAPHITE | 2023,,,,,,GAL-TAB-569,,,,,,,
GALAXY TAB A9+,,,DEV-77,,SAMSUNG,DEVICE,Tablet,,,Pieces,,1,,,,,,Active,New,,GALAXY TAB A9+ | 64GB | NAVY | 2023,,,,,,GAL-TAB-570,,,,,,,
GALAXY TAB A9+,,,DEV-77,,SAMSUNG,DEVICE,Tablet,,,Pieces,,1,,,,,,Active,New,,GALAXY TAB A9+ | 64GB | SILVER | 2023,,,,,,GAL-TAB-571,,,,,,,
GALAXY TAB S,,,DEV-78,,SAMSUNG,DEVICE,Tablet,,,Pieces,,1,,,,,,Active,New,,GALAXY TAB S | 16GB | DAZZLING WHITE | 2014,,,,,,GAL-TAB-572,,,,,,,
GALAXY TAB S,,,DEV-78,,SAMSUNG,DEVICE,Tablet,,,Pieces,,1,,,,,,Active,New,,GALAXY TAB S | 16GB | TITANIUM BRONZE | 2014,,,,,,GAL-TAB-573,,,,,,,
GALAXY TAB S,,,DEV-78,,SAMSUNG,DEVICE,Tablet,,,Pieces,,1,,,,,,Active,New,,GALAXY TAB S | 32GB | DAZZLING WHITE | 2014,,,,,,GAL-TAB-574,,,,,,,
GALAXY TAB S,,,DEV-78,,SAMSUNG,DEVICE,Tablet,,,Pieces,,1,,,,,,Active,New,,GALAXY TAB S | 32GB | TITANIUM BRONZE | 2014,,,,,,GAL-TAB-575,,,,,,,
GALAXY TAB S10 ULTRA,,,DEV-79,,SAMSUNG,DEVICE,Tablet,,,Pieces,,1,,,,,,Active,New,,GALAXY TAB S10 ULTRA | 1TB | MOONSTINE GRAY | 2024,,,,,,GAL-TAB-576,,,,,,,
GALAXY TAB S10 ULTRA,,,DEV-79,,SAMSUNG,DEVICE,Tablet,,,Pieces,,1,,,,,,Active,New,,GALAXY TAB S10 ULTRA | 1TB | PLATINUM SILVER | 2024,,,,,,GAL-TAB-577,,,,,,,
GALAXY TAB S10 ULTRA,,,DEV-79,,SAMSUNG,DEVICE,Tablet,,,Pieces,,1,,,,,,Active,New,,GALAXY TAB S10 ULTRA | 256GB | MOONSTINE GRAY | 2024,,,,,,GAL-TAB-578,,,,,,,
GALAXY TAB S10 ULTRA,,,DEV-79,,SAMSUNG,DEVICE,Tablet,,,Pieces,,1,,,,,,Active,New,,GALAXY TAB S10 ULTRA | 256GB | PLATINUM SILVER | 2024,,,,,,GAL-TAB-579,,,,,,,
GALAXY TAB S10 ULTRA,,,DEV-79,,SAMSUNG,DEVICE,Tablet,,,Pieces,,1,,,,,,Active,New,,GALAXY TAB S10 ULTRA | 512GB | MOONSTINE GRAY | 2024,,,,,,GAL-TAB-580,,,,,,,
GALAXY TAB S10 ULTRA,,,DEV-79,,SAMSUNG,DEVICE,Tablet,,,Pieces,,1,,,,,,Active,New,,GALAXY TAB S10 ULTRA | 512GB | PLATINUM SILVER | 2024,,,,,,GAL-TAB-581,,,,,,,
GALAXY A12,,,DEV-8,,SAMSUNG,DEVICE,MOBILE PHONE,,,Pieces,,1,,,,,,Active,New,,GALAXY A12 | 128GB | BLACK | 2020,,,,,,GAL-A12-51,,,,,,,
GALAXY A12,,,DEV-8,,SAMSUNG,DEVICE,MOBILE PHONE,,,Pieces,,1,,,,,,Active,New,,GALAXY A12 | 128GB | BLUE | 2020,,,,,,GAL-A12-52,,,,,,,
GALAXY A12,,,DEV-8,,SAMSUNG,DEVICE,MOBILE PHONE,,,Pieces,,1,,,,,,Active,New,,GALAXY A12 | 128GB | RED | 2020,,,,,,GAL-A12-53,,,,,,,
GALAXY A12,,,DEV-8,,SAMSUNG,DEVICE,MOBILE PHONE,,,Pieces,,1,,,,,,Active,New,,GALAXY A12 | 128GB | WHITE | 2020,,,,,,GAL-A12-54,,,,,,,
GALAXY A12,,,DEV-8,,SAMSUNG,DEVICE,MOBILE PHONE,,,Pieces,,1,,,,,,Active,New,,GALAXY A12 | 32GB | BLACK | 2020,,,,,,GAL-A12-55,,,,,,,
GALAXY A12,,,DEV-8,,SAMSUNG,DEVICE,MOBILE PHONE,,,Pieces,,1,,,,,,Active,New,,GALAXY A12 | 32GB | BLUE | 2020,,,,,,GAL-A12-56,,,,,,,
GALAXY A12,,,DEV-8,,SAMSUNG,DEVICE,MOBILE PHONE,,,Pieces,,1,,,,,,Active,New,,GALAXY A12 | 32GB | RED | 2020,,,,,,GAL-A12-57,,,,,,,
GALAXY A12,,,DEV-8,,SAMSUNG,DEVICE,MOBILE PHONE,,,Pieces,,1,,,,,,Active,New,,GALAXY A12 | 32GB | WHITE | 2020,,,,,,GAL-A12-58,,,,,,,
GALAXY A12,,,DEV-8,,SAMSUNG,DEVICE,MOBILE PHONE,,,Pieces,,1,,,,,,Active,New,,GALAXY A12 | 64GB | BLACK | 2020,,,,,,GAL-A12-59,,,,,,,
GALAXY A12,,,DEV-8,,SAMSUNG,DEVICE,MOBILE PHONE,,,Pieces,,1,,,,,,Active,New,,GALAXY A12 | 64GB | BLUE | 2020,,,,,,GAL-A12-60,,,,,,,
GALAXY A12,,,DEV-8,,SAMSUNG,DEVICE,MOBILE PHONE,,,Pieces,,1,,,,,,Active,New,,GALAXY A12 | 64GB | RED | 2020,,,,,,GAL-A12-61,,,,,,,
GALAXY A12,,,DEV-8,,SAMSUNG,DEVICE,MOBILE PHONE,,,Pieces,,1,,,,,,Active,New,,GALAXY A12 | 64GB | WHITE | 2020,,,,,,GAL-A12-62,,,,,,,
GALAXY TAB S10+,,,DEV-80,,SAMSUNG,DEVICE,Tablet,,,Pieces,,1,,,,,,Active,New,,GALAXY TAB S10+ | 256GB | MOONSTINE GRAY | 2024,,,,,,GAL-TAB-582,,,,,,,
GALAXY TAB S10+,,,DEV-80,,SAMSUNG,DEVICE,Tablet,,,Pieces,,1,,,,,,Active,New,,GALAXY TAB S10+ | 256GB | PLATINUM SILVER | 2024,,,,,,GAL-TAB-583,,,,,,,
GALAXY TAB S10+,,,DEV-80,,SAMSUNG,DEVICE,Tablet,,,Pieces,,1,,,,,,Active,New,,GALAXY TAB S10+ | 512GB | MOONSTINE GRAY | 2024,,,,,,GAL-TAB-584,,,,,,,
GALAXY TAB S10+,,,DEV-80,,SAMSUNG,DEVICE,Tablet,,,Pieces,,1,,,,,,Active,New,,GALAXY TAB S10+ | 512GB | PLATINUM SILVER | 2024,,,,,,GAL-TAB-585,,,,,,,
GALAXY TAB S2,,,DEV-81,,SAMSUNG,DEVICE,Tablet,,,Pieces,,1,,,,,,Active,New,,GALAXY TAB S2 | 32GB | BLACK | 2015,,,,,,GAL-TAB-586,,,,,,,
GALAXY TAB S2,,,DEV-81,,SAMSUNG,DEVICE,Tablet,,,Pieces,,1,,,,,,Active,New,,GALAXY TAB S2 | 32GB | GOLD | 2015,,,,,,GAL-TAB-587,,,,,,,
GALAXY TAB S2,,,DEV-81,,SAMSUNG,DEVICE,Tablet,,,Pieces,,1,,,,,,Active,New,,GALAXY TAB S2 | 32GB | WHITE | 2015,,,,,,GAL-TAB-588,,,,,,,
GALAXY TAB S2,,,DEV-81,,SAMSUNG,DEVICE,Tablet,,,Pieces,,1,,,,,,Active,New,,GALAXY TAB S2 | 64GB | BLACK | 2015,,,,,,GAL-TAB-589,,,,,,,
GALAXY TAB S2,,,DEV-81,,SAMSUNG,DEVICE,Tablet,,,Pieces,,1,,,,,,Active,New,,GALAXY TAB S2 | 64GB | GOLD | 2015,,,,,,GAL-TAB-590,,,,,,,
GALAXY TAB S2,,,DEV-81,,SAMSUNG,DEVICE,Tablet,,,Pieces,,1,,,,,,Active,New,,GALAXY TAB S2 | 64GB | WHITE | 2015,,,,,,GAL-TAB-591,,,,,,,
GALAXY TAB S3,,,DEV-82,,SAMSUNG,DEVICE,Tablet,,,Pieces,,1,,,,,,Active,New,,GALAXY TAB S3 | 32GB | BLACK | 2017,,,,,,GAL-TAB-592,,,,,,,
GALAXY TAB S3,,,DEV-82,,SAMSUNG,DEVICE,Tablet,,,Pieces,,1,,,,,,Active,New,,GALAXY TAB S3 | 32GB | SILVER | 2017,,,,,,GAL-TAB-593,,,,,,,
GALAXY TAB S4,,,DEV-83,,SAMSUNG,DEVICE,Tablet,,,Pieces,,1,,,,,,Active,New,,GALAXY TAB S4 | 256GB | BLACK | 2018,,,,,,GAL-TAB-594,,,,,,,
GALAXY TAB S4,,,DEV-83,,SAMSUNG,DEVICE,Tablet,,,Pieces,,1,,,,,,Active,New,,GALAXY TAB S4 | 256GB | GRAY | 2018,,,,,,GAL-TAB-595,,,,,,,
GALAXY TAB S4,,,DEV-83,,SAMSUNG,DEVICE,Tablet,,,Pieces,,1,,,,,,Active,New,,GALAXY TAB S4 | 64GB | BLACK | 2018,,,,,,GAL-TAB-596,,,,,,,
GALAXY TAB S4,,,DEV-83,,SAMSUNG,DEVICE,Tablet,,,Pieces,,1,,,,,,Active,New,,GALAXY TAB S4 | 64GB | GRAY | 2018,,,,,,GAL-TAB-597,,,,,,,
GALAXY TAB S5E,,,DEV-84,,SAMSUNG,DEVICE,Tablet,,,Pieces,,1,,,,,,Active,New,,GALAXY TAB S5E | 128GB | BLACK | 2019,,,,,,GAL-TAB-598,,,,,,,
GALAXY TAB S5E,,,DEV-84,,SAMSUNG,DEVICE,Tablet,,,Pieces,,1,,,,,,Active,New,,GALAXY TAB S5E | 128GB | GOLD | 2019,,,,,,GAL-TAB-599,,,,,,,
GALAXY TAB S5E,,,DEV-84,,SAMSUNG,DEVICE,Tablet,,,Pieces,,1,,,,,,Active,New,,GALAXY TAB S5E | 128GB | SILVER | 2019,,,,,,GAL-TAB-600,,,,,,,
GALAXY TAB S5E,,,DEV-84,,SAMSUNG,DEVICE,Tablet,,,Pieces,,1,,,,,,Active,New,,GALAXY TAB S5E | 64GB | BLACK | 2019,,,,,,GAL-TAB-601,,,,,,,
GALAXY TAB S5E,,,DEV-84,,SAMSUNG,DEVICE,Tablet,,,Pieces,,1,,,,,,Active,New,,GALAXY TAB S5E | 64GB | GOLD | 2019,,,,,,GAL-TAB-602,,,,,,,
GALAXY TAB S5E,,,DEV-84,,SAMSUNG,DEVICE,Tablet,,,Pieces,,1,,,,,,Active,New,,GALAXY TAB S5E | 64GB | SILVER | 2019,,,,,,GAL-TAB-603,,,,,,,
GALAXY TAB S6,,,DEV-85,,SAMSUNG,DEVICE,Tablet,,,Pieces,,1,,,,,,Active,New,,GALAXY TAB S6 | 128GB | CLOUD BLUE | 2019,,,,,,GAL-TAB-604,,,,,,,
GALAXY TAB S6,,,DEV-85,,SAMSUNG,DEVICE,Tablet,,,Pieces,,1,,,,,,Active,New,,GALAXY TAB S6 | 128GB | MOUNTAIN GRAY | 2019,,,,,,GAL-TAB-605,,,,,,,
GALAXY TAB S6,,,DEV-85,,SAMSUNG,DEVICE,Tablet,,,Pieces,,1,,,,,,Active,New,,GALAXY TAB S6 | 128GB | ROSE BLUISH | 2019,,,,,,GAL-TAB-606,,,,,,,
GALAXY TAB S6,,,DEV-85,,SAMSUNG,DEVICE,Tablet,,,Pieces,,1,,,,,,Active,New,,GALAXY TAB S6 | 256GB | CLOUD BLUE | 2019,,,,,,GAL-TAB-607,,,,,,,
GALAXY TAB S6,,,DEV-85,,SAMSUNG,DEVICE,Tablet,,,Pieces,,1,,,,,,Active,New,,GALAXY TAB S6 | 256GB | MOUNTAIN GRAY | 2019,,,,,,GAL-TAB-608,,,,,,,
GALAXY TAB S6,,,DEV-85,,SAMSUNG,DEVICE,Tablet,,,Pieces,,1,,,,,,Active,New,,GALAXY TAB S6 | 256GB | ROSE BLUISH | 2019,,,,,,GAL-TAB-609,,,,,,,
GALAXY TAB S6 LITE,,,DEV-86,,SAMSUNG,DEVICE,Tablet,,,Pieces,,1,,,,,,Active,New,,GALAXY TAB S6 LITE | 128GB | ANGORA BLUE | 2020,,,,,,GAL-TAB-610,,,,,,,
GALAXY TAB S6 LITE,,,DEV-86,,SAMSUNG,DEVICE,Tablet,,,Pieces,,1,,,,,,Active,New,,GALAXY TAB S6 LITE | 128GB | CHIFFON PINK | 2020,,,,,,GAL-TAB-611,,,,,,,
GALAXY TAB S6 LITE,,,DEV-86,,SAMSUNG,DEVICE,Tablet,,,Pieces,,1,,,,,,Active,New,,GALAXY TAB S6 LITE | 128GB | OXFORD GRAY | 2020,,,,,,GAL-TAB-612,,,,,,,
GALAXY TAB S6 LITE,,,DEV-86,,SAMSUNG,DEVICE,Tablet,,,Pieces,,1,,,,,,Active,New,,GALAXY TAB S6 LITE | 64GB | ANGORA BLUE | 2020,,,,,,GAL-TAB-613,,,,,,,
GALAXY TAB S6 LITE,,,DEV-86,,SAMSUNG,DEVICE,Tablet,,,Pieces,,1,,,,,,Active,New,,GALAXY TAB S6 LITE | 64GB | CHIFFON PINK | 2020,,,,,,GAL-TAB-614,,,,,,,
GALAXY TAB S6 LITE,,,DEV-86,,SAMSUNG,DEVICE,Tablet,,,Pieces,,1,,,,,,Active,New,,GALAXY TAB S6 LITE | 64GB | OXFORD GRAY | 2020,,,,,,GAL-TAB-615,,,,,,,
GALAXY TAB S7,,,DEV-87,,SAMSUNG,DEVICE,Tablet,,,Pieces,,1,,,,,,Active,New,,GALAXY TAB S7 | 128GB | MYSTIC BLACK | 2020,,,,,,GAL-TAB-616,,,,,,,
GALAXY TAB S7,,,DEV-87,,SAMSUNG,DEVICE,Tablet,,,Pieces,,1,,,,,,Active,New,,GALAXY TAB S7 | 128GB | MYSTIC BRONZE | 2020,,,,,,GAL-TAB-617,,,,,,,
GALAXY TAB S7,,,DEV-87,,SAMSUNG,DEVICE,Tablet,,,Pieces,,1,,,,,,Active,New,,GALAXY TAB S7 | 128GB | MYSTIC SILVER | 2020,,,,,,GAL-TAB-618,,,,,,,
GALAXY TAB S7,,,DEV-87,,SAMSUNG,DEVICE,Tablet,,,Pieces,,1,,,,,,Active,New,,GALAXY TAB S7 | 256GB | MYSTIC BLACK | 2020,,,,,,GAL-TAB-619,,,,,,,
GALAXY TAB S7,,,DEV-87,,SAMSUNG,DEVICE,Tablet,,,Pieces,,1,,,,,,Active,New,,GALAXY TAB S7 | 256GB | MYSTIC BRONZE | 2020,,,,,,GAL-TAB-620,,,,,,,
GALAXY TAB S7,,,DEV-87,,SAMSUNG,DEVICE,Tablet,,,Pieces,,1,,,,,,Active,New,,GALAXY TAB S7 | 256GB | MYSTIC SILVER | 2020,,,,,,GAL-TAB-621,,,,,,,
GALAXY TAB S7+,,,DEV-88,,SAMSUNG,DEVICE,Tablet,,,Pieces,,1,,,,,,Active,New,,GALAXY TAB S7+ | 128GB | MYSTIC BLACK | 2020,,,,,,GAL-TAB-622,,,,,,,
GALAXY TAB S7+,,,DEV-88,,SAMSUNG,DEVICE,Tablet,,,Pieces,,1,,,,,,Active,New,,GALAXY TAB S7+ | 128GB | MYSTIC BRONZE | 2020,,,,,,GAL-TAB-623,,,,,,,
GALAXY TAB S7+,,,DEV-88,,SAMSUNG,DEVICE,Tablet,,,Pieces,,1,,,,,,Active,New,,GALAXY TAB S7+ | 128GB | MYSTIC SILVER | 2020,,,,,,GAL-TAB-624,,,,,,,
GALAXY TAB S7+,,,DEV-88,,SAMSUNG,DEVICE,Tablet,,,Pieces,,1,,,,,,Active,New,,GALAXY TAB S7+ | 256GB | MYSTIC BLACK | 2020,,,,,,GAL-TAB-625,,,,,,,
GALAXY TAB S7+,,,DEV-88,,SAMSUNG,DEVICE,Tablet,,,Pieces,,1,,,,,,Active,New,,GALAXY TAB S7+ | 256GB | MYSTIC BRONZE | 2020,,,,,,GAL-TAB-626,,,,,,,
GALAXY TAB S7+,,,DEV-88,,SAMSUNG,DEVICE,Tablet,,,Pieces,,1,,,,,,Active,New,,GALAXY TAB S7+ | 256GB | MYSTIC SILVER | 2020,,,,,,GAL-TAB-627,,,,,,,
GALAXY TAB S7+,,,DEV-88,,SAMSUNG,DEVICE,Tablet,,,Pieces,,1,,,,,,Active,New,,GALAXY TAB S7+ | 512GB | MYSTIC BLACK | 2020,,,,,,GAL-TAB-628,,,,,,,
GALAXY TAB S7+,,,DEV-88,,SAMSUNG,DEVICE,Tablet,,,Pieces,,1,,,,,,Active,New,,GALAXY TAB S7+ | 512GB | MYSTIC BRONZE | 2020,,,,,,GAL-TAB-629,,,,,,,
GALAXY TAB S7+,,,DEV-88,,SAMSUNG,DEVICE,Tablet,,,Pieces,,1,,,,,,Active,New,,GALAXY TAB S7+ | 512GB | MYSTIC SILVER | 2020,,,,,,GAL-TAB-630,,,,,,,
GALAXY TAB S8,,,DEV-89,,SAMSUNG,DEVICE,Tablet,,,Pieces,,1,,,,,,Active,New,,GALAXY TAB S8 | 128GB | GRAPHITE | 2022,,,,,,GAL-TAB-631,,,,,,,
GALAXY TAB S8,,,DEV-89,,SAMSUNG,DEVICE,Tablet,,,Pieces,,1,,,,,,Active,New,,GALAXY TAB S8 | 128GB | PINK GOLD | 2022,,,,,,GAL-TAB-632,,,,,,,
GALAXY TAB S8,,,DEV-89,,SAMSUNG,DEVICE,Tablet,,,Pieces,,1,,,,,,Active,New,,GALAXY TAB S8 | 128GB | SILVER | 2022,,,,,,GAL-TAB-633,,,,,,,
GALAXY TAB S8,,,DEV-89,,SAMSUNG,DEVICE,Tablet,,,Pieces,,1,,,,,,Active,New,,GALAXY TAB S8 | 256GB | GRAPHITE | 2022,,,,,,GAL-TAB-634,,,,,,,
GALAXY TAB S8,,,DEV-89,,SAMSUNG,DEVICE,Tablet,,,Pieces,,1,,,,,,Active,New,,GALAXY TAB S8 | 256GB | PINK GOLD | 2022,,,,,,GAL-TAB-635,,,,,,,
GALAXY TAB S8,,,DEV-89,,SAMSUNG,DEVICE,Tablet,,,Pieces,,1,,,,,,Active,New,,GALAXY TAB S8 | 256GB | SILVER | 2022,,,,,,GAL-TAB-636,,,,,,,
GALAXY A13,,,DEV-9,,SAMSUNG,DEVICE,MOBILE PHONE,,,Pieces,,1,,,,,,Active,New,,GALAXY A13 | 128GB | BLACK | 2022,,,,,,GAL-A13-63,,,,,,,
GALAXY A13,,,DEV-9,,SAMSUNG,DEVICE,MOBILE PHONE,,,Pieces,,1,,,,,,Active,New,,GALAXY A13 | 128GB | BLUE | 2022,,,,,,GAL-A13-64,,,,,,,
GALAXY A13,,,DEV-9,,SAMSUNG,DEVICE,MOBILE PHONE,,,Pieces,,1,,,,,,Active,New,,GALAXY A13 | 128GB | PEACH | 2022,,,,,,GAL-A13-65,,,,,,,
GALAXY A13,,,DEV-9,,SAMSUNG,DEVICE,MOBILE PHONE,,,Pieces,,1,,,,,,Active,New,,GALAXY A13 | 128GB | WHITE | 2022,,,,,,GAL-A13-66,,,,,,,
GALAXY A13,,,DEV-9,,SAMSUNG,DEVICE,MOBILE PHONE,,,Pieces,,1,,,,,,Active,New,,GALAXY A13 | 32GB | BLACK | 2022,,,,,,GAL-A13-67,,,,,,,
GALAXY A13,,,DEV-9,,SAMSUNG,DEVICE,MOBILE PHONE,,,Pieces,,1,,,,,,Active,New,,GALAXY A13 | 32GB | BLUE | 2022,,,,,,GAL-A13-68,,,,,,,
GALAXY A13,,,DEV-9,,SAMSUNG,DEVICE,MOBILE PHONE,,,Pieces,,1,,,,,,Active,New,,GALAXY A13 | 32GB | PEACH | 2022,,,,,,GAL-A13-69,,,,,,,
GALAXY A13,,,DEV-9,,SAMSUNG,DEVICE,MOBILE PHONE,,,Pieces,,1,,,,,,Active,New,,GALAXY A13 | 32GB | WHITE | 2022,,,,,,GAL-A13-70,,,,,,,
GALAXY A13,,,DEV-9,,SAMSUNG,DEVICE,MOBILE PHONE,,,Pieces,,1,,,,,,Active,New,,GALAXY A13 | 64GB | BLACK | 2022,,,,,,GAL-A13-71,,,,,,,
GALAXY A13,,,DEV-9,,SAMSUNG,DEVICE,MOBILE PHONE,,,Pieces,,1,,,,,,Active,New,,GALAXY A13 | 64GB | BLUE | 2022,,,,,,GAL-A13-72,,,,,,,
GALAXY A13,,,DEV-9,,SAMSUNG,DEVICE,MOBILE PHONE,,,Pieces,,1,,,,,,Active,New,,GALAXY A13 | 64GB | PEACH | 2022,,,,,,GAL-A13-73,,,,,,,
GALAXY A13,,,DEV-9,,SAMSUNG,DEVICE,MOBILE PHONE,,,Pieces,,1,,,,,,Active,New,,GALAXY A13 | 64GB | WHITE | 2022,,,,,,GAL-A13-74,,,,,,,
GALAXY TAB S8 ULTRA,,,DEV-90,,SAMSUNG,DEVICE,Tablet,,,Pieces,,1,,,,,,Active,New,,GALAXY TAB S8 ULTRA | 128GB | GRAPHITE | 2022,,,,,,GAL-TAB-637,,,,,,,
GALAXY TAB S8 ULTRA,,,DEV-90,,SAMSUNG,DEVICE,Tablet,,,Pieces,,1,,,,,,Active,New,,GALAXY TAB S8 ULTRA | 256GB | GRAPHITE | 2022,,,,,,GAL-TAB-638,,,,,,,
GALAXY TAB S8 ULTRA,,,DEV-90,,SAMSUNG,DEVICE,Tablet,,,Pieces,,1,,,,,,Active,New,,GALAXY TAB S8 ULTRA | 512GB | GRAPHITE | 2022,,,,,,GAL-TAB-639,,,,,,,
GALAXY TAB S8+,,,DEV-91,,SAMSUNG,DEVICE,Tablet,,,Pieces,,1,,,,,,Active,New,,GALAXY TAB S8+ | 128GB | GRAPHITE | 2022,,,,,,GAL-TAB-640,,,,,,,
GALAXY TAB S8+,,,DEV-91,,SAMSUNG,DEVICE,Tablet,,,Pieces,,1,,,,,,Active,New,,GALAXY TAB S8+ | 128GB | PINK GOLD | 2022,,,,,,GAL-TAB-641,,,,,,,
GALAXY TAB S8+,,,DEV-91,,SAMSUNG,DEVICE,Tablet,,,Pieces,,1,,,,,,Active,New,,GALAXY TAB S8+ | 128GB | SILVER | 2022,,,,,,GAL-TAB-642,,,,,,,
GALAXY TAB S8+,,,DEV-91,,SAMSUNG,DEVICE,Tablet,,,Pieces,,1,,,,,,Active,New,,GALAXY TAB S8+ | 256GB | GRAPHITE | 2022,,,,,,GAL-TAB-643,,,,,,,
GALAXY TAB S8+,,,DEV-91,,SAMSUNG,DEVICE,Tablet,,,Pieces,,1,,,,,,Active,New,,GALAXY TAB S8+ | 256GB | PINK GOLD | 2022,,,,,,GAL-TAB-644,,,,,,,
GALAXY TAB S8+,,,DEV-91,,SAMSUNG,DEVICE,Tablet,,,Pieces,,1,,,,,,Active,New,,GALAXY TAB S8+ | 256GB | SILVER | 2022,,,,,,GAL-TAB-645,,,,,,,
GALAXY TAB S9,,,DEV-92,,SAMSUNG,DEVICE,Tablet,,,Pieces,,1,,,,,,Active,New,,GALAXY TAB S9 | 128GB | BEIGE | 2023,,,,,,GAL-TAB-646,,,,,,,
GALAXY TAB S9,,,DEV-92,,SAMSUNG,DEVICE,Tablet,,,Pieces,,1,,,,,,Active,New,,GALAXY TAB S9 | 128GB | GRAPHITE | 2023,,,,,,GAL-TAB-647,,,,,,,
GALAXY TAB S9,,,DEV-92,,SAMSUNG,DEVICE,Tablet,,,Pieces,,1,,,,,,Active,New,,GALAXY TAB S9 | 256GB | BEIGE | 2023,,,,,,GAL-TAB-648,,,,,,,
GALAXY TAB S9,,,DEV-92,,SAMSUNG,DEVICE,Tablet,,,Pieces,,1,,,,,,Active,New,,GALAXY TAB S9 | 256GB | GRAPHITE | 2023,,,,,,GAL-TAB-649,,,,,,,
GALAXY TAB S9 FE,,,DEV-93,,SAMSUNG,DEVICE,Tablet,,,Pieces,,1,,,,,,Active,New,,GALAXY TAB S9 FE | 128GB | GRAY | 2023,,,,,,GAL-TAB-650,,,,,,,
GALAXY TAB S9 FE,,,DEV-93,,SAMSUNG,DEVICE,Tablet,,,Pieces,,1,,,,,,Active,New,,GALAXY TAB S9 FE | 128GB | LAVENDER | 2023,,,,,,GAL-TAB-651,,,,,,,
GALAXY TAB S9 FE,,,DEV-93,,SAMSUNG,DEVICE,Tablet,,,Pieces,,1,,,,,,Active,New,,GALAXY TAB S9 FE | 128GB | MINT | 2023,,,,,,GAL-TAB-652,,,,,,,
GALAXY TAB S9 FE,,,DEV-93,,SAMSUNG,DEVICE,Tablet,,,Pieces,,1,,,,,,Active,New,,GALAXY TAB S9 FE | 128GB | SILVER | 2023,,,,,,GAL-TAB-653,,,,,,,
GALAXY TAB S9 FE,,,DEV-93,,SAMSUNG,DEVICE,Tablet,,,Pieces,,1,,,,,,Active,New,,GALAXY TAB S9 FE | 256GB | GRAY | 2023,,,,,,GAL-TAB-654,,,,,,,
GALAXY TAB S9 FE,,,DEV-93,,SAMSUNG,DEVICE,Tablet,,,Pieces,,1,,,,,,Active,New,,GALAXY TAB S9 FE | 256GB | LAVENDER | 2023,,,,,,GAL-TAB-655,,,,,,,
GALAXY TAB S9 FE,,,DEV-93,,SAMSUNG,DEVICE,Tablet,,,Pieces,,1,,,,,,Active,New,,GALAXY TAB S9 FE | 256GB | MINT | 2023,,,,,,GAL-TAB-656,,,,,,,
GALAXY TAB S9 FE,,,DEV-93,,SAMSUNG,DEVICE,Tablet,,,Pieces,,1,,,,,,Active,New,,GALAXY TAB S9 FE | 256GB | SILVER | 2023,,,,,,GAL-TAB-657,,,,,,,
GALAXY TAB S9 ULTRA,,,DEV-94,,SAMSUNG,DEVICE,Tablet,,,Pieces,,1,,,,,,Active,New,,GALAXY TAB S9 ULTRA | 1TB | BEIGE | 2023,,,,,,GAL-TAB-658,,,,,,,
GALAXY TAB S9 ULTRA,,,DEV-94,,SAMSUNG,DEVICE,Tablet,,,Pieces,,1,,,,,,Active,New,,GALAXY TAB S9 ULTRA | 1TB | GRAPHITE | 2023,,,,,,GAL-TAB-659,,,,,,,
GALAXY TAB S9 ULTRA,,,DEV-94,,SAMSUNG,DEVICE,Tablet,,,Pieces,,1,,,,,,Active,New,,GALAXY TAB S9 ULTRA | 256GB | BEIGE | 2023,,,,,,GAL-TAB-660,,,,,,,
GALAXY TAB S9 ULTRA,,,DEV-94,,SAMSUNG,DEVICE,Tablet,,,Pieces,,1,,,,,,Active,New,,GALAXY TAB S9 ULTRA | 256GB | GRAPHITE | 2023,,,,,,GAL-TAB-661,,,,,,,
GALAXY TAB S9 ULTRA,,,DEV-94,,SAMSUNG,DEVICE,Tablet,,,Pieces,,1,,,,,,Active,New,,GALAXY TAB S9 ULTRA | 512GB | BEIGE | 2023,,,,,,GAL-TAB-662,,,,,,,
GALAXY TAB S9 ULTRA,,,DEV-94,,SAMSUNG,DEVICE,Tablet,,,Pieces,,1,,,,,,Active,New,,GALAXY TAB S9 ULTRA | 512GB | GRAPHITE | 2023,,,,,,GAL-TAB-663,,,,,,,
GALAXY TAB S9+,,,DEV-95,,SAMSUNG,DEVICE,Tablet,,,Pieces,,1,,,,,,Active,New,,GALAXY TAB S9+ | 256GB | BEIGE | 2023,,,,,,GAL-TAB-664,,,,,,,
GALAXY TAB S9+,,,DEV-95,,SAMSUNG,DEVICE,Tablet,,,Pieces,,1,,,,,,Active,New,,GALAXY TAB S9+ | 256GB | GRAPHITE | 2023,,,,,,GAL-TAB-665,,,,,,,
GALAXY TAB S9+,,,DEV-95,,SAMSUNG,DEVICE,Tablet,,,Pieces,,1,,,,,,Active,New,,GALAXY TAB S9+ | 512GB | BEIGE | 2023,,,,,,GAL-TAB-666,,,,,,,
GALAXY TAB S9+,,,DEV-95,,SAMSUNG,DEVICE,Tablet,,,Pieces,,1,,,,,,Active,New,,GALAXY TAB S9+ | 512GB | GRAPHITE | 2023,,,,,,GAL-TAB-667,,,,,,,
HUAWEI ENJOY 50,,,DEV-96,,HUAWEI,DEVICE,MOBILE PHONE,,,Pieces,,1,,,,,,Active,New,,HUAWEI ENJOY 50 | 128GB | BLACK | 2022,,,,,,HUA-50-668,,,,,,,
HUAWEI ENJOY 50,,,DEV-96,,HUAWEI,DEVICE,MOBILE PHONE,,,Pieces,,1,,,,,,Active,New,,HUAWEI ENJOY 50 | 128GB | BLUE | 2022,,,,,,HUA-50-669,,,,,,,
HUAWEI ENJOY 50,,,DEV-96,,HUAWEI,DEVICE,MOBILE PHONE,,,Pieces,,1,,,,,,Active,New,,HUAWEI ENJOY 50 | 128GB | WHITE | 2022,,,,,,HUA-50-670,,,,,,,
HUAWEI MATE 10,,,DEV-97,,HUAWEI,DEVICE,MOBILE PHONE,,,Pieces,,1,,,,,,Active,New,,HUAWEI MATE 10 | 64GB | BLACK | 2017,,,,,,HUA-10-671,,,,,,,
HUAWEI MATE 10,,,DEV-97,,HUAWEI,DEVICE,MOBILE PHONE,,,Pieces,,1,,,,,,Active,New,,HUAWEI MATE 10 | 64GB | GOLD | 2017,,,,,,HUA-10-672,,,,,,,
HUAWEI MATE 10,,,DEV-97,,HUAWEI,DEVICE,MOBILE PHONE,,,Pieces,,1,,,,,,Active,New,,HUAWEI MATE 10 | 64GB | MOCHA BROWN | 2017,,,,,,HUA-10-673,,,,,,,
HUAWEI MATE 10 PRO,,,DEV-98,,HUAWEI,DEVICE,MOBILE PHONE,,,Pieces,,1,,,,,,Active,New,,HUAWEI MATE 10 PRO | 128GB | MOCHA BROWN | 2017,,,,,,HUA-10-674,,,,,,,
HUAWEI MATE 10 PRO,,,DEV-98,,HUAWEI,DEVICE,MOBILE PHONE,,,Pieces,,1,,,,,,Active,New,,HUAWEI MATE 10 PRO | 128GB | PINK GOLD | 2017,,,,,,HUA-10-675,,,,,,,
HUAWEI MATE 10 PRO,,,DEV-98,,HUAWEI,DEVICE,MOBILE PHONE,,,Pieces,,1,,,,,,Active,New,,HUAWEI MATE 10 PRO | 128GB | TITANIUM GRAY | 2017,,,,,,HUA-10-676,,,,,,,
HUAWEI MATE 10 PRO,,,DEV-98,,HUAWEI,DEVICE,MOBILE PHONE,,,Pieces,,1,,,,,,Active,New,,HUAWEI MATE 10 PRO | 64GB | MOCHA BROWN | 2017,,,,,,HUA-10-677,,,,,,,
HUAWEI MATE 10 PRO,,,DEV-98,,HUAWEI,DEVICE,MOBILE PHONE,,,Pieces,,1,,,,,,Active,New,,HUAWEI MATE 10 PRO | 64GB | PINK GOLD | 2017,,,,,,HUA-10-678,,,,,,,
HUAWEI MATE 10 PRO,,,DEV-98,,HUAWEI,DEVICE,MOBILE PHONE,,,Pieces,,1,,,,,,Active,New,,HUAWEI MATE 10 PRO | 64GB | TITANIUM GRAY | 2017,,,,,,HUA-10-679,,,,,,,
HUAWEI MATE 20,,,DEV-99,,HUAWEI,DEVICE,MOBILE PHONE,,,Pieces,,1,,,,,,Active,New,,HUAWEI MATE 20 | 128GB | BLACK | 2018,,,,,,HUA-20-680,,,,,,,
HUAWEI MATE 20,,,DEV-99,,HUAWEI,DEVICE,MOBILE PHONE,,,Pieces,,1,,,,,,Active,New,,HUAWEI MATE 20 | 128GB | EMERALD GREEN | 2018,,,,,,HUA-20-681,,,,,,,
HUAWEI MATE 20,,,DEV-99,,HUAWEI,DEVICE,MOBILE PHONE,,,Pieces,,1,,,,,,Active,New,,HUAWEI MATE 20 | 128GB | TWILIGHT | 2018,,,,,,HUA-20-682,,,,,,,
HUAWEI MATE 20,,,DEV-99,,HUAWEI,DEVICE,MOBILE PHONE,,,Pieces,,1,,,,,,Active,New,,HUAWEI MATE 20 | 64GB | BLACK | 2018,,,,,,HUA-20-683,,,,,,,
HUAWEI MATE 20,,,DEV-99,,HUAWEI,DEVICE,MOBILE PHONE,,,Pieces,,1,,,,,,Active,New,,HUAWEI MATE 20 | 64GB | EMERALD GREEN | 2018,,,,,,HUA-20-684,,,,,,,
HUAWEI MATE 20,,,DEV-99,,HUAWEI,DEVICE,MOBILE PHONE,,,Pieces,,1,,,,,,Active,New,,HUAWEI MATE 20 | 64GB | TWILIGHT | 2018,,,,,,HUA-20-685,,,,,,,
BATTERY FOR IPAD,,,RP-372,,TECH HEAVEN,REPLACEMENT PARTS,BATTERY,,,Pieces,,1,,,,,,Active,New,,BATTERY | IPAD 11? 11TH GEN 2025 (A16) A3354,,,,,,BAT-IPAD-2415,,,,,,,
BATTERY FOR IPAD,,,RP-372,,TECH HEAVEN,REPLACEMENT PARTS,BATTERY,,,Pieces,,1,,,,,,Active,New,,BATTERY | IPAD 11? 11TH GEN 2025 (A16) A3355,,,,,,BAT-IPAD-2416,,,,,,,
BATTERY FOR IPAD,,,RP-372,,TECH HEAVEN,REPLACEMENT PARTS,BATTERY,,,Pieces,,1,,,,,,Active,New,,BATTERY | IPAD 11? 11TH GEN 2025 (A16) A3356,,,,,,BAT-IPAD-2417,,,,,,,
BATTERY FOR IPAD,,,RP-372,,TECH HEAVEN,REPLACEMENT PARTS,BATTERY,,,Pieces,,1,,,,,,Active,New,,BATTERY | IPAD 10TH GEN 10.9” 2022 ,,,,,,BAT-IPAD-2418,,,,,,,
BATTERY FOR IPAD,,,RP-372,,TECH HEAVEN,REPLACEMENT PARTS,BATTERY,,,Pieces,,1,,,,,,Active,New,,BATTERY | IPAD 2 ,,,,,,BAT-IPAD-2419,,,,,,,
BATTERY FOR IPAD,,,RP-372,,TECH HEAVEN,REPLACEMENT PARTS,BATTERY,,,Pieces,,1,,,,,,Active,New,,BATTERY | IPAD 3,,,,,,BAT-IPAD-2420,,,,,,,
BATTERY FOR IPAD,,,RP-372,,TECH HEAVEN,REPLACEMENT PARTS,BATTERY,,,Pieces,,1,,,,,,Active,New,,BATTERY | IPAD 4 ,,,,,,BAT-IPAD-2421,,,,,,,
BATTERY FOR IPAD AIR,,,RP-373,,TECH HEAVEN,REPLACEMENT PARTS,BATTERY,,,Pieces,,1,,,,,,Active,New,,BATTERY | IPAD AIR 5TH GEN 10.2”,,,,,,BAT-IPAD-2422,,,,,,,
BATTERY FOR IPAD AIR,,,RP-373,,TECH HEAVEN,REPLACEMENT PARTS,BATTERY,,,Pieces,,1,,,,,,Active,New,,BATTERY | IPAD AIR 7TH GEN 10.2”,,,,,,BAT-IPAD-2423,,,,,,,
BATTERY FOR IPAD AIR,,,RP-373,,TECH HEAVEN,REPLACEMENT PARTS,BATTERY,,,Pieces,,1,,,,,,Active,New,,BATTERY | IPAD AIR 8TH GEN 10.2”,,,,,,BAT-IPAD-2424,,,,,,,
BATTERY FOR IPAD AIR,,,RP-373,,TECH HEAVEN,REPLACEMENT PARTS,BATTERY,,,Pieces,,1,,,,,,Active,New,,BATTERY | IPAD AIR 9TH GEN 10.2”,,,,,,BAT-IPAD-2425,,,,,,,
BATTERY FOR IPAD AIR,,,RP-373,,TECH HEAVEN,REPLACEMENT PARTS,BATTERY,,,Pieces,,1,,,,,,Active,New,,BATTERY | IPAD AIR 11” 2024,,,,,,BAT-IPAD-2426,,,,,,,
BATTERY FOR IPAD AIR,,,RP-373,,TECH HEAVEN,REPLACEMENT PARTS,BATTERY,,,Pieces,,1,,,,,,Active,New,,BATTERY | IPAD AIR 2ND GEN 9.7” 2018,,,,,,BAT-IPAD-2427,,,,,,,
BATTERY FOR IPAD AIR,,,RP-373,,TECH HEAVEN,REPLACEMENT PARTS,BATTERY,,,Pieces,,1,,,,,,Active,New,,BATTERY | IPAD AIR 3 10.5” 2019,,,,,,BAT-IPAD-2428,,,,,,,
BATTERY FOR IPAD AIR,,,RP-373,,TECH HEAVEN,REPLACEMENT PARTS,BATTERY,,,Pieces,,1,,,,,,Active,New,,BATTERY | IPAD AIR 4 10.9” 2020,,,,,,BAT-IPAD-2429,,,,,,,
BATTERY FOR IPAD AIR,,,RP-373,,TECH HEAVEN,REPLACEMENT PARTS,BATTERY,,,Pieces,,1,,,,,,Active,New,,BATTERY | IPAD AIR 5 10.9” 2022,,,,,,BAT-IPAD-2430,,,,,,,
BATTERY FOR IPAD AIR,,,RP-373,,TECH HEAVEN,REPLACEMENT PARTS,BATTERY,,,Pieces,,1,,,,,,Active,New,,BATTERY | IPAD AIR 6TH GEN 9.7” 2018,,,,,,BAT-IPAD-2431,,,,,,,
BATTERY FOR IPAD MINI,,,RP-374,,TECH HEAVEN,REPLACEMENT PARTS,BATTERY,,,Pieces,,1,,,,,,Active,New,,BATTERY | IPAD MINI 2,,,,,,BAT-IPAD-2432,,,,,,,
BATTERY FOR IPAD MINI,,,RP-374,,TECH HEAVEN,REPLACEMENT PARTS,BATTERY,,,Pieces,,1,,,,,,Active,New,,BATTERY | IPAD MINI 3,,,,,,BAT-IPAD-2433,,,,,,,
BATTERY FOR IPAD MINI,,,RP-374,,TECH HEAVEN,REPLACEMENT PARTS,BATTERY,,,Pieces,,1,,,,,,Active,New,,BATTERY | IPAD MINI,,,,,,BAT-IPAD-2434,,,,,,,
BATTERY FOR IPAD MINI,,,RP-374,,TECH HEAVEN,REPLACEMENT PARTS,BATTERY,,,Pieces,,1,,,,,,Active,New,,BATTERY | IPAD MINI 4,,,,,,BAT-IPAD-2435,,,,,,,
BATTERY FOR IPAD MINI,,,RP-374,,TECH HEAVEN,REPLACEMENT PARTS,BATTERY,,,Pieces,,1,,,,,,Active,New,,BATTERY | IPAD MINI 5,,,,,,BAT-IPAD-2436,,,,,,,
BATTERY FOR IPAD MINI,,,RP-374,,TECH HEAVEN,REPLACEMENT PARTS,BATTERY,,,Pieces,,1,,,,,,Active,New,,BATTERY | IPAD MINI 6,,,,,,BAT-IPAD-2437,,,,,,,
BATTERY FOR IPAD PRO,,,RP-375,,TECH HEAVEN,REPLACEMENT PARTS,BATTERY,,,Pieces,,1,,,,,,Active,New,,BATTERY | IPAD PRO 11” 1ST GEN 2018,,,,,,BAT-IPAD-2438,,,,,,,
BATTERY FOR IPAD PRO,,,RP-375,,TECH HEAVEN,REPLACEMENT PARTS,BATTERY,,,Pieces,,1,,,,,,Active,New,,BATTERY | IPAD PRO 11” 2ND GEN 2020,,,,,,BAT-IPAD-2439,,,,,,,
BATTERY FOR IPAD PRO,,,RP-375,,TECH HEAVEN,REPLACEMENT PARTS,BATTERY,,,Pieces,,1,,,,,,Active,New,,BATTERY | IPAD PRO 11” 3RD GEN 2021,,,,,,BAT-IPAD-2440,,,,,,,
BATTERY FOR IPAD PRO,,,RP-375,,TECH HEAVEN,REPLACEMENT PARTS,BATTERY,,,Pieces,,1,,,,,,Active,New,,BATTERY | IPAD PRO 11” 4TH GEN 2022,,,,,,BAT-IPAD-2441,,,,,,,
BATTERY FOR IPAD PRO,,,RP-375,,TECH HEAVEN,REPLACEMENT PARTS,BATTERY,,,Pieces,,1,,,,,,Active,New,,BATTERY | IPAD PRO 12.9” 3RD GEN 2018,,,,,,BAT-IPAD-2442,,,,,,,
BATTERY FOR IPAD PRO,,,RP-375,,TECH HEAVEN,REPLACEMENT PARTS,BATTERY,,,Pieces,,1,,,,,,Active,New,,BATTERY | IPAD PRO 12.9” 4TH GEN 2020,,,,,,BAT-IPAD-2443,,,,,,,
BATTERY FOR IPAD PRO,,,RP-375,,TECH HEAVEN,REPLACEMENT PARTS,BATTERY,,,Pieces,,1,,,,,,Active,New,,BATTERY | IPAD PRO 12.9” 5TH GEN 2021,,,,,,BAT-IPAD-2444,,,,,,,
BATTERY FOR IPAD PRO,,,RP-375,,TECH HEAVEN,REPLACEMENT PARTS,BATTERY,,,Pieces,,1,,,,,,Active,New,,BATTERY | IPAD PRO 12.9” 6TH GEN 2022,,,,,,BAT-IPAD-2445,,,,,,,
BATTERY FOR IPAD PRO,,,RP-375,,TECH HEAVEN,REPLACEMENT PARTS,BATTERY,,,Pieces,,1,,,,,,Active,New,,BATTERY | IPAD PRO 10.5” 2017,,,,,,BAT-IPAD-2446,,,,,,,
BATTERY FOR IPAD PRO,,,RP-375,,TECH HEAVEN,REPLACEMENT PARTS,BATTERY,,,Pieces,,1,,,,,,Active,New,,BATTERY | IPAD PRO 11” 2024,,,,,,BAT-IPAD-2447,,,,,,,
BATTERY FOR IPAD PRO,,,RP-375,,TECH HEAVEN,REPLACEMENT PARTS,BATTERY,,,Pieces,,1,,,,,,Active,New,,BATTERY | IPAD PRO 12.9” 1ST GEN 2015,,,,,,BAT-IPAD-2448,,,,,,,
BATTERY FOR IPAD PRO,,,RP-375,,TECH HEAVEN,REPLACEMENT PARTS,BATTERY,,,Pieces,,1,,,,,,Active,New,,BATTERY | IPAD PRO 12.9” 2ND GEN 2017,,,,,,BAT-IPAD-2449,,,,,,,
BATTERY FOR IPAD PRO,,,RP-375,,TECH HEAVEN,REPLACEMENT PARTS,BATTERY,,,Pieces,,1,,,,,,Active,New,,"BATTERY | IPAD PRO 13” 2024
",,,,,,BAT-IPAD-2450,,,,,,,
BATTERY FOR IPAD PRO,,,RP-375,,TECH HEAVEN,REPLACEMENT PARTS,BATTERY,,,Pieces,,1,,,,,,Active,New,,BATTERY | IPAD PRO 9.7” 2016,,,,,,BAT-IPAD-2451,,,,,,,
FHD IPHONE DISPLAY ASSEMBLY,,,RP-376,,TECH HEAVEN,REPLACEMENT PARTS,LCD ASSEMBLY,,,Pieces,,1,,,,,,Active,New,,FHD DISPLAY | IPHONE 11,,,,,,FHD-IP-2452,,,,,,,
FHD IPHONE DISPLAY ASSEMBLY,,,RP-376,,TECH HEAVEN,REPLACEMENT PARTS,LCD ASSEMBLY,,,Pieces,,1,,,,,,Active,New,,FHD DISPLAY | IPHONE 11 PRO ,,,,,,FHD-IP-2453,,,,,,,
FHD IPHONE DISPLAY ASSEMBLY,,,RP-376,,TECH HEAVEN,REPLACEMENT PARTS,LCD ASSEMBLY,,,Pieces,,1,,,,,,Active,New,,FHD DISPLAY | IPHONE 11 PRO MAX,,,,,,FHD-IP-2454,,,,,,,
FHD IPHONE DISPLAY ASSEMBLY,,,RP-376,,TECH HEAVEN,REPLACEMENT PARTS,LCD ASSEMBLY,,,Pieces,,1,,,,,,Active,New,,FHD DISPLAY | IPHONE 12 / 12 PRO ,,,,,,FHD-IP-2455,,,,,,,
FHD IPHONE DISPLAY ASSEMBLY,,,RP-376,,TECH HEAVEN,REPLACEMENT PARTS,LCD ASSEMBLY,,,Pieces,,1,,,,,,Active,New,,FHD DISPLAY | IPHONE 12 PRO MAX,,,,,,FHD-IP-2456,,,,,,,
FHD IPHONE DISPLAY ASSEMBLY,,,RP-376,,TECH HEAVEN,REPLACEMENT PARTS,LCD ASSEMBLY,,,Pieces,,1,,,,,,Active,New,,FHD DISPLAY | IPHONE 13,,,,,,FHD-IP-2457,,,,,,,
FHD IPHONE DISPLAY ASSEMBLY,,,RP-376,,TECH HEAVEN,REPLACEMENT PARTS,LCD ASSEMBLY,,,Pieces,,1,,,,,,Active,New,,FHD DISPLAY | IPHONE 13 PRO ,,,,,,FHD-IP-2458,,,,,,,
FHD IPHONE DISPLAY ASSEMBLY,,,RP-376,,TECH HEAVEN,REPLACEMENT PARTS,LCD ASSEMBLY,,,Pieces,,1,,,,,,Active,New,,FHD DISPLAY | IPHONE 13 PRO MAX,,,,,,FHD-IP-2459,,,,,,,
FHD IPHONE DISPLAY ASSEMBLY,,,RP-376,,TECH HEAVEN,REPLACEMENT PARTS,LCD ASSEMBLY,,,Pieces,,1,,,,,,Active,New,,FHD DISPLAY | IPHONE 14,,,,,,FHD-IP-2460,,,,,,,
FHD IPHONE DISPLAY ASSEMBLY,,,RP-376,,TECH HEAVEN,REPLACEMENT PARTS,LCD ASSEMBLY,,,Pieces,,1,,,,,,Active,New,,FHD DISPLAY | IPHONE 14 PLUS,,,,,,FHD-IP-2461,,,,,,,
FHD IPHONE DISPLAY ASSEMBLY,,,RP-376,,TECH HEAVEN,REPLACEMENT PARTS,LCD ASSEMBLY,,,Pieces,,1,,,,,,Active,New,,FHD DISPLAY | IPHONE 14 PRO ,,,,,,FHD-IP-2462,,,,,,,
FHD IPHONE DISPLAY ASSEMBLY,,,RP-376,,TECH HEAVEN,REPLACEMENT PARTS,LCD ASSEMBLY,,,Pieces,,1,,,,,,Active,New,,FHD DISPLAY | IPHONE 14 PRO MAX,,,,,,FHD-IP-2463,,,,,,,
FHD IPHONE DISPLAY ASSEMBLY,,,RP-376,,TECH HEAVEN,REPLACEMENT PARTS,LCD ASSEMBLY,,,Pieces,,1,,,,,,Active,New,,FHD DISPLAY | IPHONE 15,,,,,,FHD-IP-2464,,,,,,,
FHD IPHONE DISPLAY ASSEMBLY,,,RP-376,,TECH HEAVEN,REPLACEMENT PARTS,LCD ASSEMBLY,,,Pieces,,1,,,,,,Active,New,,FHD DISPLAY | IPHONE 15 PLUS,,,,,,FHD-IP-2465,,,,,,,
FHD IPHONE DISPLAY ASSEMBLY,,,RP-376,,TECH HEAVEN,REPLACEMENT PARTS,LCD ASSEMBLY,,,Pieces,,1,,,,,,Active,New,,FHD DISPLAY | IPHONE 15 PRO ,,,,,,FHD-IP-2466,,,,,,,
FHD IPHONE DISPLAY ASSEMBLY,,,RP-376,,TECH HEAVEN,REPLACEMENT PARTS,LCD ASSEMBLY,,,Pieces,,1,,,,,,Active,New,,FHD DISPLAY | IPHONE 15 PRO MAX,,,,,,FHD-IP-2467,,,,,,,
FHD IPHONE DISPLAY ASSEMBLY,,,RP-376,,TECH HEAVEN,REPLACEMENT PARTS,LCD ASSEMBLY,,,Pieces,,1,,,,,,Active,New,,FHD DISPLAY | IPHONE 16,,,,,,FHD-IP-2468,,,,,,,
FHD IPHONE DISPLAY ASSEMBLY,,,RP-376,,TECH HEAVEN,REPLACEMENT PARTS,LCD ASSEMBLY,,,Pieces,,1,,,,,,Active,New,,FHD DISPLAY | IPHONE 16 PLUS ,,,,,,FHD-IP-2469,,,,,,,
FHD IPHONE DISPLAY ASSEMBLY,,,RP-376,,TECH HEAVEN,REPLACEMENT PARTS,LCD ASSEMBLY,,,Pieces,,1,,,,,,Active,New,,FHD DISPLAY | IPHONE 16 PRO MAX,,,,,,FHD-IP-2470,,,,,,,
FHD IPHONE DISPLAY ASSEMBLY,,,RP-376,,TECH HEAVEN,REPLACEMENT PARTS,LCD ASSEMBLY,,,Pieces,,1,,,,,,Active,New,,FHD DISPLAY | IPHONE 17 ,,,,,,FHD-IP-2471,,,,,,,
FHD IPHONE DISPLAY ASSEMBLY,,,RP-376,,TECH HEAVEN,REPLACEMENT PARTS,LCD ASSEMBLY,,,Pieces,,1,,,,,,Active,New,,FHD DISPLAY | IPHONE 17 AIR ,,,,,,FHD-IP-2472,,,,,,,
FHD IPHONE DISPLAY ASSEMBLY,,,RP-376,,TECH HEAVEN,REPLACEMENT PARTS,LCD ASSEMBLY,,,Pieces,,1,,,,,,Active,New,,FHD DISPLAY | IPHONE 17 PRO ,,,,,,FHD-IP-2473,,,,,,,
FHD IPHONE DISPLAY ASSEMBLY,,,RP-376,,TECH HEAVEN,REPLACEMENT PARTS,LCD ASSEMBLY,,,Pieces,,1,,,,,,Active,New,,FHD DISPLAY | IPHONE 17 PRO MAX,,,,,,FHD-IP-2474,,,,,,,
FHD IPHONE DISPLAY ASSEMBLY,,,RP-376,,TECH HEAVEN,REPLACEMENT PARTS,LCD ASSEMBLY,,,Pieces,,1,,,,,,Active,New,,FHD DISPLAY | IPHONE X,,,,,,FHD-IP-2475,,,,,,,
FHD IPHONE DISPLAY ASSEMBLY,,,RP-376,,TECH HEAVEN,REPLACEMENT PARTS,LCD ASSEMBLY,,,Pieces,,1,,,,,,Active,New,,FHD DISPLAY | IPHONE XR,,,,,,FHD-IP-2476,,,,,,,
FHD IPHONE DISPLAY ASSEMBLY,,,RP-376,,TECH HEAVEN,REPLACEMENT PARTS,LCD ASSEMBLY,,,Pieces,,1,,,,,,Active,New,,FHD DISPLAY | IPHONE XS,,,,,,FHD-IP-2477,,,,,,,
FHD IPHONE DISPLAY ASSEMBLY,,,RP-376,,TECH HEAVEN,REPLACEMENT PARTS,LCD ASSEMBLY,,,Pieces,,1,,,,,,Active,New,,FHD DISPLAY | IPHONE XS MAX,,,,,,FHD-IP-2478,,,,,,,
FRAME INCEL LCD | GALAXY A SERIES,,,RP-377,,SAMSUNG,REPLACEMENT PARTS,LCD,,,Pieces,,1,,,,,,Active,New,,FRAME INCEL LCD | SAMSUNG GALAXY A16 4G,,,,,,LCD-GAL-2479,,,,,,,
FRAME INCEL LCD | GALAXY A SERIES,,,RP-377,,SAMSUNG,REPLACEMENT PARTS,LCD,,,Pieces,,1,,,,,,Active,New,,FRAME INCEL LCD | SAMSUNG GALAXY A16 5G,,,,,,LCD-GAL-2480,,,,,,,
FRAME INCEL LCD | GALAXY A SERIES,,,RP-377,,SAMSUNG,REPLACEMENT PARTS,LCD,,,Pieces,,1,,,,,,Active,New,,FRAME INCEL LCD | SAMASUNG GALAXY A06 4G,,,,,,LCD-GAL-2481,,,,,,,
FRAME INCEL LCD | GALAXY A SERIES,,,RP-377,,TECH HEAVEN,REPLACEMENT PARTS,Frame Incel LCD,,,Pieces,,1,,,,,,Active,New,,FRAME INCEL LCD | SAMASUNG GALAXY A06 5G,,,,,,LCD-GAL-2482,,,,,,,
FRAME INCEL LCD | GALAXY A SERIES,,,RP-377,,SAMSUNG,REPLACEMENT PARTS,LCD,,,Pieces,,1,,,,,,Active,New,,FRAME INCEL LCD | SAMASUNG GALAXY A10,,,,,,LCD-GAL-2483,,,,,,,
FRAME INCEL LCD | GALAXY A SERIES,,,RP-377,,TECH HEAVEN,REPLACEMENT PARTS,Frame Incel LCD,,,Pieces,,1,,,,,,Active,New,,FRAME INCEL LCD | SAMASUNG GALAXY A10S,,,,,,LCD-GAL-2484,,,,,,,
FRAME INCEL LCD | GALAXY A SERIES,,,RP-377,,SAMSUNG,REPLACEMENT PARTS,LCD,,,Pieces,,1,,,,,,Active,New,,FRAME INCEL LCD | SAMASUNG GALAXY A11,,,,,,LCD-GAL-2485,,,,,,,
FRAME INCEL LCD | GALAXY A SERIES,,,RP-377,,SAMSUNG,REPLACEMENT PARTS,LCD,,,Pieces,,1,,,,,,Active,New,,FRAME INCEL LCD | SAMASUNG GALAXY A12,,,,,,LCD-GAL-2486,,,,,,,
FRAME INCEL LCD | GALAXY A SERIES,,,RP-377,,TECH HEAVEN,REPLACEMENT PARTS,Frame Incel LCD,,,Pieces,,1,,,,,,Active,New,,FRAME INCEL LCD | SAMASUNG GALAXY A12 NACHO,,,,,,LCD-GAL-2487,,,,,,,
FRAME INCEL LCD | GALAXY A SERIES,,,RP-377,,SAMSUNG,REPLACEMENT PARTS,LCD,,,Pieces,,1,,,,,,Active,New,,FRAME INCEL LCD | SAMASUNG GALAXY A15 4G,,,,,,LCD-GAL-2488,,,,,,,
FRAME INCEL LCD | GALAXY A SERIES,,,RP-377,,TECH HEAVEN,REPLACEMENT PARTS,Frame Incel LCD,,,Pieces,,1,,,,,,Active,New,,FRAME INCEL LCD | SAMASUNG GALAXY A15 5G,,,,,,LCD-GAL-2489,,,,,,,
FRAME INCEL LCD | GALAXY A SERIES,,,RP-377,,SAMSUNG,REPLACEMENT PARTS,LCD,,,Pieces,,1,,,,,,Active,New,,FRAME INCEL LCD | SAMASUNG GALAXY A52,,,,,,LCD-GAL-2490,,,,,,,
FRAME INCEL LCD | GALAXY A SERIES,,,RP-377,,TECH HEAVEN,REPLACEMENT PARTS,Frame Incel LCD,,,Pieces,,1,,,,,,Active,New,,FRAME INCEL LCD | SAMASUNG GALAXY A52 5G,,,,,,LCD-GAL-2491,,,,,,,
FRAME INCEL LCD | GALAXY A SERIES,,,RP-377,,TECH HEAVEN,REPLACEMENT PARTS,Frame Incel LCD,,,Pieces,,1,,,,,,Active,New,,FRAME INCEL LCD | SAMASUNG GALAXY A52S,,,,,,LCD-GAL-2492,,,,,,,
FRAME INCEL LCD | GALAXY A SERIES,,,RP-377,,SAMSUNG,REPLACEMENT PARTS,LCD,,,Pieces,,1,,,,,,Active,New,,FRAME INCEL LCD | SAMSUNG GALAXY A02S ,,,,,,LCD-GAL-2493,,,,,,,
FRAME INCEL LCD | GALAXY A SERIES,,,RP-377,,SAMSUNG,REPLACEMENT PARTS,LCD,,,Pieces,,1,,,,,,Active,New,,FRAME INCEL LCD | SAMSUNG GALAXY A03,,,,,,LCD-GAL-2494,,,,,,,
FRAME INCEL LCD | GALAXY A SERIES,,,RP-377,,SAMSUNG,REPLACEMENT PARTS,LCD,,,Pieces,,1,,,,,,Active,New,,FRAME INCEL LCD | SAMSUNG GALAXY A03 CORE ,,,,,,LCD-GAL-2495,,,,,,,
FRAME INCEL LCD | GALAXY A SERIES,,,RP-377,,SAMSUNG,REPLACEMENT PARTS,LCD,,,Pieces,,1,,,,,,Active,New,,FRAME INCEL LCD | SAMSUNG GALAXY A03S ,,,,,,LCD-GAL-2496,,,,,,,
FRAME INCEL LCD | GALAXY A SERIES,,,RP-377,,SAMSUNG,REPLACEMENT PARTS,LCD,,,Pieces,,1,,,,,,Active,New,,FRAME INCEL LCD | SAMSUNG GALAXY A04,,,,,,LCD-GAL-2497,,,,,,,
FRAME INCEL LCD | GALAXY A SERIES,,,RP-377,,SAMSUNG,REPLACEMENT PARTS,LCD,,,Pieces,,1,,,,,,Active,New,,FRAME INCEL LCD | SAMSUNG GALAXY A04E,,,,,,LCD-GAL-2498,,,,,,,
FRAME INCEL LCD | GALAXY A SERIES,,,RP-377,,SAMSUNG,REPLACEMENT PARTS,LCD,,,Pieces,,1,,,,,,Active,New,,FRAME INCEL LCD | SAMSUNG GALAXY A04S,,,,,,LCD-GAL-2499,,,,,,,
FRAME INCEL LCD | GALAXY A SERIES,,,RP-377,,SAMSUNG,REPLACEMENT PARTS,LCD,,,Pieces,,1,,,,,,Active,New,,FRAME INCEL LCD | SAMSUNG GALAXY A05,,,,,,LCD-GAL-2500,,,,,,,
FRAME INCEL LCD | GALAXY A SERIES,,,RP-377,,SAMSUNG,REPLACEMENT PARTS,LCD,,,Pieces,,1,,,,,,Active,New,,FRAME INCEL LCD | SAMSUNG GALAXY A05S,,,,,,LCD-GAL-2501,,,,,,,
FRAME INCEL LCD | GALAXY A SERIES,,,RP-377,,SAMSUNG,REPLACEMENT PARTS,LCD,,,Pieces,,1,,,,,,Active,New,,FRAME INCEL LCD | SAMSUNG GALAXY A10 E,,,,,,LCD-GAL-2502,,,,,,,
FRAME INCEL LCD | GALAXY A SERIES,,,RP-377,,SAMSUNG,REPLACEMENT PARTS,LCD,,,Pieces,,1,,,,,,Active,New,,FRAME INCEL LCD | SAMSUNG GALAXY A10 S,,,,,,LCD-GAL-2503,,,,,,,
FRAME INCEL LCD | GALAXY A SERIES,,,RP-377,,SAMSUNG,REPLACEMENT PARTS,LCD,,,Pieces,,1,,,,,,Active,New,,FRAME INCEL LCD | SAMSUNG GALAXY A13 4G,,,,,,LCD-GAL-2504,,,,,,,
FRAME INCEL LCD | GALAXY A SERIES,,,RP-377,,SAMSUNG,REPLACEMENT PARTS,LCD,,,Pieces,,1,,,,,,Active,New,,FRAME INCEL LCD | SAMSUNG GALAXY A14 4G,,,,,,LCD-GAL-2505,,,,,,,
FRAME INCEL LCD | GALAXY A SERIES,,,RP-377,,SAMSUNG,REPLACEMENT PARTS,LCD,,,Pieces,,1,,,,,,Active,New,,FRAME INCEL LCD | SAMSUNG GALAXY A20,,,,,,LCD-GAL-2506,,,,,,,
FRAME INCEL LCD | GALAXY A SERIES,,,RP-377,,SAMSUNG,REPLACEMENT PARTS,LCD,,,Pieces,,1,,,,,,Active,New,,FRAME INCEL LCD | SAMSUNG GALAXY A20E,,,,,,LCD-GAL-2507,,,,,,,
FRAME INCEL LCD | GALAXY A SERIES,,,RP-377,,SAMSUNG,REPLACEMENT PARTS,LCD,,,Pieces,,1,,,,,,Active,New,,FRAME INCEL LCD | SAMSUNG GALAXY A20S,,,,,,LCD-GAL-2508,,,,,,,
FRAME INCEL LCD | GALAXY A SERIES,,,RP-377,,SAMSUNG,REPLACEMENT PARTS,LCD,,,Pieces,,1,,,,,,Active,New,,FRAME INCEL LCD | SAMSUNG GALAXY A21,,,,,,LCD-GAL-2509,,,,,,,
FRAME INCEL LCD | GALAXY A SERIES,,,RP-377,,SAMSUNG,REPLACEMENT PARTS,LCD,,,Pieces,,1,,,,,,Active,New,,FRAME INCEL LCD | SAMSUNG GALAXY A21S,,,,,,LCD-GAL-2510,,,,,,,
FRAME INCEL LCD | GALAXY A SERIES,,,RP-377,,SAMSUNG,REPLACEMENT PARTS,LCD,,,Pieces,,1,,,,,,Active,New,,FRAME INCEL LCD | SAMSUNG GALAXY A22 4G,,,,,,LCD-GAL-2511,,,,,,,
FRAME INCEL LCD | GALAXY A SERIES,,,RP-377,,SAMSUNG,REPLACEMENT PARTS,LCD,,,Pieces,,1,,,,,,Active,New,,FRAME INCEL LCD | SAMSUNG GALAXY A22 5G,,,,,,LCD-GAL-2512,,,,,,,
FRAME INCEL LCD | GALAXY A SERIES,,,RP-377,,SAMSUNG,REPLACEMENT PARTS,LCD,,,Pieces,,1,,,,,,Active,New,,FRAME INCEL LCD | SAMSUNG GALAXY A23 4G,,,,,,LCD-GAL-2513,,,,,,,
FRAME INCEL LCD | GALAXY A SERIES,,,RP-377,,SAMSUNG,REPLACEMENT PARTS,LCD,,,Pieces,,1,,,,,,Active,New,,FRAME INCEL LCD | SAMSUNG GALAXY A24,,,,,,LCD-GAL-2514,,,,,,,
FRAME INCEL LCD | GALAXY A SERIES,,,RP-377,,SAMSUNG,REPLACEMENT PARTS,LCD,,,Pieces,,1,,,,,,Active,New,,FRAME INCEL LCD | SAMSUNG GALAXY A25 5G,,,,,,LCD-GAL-2515,,,,,,,
FRAME INCEL LCD | GALAXY A SERIES,,,RP-377,,SAMSUNG,REPLACEMENT PARTS,LCD,,,Pieces,,1,,,,,,Active,New,,FRAME INCEL LCD | SAMSUNG GALAXY A30,,,,,,LCD-GAL-2516,,,,,,,
FRAME INCEL LCD | GALAXY A SERIES,,,RP-377,,SAMSUNG,REPLACEMENT PARTS,LCD,,,Pieces,,1,,,,,,Active,New,,FRAME INCEL LCD | SAMSUNG GALAXY A30S,,,,,,LCD-GAL-2517,,,,,,,
FRAME INCEL LCD | GALAXY A SERIES,,,RP-377,,SAMSUNG,REPLACEMENT PARTS,LCD,,,Pieces,,1,,,,,,Active,New,,FRAME INCEL LCD | SAMSUNG GALAXY A31,,,,,,LCD-GAL-2518,,,,,,,
FRAME INCEL LCD | GALAXY A SERIES,,,RP-377,,SAMSUNG,REPLACEMENT PARTS,LCD,,,Pieces,,1,,,,,,Active,New,,FRAME INCEL LCD | SAMSUNG GALAXY A32 4G,,,,,,LCD-GAL-2519,,,,,,,
FRAME INCEL LCD | GALAXY A SERIES,,,RP-377,,SAMSUNG,REPLACEMENT PARTS,LCD,,,Pieces,,1,,,,,,Active,New,,FRAME INCEL LCD | SAMSUNG GALAXY A32 5G,,,,,,LCD-GAL-2520,,,,,,,
FRAME INCEL LCD | GALAXY A SERIES,,,RP-377,,SAMSUNG,REPLACEMENT PARTS,LCD,,,Pieces,,1,,,,,,Active,New,,FRAME INCEL LCD | SAMSUNG GALAXY A33 5G,,,,,,LCD-GAL-2521,,,,,,,
FRAME INCEL LCD | GALAXY A SERIES,,,RP-377,,SAMSUNG,REPLACEMENT PARTS,LCD,,,Pieces,,1,,,,,,Active,New,,FRAME INCEL LCD | SAMSUNG GALAXY A34 5G,,,,,,LCD-GAL-2522,,,,,,,
FRAME INCEL LCD | GALAXY A SERIES,,,RP-377,,SAMSUNG,REPLACEMENT PARTS,LCD,,,Pieces,,1,,,,,,Active,New,,FRAME INCEL LCD | SAMSUNG GALAXY A35 5G,,,,,,LCD-GAL-2523,,,,,,,
FRAME INCEL LCD | GALAXY A SERIES,,,RP-377,,SAMSUNG,REPLACEMENT PARTS,LCD,,,Pieces,,1,,,,,,Active,New,,FRAME INCEL LCD | SAMSUNG GALAXY A36 5G,,,,,,LCD-GAL-2524,,,,,,,
FRAME INCEL LCD | GALAXY A SERIES,,,RP-377,,SAMSUNG,REPLACEMENT PARTS,LCD,,,Pieces,,1,,,,,,Active,New,,FRAME INCEL LCD | SAMSUNG GALAXY A40,,,,,,LCD-GAL-2525,,,,,,,
FRAME INCEL LCD | GALAXY A SERIES,,,RP-377,,SAMSUNG,REPLACEMENT PARTS,LCD,,,Pieces,,1,,,,,,Active,New,,FRAME INCEL LCD | SAMSUNG GALAXY A41,,,,,,LCD-GAL-2526,,,,,,,
FRAME INCEL LCD | GALAXY A SERIES,,,RP-377,,SAMSUNG,REPLACEMENT PARTS,LCD,,,Pieces,,1,,,,,,Active,New,,FRAME INCEL LCD | SAMSUNG GALAXY A42 5G,,,,,,LCD-GAL-2527,,,,,,,
FRAME INCEL LCD | GALAXY A SERIES,,,RP-377,,SAMSUNG,REPLACEMENT PARTS,LCD,,,Pieces,,1,,,,,,Active,New,,FRAME INCEL LCD | SAMSUNG GALAXY A50,,,,,,LCD-GAL-2528,,,,,,,
FRAME INCEL LCD | GALAXY A SERIES,,,RP-377,,SAMSUNG,REPLACEMENT PARTS,LCD,,,Pieces,,1,,,,,,Active,New,,FRAME INCEL LCD | SAMSUNG GALAXY A50S,,,,,,LCD-GAL-2529,,,,,,,
FRAME INCEL LCD | GALAXY A SERIES,,,RP-377,,SAMSUNG,REPLACEMENT PARTS,LCD,,,Pieces,,1,,,,,,Active,New,,FRAME INCEL LCD | SAMSUNG GALAXY A51 4G,,,,,,LCD-GAL-2530,,,,,,,
FRAME INCEL LCD | GALAXY A SERIES,,,RP-377,,SAMSUNG,REPLACEMENT PARTS,LCD,,,Pieces,,1,,,,,,Active,New,,FRAME INCEL LCD | SAMSUNG GALAXY A51 5G,,,,,,LCD-GAL-2531,,,,,,,
FRAME INCEL LCD | GALAXY A SERIES,,,RP-377,,SAMSUNG,REPLACEMENT PARTS,LCD,,,Pieces,,1,,,,,,Active,New,,FRAME INCEL LCD | SAMSUNG GALAXY A53 5G,,,,,,LCD-GAL-2532,,,,,,,
FRAME INCEL LCD | GALAXY A SERIES,,,RP-377,,SAMSUNG,REPLACEMENT PARTS,LCD,,,Pieces,,1,,,,,,Active,New,,FRAME INCEL LCD | SAMSUNG GALAXY A54 5G,,,,,,LCD-GAL-2533,,,,,,,
FRAME INCEL LCD | GALAXY A SERIES,,,RP-377,,SAMSUNG,REPLACEMENT PARTS,LCD,,,Pieces,,1,,,,,,Active,New,,FRAME INCEL LCD | SAMSUNG GALAXY A55 5G,,,,,,LCD-GAL-2534,,,,,,,
FRAME INCEL LCD | GALAXY A SERIES,,,RP-377,,SAMSUNG,REPLACEMENT PARTS,LCD,,,Pieces,,1,,,,,,Active,New,,FRAME INCEL LCD | SAMSUNG GALAXY A56 5G,,,,,,LCD-GAL-2535,,,,,,,
FRAME INCEL LCD | GALAXY A SERIES,,,RP-377,,SAMSUNG,REPLACEMENT PARTS,LCD,,,Pieces,,1,,,,,,Active,New,,FRAME INCEL LCD | SAMSUNG GALAXY A70,,,,,,LCD-GAL-2536,,,,,,,
FRAME INCEL LCD | GALAXY A SERIES,,,RP-377,,SAMSUNG,REPLACEMENT PARTS,LCD,,,Pieces,,1,,,,,,Active,New,,FRAME INCEL LCD | SAMSUNG GALAXY A70S,,,,,,LCD-GAL-2537,,,,,,,
FRAME INCEL LCD | GALAXY A SERIES,,,RP-377,,SAMSUNG,REPLACEMENT PARTS,LCD,,,Pieces,,1,,,,,,Active,New,,FRAME INCEL LCD | SAMSUNG GALAXY A71,,,,,,LCD-GAL-2538,,,,,,,
FRAME INCEL LCD | GALAXY A SERIES,,,RP-377,,SAMSUNG,REPLACEMENT PARTS,LCD,,,Pieces,,1,,,,,,Active,New,,FRAME INCEL LCD | SAMSUNG GALAXY A71 5G,,,,,,LCD-GAL-2539,,,,,,,
FRAME INCEL LCD | GALAXY A SERIES,,,RP-377,,SAMSUNG,REPLACEMENT PARTS,LCD,,,Pieces,,1,,,,,,Active,New,,FRAME INCEL LCD | SAMSUNG GALAXY A72,,,,,,LCD-GAL-2540,,,,,,,
FRAME INCEL LCD | GALAXY A SERIES,,,RP-377,,SAMSUNG,REPLACEMENT PARTS,LCD,,,Pieces,,1,,,,,,Active,New,,FRAME INCEL LCD | SAMSUNG GALAXY A73 5G,,,,,,LCD-GAL-2541,,,,,,,
FRAME INCEL LCD | GALAXY A SERIES,,,RP-377,,SAMSUNG,REPLACEMENT PARTS,LCD,,,Pieces,,1,,,,,,Active,New,,FRAME INCEL LCD | SAMSUNG GALAXY A80,,,,,,LCD-GAL-2542,,,,,,,
FRAME INCEL LCD | GALAXY A SERIES,,,RP-377,,SAMSUNG,REPLACEMENT PARTS,LCD,,,Pieces,,1,,,,,,Active,New,,FRAME INCEL LCD | SAMSUNG GALAXY A90 5G,,,,,,LCD-GAL-2543,,,,,,,
FRAME INCEL LCD | GALAXY F SERIES,,,RP-378,,TECH HEAVEN,REPLACEMENT PARTS,Frame Incel LCD,,,Pieces,,1,,,,,,Active,New,,FRAME INCEL LCD | SAMASUNG GALAXY F12,,,,,,LCD-GAL-2544,,,,,,,
FRAME INCEL LCD | GALAXY M SERIES,,,RP-379,,TECH HEAVEN,REPLACEMENT PARTS,Frame Incel LCD,,,Pieces,,1,,,,,,Active,New,,FRAME INCEL LCD | SAMASUNG GALAXY M10,,,,,,LCD-GAL-2545,,,,,,,
FRAME INCEL LCD | GALAXY M SERIES,,,RP-379,,TECH HEAVEN,REPLACEMENT PARTS,Frame Incel LCD,,,Pieces,,1,,,,,,Active,New,,FRAME INCEL LCD | SAMASUNG GALAXY M11,,,,,,LCD-GAL-2546,,,,,,,
FRAME INCEL LCD | GALAXY M SERIES,,,RP-379,,TECH HEAVEN,REPLACEMENT PARTS,Frame Incel LCD,,,Pieces,,1,,,,,,Active,New,,FRAME INCEL LCD | SAMASUNG GALAXY M12,,,,,,LCD-GAL-2547,,,,,,,
FRAME INCEL LCD | GALAXY NOTE SERIES,,,RP-380,,SAMSUNG,REPLACEMENT PARTS,LCD,,,Pieces,,1,,,,,,Active,New,,FRAME INCEL LCD | SAMSUNG GALAXY NOTE 10 LITE,,,,,,LCD-GAL-2548,,,,,,,
FRAME INCEL LCD | GALAXY NOTE SERIES,,,RP-380,,SAMSUNG,REPLACEMENT PARTS,LCD,,,Pieces,,1,,,,,,Active,New,,FRAME INCEL LCD | SAMSUNG GALAXY NOTE 10+,,,,,,LCD-GAL-2549,,,,,,,
FRAME INCEL LCD | GALAXY NOTE SERIES,,,RP-380,,SAMSUNG,REPLACEMENT PARTS,LCD,,,Pieces,,1,,,,,,Active,New,,FRAME INCEL LCD | SAMSUNG GALAXY NOTE 20,,,,,,LCD-GAL-2550,,,,,,,
FRAME INCEL LCD | GALAXY S SERIES,,,RP-381,,SAMSUNG,REPLACEMENT PARTS,LCD,,,Pieces,,1,,,,,,Active,New,,FRAME INCEL LCD | GALAXY S10 ,,,,,,LCD-GAL-2551,,,,,,,
FRAME INCEL LCD | GALAXY S SERIES,,,RP-381,,TECH HEAVEN,REPLACEMENT PARTS,LCD,,,Pieces,,1,,,,,,Active,New,,FRAME INCEL LCD | GALAXY S10 5G,,,,,,LCD-GAL-2552,,,,,,,
FRAME INCEL LCD | GALAXY S SERIES,,,RP-381,,SAMSUNG,REPLACEMENT PARTS,LCD,,,Pieces,,1,,,,,,Active,New,,FRAME INCEL LCD | GALAXY S10+,,,,,,LCD-GAL-2553,,,,,,,
FRAME INCEL LCD | GALAXY S SERIES,,,RP-381,,SAMSUNG,REPLACEMENT PARTS,LCD,,,Pieces,,1,,,,,,Active,New,,FRAME INCEL LCD | GALAXY S10E,,,,,,LCD-GAL-2554,,,,,,,
FRAME INCEL LCD | GALAXY S SERIES,,,RP-381,,SAMSUNG,REPLACEMENT PARTS,LCD,,,Pieces,,1,,,,,,Active,New,,FRAME INCEL LCD | GALAXY S20,,,,,,LCD-GAL-2555,,,,,,,
FRAME INCEL LCD | GALAXY S SERIES,,,RP-381,,TECH HEAVEN,REPLACEMENT PARTS,LCD,,,Pieces,,1,,,,,,Active,New,,FRAME INCEL LCD | GALAXY S20 FE,,,,,,LCD-GAL-2556,,,,,,,
FRAME INCEL LCD | GALAXY S SERIES,,,RP-381,,SAMSUNG,REPLACEMENT PARTS,LCD,,,Pieces,,1,,,,,,Active,New,,FRAME INCEL LCD | GALAXY S20 ULTRA,,,,,,LCD-GAL-2557,,,,,,,
FRAME INCEL LCD | GALAXY S SERIES,,,RP-381,,SAMSUNG,REPLACEMENT PARTS,LCD,,,Pieces,,1,,,,,,Active,New,,FRAME INCEL LCD | GALAXY S20+,,,,,,LCD-GAL-2558,,,,,,,
FRAME INCEL LCD | GALAXY S SERIES,,,RP-381,,SAMSUNG,REPLACEMENT PARTS,LCD,,,Pieces,,1,,,,,,Active,New,,FRAME INCEL LCD | GALAXY S21 FE,,,,,,LCD-GAL-2559,,,,,,,
FRAME INCEL LCD | GALAXY S SERIES,,,RP-381,,SAMSUNG,REPLACEMENT PARTS,LCD,,,Pieces,,1,,,,,,Active,New,,FRAME INCEL LCD | GALAXY S21 ULTRA,,,,,,LCD-GAL-2560,,,,,,,
FRAME INCEL LCD | GALAXY S SERIES,,,RP-381,,SAMSUNG,REPLACEMENT PARTS,LCD,,,Pieces,,1,,,,,,Active,New,,FRAME INCEL LCD | GALAXY S21+,,,,,,LCD-GAL-2561,,,,,,,
FRAME INCEL LCD | GALAXY S SERIES,,,RP-381,,SAMSUNG,REPLACEMENT PARTS,LCD,,,Pieces,,1,,,,,,Active,New,,FRAME INCEL LCD | GALAXY S22,,,,,,LCD-GAL-2562,,,,,,,
FRAME INCEL LCD | GALAXY S SERIES,,,RP-381,,SAMSUNG,REPLACEMENT PARTS,LCD,,,Pieces,,1,,,,,,Active,New,,FRAME INCEL LCD | GALAXY S22 ULTRA,,,,,,LCD-GAL-2563,,,,,,,
FRAME INCEL LCD | GALAXY S SERIES,,,RP-381,,SAMSUNG,REPLACEMENT PARTS,LCD,,,Pieces,,1,,,,,,Active,New,,FRAME INCEL LCD | GALAXY S22+,,,,,,LCD-GAL-2564,,,,,,,
FRAME INCEL LCD | GALAXY S SERIES,,,RP-381,,SAMSUNG,REPLACEMENT PARTS,LCD,,,Pieces,,1,,,,,,Active,New,,FRAME INCEL LCD | GALAXY S23,,,,,,LCD-GAL-2565,,,,,,,
FRAME INCEL LCD | GALAXY S SERIES,,,RP-381,,SAMSUNG,REPLACEMENT PARTS,LCD,,,Pieces,,1,,,,,,Active,New,,FRAME INCEL LCD | GALAXY S23 FE,,,,,,LCD-GAL-2566,,,,,,,
FRAME INCEL LCD | GALAXY S SERIES,,,RP-381,,SAMSUNG,REPLACEMENT PARTS,LCD,,,Pieces,,1,,,,,,Active,New,,FRAME INCEL LCD | GALAXY S23 ULTRA,,,,,,LCD-GAL-2567,,,,,,,
FRAME INCEL LCD | GALAXY S SERIES,,,RP-381,,SAMSUNG,REPLACEMENT PARTS,LCD,,,Pieces,,1,,,,,,Active,New,,FRAME INCEL LCD | GALAXY S23+,,,,,,LCD-GAL-2568,,,,,,,
FRAME INCEL LCD | GALAXY S SERIES,,,RP-381,,SAMSUNG,REPLACEMENT PARTS,LCD,,,Pieces,,1,,,,,,Active,New,,FRAME INCEL LCD | GALAXY S24,,,,,,LCD-GAL-2569,,,,,,,
FRAME INCEL LCD | GALAXY S SERIES,,,RP-381,,SAMSUNG,REPLACEMENT PARTS,LCD,,,Pieces,,1,,,,,,Active,New,,FRAME INCEL LCD | GALAXY S24 ULTRA,,,,,,LCD-GAL-2570,,,,,,,
FRAME INCEL LCD | GALAXY S SERIES,,,RP-381,,SAMSUNG,REPLACEMENT PARTS,LCD,,,Pieces,,1,,,,,,Active,New,,FRAME INCEL LCD | GALAXY S24+,,,,,,LCD-GAL-2571,,,,,,,
FRAME INCEL LCD | GALAXY S SERIES,,,RP-381,,SAMSUNG,REPLACEMENT PARTS,LCD,,,Pieces,,1,,,,,,Active,New,,FRAME INCEL LCD | GALAXY S25,,,,,,LCD-GAL-2572,,,,,,,
FRAME INCEL LCD | GALAXY S SERIES,,,RP-381,,SAMSUNG,REPLACEMENT PARTS,LCD,,,Pieces,,1,,,,,,Active,New,,FRAME INCEL LCD | GALAXY S25 ULTRA,,,,,,LCD-GAL-2573,,,,,,,
FRAME INCEL LCD | GALAXY S SERIES,,,RP-381,,SAMSUNG,REPLACEMENT PARTS,LCD,,,Pieces,,1,,,,,,Active,New,,FRAME INCEL LCD | GALAXY S25+,,,,,,LCD-GAL-2574,,,,,,,
FRAME INCEL LCD | GALAXY S SERIES,,,RP-381,,SAMSUNG,REPLACEMENT PARTS,LCD,,,Pieces,,1,,,,,,Active,New,,FRAME INCEL LCD | GALAXY S26 ULTRA,,,,,,LCD-GAL-2575,,,,,,,
FRAME INCEL LCD | GALAXY S SERIES,,,RP-381,,SAMSUNG,REPLACEMENT PARTS,LCD,,,Pieces,,1,,,,,,Active,New,,FRAME INCEL LCD | GALAXY S26 ULTRA+,,,,,,LCD-GAL-2576,,,,,,,
FRAME INCEL LCD | GALAXY S SERIES,,,RP-381,,SAMSUNG,REPLACEMENT PARTS,LCD,,,Pieces,,1,,,,,,Active,New,,FRAME INCEL LCD | GALAXY S7,,,,,,LCD-GAL-2577,,,,,,,
FRAME INCEL LCD | GALAXY S SERIES,,,RP-381,,SAMSUNG,REPLACEMENT PARTS,LCD,,,Pieces,,1,,,,,,Active,New,,FRAME INCEL LCD | GALAXY S7 EDGE,,,,,,LCD-GAL-2578,,,,,,,
FRAME INCEL LCD | GALAXY S SERIES,,,RP-381,,SAMSUNG,REPLACEMENT PARTS,LCD,,,Pieces,,1,,,,,,Active,New,,FRAME INCEL LCD | GALAXY S8,,,,,,LCD-GAL-2579,,,,,,,
FRAME INCEL LCD | GALAXY S SERIES,,,RP-381,,SAMSUNG,REPLACEMENT PARTS,LCD,,,Pieces,,1,,,,,,Active,New,,FRAME INCEL LCD | GALAXY S8+,,,,,,LCD-GAL-2580,,,,,,,
FRAME INCEL LCD | GALAXY S SERIES,,,RP-381,,SAMSUNG,REPLACEMENT PARTS,LCD,,,Pieces,,1,,,,,,Active,New,,FRAME INCEL LCD | GALAXY S9,,,,,,LCD-GAL-2581,,,,,,,
FRAME INCEL LCD | GALAXY S SERIES,,,RP-381,,SAMSUNG,REPLACEMENT PARTS,LCD,,,Pieces,,1,,,,,,Active,New,,FRAME INCEL LCD | GALAXY S9+,,,,,,LCD-GAL-2582,,,,,,,
FRAME INCEL LCD | GOOGLE,,,RP-382,,GOOGLE,REPLACEMENT PARTS,LCD,,,Pieces,,1,,,,,,Active,New,,FRAME INCEL LCD | GOOGLE PIXEL,,,,,,LCD-GOOGLE-2583,,,,,,,
FRAME INCEL LCD | GOOGLE,,,RP-382,,GOOGLE,REPLACEMENT PARTS,LCD,,,Pieces,,1,,,,,,Active,New,,FRAME INCEL LCD | GOOGLE PIXEL 2,,,,,,LCD-GOOGLE-2584,,,,,,,
FRAME INCEL LCD | GOOGLE,,,RP-382,,GOOGLE,REPLACEMENT PARTS,LCD,,,Pieces,,1,,,,,,Active,New,,FRAME INCEL LCD | GOOGLE PIXEL 2 XL,,,,,,LCD-GOOGLE-2585,,,,,,,
FRAME INCEL LCD | GOOGLE,,,RP-382,,GOOGLE,REPLACEMENT PARTS,LCD,,,Pieces,,1,,,,,,Active,New,,FRAME INCEL LCD | GOOGLE PIXEL 3,,,,,,LCD-GOOGLE-2586,,,,,,,
FRAME INCEL LCD | GOOGLE,,,RP-382,,GOOGLE,REPLACEMENT PARTS,LCD,,,Pieces,,1,,,,,,Active,New,,FRAME INCEL LCD | GOOGLE PIXEL 3 XL,,,,,,LCD-GOOGLE-2587,,,,,,,
FRAME INCEL LCD | GOOGLE,,,RP-382,,GOOGLE,REPLACEMENT PARTS,LCD,,,Pieces,,1,,,,,,Active,New,,FRAME INCEL LCD | GOOGLE PIXEL 3A,,,,,,LCD-GOOGLE-2588,,,,,,,
FRAME INCEL LCD | GOOGLE,,,RP-382,,GOOGLE,REPLACEMENT PARTS,LCD,,,Pieces,,1,,,,,,Active,New,,FRAME INCEL LCD | GOOGLE PIXEL 3A XL,,,,,,LCD-GOOGLE-2589,,,,,,,
FRAME INCEL LCD | GOOGLE,,,RP-382,,GOOGLE,REPLACEMENT PARTS,LCD,,,Pieces,,1,,,,,,Active,New,,FRAME INCEL LCD | GOOGLE PIXEL 4,,,,,,LCD-GOOGLE-2590,,,,,,,
FRAME INCEL LCD | GOOGLE,,,RP-382,,GOOGLE,REPLACEMENT PARTS,LCD,,,Pieces,,1,,,,,,Active,New,,FRAME INCEL LCD | GOOGLE PIXEL 4 XL,,,,,,LCD-GOOGLE-2591,,,,,,,
FRAME INCEL LCD | GOOGLE,,,RP-382,,GOOGLE,REPLACEMENT PARTS,LCD,,,Pieces,,1,,,,,,Active,New,,FRAME INCEL LCD | GOOGLE PIXEL 4A 4G,,,,,,LCD-GOOGLE-2592,,,,,,,
FRAME INCEL LCD | GOOGLE,,,RP-382,,GOOGLE,REPLACEMENT PARTS,LCD,,,Pieces,,1,,,,,,Active,New,,FRAME INCEL LCD | GOOGLE PIXEL 5,,,,,,LCD-GOOGLE-2593,,,,,,,
FRAME INCEL LCD | GOOGLE,,,RP-382,,GOOGLE,REPLACEMENT PARTS,LCD,,,Pieces,,1,,,,,,Active,New,,FRAME INCEL LCD | GOOGLE PIXEL 5A,,,,,,LCD-GOOGLE-2594,,,,,,,
FRAME INCEL LCD | GOOGLE,,,RP-382,,GOOGLE,REPLACEMENT PARTS,LCD,,,Pieces,,1,,,,,,Active,New,,FRAME INCEL LCD | GOOGLE PIXEL 6,,,,,,LCD-GOOGLE-2595,,,,,,,
FRAME INCEL LCD | GOOGLE,,,RP-382,,GOOGLE,REPLACEMENT PARTS,LCD,,,Pieces,,1,,,,,,Active,New,,FRAME INCEL LCD | GOOGLE PIXEL 6 PRO,,,,,,LCD-GOOGLE-2596,,,,,,,
FRAME INCEL LCD | GOOGLE,,,RP-382,,GOOGLE,REPLACEMENT PARTS,LCD,,,Pieces,,1,,,,,,Active,New,,FRAME INCEL LCD | GOOGLE PIXEL 6A,,,,,,LCD-GOOGLE-2597,,,,,,,
FRAME INCEL LCD | GOOGLE,,,RP-382,,GOOGLE,REPLACEMENT PARTS,LCD,,,Pieces,,1,,,,,,Active,New,,FRAME INCEL LCD | GOOGLE PIXEL 7,,,,,,LCD-GOOGLE-2598,,,,,,,
FRAME INCEL LCD | GOOGLE,,,RP-382,,GOOGLE,REPLACEMENT PARTS,LCD,,,Pieces,,1,,,,,,Active,New,,FRAME INCEL LCD | GOOGLE PIXEL 7 PRO,,,,,,LCD-GOOGLE-2599,,,,,,,
FRAME INCEL LCD | GOOGLE,,,RP-382,,GOOGLE,REPLACEMENT PARTS,LCD,,,Pieces,,1,,,,,,Active,New,,FRAME INCEL LCD | GOOGLE PIXEL 7A,,,,,,LCD-GOOGLE-2600,,,,,,,
FRAME INCEL LCD | GOOGLE,,,RP-382,,GOOGLE,REPLACEMENT PARTS,LCD,,,Pieces,,1,,,,,,Active,New,,FRAME INCEL LCD | GOOGLE PIXEL 8,,,,,,LCD-GOOGLE-2601,,,,,,,
FRAME INCEL LCD | GOOGLE,,,RP-382,,GOOGLE,REPLACEMENT PARTS,LCD,,,Pieces,,1,,,,,,Active,New,,FRAME INCEL LCD | GOOGLE PIXEL 8 PRO,,,,,,LCD-GOOGLE-2602,,,,,,,
FRAME INCEL LCD | GOOGLE,,,RP-382,,GOOGLE,REPLACEMENT PARTS,LCD,,,Pieces,,1,,,,,,Active,New,,FRAME INCEL LCD | GOOGLE PIXEL 8A,,,,,,LCD-GOOGLE-2603,,,,,,,
FRAME INCEL LCD | GOOGLE,,,RP-382,,GOOGLE,REPLACEMENT PARTS,LCD,,,Pieces,,1,,,,,,Active,New,,FRAME INCEL LCD | GOOGLE PIXEL 9 ,,,,,,LCD-GOOGLE-2604,,,,,,,
FRAME INCEL LCD | GOOGLE,,,RP-382,,GOOGLE,REPLACEMENT PARTS,LCD,,,Pieces,,1,,,,,,Active,New,,FRAME INCEL LCD | GOOGLE PIXEL 9 PRO,,,,,,LCD-GOOGLE-2605,,,,,,,
FRAME INCEL LCD | GOOGLE,,,RP-382,,GOOGLE,REPLACEMENT PARTS,LCD,,,Pieces,,1,,,,,,Active,New,,FRAME INCEL LCD | GOOGLE PIXEL 9 PRO FOLD,,,,,,LCD-GOOGLE-2606,,,,,,,
FRAME INCEL LCD | GOOGLE,,,RP-382,,GOOGLE,REPLACEMENT PARTS,LCD,,,Pieces,,1,,,,,,Active,New,,FRAME INCEL LCD | GOOGLE PIXEL 9 PRO XL,,,,,,LCD-GOOGLE-2607,,,,,,,
FRAME INCEL LCD | GOOGLE,,,RP-382,,GOOGLE,REPLACEMENT PARTS,LCD,,,Pieces,,1,,,,,,Active,New,,FRAME INCEL LCD | GOOGLE PIXEL FOLD,,,,,,LCD-GOOGLE-2608,,,,,,,
FRAME INCEL LCD | GOOGLE,,,RP-382,,GOOGLE,REPLACEMENT PARTS,LCD,,,Pieces,,1,,,,,,Active,New,,FRAME INCEL LCD | GOOGLE PIXEL XL,,,,,,LCD-GOOGLE-2609,,,,,,,
GENUINE SERVICE PACK LCD ,,,RP-383,,SAMSUNG,REPLACEMENT PARTS,LCD,,,Pieces,,1,,,,,,Active,New,,GENIUNE SERVICE PACK LCD | SAMSUNG GALAXY Z FLIP 3,,,,,,LCD-GSP-2610,,,,,,,
GENUINE SERVICE PACK LCD ,,,RP-383,,SAMSUNG,REPLACEMENT PARTS,LCD,,,Pieces,,1,,,,,,Active,New,,GENIUNE SERVICE PACK LCD | SAMSUNG GALAXY Z FLIP 4,,,,,,LCD-GSP-2611,,,,,,,
GENUINE SERVICE PACK LCD ,,,RP-383,,SAMSUNG,REPLACEMENT PARTS,LCD,,,Pieces,,1,,,,,,Active,New,,GENIUNE SERVICE PACK LCD | SAMSUNG GALAXY Z FLIP 5,,,,,,LCD-GSP-2612,,,,,,,
GENUINE SERVICE PACK LCD ,,,RP-383,,SAMSUNG,REPLACEMENT PARTS,LCD,,,Pieces,,1,,,,,,Active,New,,GENIUNE SERVICE PACK LCD | SAMSUNG GALAXY Z FLIP 6,,,,,,LCD-GSP-2613,,,,,,,
GENUINE SERVICE PACK LCD ,,,RP-383,,SAMSUNG,REPLACEMENT PARTS,LCD,,,Pieces,,1,,,,,,Active,New,,GENIUNE SERVICE PACK LCD | SAMSUNG GALAXY Z FOLD 2,,,,,,LCD-GSP-2614,,,,,,,
GENUINE SERVICE PACK LCD ,,,RP-383,,SAMSUNG,REPLACEMENT PARTS,LCD,,,Pieces,,1,,,,,,Active,New,,GENIUNE SERVICE PACK LCD | SAMSUNG GALAXY Z FOLD 3,,,,,,LCD-GSP-2615,,,,,,,
GENUINE SERVICE PACK LCD ,,,RP-383,,SAMSUNG,REPLACEMENT PARTS,LCD,,,Pieces,,1,,,,,,Active,New,,GENIUNE SERVICE PACK LCD | SAMSUNG GALAXY Z FOLD 4,,,,,,LCD-GSP-2616,,,,,,,
GENUINE SERVICE PACK LCD ,,,RP-383,,SAMSUNG,REPLACEMENT PARTS,LCD,,,Pieces,,1,,,,,,Active,New,,GENIUNE SERVICE PACK LCD | SAMSUNG GALAXY Z FOLD 5,,,,,,LCD-GSP-2617,,,,,,,
GENUINE SERVICE PACK LCD ,,,RP-383,,SAMSUNG,REPLACEMENT PARTS,LCD,,,Pieces,,1,,,,,,Active,New,,GENIUNE SERVICE PACK LCD | SAMSUNG GALAXY Z FOLD 6,,,,,,LCD-GSP-2618,,,,,,,
HD+ DISPLAY ASSEMBLY | IPHONE 11,,,RP-384,,TECH HEAVEN,REPLACEMENT PARTS,LCD ASSEMBLY,,,Pieces,,1,,,,,,Active,New,,HD+ DISPLAY ASSEMBLY | IPHONE 11,,,,,,HD+-IP-2619,,,,,,,
HD+ DISPLAY ASSEMBLY | IPHONE 11,,,RP-384,,TECH HEAVEN,REPLACEMENT PARTS,LCD ASSEMBLY,,,Pieces,,1,,,,,,Active,New,,HD+ DISPLAY ASSEMBLY | IPHONE 11 PRO ,,,,,,HD+-IP-2620,,,,,,,
HD+ DISPLAY ASSEMBLY | IPHONE 11,,,RP-384,,TECH HEAVEN,REPLACEMENT PARTS,LCD ASSEMBLY,,,Pieces,,1,,,,,,Active,New,,HD+ DISPLAY ASSEMBLY | IPHONE 11 PRO MAX,,,,,,HD+-IP-2621,,,,,,,
HD+ DISPLAY ASSEMBLY | IPHONE 12,,,RP-385,,TECH HEAVEN,REPLACEMENT PARTS,LCD ASSEMBLY,,,Pieces,,1,,,,,,Active,New,,HD+ DISPLAY ASSEMBLY | IPHONE 12,,,,,,HD+-IP-2622,,,,,,,
HD+ DISPLAY ASSEMBLY | IPHONE 12,,,RP-385,,TECH HEAVEN,REPLACEMENT PARTS,LCD ASSEMBLY,,,Pieces,,1,,,,,,Active,New,,HD+ DISPLAY ASSEMBLY | IPHONE 12 PRO,,,,,,HD+-IP-2623,,,,,,,
HD+ DISPLAY ASSEMBLY | IPHONE 12,,,RP-385,,TECH HEAVEN,REPLACEMENT PARTS,LCD ASSEMBLY,,,Pieces,,1,,,,,,Active,New,,HD+ DISPLAY ASSEMBLY | IPHONE 12 MINI,,,,,,HD+-IP-2624,,,,,,,
HD+ DISPLAY ASSEMBLY | IPHONE 12,,,RP-385,,TECH HEAVEN,REPLACEMENT PARTS,LCD ASSEMBLY,,,Pieces,,1,,,,,,Active,New,,HD+ DISPLAY ASSEMBLY | IPHONE 12 PRO MAX,,,,,,HD+-IP-2625,,,,,,,
HD+ DISPLAY ASSEMBLY | IPHONE 13,,,RP-386,,TECH HEAVEN,REPLACEMENT PARTS,LCD ASSEMBLY,,,Pieces,,1,,,,,,Active,New,,HD+ DISPLAY ASSEMBLY | IPHONE 13,,,,,,HD+-IP-2626,,,,,,,
HD+ DISPLAY ASSEMBLY | IPHONE 13,,,RP-386,,TECH HEAVEN,REPLACEMENT PARTS,LCD ASSEMBLY,,,Pieces,,1,,,,,,Active,New,,HD+ DISPLAY ASSEMBLY | IPHONE 13 MINI,,,,,,HD+-IP-2627,,,,,,,
HD+ DISPLAY ASSEMBLY | IPHONE 13,,,RP-386,,TECH HEAVEN,REPLACEMENT PARTS,LCD ASSEMBLY,,,Pieces,,1,,,,,,Active,New,,HD+ DISPLAY ASSEMBLY | IPHONE 13 PRO ,,,,,,HD+-IP-2628,,,,,,,
HD+ DISPLAY ASSEMBLY | IPHONE 13,,,RP-386,,TECH HEAVEN,REPLACEMENT PARTS,LCD ASSEMBLY,,,Pieces,,1,,,,,,Active,New,,HD+ DISPLAY ASSEMBLY | IPHONE 13 PRO MAX,,,,,,HD+-IP-2629,,,,,,,
HD+ DISPLAY ASSEMBLY | IPHONE 14,,,RP-387,,TECH HEAVEN,REPLACEMENT PARTS,LCD ASSEMBLY,,,Pieces,,1,,,,,,Active,New,,HD+ DISPLAY ASSEMBLY | IPHONE 14,,,,,,HD+-IP-2630,,,,,,,
HD+ DISPLAY ASSEMBLY | IPHONE 14,,,RP-387,,TECH HEAVEN,REPLACEMENT PARTS,LCD ASSEMBLY,,,Pieces,,1,,,,,,Active,New,,HD+ DISPLAY ASSEMBLY | IPHONE 14 PLUS,,,,,,HD+-IP-2631,,,,,,,
HD+ DISPLAY ASSEMBLY | IPHONE 14,,,RP-387,,TECH HEAVEN,REPLACEMENT PARTS,LCD ASSEMBLY,,,Pieces,,1,,,,,,Active,New,,HD+ DISPLAY ASSEMBLY | IPHONE 14 PRO ,,,,,,HD+-IP-2632,,,,,,,
HD+ DISPLAY ASSEMBLY | IPHONE 14,,,RP-387,,TECH HEAVEN,REPLACEMENT PARTS,LCD ASSEMBLY,,,Pieces,,1,,,,,,Active,New,,HD+ DISPLAY ASSEMBLY | IPHONE 14 PRO MAX,,,,,,HD+-IP-2633,,,,,,,
HD+ DISPLAY ASSEMBLY | IPHONE 15,,,RP-388,,TECH HEAVEN,REPLACEMENT PARTS,LCD ASSEMBLY,,,Pieces,,1,,,,,,Active,New,,HD+ DISPLAY ASSEMBLY | IPHONE 15,,,,,,HD+-IP-2634,,,,,,,
HD+ DISPLAY ASSEMBLY | IPHONE 15,,,RP-388,,TECH HEAVEN,REPLACEMENT PARTS,LCD ASSEMBLY,,,Pieces,,1,,,,,,Active,New,,HD+ DISPLAY ASSEMBLY | IPHONE 15 PLUS,,,,,,HD+-IP-2635,,,,,,,
HD+ DISPLAY ASSEMBLY | IPHONE 15,,,RP-388,,TECH HEAVEN,REPLACEMENT PARTS,LCD ASSEMBLY,,,Pieces,,1,,,,,,Active,New,,HD+ DISPLAY ASSEMBLY | IPHONE 15 PRO ,,,,,,HD+-IP-2636,,,,,,,
HD+ DISPLAY ASSEMBLY | IPHONE 15,,,RP-388,,TECH HEAVEN,REPLACEMENT PARTS,LCD ASSEMBLY,,,Pieces,,1,,,,,,Active,New,,HD+ DISPLAY ASSEMBLY | IPHONE 15 PRO MAX,,,,,,HD+-IP-2637,,,,,,,
HD+ DISPLAY ASSEMBLY | IPHONE 16,,,RP-389,,TECH HEAVEN,REPLACEMENT PARTS,LCD ASSEMBLY,,,Pieces,,1,,,,,,Active,New,,HD+ DISPLAY ASSEMBLY | IPHONE 16,,,,,,HD+-IP-2638,,,,,,,
HD+ DISPLAY ASSEMBLY | IPHONE 16,,,RP-389,,TECH HEAVEN,REPLACEMENT PARTS,LCD ASSEMBLY,,,Pieces,,1,,,,,,Active,New,,HD+ DISPLAY ASSEMBLY | IPHONE 16 PLUS ,,,,,,HD+-IP-2639,,,,,,,
HD+ DISPLAY ASSEMBLY | IPHONE 16,,,RP-389,,TECH HEAVEN,REPLACEMENT PARTS,LCD ASSEMBLY,,,Pieces,,1,,,,,,Active,New,,HD+ DISPLAY ASSEMBLY | IPHONE 16 PRO MAX,,,,,,HD+-IP-2640,,,,,,,
HD+ DISPLAY ASSEMBLY | IPHONE 17,,,RP-390,,TECH HEAVEN,REPLACEMENT PARTS,LCD ASSEMBLY,,,Pieces,,1,,,,,,Active,New,,HD+ DISPLAY ASSEMBLY | IPHONE 17 ,,,,,,HD+-IP-2641,,,,,,,
HD+ DISPLAY ASSEMBLY | IPHONE 17,,,RP-390,,TECH HEAVEN,REPLACEMENT PARTS,LCD ASSEMBLY,,,Pieces,,1,,,,,,Active,New,,HD+ DISPLAY ASSEMBLY | IPHONE 17 AIR ,,,,,,HD+-IP-2642,,,,,,,
HD+ DISPLAY ASSEMBLY | IPHONE 17,,,RP-390,,TECH HEAVEN,REPLACEMENT PARTS,LCD ASSEMBLY,,,Pieces,,1,,,,,,Active,New,,HD+ DISPLAY ASSEMBLY | IPHONE 17 PRO ,,,,,,HD+-IP-2643,,,,,,,
HD+ DISPLAY ASSEMBLY | IPHONE 17,,,RP-390,,TECH HEAVEN,REPLACEMENT PARTS,LCD ASSEMBLY,,,Pieces,,1,,,,,,Active,New,,HD+ DISPLAY ASSEMBLY | IPHONE 17 PRO MAX,,,,,,HD+-IP-2644,,,,,,,
HD+ DISPLAY ASSEMBLY | IPHONE 7,,,RP-391,,TECH HEAVEN,REPLACEMENT PARTS,LCD ASSEMBLY,,,Pieces,,1,,,,,,Active,New,,HD+ DISPLAY ASSEMBLY | IPHONE 7,,,,,,HD+-IP-2645,,,,,,,
HD+ DISPLAY ASSEMBLY | IPHONE 7,,,RP-391,,TECH HEAVEN,REPLACEMENT PARTS,LCD ASSEMBLY,,,Pieces,,1,,,,,,Active,New,,HD+ DISPLAY ASSEMBLY | IPHONE 7 PLUS,,,,,,HD+-IP-2646,,,,,,,
HD+ DISPLAY ASSEMBLY | IPHONE 8,,,RP-392,,TECH HEAVEN,REPLACEMENT PARTS,LCD ASSEMBLY,,,Pieces,,1,,,,,,Active,New,,HD+ DISPLAY ASSEMBLY | IPHONE 8,,,,,,HD+-IP-2647,,,,,,,
HD+ DISPLAY ASSEMBLY | IPHONE 8,,,RP-392,,TECH HEAVEN,REPLACEMENT PARTS,LCD ASSEMBLY,,,Pieces,,1,,,,,,Active,New,,HD+ DISPLAY ASSEMBLY | IPHONE 8 PLUS,,,,,,HD+-IP-2648,,,,,,,
HD+ DISPLAY ASSEMBLY | IPHONE SE,,,RP-393,,TECH HEAVEN,REPLACEMENT PARTS,LCD ASSEMBLY,,,Pieces,,1,,,,,,Active,New,,HD+ DISPLAY ASSEMBLY | IPHONE SE 2020,,,,,,HD+-IP-2649,,,,,,,
HD+ DISPLAY ASSEMBLY | IPHONE X,,,RP-394,,TECH HEAVEN,REPLACEMENT PARTS,LCD ASSEMBLY,,,Pieces,,1,,,,,,Active,New,,HD+ DISPLAY ASSEMBLY | IPHONE X,,,,,,HD+-IP-2650,,,,,,,
HD+ DISPLAY ASSEMBLY | IPHONE X,,,RP-394,,TECH HEAVEN,REPLACEMENT PARTS,LCD ASSEMBLY,,,Pieces,,1,,,,,,Active,New,,HD+ DISPLAY ASSEMBLY | IPHONE XR,,,,,,HD+-IP-2651,,,,,,,
HD+ DISPLAY ASSEMBLY | IPHONE X,,,RP-394,,TECH HEAVEN,REPLACEMENT PARTS,LCD ASSEMBLY,,,Pieces,,1,,,,,,Active,New,,HD+ DISPLAY ASSEMBLY | IPHONE XS,,,,,,HD+-IP-2652,,,,,,,
HD+ DISPLAY ASSEMBLY | IPHONE X,,,RP-394,,TECH HEAVEN,REPLACEMENT PARTS,LCD ASSEMBLY,,,Pieces,,1,,,,,,Active,New,,HD+ DISPLAY ASSEMBLY | IPHONE XS MAX,,,,,,HD+-IP-2653,,,,,,,
IPHONE APROXIMITY SENSOR FLEX PART,,,RP-395,,TECH HEAVEN,REPLACEMENT PARTS,APROXIMITY SENSOR FLEX ,,,Pieces,,1,,,,,,Active,New,,APROXIMITY FLEX | IPHONE 13 ,,,,,,ASFP-IP-2654,,,,,,,
IPHONE APROXIMITY SENSOR FLEX PART,,,RP-395,,TECH HEAVEN,REPLACEMENT PARTS,APROXIMITY SENSOR FLEX ,,,Pieces,,1,,,,,,Active,New,,APROXIMITY FLEX | IPHONE 13 MINI,,,,,,ASFP-IP-2655,,,,,,,
IPHONE APROXIMITY SENSOR FLEX PART,,,RP-395,,TECH HEAVEN,REPLACEMENT PARTS,APROXIMITY SENSOR FLEX ,,,Pieces,,1,,,,,,Active,New,,APROXIMITY FLEX | IPHONE 13 PRO,,,,,,ASFP-IP-2656,,,,,,,
IPHONE APROXIMITY SENSOR FLEX PART,,,RP-395,,TECH HEAVEN,REPLACEMENT PARTS,APROXIMITY SENSOR FLEX ,,,Pieces,,1,,,,,,Active,New,,APROXIMITY FLEX | IPHONE 13 PRO MAX,,,,,,ASFP-IP-2657,,,,,,,
IPHONE APROXIMITY SENSOR FLEX PART,,,RP-395,,TECH HEAVEN,REPLACEMENT PARTS,APROXIMITY SENSOR FLEX ,,,Pieces,,1,,,,,,Active,New,,APROXIMITY FLEX | IPHONE 14 ,,,,,,ASFP-IP-2658,,,,,,,
IPHONE APROXIMITY SENSOR FLEX PART,,,RP-395,,TECH HEAVEN,REPLACEMENT PARTS,APROXIMITY SENSOR FLEX ,,,Pieces,,1,,,,,,Active,New,,APROXIMITY FLEX | IPHONE 14 PLUS,,,,,,ASFP-IP-2659,,,,,,,
IPHONE APROXIMITY SENSOR FLEX PART,,,RP-395,,TECH HEAVEN,REPLACEMENT PARTS,APROXIMITY SENSOR FLEX ,,,Pieces,,1,,,,,,Active,New,,APROXIMITY FLEX | IPHONE 14 PRO ,,,,,,ASFP-IP-2660,,,,,,,
IPHONE APROXIMITY SENSOR FLEX PART,,,RP-395,,TECH HEAVEN,REPLACEMENT PARTS,APROXIMITY SENSOR FLEX ,,,Pieces,,1,,,,,,Active,New,,APROXIMITY FLEX | IPHONE 14 PRO MAX ,,,,,,ASFP-IP-2661,,,,,,,
IPHONE APROXIMITY SENSOR FLEX PART,,,RP-395,,TECH HEAVEN,REPLACEMENT PARTS,APROXIMITY SENSOR FLEX ,,,Pieces,,1,,,,,,Active,New,,APROXIMITY FLEX | IPHONE 15,,,,,,ASFP-IP-2662,,,,,,,
IPHONE APROXIMITY SENSOR FLEX PART,,,RP-395,,TECH HEAVEN,REPLACEMENT PARTS,APROXIMITY SENSOR FLEX ,,,Pieces,,1,,,,,,Active,New,,APROXIMITY FLEX | IPHONE 15 PLUS,,,,,,ASFP-IP-2663,,,,,,,
IPHONE APROXIMITY SENSOR FLEX PART,,,RP-395,,TECH HEAVEN,REPLACEMENT PARTS,APROXIMITY SENSOR FLEX ,,,Pieces,,1,,,,,,Active,New,,APROXIMITY FLEX | IPHONE 15 PRO ,,,,,,ASFP-IP-2664,,,,,,,
IPHONE APROXIMITY SENSOR FLEX PART,,,RP-395,,TECH HEAVEN,REPLACEMENT PARTS,APROXIMITY SENSOR FLEX ,,,Pieces,,1,,,,,,Active,New,,APROXIMITY FLEX | IPHONE 15 PRO MAX ,,,,,,ASFP-IP-2665,,,,,,,
IPHONE APROXIMITY SENSOR FLEX PART,,,RP-395,,TECH HEAVEN,REPLACEMENT PARTS,APROXIMITY SENSOR FLEX ,,,Pieces,,1,,,,,,Active,New,,APROXIMITY FLEX | IPHONE 16 ,,,,,,ASFP-IP-2666,,,,,,,
IPHONE APROXIMITY SENSOR FLEX PART,,,RP-395,,TECH HEAVEN,REPLACEMENT PARTS,APROXIMITY SENSOR FLEX ,,,Pieces,,1,,,,,,Active,New,,APROXIMITY FLEX | IPHONE 16 PLUS ,,,,,,ASFP-IP-2667,,,,,,,
IPHONE APROXIMITY SENSOR FLEX PART,,,RP-395,,TECH HEAVEN,REPLACEMENT PARTS,APROXIMITY SENSOR FLEX ,,,Pieces,,1,,,,,,Active,New,,APROXIMITY FLEX | IPHONE 16 PRO ,,,,,,ASFP-IP-2668,,,,,,,
IPHONE APROXIMITY SENSOR FLEX PART,,,RP-395,,TECH HEAVEN,REPLACEMENT PARTS,APROXIMITY SENSOR FLEX ,,,Pieces,,1,,,,,,Active,New,,APROXIMITY FLEX | IPHONE 16 PRO MAX ,,,,,,ASFP-IP-2669,,,,,,,
IPHONE APROXIMITY SENSOR FLEX WITH EARSPEAKER PART,,,RP-396,,TECH HEAVEN,REPLACEMENT PARTS,APROXIMITY SENSOR FLEX ,Speaker,,Pieces,,1,,,,,,Active,New,,APROXIMITY FLEX SPEAKER | IPHONE 11,,,,,,ASFP-IP-2670,,,,,,,
IPHONE APROXIMITY SENSOR FLEX WITH EARSPEAKER PART,,,RP-396,,TECH HEAVEN,REPLACEMENT PARTS,APROXIMITY SENSOR FLEX ,Speaker,,Pieces,,1,,,,,,Active,New,,APROXIMITY FLEX SPEAKER | IPHONE 11 PRO ,,,,,,ASFP-IP-2671,,,,,,,
IPHONE APROXIMITY SENSOR FLEX WITH EARSPEAKER PART,,,RP-396,,TECH HEAVEN,REPLACEMENT PARTS,APROXIMITY SENSOR FLEX ,Speaker,,Pieces,,1,,,,,,Active,New,,APROXIMITY FLEX SPEAKER | IPHONE 11 PRO MAX,,,,,,ASFP-IP-2672,,,,,,,
IPHONE APROXIMITY SENSOR FLEX WITH EARSPEAKER PART,,,RP-396,,TECH HEAVEN,REPLACEMENT PARTS,APROXIMITY SENSOR FLEX ,Speaker,,Pieces,,1,,,,,,Active,New,,APROXIMITY FLEX SPEAKER | IPHONE 12 / 12 PRO,,,,,,ASFP-IP-2673,,,,,,,
IPHONE APROXIMITY SENSOR FLEX WITH EARSPEAKER PART,,,RP-396,,TECH HEAVEN,REPLACEMENT PARTS,APROXIMITY SENSOR FLEX ,Speaker,,Pieces,,1,,,,,,Active,New,,APROXIMITY FLEX SPEAKER | IPHONE 12 MINI ,,,,,,ASFP-IP-2674,,,,,,,
IPHONE APROXIMITY SENSOR FLEX WITH EARSPEAKER PART,,,RP-396,,TECH HEAVEN,REPLACEMENT PARTS,APROXIMITY SENSOR FLEX ,Speaker,,Pieces,,1,,,,,,Active,New,,APROXIMITY FLEX SPEAKER | IPHONE 12 PRO,,,,,,ASFP-IP-2675,,,,,,,
IPHONE APROXIMITY SENSOR FLEX WITH EARSPEAKER PART,,,RP-396,,TECH HEAVEN,REPLACEMENT PARTS,APROXIMITY SENSOR FLEX ,Speaker,,Pieces,,1,,,,,,Active,New,,APROXIMITY FLEX SPEAKER | IPHONE 12 PRO MAX,,,,,,ASFP-IP-2676,,,,,,,
IPHONE APROXIMITY SENSOR FLEX WITH EARSPEAKER PART,,,RP-396,,TECH HEAVEN,REPLACEMENT PARTS,APROXIMITY SENSOR FLEX ,Speaker,,Pieces,,1,,,,,,Active,New,,APROXIMITY FLEX SPEAKER | IPHONE X,,,,,,ASFP-IP-2677,,,,,,,
IPHONE APROXIMITY SENSOR FLEX WITH EARSPEAKER PART,,,RP-396,,TECH HEAVEN,REPLACEMENT PARTS,APROXIMITY SENSOR FLEX ,Speaker,,Pieces,,1,,,,,,Active,New,,APROXIMITY FLEX SPEAKER | IPHONE XR ,,,,,,ASFP-IP-2678,,,,,,,
IPHONE APROXIMITY SENSOR FLEX WITH EARSPEAKER PART,,,RP-396,,TECH HEAVEN,REPLACEMENT PARTS,APROXIMITY SENSOR FLEX ,Speaker,,Pieces,,1,,,,,,Active,New,,APROXIMITY FLEX SPEAKER | IPHONE XS ,,,,,,ASFP-IP-2679,,,,,,,
IPHONE APROXIMITY SENSOR FLEX WITH EARSPEAKER PART,,,RP-396,,TECH HEAVEN,REPLACEMENT PARTS,APROXIMITY SENSOR FLEX ,Speaker,,Pieces,,1,,,,,,Active,New,,APROXIMITY FLEX SPEAKER | IPHONE XS MAX,,,,,,ASFP-IP-2680,,,,,,,
IPHONE BACK CAMERA LENS PART,,,RP-397,,TECH HEAVEN,REPLACEMENT PARTS,BACK CAMERA LENS PART,,,Pieces,,1,,,,,,Active,New,,BACK CAMERA LENS | IPHONE 11,,,,,,BCLP-IP-2681,,,,,,,
IPHONE BACK CAMERA LENS PART,,,RP-397,,TECH HEAVEN,REPLACEMENT PARTS,BACK CAMERA LENS PART,,,Pieces,,1,,,,,,Active,New,,BACK CAMERA LENS | IPHONE 11 PRO ,,,,,,BCLP-IP-2682,,,,,,,
IPHONE BACK CAMERA LENS PART,,,RP-397,,TECH HEAVEN,REPLACEMENT PARTS,BACK CAMERA LENS PART,,,Pieces,,1,,,,,,Active,New,,BACK CAMERA LENS | IPHONE 11 PRO MAX,,,,,,BCLP-IP-2683,,,,,,,
IPHONE BACK CAMERA LENS PART,,,RP-397,,TECH HEAVEN,REPLACEMENT PARTS,BACK CAMERA LENS PART,,,Pieces,,1,,,,,,Active,New,,BACK CAMERA LENS | IPHONE 12 / 12 PRO,,,,,,BCLP-IP-2684,,,,,,,
IPHONE BACK CAMERA LENS PART,,,RP-397,,TECH HEAVEN,REPLACEMENT PARTS,BACK CAMERA LENS PART,,,Pieces,,1,,,,,,Active,New,,BACK CAMERA LENS | IPHONE 12 MINI ,,,,,,BCLP-IP-2685,,,,,,,
IPHONE BACK CAMERA LENS PART,,,RP-397,,TECH HEAVEN,REPLACEMENT PARTS,BACK CAMERA LENS PART,,,Pieces,,1,,,,,,Active,New,,BACK CAMERA LENS | IPHONE 12 PRO,,,,,,BCLP-IP-2686,,,,,,,
IPHONE BACK CAMERA LENS PART,,,RP-397,,TECH HEAVEN,REPLACEMENT PARTS,BACK CAMERA LENS PART,,,Pieces,,1,,,,,,Active,New,,BACK CAMERA LENS | IPHONE 12 PRO MAX,,,,,,BCLP-IP-2687,,,,,,,
IPHONE BACK CAMERA LENS PART,,,RP-397,,TECH HEAVEN,REPLACEMENT PARTS,BACK CAMERA LENS PART,,,Pieces,,1,,,,,,Active,New,,BACK CAMERA LENS | IPHONE 13 ,,,,,,BCLP-IP-2688,,,,,,,
IPHONE BACK CAMERA LENS PART,,,RP-397,,TECH HEAVEN,REPLACEMENT PARTS,BACK CAMERA LENS PART,,,Pieces,,1,,,,,,Active,New,,BACK CAMERA LENS | IPHONE 13 MINI,,,,,,BCLP-IP-2689,,,,,,,
IPHONE BACK CAMERA LENS PART,,,RP-397,,TECH HEAVEN,REPLACEMENT PARTS,BACK CAMERA LENS PART,,,Pieces,,1,,,,,,Active,New,,BACK CAMERA LENS | IPHONE 13 PRO,,,,,,BCLP-IP-2690,,,,,,,
IPHONE BACK CAMERA LENS PART,,,RP-397,,TECH HEAVEN,REPLACEMENT PARTS,BACK CAMERA LENS PART,,,Pieces,,1,,,,,,Active,New,,BACK CAMERA LENS | IPHONE 13 PRO MAX,,,,,,BCLP-IP-2691,,,,,,,
IPHONE BACK CAMERA LENS PART,,,RP-397,,TECH HEAVEN,REPLACEMENT PARTS,BACK CAMERA LENS PART,,,Pieces,,1,,,,,,Active,New,,BACK CAMERA LENS | IPHONE 14 ,,,,,,BCLP-IP-2692,,,,,,,
IPHONE BACK CAMERA LENS PART,,,RP-397,,TECH HEAVEN,REPLACEMENT PARTS,BACK CAMERA LENS PART,,,Pieces,,1,,,,,,Active,New,,BACK CAMERA LENS | IPHONE 14 PLUS,,,,,,BCLP-IP-2693,,,,,,,
IPHONE BACK CAMERA LENS PART,,,RP-397,,TECH HEAVEN,REPLACEMENT PARTS,BACK CAMERA LENS PART,,,Pieces,,1,,,,,,Active,New,,BACK CAMERA LENS | IPHONE 14 PRO ,,,,,,BCLP-IP-2694,,,,,,,
IPHONE BACK CAMERA LENS PART,,,RP-397,,TECH HEAVEN,REPLACEMENT PARTS,BACK CAMERA LENS PART,,,Pieces,,1,,,,,,Active,New,,BACK CAMERA LENS | IPHONE 14 PRO MAX ,,,,,,BCLP-IP-2695,,,,,,,
IPHONE BACK CAMERA LENS PART,,,RP-397,,TECH HEAVEN,REPLACEMENT PARTS,BACK CAMERA LENS PART,,,Pieces,,1,,,,,,Active,New,,BACK CAMERA LENS | IPHONE 15,,,,,,BCLP-IP-2696,,,,,,,
IPHONE BACK CAMERA LENS PART,,,RP-397,,TECH HEAVEN,REPLACEMENT PARTS,BACK CAMERA LENS PART,,,Pieces,,1,,,,,,Active,New,,BACK CAMERA LENS | IPHONE 15 PLUS,,,,,,BCLP-IP-2697,,,,,,,
IPHONE BACK CAMERA LENS PART,,,RP-397,,TECH HEAVEN,REPLACEMENT PARTS,BACK CAMERA LENS PART,,,Pieces,,1,,,,,,Active,New,,BACK CAMERA LENS | IPHONE 15 PRO ,,,,,,BCLP-IP-2698,,,,,,,
IPHONE BACK CAMERA LENS PART,,,RP-397,,TECH HEAVEN,REPLACEMENT PARTS,BACK CAMERA LENS PART,,,Pieces,,1,,,,,,Active,New,,BACK CAMERA LENS | IPHONE 15 PRO MAX ,,,,,,BCLP-IP-2699,,,,,,,
IPHONE BACK CAMERA LENS PART,,,RP-397,,TECH HEAVEN,REPLACEMENT PARTS,BACK CAMERA LENS PART,,,Pieces,,1,,,,,,Active,New,,BACK CAMERA LENS | IPHONE 16 ,,,,,,BCLP-IP-2700,,,,,,,
IPHONE BACK CAMERA LENS PART,,,RP-397,,TECH HEAVEN,REPLACEMENT PARTS,BACK CAMERA LENS PART,,,Pieces,,1,,,,,,Active,New,,BACK CAMERA LENS | IPHONE 16 PLUS ,,,,,,BCLP-IP-2701,,,,,,,
IPHONE BACK CAMERA LENS PART,,,RP-397,,TECH HEAVEN,REPLACEMENT PARTS,BACK CAMERA LENS PART,,,Pieces,,1,,,,,,Active,New,,BACK CAMERA LENS | IPHONE 16 PRO ,,,,,,BCLP-IP-2702,,,,,,,
IPHONE BACK CAMERA LENS PART,,,RP-397,,TECH HEAVEN,REPLACEMENT PARTS,BACK CAMERA LENS PART,,,Pieces,,1,,,,,,Active,New,,BACK CAMERA LENS | IPHONE 16 PRO MAX ,,,,,,BCLP-IP-2703,,,,,,,
IPHONE BACK CAMERA LENS PART,,,RP-397,,TECH HEAVEN,REPLACEMENT PARTS,BACK CAMERA LENS PART,,,Pieces,,1,,,,,,Active,New,,BACK CAMERA LENS | IPHONE 7,,,,,,BCLP-IP-2704,,,,,,,
IPHONE BACK CAMERA LENS PART,,,RP-397,,TECH HEAVEN,REPLACEMENT PARTS,BACK CAMERA LENS PART,,,Pieces,,1,,,,,,Active,New,,BACK CAMERA LENS | IPHONE 7 PLUS,,,,,,BCLP-IP-2705,,,,,,,
IPHONE BACK CAMERA LENS PART,,,RP-397,,TECH HEAVEN,REPLACEMENT PARTS,BACK CAMERA LENS PART,,,Pieces,,1,,,,,,Active,New,,BACK CAMERA LENS | IPHONE 8 ,,,,,,BCLP-IP-2706,,,,,,,
IPHONE BACK CAMERA LENS PART,,,RP-397,,TECH HEAVEN,REPLACEMENT PARTS,BACK CAMERA LENS PART,,,Pieces,,1,,,,,,Active,New,,BACK CAMERA LENS | IPHONE 8 PLUS,,,,,,BCLP-IP-2707,,,,,,,
IPHONE BACK CAMERA LENS PART,,,RP-397,,TECH HEAVEN,REPLACEMENT PARTS,BACK CAMERA LENS PART,,,Pieces,,1,,,,,,Active,New,,BACK CAMERA LENS | IPHONE X,,,,,,BCLP-IP-2708,,,,,,,
IPHONE BACK CAMERA LENS PART,,,RP-397,,TECH HEAVEN,REPLACEMENT PARTS,BACK CAMERA LENS PART,,,Pieces,,1,,,,,,Active,New,,BACK CAMERA LENS | IPHONE XR ,,,,,,BCLP-IP-2709,,,,,,,
IPHONE BACK CAMERA LENS PART,,,RP-397,,TECH HEAVEN,REPLACEMENT PARTS,BACK CAMERA LENS PART,,,Pieces,,1,,,,,,Active,New,,BACK CAMERA LENS | IPHONE XS ,,,,,,BCLP-IP-2710,,,,,,,
IPHONE BACK CAMERA LENS PART,,,RP-397,,TECH HEAVEN,REPLACEMENT PARTS,BACK CAMERA LENS PART,,,Pieces,,1,,,,,,Active,New,,BACK CAMERA LENS | IPHONE XS MAX,,,,,,BCLP-IP-2711,,,,,,,
IPHONE BACK CAMERA PART,,,RP-398,,TECH HEAVEN,REPLACEMENT PARTS,Camera,Back Camera,,Pieces,,1,,,,,,Active,New,,BACK CAMERA PART | IPHONE 11,,,,,,BCP-IP-2712,,,,,,,
IPHONE BACK CAMERA PART,,,RP-398,,TECH HEAVEN,REPLACEMENT PARTS,Camera,Back Camera,,Pieces,,1,,,,,,Active,New,,BACK CAMERA PART | IPHONE 11 PRO ,,,,,,BCP-IP-2713,,,,,,,
IPHONE BACK CAMERA PART,,,RP-398,,TECH HEAVEN,REPLACEMENT PARTS,Camera,Back Camera,,Pieces,,1,,,,,,Active,New,,BACK CAMERA PART | IPHONE 11 PRO MAX,,,,,,BCP-IP-2714,,,,,,,
IPHONE BACK CAMERA PART,,,RP-398,,TECH HEAVEN,REPLACEMENT PARTS,Camera,Back Camera,,Pieces,,1,,,,,,Active,New,,BACK CAMERA PART | IPHONE 12 / 12 PRO,,,,,,BCP-IP-2715,,,,,,,
IPHONE BACK CAMERA PART,,,RP-398,,TECH HEAVEN,REPLACEMENT PARTS,Camera,Back Camera,,Pieces,,1,,,,,,Active,New,,BACK CAMERA PART | IPHONE 12 MINI ,,,,,,BCP-IP-2716,,,,,,,
IPHONE BACK CAMERA PART,,,RP-398,,TECH HEAVEN,REPLACEMENT PARTS,Camera,Back Camera,,Pieces,,1,,,,,,Active,New,,BACK CAMERA PART | IPHONE 12 PRO,,,,,,BCP-IP-2717,,,,,,,
IPHONE BACK CAMERA PART,,,RP-398,,TECH HEAVEN,REPLACEMENT PARTS,Camera,Back Camera,,Pieces,,1,,,,,,Active,New,,BACK CAMERA PART | IPHONE 12 PRO MAX,,,,,,BCP-IP-2718,,,,,,,
IPHONE BACK CAMERA PART,,,RP-398,,TECH HEAVEN,REPLACEMENT PARTS,Camera,Back Camera,,Pieces,,1,,,,,,Active,New,,BACK CAMERA PART | IPHONE 13 ,,,,,,BCP-IP-2719,,,,,,,
IPHONE BACK CAMERA PART,,,RP-398,,TECH HEAVEN,REPLACEMENT PARTS,Camera,Back Camera,,Pieces,,1,,,,,,Active,New,,BACK CAMERA PART | IPHONE 13 MINI,,,,,,BCP-IP-2720,,,,,,,
IPHONE BACK CAMERA PART,,,RP-398,,TECH HEAVEN,REPLACEMENT PARTS,Camera,Back Camera,,Pieces,,1,,,,,,Active,New,,BACK CAMERA PART | IPHONE 13 PRO,,,,,,BCP-IP-2721,,,,,,,
IPHONE BACK CAMERA PART,,,RP-398,,TECH HEAVEN,REPLACEMENT PARTS,Camera,Back Camera,,Pieces,,1,,,,,,Active,New,,BACK CAMERA PART | IPHONE 13 PRO MAX,,,,,,BCP-IP-2722,,,,,,,
IPHONE BACK CAMERA PART,,,RP-398,,TECH HEAVEN,REPLACEMENT PARTS,Camera,Back Camera,,Pieces,,1,,,,,,Active,New,,BACK CAMERA PART | IPHONE 14 ,,,,,,BCP-IP-2723,,,,,,,
IPHONE BACK CAMERA PART,,,RP-398,,TECH HEAVEN,REPLACEMENT PARTS,Camera,Back Camera,,Pieces,,1,,,,,,Active,New,,BACK CAMERA PART | IPHONE 14 PLUS,,,,,,BCP-IP-2724,,,,,,,
IPHONE BACK CAMERA PART,,,RP-398,,TECH HEAVEN,REPLACEMENT PARTS,Camera,Back Camera,,Pieces,,1,,,,,,Active,New,,BACK CAMERA PART | IPHONE 14 PRO ,,,,,,BCP-IP-2725,,,,,,,
IPHONE BACK CAMERA PART,,,RP-398,,TECH HEAVEN,REPLACEMENT PARTS,Camera,Back Camera,,Pieces,,1,,,,,,Active,New,,BACK CAMERA PART | IPHONE 14 PRO MAX ,,,,,,BCP-IP-2726,,,,,,,
IPHONE BACK CAMERA PART,,,RP-398,,TECH HEAVEN,REPLACEMENT PARTS,Camera,Back Camera,,Pieces,,1,,,,,,Active,New,,BACK CAMERA PART | IPHONE 15,,,,,,BCP-IP-2727,,,,,,,
IPHONE BACK CAMERA PART,,,RP-398,,TECH HEAVEN,REPLACEMENT PARTS,Camera,Back Camera,,Pieces,,1,,,,,,Active,New,,BACK CAMERA PART | IPHONE 15 PLUS,,,,,,BCP-IP-2728,,,,,,,
IPHONE BACK CAMERA PART,,,RP-398,,TECH HEAVEN,REPLACEMENT PARTS,Camera,Back Camera,,Pieces,,1,,,,,,Active,New,,BACK CAMERA PART | IPHONE 15 PRO ,,,,,,BCP-IP-2729,,,,,,,
IPHONE BACK CAMERA PART,,,RP-398,,TECH HEAVEN,REPLACEMENT PARTS,Camera,Back Camera,,Pieces,,1,,,,,,Active,New,,BACK CAMERA PART | IPHONE 15 PRO MAX ,,,,,,BCP-IP-2730,,,,,,,
IPHONE BACK CAMERA PART,,,RP-398,,TECH HEAVEN,REPLACEMENT PARTS,Camera,Back Camera,,Pieces,,1,,,,,,Active,New,,BACK CAMERA PART | IPHONE 16 ,,,,,,BCP-IP-2731,,,,,,,
IPHONE BACK CAMERA PART,,,RP-398,,TECH HEAVEN,REPLACEMENT PARTS,Camera,Back Camera,,Pieces,,1,,,,,,Active,New,,BACK CAMERA PART | IPHONE 16 PLUS ,,,,,,BCP-IP-2732,,,,,,,
IPHONE BACK CAMERA PART,,,RP-398,,TECH HEAVEN,REPLACEMENT PARTS,Camera,Back Camera,,Pieces,,1,,,,,,Active,New,,BACK CAMERA PART | IPHONE 16 PRO ,,,,,,BCP-IP-2733,,,,,,,
IPHONE BACK CAMERA PART,,,RP-398,,TECH HEAVEN,REPLACEMENT PARTS,Camera,Back Camera,,Pieces,,1,,,,,,Active,New,,BACK CAMERA PART | IPHONE 16 PRO MAX ,,,,,,BCP-IP-2734,,,,,,,
IPHONE BACK CAMERA PART,,,RP-398,,TECH HEAVEN,REPLACEMENT PARTS,Camera,Back Camera,,Pieces,,1,,,,,,Active,New,,BACK CAMERA PART | IPHONE 7,,,,,,BCP-IP-2735,,,,,,,
IPHONE BACK CAMERA PART,,,RP-398,,TECH HEAVEN,REPLACEMENT PARTS,Camera,Back Camera,,Pieces,,1,,,,,,Active,New,,BACK CAMERA PART | IPHONE 7 PLUS,,,,,,BCP-IP-2736,,,,,,,
IPHONE BACK CAMERA PART,,,RP-398,,TECH HEAVEN,REPLACEMENT PARTS,Camera,Back Camera,,Pieces,,1,,,,,,Active,New,,BACK CAMERA PART | IPHONE 8 ,,,,,,BCP-IP-2737,,,,,,,
IPHONE BACK CAMERA PART,,,RP-398,,TECH HEAVEN,REPLACEMENT PARTS,Camera,Back Camera,,Pieces,,1,,,,,,Active,New,,BACK CAMERA PART | IPHONE 8 PLUS,,,,,,BCP-IP-2738,,,,,,,
IPHONE BACK CAMERA PART,,,RP-398,,TECH HEAVEN,REPLACEMENT PARTS,Camera,Back Camera,,Pieces,,1,,,,,,Active,New,,BACK CAMERA PART | IPHONE X,,,,,,BCP-IP-2739,,,,,,,
IPHONE BACK CAMERA PART,,,RP-398,,TECH HEAVEN,REPLACEMENT PARTS,Camera,Back Camera,,Pieces,,1,,,,,,Active,New,,BACK CAMERA PART | IPHONE XR ,,,,,,BCP-IP-2740,,,,,,,
IPHONE BACK CAMERA PART,,,RP-398,,TECH HEAVEN,REPLACEMENT PARTS,Camera,Back Camera,,Pieces,,1,,,,,,Active,New,,BACK CAMERA PART | IPHONE XS ,,,,,,BCP-IP-2741,,,,,,,
IPHONE BACK CAMERA PART,,,RP-398,,TECH HEAVEN,REPLACEMENT PARTS,Camera,Back Camera,,Pieces,,1,,,,,,Active,New,,BACK CAMERA PART | IPHONE XS MAX,,,,,,BCP-IP-2742,,,,,,,
IPHONE BACK GLASS BIG HOLE PART | IPHONE 11,,,RP-399,,TECH HEAVEN,REPLACEMENT PARTS,BACK GLASS BIG HOLE,,,Pieces,,1,,,,,,Active,New,,BACK GLASS BH | IPHONE 11,,,,,,BGBH-IP-2743,,,,,,,
IPHONE BACK GLASS BIG HOLE PART | IPHONE 11,,,RP-399,,TECH HEAVEN,REPLACEMENT PARTS,BACK GLASS BIG HOLE,,,Pieces,,1,,,,,,Active,New,,BACK GLASS BH | IPHONE 11 PRO ,,,,,,BGBH-IP-2744,,,,,,,
IPHONE BACK GLASS BIG HOLE PART | IPHONE 11,,,RP-399,,TECH HEAVEN,REPLACEMENT PARTS,BACK GLASS BIG HOLE,,,Pieces,,1,,,,,,Active,New,,BACK GLASS BH | IPHONE 11 PRO MAX,,,,,,BGBH-IP-2745,,,,,,,
IPHONE BACK GLASS BIG HOLE PART | IPHONE 12,,,RP-400,,TECH HEAVEN,REPLACEMENT PARTS,BACK GLASS BIG HOLE,,,Pieces,,1,,,,,,Active,New,,BACK GLASS BH | IPHONE 12 / 12 PRO,,,,,,BGBH-IP-2746,,,,,,,
IPHONE BACK GLASS BIG HOLE PART | IPHONE 12,,,RP-400,,TECH HEAVEN,REPLACEMENT PARTS,BACK GLASS BIG HOLE,,,Pieces,,1,,,,,,Active,New,,BACK GLASS BH | IPHONE 12 MINI ,,,,,,BGBH-IP-2747,,,,,,,
IPHONE BACK GLASS BIG HOLE PART | IPHONE 12,,,RP-400,,TECH HEAVEN,REPLACEMENT PARTS,BACK GLASS BIG HOLE,,,Pieces,,1,,,,,,Active,New,,BACK GLASS BH | IPHONE 12 PRO,,,,,,BGBH-IP-2748,,,,,,,
IPHONE BACK GLASS BIG HOLE PART | IPHONE 12,,,RP-400,,TECH HEAVEN,REPLACEMENT PARTS,BACK GLASS BIG HOLE,,,Pieces,,1,,,,,,Active,New,,BACK GLASS BH | IPHONE 12 PRO MAX,,,,,,BGBH-IP-2749,,,,,,,
IPHONE BACK GLASS BIG HOLE PART | IPHONE 13,,,RP-401,,TECH HEAVEN,REPLACEMENT PARTS,BACK GLASS BIG HOLE,,,Pieces,,1,,,,,,Active,New,,BACK GLASS BH | IPHONE 13 ,,,,,,BGBH-IP-2750,,,,,,,
IPHONE BACK GLASS BIG HOLE PART | IPHONE 13,,,RP-401,,TECH HEAVEN,REPLACEMENT PARTS,BACK GLASS BIG HOLE,,,Pieces,,1,,,,,,Active,New,,BACK GLASS BH | IPHONE 13 MINI,,,,,,BGBH-IP-2751,,,,,,,
IPHONE BACK GLASS BIG HOLE PART | IPHONE 13,,,RP-401,,TECH HEAVEN,REPLACEMENT PARTS,BACK GLASS BIG HOLE,,,Pieces,,1,,,,,,Active,New,,BACK GLASS BH | IPHONE 13 PRO,,,,,,BGBH-IP-2752,,,,,,,
IPHONE BACK GLASS BIG HOLE PART | IPHONE 13,,,RP-401,,TECH HEAVEN,REPLACEMENT PARTS,BACK GLASS BIG HOLE,,,Pieces,,1,,,,,,Active,New,,BACK GLASS BH | IPHONE 13 PRO MAX,,,,,,BGBH-IP-2753,,,,,,,
IPHONE BACK GLASS BIG HOLE PART | IPHONE 14,,,RP-402,,TECH HEAVEN,REPLACEMENT PARTS,BACK GLASS BIG HOLE,,,Pieces,,1,,,,,,Active,New,,BACK GLASS BH | IPHONE 14 ,,,,,,BGBH-IP-2754,,,,,,,
IPHONE BACK GLASS BIG HOLE PART | IPHONE 14,,,RP-402,,TECH HEAVEN,REPLACEMENT PARTS,BACK GLASS BIG HOLE,,,Pieces,,1,,,,,,Active,New,,BACK GLASS BH | IPHONE 14 PLUS,,,,,,BGBH-IP-2755,,,,,,,
IPHONE BACK GLASS BIG HOLE PART | IPHONE 14,,,RP-402,,TECH HEAVEN,REPLACEMENT PARTS,BACK GLASS BIG HOLE,,,Pieces,,1,,,,,,Active,New,,BACK GLASS BH | IPHONE 14 PRO ,,,,,,BGBH-IP-2756,,,,,,,
IPHONE BACK GLASS BIG HOLE PART | IPHONE 14,,,RP-402,,TECH HEAVEN,REPLACEMENT PARTS,BACK GLASS BIG HOLE,,,Pieces,,1,,,,,,Active,New,,BACK GLASS BH | IPHONE 14 PRO MAX ,,,,,,BGBH-IP-2757,,,,,,,
IPHONE BACK GLASS BIG HOLE PART | IPHONE 15,,,RP-403,,TECH HEAVEN,REPLACEMENT PARTS,BACK GLASS BIG HOLE,,,Pieces,,1,,,,,,Active,New,,BACK GLASS BH | IPHONE 15,,,,,,BGBH-IP-2758,,,,,,,
IPHONE BACK GLASS BIG HOLE PART | IPHONE 15,,,RP-403,,TECH HEAVEN,REPLACEMENT PARTS,BACK GLASS BIG HOLE,,,Pieces,,1,,,,,,Active,New,,BACK GLASS BH | IPHONE 15 PLUS,,,,,,BGBH-IP-2759,,,,,,,
IPHONE BACK GLASS BIG HOLE PART | IPHONE 15,,,RP-403,,TECH HEAVEN,REPLACEMENT PARTS,BACK GLASS BIG HOLE,,,Pieces,,1,,,,,,Active,New,,BACK GLASS BH | IPHONE 15 PRO ,,,,,,BGBH-IP-2760,,,,,,,
IPHONE BACK GLASS BIG HOLE PART | IPHONE 15,,,RP-403,,TECH HEAVEN,REPLACEMENT PARTS,BACK GLASS BIG HOLE,,,Pieces,,1,,,,,,Active,New,,BACK GLASS BH | IPHONE 15 PRO MAX ,,,,,,BGBH-IP-2761,,,,,,,
IPHONE BACK GLASS BIG HOLE PART | IPHONE 16,,,RP-404,,TECH HEAVEN,REPLACEMENT PARTS,BACK GLASS BIG HOLE,,,Pieces,,1,,,,,,Active,New,,BACK GLASS BH | IPHONE 16 ,,,,,,BGBH-IP-2762,,,,,,,
IPHONE BACK GLASS BIG HOLE PART | IPHONE 16,,,RP-404,,TECH HEAVEN,REPLACEMENT PARTS,BACK GLASS BIG HOLE,,,Pieces,,1,,,,,,Active,New,,BACK GLASS BH | IPHONE 16 PLUS ,,,,,,BGBH-IP-2763,,,,,,,
IPHONE BACK GLASS BIG HOLE PART | IPHONE 16,,,RP-404,,TECH HEAVEN,REPLACEMENT PARTS,BACK GLASS BIG HOLE,,,Pieces,,1,,,,,,Active,New,,BACK GLASS BH | IPHONE 16 PRO ,,,,,,BGBH-IP-2764,,,,,,,
IPHONE BACK GLASS BIG HOLE PART | IPHONE 16,,,RP-404,,TECH HEAVEN,REPLACEMENT PARTS,BACK GLASS BIG HOLE,,,Pieces,,1,,,,,,Active,New,,BACK GLASS BH | IPHONE 16 PRO MAX ,,,,,,BGBH-IP-2765,,,,,,,
IPHONE BACK GLASS BIG HOLE PART | IPHONE 16,,,RP-404,,TECH HEAVEN,REPLACEMENT PARTS,BACK GLASS BIG HOLE,,,Pieces,,1,,,,,,Active,New,,BACK GLASS BH | IPHONE 16E,,,,,,BGBH-IP-2766,,,,,,,
IPHONE BACK GLASS BIG HOLE PART | IPHONE 17,,,RP-405,,TECH HEAVEN,REPLACEMENT PARTS,BACK GLASS WITH NFC,,,Pieces,,1,,,,,,Active,New,,BACK GLASS BH | IPHONE 17,,,,,,BGBH-IP-2767,,,,,,,
IPHONE BACK GLASS BIG HOLE PART | IPHONE 17,,,RP-405,,TECH HEAVEN,REPLACEMENT PARTS,BACK GLASS WITH NFC,,,Pieces,,1,,,,,,Active,New,,BACK GLASS BH | IPHONE 17 AIR,,,,,,BGBH-IP-2768,,,,,,,
IPHONE BACK GLASS BIG HOLE PART | IPHONE 17,,,RP-405,,TECH HEAVEN,REPLACEMENT PARTS,BACK GLASS WITH NFC,,,Pieces,,1,,,,,,Active,New,,BACK GLASS BH | IPHONE 17 PRO ,,,,,,BGBH-IP-2769,,,,,,,
IPHONE BACK GLASS BIG HOLE PART | IPHONE 17,,,RP-405,,TECH HEAVEN,REPLACEMENT PARTS,BACK GLASS WITH NFC,,,Pieces,,1,,,,,,Active,New,,BACK GLASS BH | IPHONE 17 PRO MAX ,,,,,,BGBH-IP-2770,,,,,,,
IPHONE BACK GLASS BIG HOLE PART | IPHONE 8,,,RP-406,,TECH HEAVEN,REPLACEMENT PARTS,BACK GLASS BIG HOLE,,,Pieces,,1,,,,,,Active,New,,BACK GLASS BH | IPHONE 8,,,,,,BGBH-IP-2771,,,,,,,
IPHONE BACK GLASS BIG HOLE PART | IPHONE 8,,,RP-406,,TECH HEAVEN,REPLACEMENT PARTS,BACK GLASS BIG HOLE,,,Pieces,,1,,,,,,Active,New,,BACK GLASS BH | IPHONE 8 PLUS,,,,,,BGBH-IP-2772,,,,,,,
IPHONE BACK GLASS BIG HOLE PART | IPHONE SE,,,RP-407,,TECH HEAVEN,REPLACEMENT PARTS,BACK GLASS BIG HOLE,,,Pieces,,1,,,,,,Active,New,,BACK GLASS BH | IPHONE SE 2020,,,,,,BGBH-IP-2773,,,,,,,
IPHONE BACK GLASS BIG HOLE PART | IPHONE SE,,,RP-407,,TECH HEAVEN,REPLACEMENT PARTS,BACK GLASS BIG HOLE,,,Pieces,,1,,,,,,Active,New,,BACK GLASS BH | IPHONE SE 2023,,,,,,BGBH-IP-2774,,,,,,,
IPHONE BACK GLASS BIG HOLE PART | IPHONE X,,,RP-408,,TECH HEAVEN,REPLACEMENT PARTS,BACK GLASS BIG HOLE,,,Pieces,,1,,,,,,Active,New,,BACK GLASS BH | IPHONE X,,,,,,BGBH-IP-2775,,,,,,,
IPHONE BACK GLASS BIG HOLE PART | IPHONE XR,,,RP-409,,TECH HEAVEN,REPLACEMENT PARTS,BACK GLASS BIG HOLE,,,Pieces,,1,,,,,,Active,New,,BACK GLASS BH | IPHONE XR ,,,,,,BGBH-IP-2776,,,,,,,
IPHONE BACK GLASS BIG HOLE PART | IPHONE XS,,,RP-410,,TECH HEAVEN,REPLACEMENT PARTS,BACK GLASS BIG HOLE,,,Pieces,,1,,,,,,Active,New,,BACK GLASS BH | IPHONE XS ,,,,,,BGBH-IP-2777,,,,,,,
IPHONE BACK GLASS BIG HOLE PART | IPHONE XS,,,RP-410,,TECH HEAVEN,REPLACEMENT PARTS,BACK GLASS BIG HOLE,,,Pieces,,1,,,,,,Active,New,,BACK GLASS BH | IPHONE XS MAX,,,,,,BGBH-IP-2778,,,,,,,
IPHONE CHARGING PORT FLEX PART,,,RP-411,,TECH HEAVEN,REPLACEMENT PARTS,CHARGING PORT FLEX,,,Pieces,,1,,,,,,Active,New,,CHARGING PORT FLEX PART | IPHONE 11,,,,,,CPFP-IP-2779,,,,,,,
IPHONE CHARGING PORT FLEX PART,,,RP-411,,TECH HEAVEN,REPLACEMENT PARTS,CHARGING PORT FLEX,,,Pieces,,1,,,,,,Active,New,,CHARGING PORT FLEX PART | IPHONE 11 PRO ,,,,,,CPFP-IP-2780,,,,,,,
IPHONE CHARGING PORT FLEX PART,,,RP-411,,TECH HEAVEN,REPLACEMENT PARTS,CHARGING PORT FLEX,,,Pieces,,1,,,,,,Active,New,,CHARGING PORT FLEX PART | IPHONE 11 PRO MAX,,,,,,CPFP-IP-2781,,,,,,,
IPHONE CHARGING PORT FLEX PART,,,RP-411,,TECH HEAVEN,REPLACEMENT PARTS,CHARGING PORT FLEX,,,Pieces,,1,,,,,,Active,New,,CHARGING PORT FLEX PART | IPHONE 12 / 12 PRO,,,,,,CPFP-IP-2782,,,,,,,
IPHONE CHARGING PORT FLEX PART,,,RP-411,,TECH HEAVEN,REPLACEMENT PARTS,CHARGING PORT FLEX,,,Pieces,,1,,,,,,Active,New,,CHARGING PORT FLEX PART | IPHONE 12 MINI ,,,,,,CPFP-IP-2783,,,,,,,
IPHONE CHARGING PORT FLEX PART,,,RP-411,,TECH HEAVEN,REPLACEMENT PARTS,CHARGING PORT FLEX,,,Pieces,,1,,,,,,Active,New,,CHARGING PORT FLEX PART | IPHONE 12 PRO,,,,,,CPFP-IP-2784,,,,,,,
IPHONE CHARGING PORT FLEX PART,,,RP-411,,TECH HEAVEN,REPLACEMENT PARTS,CHARGING PORT FLEX,,,Pieces,,1,,,,,,Active,New,,CHARGING PORT FLEX PART | IPHONE 12 PRO MAX,,,,,,CPFP-IP-2785,,,,,,,
IPHONE CHARGING PORT FLEX PART,,,RP-411,,TECH HEAVEN,REPLACEMENT PARTS,CHARGING PORT FLEX,,,Pieces,,1,,,,,,Active,New,,CHARGING PORT FLEX PART | IPHONE 13 ,,,,,,CPFP-IP-2786,,,,,,,
IPHONE CHARGING PORT FLEX PART,,,RP-411,,TECH HEAVEN,REPLACEMENT PARTS,CHARGING PORT FLEX,,,Pieces,,1,,,,,,Active,New,,CHARGING PORT FLEX PART | IPHONE 13 MINI,,,,,,CPFP-IP-2787,,,,,,,
IPHONE CHARGING PORT FLEX PART,,,RP-411,,TECH HEAVEN,REPLACEMENT PARTS,CHARGING PORT FLEX,,,Pieces,,1,,,,,,Active,New,,CHARGING PORT FLEX PART | IPHONE 13 PRO,,,,,,CPFP-IP-2788,,,,,,,
IPHONE CHARGING PORT FLEX PART,,,RP-411,,TECH HEAVEN,REPLACEMENT PARTS,CHARGING PORT FLEX,,,Pieces,,1,,,,,,Active,New,,CHARGING PORT FLEX PART | IPHONE 13 PRO MAX,,,,,,CPFP-IP-2789,,,,,,,
IPHONE CHARGING PORT FLEX PART,,,RP-411,,TECH HEAVEN,REPLACEMENT PARTS,CHARGING PORT FLEX,,,Pieces,,1,,,,,,Active,New,,CHARGING PORT FLEX PART | IPHONE 14 ,,,,,,CPFP-IP-2790,,,,,,,
IPHONE CHARGING PORT FLEX PART,,,RP-411,,TECH HEAVEN,REPLACEMENT PARTS,CHARGING PORT FLEX,,,Pieces,,1,,,,,,Active,New,,CHARGING PORT FLEX PART | IPHONE 14 PLUS,,,,,,CPFP-IP-2791,,,,,,,
IPHONE CHARGING PORT FLEX PART,,,RP-411,,TECH HEAVEN,REPLACEMENT PARTS,CHARGING PORT FLEX,,,Pieces,,1,,,,,,Active,New,,CHARGING PORT FLEX PART | IPHONE 14 PRO ,,,,,,CPFP-IP-2792,,,,,,,
IPHONE CHARGING PORT FLEX PART,,,RP-411,,TECH HEAVEN,REPLACEMENT PARTS,CHARGING PORT FLEX,,,Pieces,,1,,,,,,Active,New,,CHARGING PORT FLEX PART | IPHONE 14 PRO MAX ,,,,,,CPFP-IP-2793,,,,,,,
IPHONE CHARGING PORT FLEX PART,,,RP-411,,TECH HEAVEN,REPLACEMENT PARTS,CHARGING PORT FLEX,,,Pieces,,1,,,,,,Active,New,,CHARGING PORT FLEX PART | IPHONE 15,,,,,,CPFP-IP-2794,,,,,,,
IPHONE CHARGING PORT FLEX PART,,,RP-411,,TECH HEAVEN,REPLACEMENT PARTS,CHARGING PORT FLEX,,,Pieces,,1,,,,,,Active,New,,CHARGING PORT FLEX PART | IPHONE 15 PLUS,,,,,,CPFP-IP-2795,,,,,,,
IPHONE CHARGING PORT FLEX PART,,,RP-411,,TECH HEAVEN,REPLACEMENT PARTS,CHARGING PORT FLEX,,,Pieces,,1,,,,,,Active,New,,CHARGING PORT FLEX PART | IPHONE 15 PRO ,,,,,,CPFP-IP-2796,,,,,,,
IPHONE CHARGING PORT FLEX PART,,,RP-411,,TECH HEAVEN,REPLACEMENT PARTS,CHARGING PORT FLEX,,,Pieces,,1,,,,,,Active,New,,CHARGING PORT FLEX PART | IPHONE 15 PRO MAX ,,,,,,CPFP-IP-2797,,,,,,,
IPHONE CHARGING PORT FLEX PART,,,RP-411,,TECH HEAVEN,REPLACEMENT PARTS,CHARGING PORT FLEX,,,Pieces,,1,,,,,,Active,New,,CHARGING PORT FLEX PART | IPHONE 16 ,,,,,,CPFP-IP-2798,,,,,,,
IPHONE CHARGING PORT FLEX PART,,,RP-411,,TECH HEAVEN,REPLACEMENT PARTS,CHARGING PORT FLEX,,,Pieces,,1,,,,,,Active,New,,CHARGING PORT FLEX PART | IPHONE 16 PLUS ,,,,,,CPFP-IP-2799,,,,,,,
IPHONE CHARGING PORT FLEX PART,,,RP-411,,TECH HEAVEN,REPLACEMENT PARTS,CHARGING PORT FLEX,,,Pieces,,1,,,,,,Active,New,,CHARGING PORT FLEX PART | IPHONE 16 PRO ,,,,,,CPFP-IP-2800,,,,,,,
IPHONE CHARGING PORT FLEX PART,,,RP-411,,TECH HEAVEN,REPLACEMENT PARTS,CHARGING PORT FLEX,,,Pieces,,1,,,,,,Active,New,,CHARGING PORT FLEX PART | IPHONE 16 PRO MAX ,,,,,,CPFP-IP-2801,,,,,,,
IPHONE CHARGING PORT FLEX PART,,,RP-411,,TECH HEAVEN,REPLACEMENT PARTS,CHARGING PORT FLEX,,,Pieces,,1,,,,,,Active,New,,CHARGING PORT FLEX PART | IPHONE 7,,,,,,CPFP-IP-2802,,,,,,,
IPHONE CHARGING PORT FLEX PART,,,RP-411,,TECH HEAVEN,REPLACEMENT PARTS,CHARGING PORT FLEX,,,Pieces,,1,,,,,,Active,New,,CHARGING PORT FLEX PART | IPHONE 7 PLUS,,,,,,CPFP-IP-2803,,,,,,,
IPHONE CHARGING PORT FLEX PART,,,RP-411,,TECH HEAVEN,REPLACEMENT PARTS,CHARGING PORT FLEX,,,Pieces,,1,,,,,,Active,New,,CHARGING PORT FLEX PART | IPHONE 8 ,,,,,,CPFP-IP-2804,,,,,,,
IPHONE CHARGING PORT FLEX PART,,,RP-411,,TECH HEAVEN,REPLACEMENT PARTS,CHARGING PORT FLEX,,,Pieces,,1,,,,,,Active,New,,CHARGING PORT FLEX PART | IPHONE 8 PLUS,,,,,,CPFP-IP-2805,,,,,,,
IPHONE CHARGING PORT FLEX PART,,,RP-411,,TECH HEAVEN,REPLACEMENT PARTS,CHARGING PORT FLEX,,,Pieces,,1,,,,,,Active,New,,CHARGING PORT FLEX PART | IPHONE X,,,,,,CPFP-IP-2806,,,,,,,
IPHONE CHARGING PORT FLEX PART,,,RP-411,,TECH HEAVEN,REPLACEMENT PARTS,CHARGING PORT FLEX,,,Pieces,,1,,,,,,Active,New,,CHARGING PORT FLEX PART | IPHONE XR ,,,,,,CPFP-IP-2807,,,,,,,
IPHONE CHARGING PORT FLEX PART,,,RP-411,,TECH HEAVEN,REPLACEMENT PARTS,CHARGING PORT FLEX,,,Pieces,,1,,,,,,Active,New,,CHARGING PORT FLEX PART | IPHONE XS ,,,,,,CPFP-IP-2808,,,,,,,
IPHONE CHARGING PORT FLEX PART,,,RP-411,,TECH HEAVEN,REPLACEMENT PARTS,CHARGING PORT FLEX,,,Pieces,,1,,,,,,Active,New,,CHARGING PORT FLEX PART | IPHONE XS MAX,,,,,,CPFP-IP-2809,,,,,,,
"IPHONE DIAGNOSTIC HIGH CAPACITY BATTERY SHOW AS ""GENUINE APPLE PART IN SETTING",,,RP-412,,TECH HEAVEN,REPLACEMENT PARTS,BATTERY,HIGH CAPACITY,,Pieces,,1,,,,,,Active,New,,BATTERY | IPHONE 12 / 12 PRO ,,,,,,DHCB-IP-2810,,,,,,,
"IPHONE DIAGNOSTIC HIGH CAPACITY BATTERY SHOW AS ""GENUINE APPLE PART IN SETTING",,,RP-412,,TECH HEAVEN,REPLACEMENT PARTS,BATTERY,HIGH CAPACITY,,Pieces,,1,,,,,,Active,New,,BATTERY | IPHONE 12 MINI,,,,,,DHCB-IP-2811,,,,,,,
"IPHONE DIAGNOSTIC HIGH CAPACITY BATTERY SHOW AS ""GENUINE APPLE PART IN SETTING",,,RP-412,,TECH HEAVEN,REPLACEMENT PARTS,BATTERY,HIGH CAPACITY,,Pieces,,1,,,,,,Active,New,,BATTERY | IPHONE 12 PRO MAX,,,,,,DHCB-IP-2812,,,,,,,
"IPHONE DIAGNOSTIC HIGH CAPACITY BATTERY SHOW AS ""GENUINE APPLE PART IN SETTING",,,RP-412,,TECH HEAVEN,REPLACEMENT PARTS,BATTERY,HIGH CAPACITY,,Pieces,,1,,,,,,Active,New,,BATTERY | IPHONE 13,,,,,,DHCB-IP-2813,,,,,,,
"IPHONE DIAGNOSTIC HIGH CAPACITY BATTERY SHOW AS ""GENUINE APPLE PART IN SETTING",,,RP-412,,TECH HEAVEN,REPLACEMENT PARTS,BATTERY,HIGH CAPACITY,,Pieces,,1,,,,,,Active,New,,BATTERY | IPHONE 13 MINI,,,,,,DHCB-IP-2814,,,,,,,
"IPHONE DIAGNOSTIC HIGH CAPACITY BATTERY SHOW AS ""GENUINE APPLE PART IN SETTING",,,RP-412,,TECH HEAVEN,REPLACEMENT PARTS,BATTERY,HIGH CAPACITY,,Pieces,,1,,,,,,Active,New,,BATTERY | IPHONE 13 PRO ,,,,,,DHCB-IP-2815,,,,,,,
"IPHONE DIAGNOSTIC HIGH CAPACITY BATTERY SHOW AS ""GENUINE APPLE PART IN SETTING",,,RP-412,,TECH HEAVEN,REPLACEMENT PARTS,BATTERY,HIGH CAPACITY,,Pieces,,1,,,,,,Active,New,,BATTERY | IPHONE 13 PRO MAX,,,,,,DHCB-IP-2816,,,,,,,
"IPHONE DIAGNOSTIC HIGH CAPACITY BATTERY SHOW AS ""GENUINE APPLE PART IN SETTING",,,RP-412,,TECH HEAVEN,REPLACEMENT PARTS,BATTERY,HIGH CAPACITY,,Pieces,,1,,,,,,Active,New,,BATTERY | IPHONE 14,,,,,,DHCB-IP-2817,,,,,,,
"IPHONE DIAGNOSTIC HIGH CAPACITY BATTERY SHOW AS ""GENUINE APPLE PART IN SETTING",,,RP-412,,TECH HEAVEN,REPLACEMENT PARTS,BATTERY,HIGH CAPACITY,,Pieces,,1,,,,,,Active,New,,BATTERY | IPHONE 14 PLUS,,,,,,DHCB-IP-2818,,,,,,,
"IPHONE DIAGNOSTIC HIGH CAPACITY BATTERY SHOW AS ""GENUINE APPLE PART IN SETTING",,,RP-412,,TECH HEAVEN,REPLACEMENT PARTS,BATTERY,HIGH CAPACITY,,Pieces,,1,,,,,,Active,New,,BATTERY | IPHONE 14 PRO ,,,,,,DHCB-IP-2819,,,,,,,
"IPHONE DIAGNOSTIC HIGH CAPACITY BATTERY SHOW AS ""GENUINE APPLE PART IN SETTING",,,RP-412,,TECH HEAVEN,REPLACEMENT PARTS,BATTERY,HIGH CAPACITY,,Pieces,,1,,,,,,Active,New,,BATTERY | IPHONE 14 PRO MAX,,,,,,DHCB-IP-2820,,,,,,,
"IPHONE DIAGNOSTIC HIGH CAPACITY BATTERY SHOW AS ""GENUINE APPLE PART IN SETTING",,,RP-412,,TECH HEAVEN,REPLACEMENT PARTS,BATTERY,HIGH CAPACITY,,Pieces,,1,,,,,,Active,New,,BATTERY | IPHONE 15,,,,,,DHCB-IP-2821,,,,,,,
"IPHONE DIAGNOSTIC HIGH CAPACITY BATTERY SHOW AS ""GENUINE APPLE PART IN SETTING",,,RP-412,,TECH HEAVEN,REPLACEMENT PARTS,BATTERY,HIGH CAPACITY,,Pieces,,1,,,,,,Active,New,,BATTERY | IPHONE 15 PLUS,,,,,,DHCB-IP-2822,,,,,,,
"IPHONE DIAGNOSTIC HIGH CAPACITY BATTERY SHOW AS ""GENUINE APPLE PART IN SETTING",,,RP-412,,TECH HEAVEN,REPLACEMENT PARTS,BATTERY,HIGH CAPACITY,,Pieces,,1,,,,,,Active,New,,BATTERY | IPHONE 15 PRO ,,,,,,DHCB-IP-2823,,,,,,,
"IPHONE DIAGNOSTIC HIGH CAPACITY BATTERY SHOW AS ""GENUINE APPLE PART IN SETTING",,,RP-412,,TECH HEAVEN,REPLACEMENT PARTS,BATTERY,HIGH CAPACITY,,Pieces,,1,,,,,,Active,New,,BATTERY | IPHONE 15 PRO MAX,,,,,,DHCB-IP-2824,,,,,,,
IPHONE EARSPEAKER FLEX PART,,,RP-413,,TECH HEAVEN,REPLACEMENT PARTS,EARSPEAKER FLEX,,,Pieces,,1,,,,,,Active,New,,EARSPEAKER FLEX PART | IPHONE 11,,,,,,ESFP-IP-2825,,,,,,,
IPHONE EARSPEAKER FLEX PART,,,RP-413,,TECH HEAVEN,REPLACEMENT PARTS,EARSPEAKER FLEX,,,Pieces,,1,,,,,,Active,New,,EARSPEAKER FLEX PART | IPHONE 11 PRO ,,,,,,ESFP-IP-2826,,,,,,,
IPHONE EARSPEAKER FLEX PART,,,RP-413,,TECH HEAVEN,REPLACEMENT PARTS,EARSPEAKER FLEX,,,Pieces,,1,,,,,,Active,New,,EARSPEAKER FLEX PART | IPHONE 11 PRO MAX,,,,,,ESFP-IP-2827,,,,,,,
IPHONE EARSPEAKER FLEX PART,,,RP-413,,TECH HEAVEN,REPLACEMENT PARTS,EARSPEAKER FLEX,,,Pieces,,1,,,,,,Active,New,,EARSPEAKER FLEX PART | IPHONE 12 / 12 PRO,,,,,,ESFP-IP-2828,,,,,,,
IPHONE EARSPEAKER FLEX PART,,,RP-413,,TECH HEAVEN,REPLACEMENT PARTS,EARSPEAKER FLEX,,,Pieces,,1,,,,,,Active,New,,EARSPEAKER FLEX PART | IPHONE 12 MINI ,,,,,,ESFP-IP-2829,,,,,,,
IPHONE EARSPEAKER FLEX PART,,,RP-413,,TECH HEAVEN,REPLACEMENT PARTS,EARSPEAKER FLEX,,,Pieces,,1,,,,,,Active,New,,EARSPEAKER FLEX PART | IPHONE 12 PRO,,,,,,ESFP-IP-2830,,,,,,,
IPHONE EARSPEAKER FLEX PART,,,RP-413,,TECH HEAVEN,REPLACEMENT PARTS,EARSPEAKER FLEX,,,Pieces,,1,,,,,,Active,New,,EARSPEAKER FLEX PART | IPHONE 12 PRO MAX,,,,,,ESFP-IP-2831,,,,,,,
IPHONE EARSPEAKER FLEX PART,,,RP-413,,TECH HEAVEN,REPLACEMENT PARTS,EARSPEAKER FLEX,,,Pieces,,1,,,,,,Active,New,,EARSPEAKER FLEX PART | IPHONE 13 ,,,,,,ESFP-IP-2832,,,,,,,
IPHONE EARSPEAKER FLEX PART,,,RP-413,,TECH HEAVEN,REPLACEMENT PARTS,EARSPEAKER FLEX,,,Pieces,,1,,,,,,Active,New,,EARSPEAKER FLEX PART | IPHONE 13 MINI,,,,,,ESFP-IP-2833,,,,,,,
IPHONE EARSPEAKER FLEX PART,,,RP-413,,TECH HEAVEN,REPLACEMENT PARTS,EARSPEAKER FLEX,,,Pieces,,1,,,,,,Active,New,,EARSPEAKER FLEX PART | IPHONE 13 PRO,,,,,,ESFP-IP-2834,,,,,,,
IPHONE EARSPEAKER FLEX PART,,,RP-413,,TECH HEAVEN,REPLACEMENT PARTS,EARSPEAKER FLEX,,,Pieces,,1,,,,,,Active,New,,EARSPEAKER FLEX PART | IPHONE 13 PRO MAX,,,,,,ESFP-IP-2835,,,,,,,
IPHONE EARSPEAKER FLEX PART,,,RP-413,,TECH HEAVEN,REPLACEMENT PARTS,EARSPEAKER FLEX,,,Pieces,,1,,,,,,Active,New,,EARSPEAKER FLEX PART | IPHONE 14 ,,,,,,ESFP-IP-2836,,,,,,,
IPHONE EARSPEAKER FLEX PART,,,RP-413,,TECH HEAVEN,REPLACEMENT PARTS,EARSPEAKER FLEX,,,Pieces,,1,,,,,,Active,New,,EARSPEAKER FLEX PART | IPHONE 14 PLUS,,,,,,ESFP-IP-2837,,,,,,,
IPHONE EARSPEAKER FLEX PART,,,RP-413,,TECH HEAVEN,REPLACEMENT PARTS,EARSPEAKER FLEX,,,Pieces,,1,,,,,,Active,New,,EARSPEAKER FLEX PART | IPHONE 14 PRO ,,,,,,ESFP-IP-2838,,,,,,,
IPHONE EARSPEAKER FLEX PART,,,RP-413,,TECH HEAVEN,REPLACEMENT PARTS,EARSPEAKER FLEX,,,Pieces,,1,,,,,,Active,New,,EARSPEAKER FLEX PART | IPHONE 14 PRO MAX ,,,,,,ESFP-IP-2839,,,,,,,
IPHONE EARSPEAKER FLEX PART,,,RP-413,,TECH HEAVEN,REPLACEMENT PARTS,EARSPEAKER FLEX,,,Pieces,,1,,,,,,Active,New,,EARSPEAKER FLEX PART | IPHONE 15,,,,,,ESFP-IP-2840,,,,,,,
IPHONE EARSPEAKER FLEX PART,,,RP-413,,TECH HEAVEN,REPLACEMENT PARTS,EARSPEAKER FLEX,,,Pieces,,1,,,,,,Active,New,,EARSPEAKER FLEX PART | IPHONE 15 PLUS,,,,,,ESFP-IP-2841,,,,,,,
IPHONE EARSPEAKER FLEX PART,,,RP-413,,TECH HEAVEN,REPLACEMENT PARTS,EARSPEAKER FLEX,,,Pieces,,1,,,,,,Active,New,,EARSPEAKER FLEX PART | IPHONE 15 PRO ,,,,,,ESFP-IP-2842,,,,,,,
IPHONE EARSPEAKER FLEX PART,,,RP-413,,TECH HEAVEN,REPLACEMENT PARTS,EARSPEAKER FLEX,,,Pieces,,1,,,,,,Active,New,,EARSPEAKER FLEX PART | IPHONE 15 PRO MAX ,,,,,,ESFP-IP-2843,,,,,,,
IPHONE EARSPEAKER FLEX PART,,,RP-413,,TECH HEAVEN,REPLACEMENT PARTS,EARSPEAKER FLEX,,,Pieces,,1,,,,,,Active,New,,EARSPEAKER FLEX PART | IPHONE 16 ,,,,,,ESFP-IP-2844,,,,,,,
IPHONE EARSPEAKER FLEX PART,,,RP-413,,TECH HEAVEN,REPLACEMENT PARTS,EARSPEAKER FLEX,,,Pieces,,1,,,,,,Active,New,,EARSPEAKER FLEX PART | IPHONE 16 PLUS ,,,,,,ESFP-IP-2845,,,,,,,
IPHONE EARSPEAKER FLEX PART,,,RP-413,,TECH HEAVEN,REPLACEMENT PARTS,EARSPEAKER FLEX,,,Pieces,,1,,,,,,Active,New,,EARSPEAKER FLEX PART | IPHONE 16 PRO ,,,,,,ESFP-IP-2846,,,,,,,
IPHONE EARSPEAKER FLEX PART,,,RP-413,,TECH HEAVEN,REPLACEMENT PARTS,EARSPEAKER FLEX,,,Pieces,,1,,,,,,Active,New,,EARSPEAKER FLEX PART | IPHONE 16 PRO MAX ,,,,,,ESFP-IP-2847,,,,,,,
IPHONE EARSPEAKER FLEX PART,,,RP-413,,TECH HEAVEN,REPLACEMENT PARTS,EARSPEAKER FLEX,,,Pieces,,1,,,,,,Active,New,,EARSPEAKER FLEX PART | IPHONE X,,,,,,ESFP-IP-2848,,,,,,,
IPHONE EARSPEAKER FLEX PART,,,RP-413,,TECH HEAVEN,REPLACEMENT PARTS,EARSPEAKER FLEX,,,Pieces,,1,,,,,,Active,New,,EARSPEAKER FLEX PART | IPHONE XR ,,,,,,ESFP-IP-2849,,,,,,,
IPHONE EARSPEAKER FLEX PART,,,RP-413,,TECH HEAVEN,REPLACEMENT PARTS,EARSPEAKER FLEX,,,Pieces,,1,,,,,,Active,New,,EARSPEAKER FLEX PART | IPHONE XS ,,,,,,ESFP-IP-2850,,,,,,,
IPHONE EARSPEAKER FLEX PART,,,RP-413,,TECH HEAVEN,REPLACEMENT PARTS,EARSPEAKER FLEX,,,Pieces,,1,,,,,,Active,New,,EARSPEAKER FLEX PART | IPHONE XS MAX,,,,,,ESFP-IP-2851,,,,,,,
IPHONE FRONT CAMERA PART,,,RP-414,,TECH HEAVEN,REPLACEMENT PARTS,Camera,Front Camera,,Pieces,,1,,,,,,Active,New,,FRONT CAMERA PART | IPHONE 11,,,,,,FCP-IP-2852,,,,,,,
IPHONE FRONT CAMERA PART,,,RP-414,,TECH HEAVEN,REPLACEMENT PARTS,Camera,Front Camera,,Pieces,,1,,,,,,Active,New,,FRONT CAMERA PART | IPHONE 11 PRO ,,,,,,FCP-IP-2853,,,,,,,
IPHONE FRONT CAMERA PART,,,RP-414,,TECH HEAVEN,REPLACEMENT PARTS,Camera,Front Camera,,Pieces,,1,,,,,,Active,New,,FRONT CAMERA PART | IPHONE 11 PRO MAX,,,,,,FCP-IP-2854,,,,,,,
IPHONE FRONT CAMERA PART,,,RP-414,,TECH HEAVEN,REPLACEMENT PARTS,Camera,Front Camera,,Pieces,,1,,,,,,Active,New,,FRONT CAMERA PART | IPHONE 12 / 12 PRO,,,,,,FCP-IP-2855,,,,,,,
IPHONE FRONT CAMERA PART,,,RP-414,,TECH HEAVEN,REPLACEMENT PARTS,Camera,Front Camera,,Pieces,,1,,,,,,Active,New,,FRONT CAMERA PART | IPHONE 12 MINI ,,,,,,FCP-IP-2856,,,,,,,
IPHONE FRONT CAMERA PART,,,RP-414,,TECH HEAVEN,REPLACEMENT PARTS,Camera,Front Camera,,Pieces,,1,,,,,,Active,New,,FRONT CAMERA PART | IPHONE 12 PRO,,,,,,FCP-IP-2857,,,,,,,
IPHONE FRONT CAMERA PART,,,RP-414,,TECH HEAVEN,REPLACEMENT PARTS,Camera,Front Camera,,Pieces,,1,,,,,,Active,New,,FRONT CAMERA PART | IPHONE 12 PRO MAX,,,,,,FCP-IP-2858,,,,,,,
IPHONE FRONT CAMERA PART,,,RP-414,,TECH HEAVEN,REPLACEMENT PARTS,Camera,Front Camera,,Pieces,,1,,,,,,Active,New,,FRONT CAMERA PART | IPHONE 13 ,,,,,,FCP-IP-2859,,,,,,,
IPHONE FRONT CAMERA PART,,,RP-414,,TECH HEAVEN,REPLACEMENT PARTS,Camera,Front Camera,,Pieces,,1,,,,,,Active,New,,FRONT CAMERA PART | IPHONE 13 MINI,,,,,,FCP-IP-2860,,,,,,,
IPHONE FRONT CAMERA PART,,,RP-414,,TECH HEAVEN,REPLACEMENT PARTS,Camera,Front Camera,,Pieces,,1,,,,,,Active,New,,FRONT CAMERA PART | IPHONE 13 PRO,,,,,,FCP-IP-2861,,,,,,,
IPHONE FRONT CAMERA PART,,,RP-414,,TECH HEAVEN,REPLACEMENT PARTS,Camera,Front Camera,,Pieces,,1,,,,,,Active,New,,FRONT CAMERA PART | IPHONE 13 PRO MAX,,,,,,FCP-IP-2862,,,,,,,
IPHONE FRONT CAMERA PART,,,RP-414,,TECH HEAVEN,REPLACEMENT PARTS,Camera,Front Camera,,Pieces,,1,,,,,,Active,New,,FRONT CAMERA PART | IPHONE 14 ,,,,,,FCP-IP-2863,,,,,,,
IPHONE FRONT CAMERA PART,,,RP-414,,TECH HEAVEN,REPLACEMENT PARTS,Camera,Front Camera,,Pieces,,1,,,,,,Active,New,,FRONT CAMERA PART | IPHONE 14 PLUS,,,,,,FCP-IP-2864,,,,,,,
IPHONE FRONT CAMERA PART,,,RP-414,,TECH HEAVEN,REPLACEMENT PARTS,Camera,Front Camera,,Pieces,,1,,,,,,Active,New,,FRONT CAMERA PART | IPHONE 14 PRO ,,,,,,FCP-IP-2865,,,,,,,
IPHONE FRONT CAMERA PART,,,RP-414,,TECH HEAVEN,REPLACEMENT PARTS,Camera,Front Camera,,Pieces,,1,,,,,,Active,New,,FRONT CAMERA PART | IPHONE 14 PRO MAX ,,,,,,FCP-IP-2866,,,,,,,
IPHONE FRONT CAMERA PART,,,RP-414,,TECH HEAVEN,REPLACEMENT PARTS,Camera,Front Camera,,Pieces,,1,,,,,,Active,New,,FRONT CAMERA PART | IPHONE 15,,,,,,FCP-IP-2867,,,,,,,
IPHONE FRONT CAMERA PART,,,RP-414,,TECH HEAVEN,REPLACEMENT PARTS,Camera,Front Camera,,Pieces,,1,,,,,,Active,New,,FRONT CAMERA PART | IPHONE 15 PLUS,,,,,,FCP-IP-2868,,,,,,,
IPHONE FRONT CAMERA PART,,,RP-414,,TECH HEAVEN,REPLACEMENT PARTS,Camera,Front Camera,,Pieces,,1,,,,,,Active,New,,FRONT CAMERA PART | IPHONE 15 PRO ,,,,,,FCP-IP-2869,,,,,,,
IPHONE FRONT CAMERA PART,,,RP-414,,TECH HEAVEN,REPLACEMENT PARTS,Camera,Front Camera,,Pieces,,1,,,,,,Active,New,,FRONT CAMERA PART | IPHONE 15 PRO MAX ,,,,,,FCP-IP-2870,,,,,,,
IPHONE FRONT CAMERA PART,,,RP-414,,TECH HEAVEN,REPLACEMENT PARTS,Camera,Front Camera,,Pieces,,1,,,,,,Active,New,,FRONT CAMERA PART | IPHONE 16 ,,,,,,FCP-IP-2871,,,,,,,
IPHONE FRONT CAMERA PART,,,RP-414,,TECH HEAVEN,REPLACEMENT PARTS,Camera,Front Camera,,Pieces,,1,,,,,,Active,New,,FRONT CAMERA PART | IPHONE 16 PLUS ,,,,,,FCP-IP-2872,,,,,,,
IPHONE FRONT CAMERA PART,,,RP-414,,TECH HEAVEN,REPLACEMENT PARTS,Camera,Front Camera,,Pieces,,1,,,,,,Active,New,,FRONT CAMERA PART | IPHONE 16 PRO ,,,,,,FCP-IP-2873,,,,,,,
IPHONE FRONT CAMERA PART,,,RP-414,,TECH HEAVEN,REPLACEMENT PARTS,Camera,Front Camera,,Pieces,,1,,,,,,Active,New,,FRONT CAMERA PART | IPHONE 16 PRO MAX ,,,,,,FCP-IP-2874,,,,,,,
IPHONE FRONT CAMERA PART,,,RP-414,,TECH HEAVEN,REPLACEMENT PARTS,Camera,Front Camera,,Pieces,,1,,,,,,Active,New,,FRONT CAMERA PART | IPHONE 7,,,,,,FCP-IP-2875,,,,,,,
IPHONE FRONT CAMERA PART,,,RP-414,,TECH HEAVEN,REPLACEMENT PARTS,Camera,Front Camera,,Pieces,,1,,,,,,Active,New,,FRONT CAMERA PART | IPHONE 7 PLUS,,,,,,FCP-IP-2876,,,,,,,
IPHONE FRONT CAMERA PART,,,RP-414,,TECH HEAVEN,REPLACEMENT PARTS,Camera,Front Camera,,Pieces,,1,,,,,,Active,New,,FRONT CAMERA PART | IPHONE 8 ,,,,,,FCP-IP-2877,,,,,,,
IPHONE FRONT CAMERA PART,,,RP-414,,TECH HEAVEN,REPLACEMENT PARTS,Camera,Front Camera,,Pieces,,1,,,,,,Active,New,,FRONT CAMERA PART | IPHONE 8 PLUS,,,,,,FCP-IP-2878,,,,,,,
IPHONE FRONT CAMERA PART,,,RP-414,,TECH HEAVEN,REPLACEMENT PARTS,Camera,Front Camera,,Pieces,,1,,,,,,Active,New,,FRONT CAMERA PART | IPHONE X,,,,,,FCP-IP-2879,,,,,,,
IPHONE FRONT CAMERA PART,,,RP-414,,TECH HEAVEN,REPLACEMENT PARTS,Camera,Front Camera,,Pieces,,1,,,,,,Active,New,,FRONT CAMERA PART | IPHONE XR ,,,,,,FCP-IP-2880,,,,,,,
IPHONE FRONT CAMERA PART,,,RP-414,,TECH HEAVEN,REPLACEMENT PARTS,Camera,Front Camera,,Pieces,,1,,,,,,Active,New,,FRONT CAMERA PART | IPHONE XS ,,,,,,FCP-IP-2881,,,,,,,
IPHONE FRONT CAMERA PART,,,RP-414,,TECH HEAVEN,REPLACEMENT PARTS,Camera,Front Camera,,Pieces,,1,,,,,,Active,New,,FRONT CAMERA PART | IPHONE XS MAX,,,,,,FCP-IP-2882,,,,,,,
IPHONE LOUDSPEAKER / RINGER PART,,,RP-415,,TECH HEAVEN,REPLACEMENT PARTS,LOUDSPEAKER / RINGER,,,Pieces,,1,,,,,,Active,New,,LOUD SPEAKER | RINGER PART | IPHONE 11,,,,,,LS/RP-IP-2883,,,,,,,
IPHONE LOUDSPEAKER / RINGER PART,,,RP-415,,TECH HEAVEN,REPLACEMENT PARTS,LOUDSPEAKER / RINGER,,,Pieces,,1,,,,,,Active,New,,LOUD SPEAKER | RINGER PART | IPHONE 11 PRO ,,,,,,LS/RP-IP-2884,,,,,,,
IPHONE LOUDSPEAKER / RINGER PART,,,RP-415,,TECH HEAVEN,REPLACEMENT PARTS,LOUDSPEAKER / RINGER,,,Pieces,,1,,,,,,Active,New,,LOUD SPEAKER | RINGER PART | IPHONE 11 PRO MAX,,,,,,LS/RP-IP-2885,,,,,,,
IPHONE LOUDSPEAKER / RINGER PART,,,RP-415,,TECH HEAVEN,REPLACEMENT PARTS,LOUDSPEAKER / RINGER,,,Pieces,,1,,,,,,Active,New,,LOUD SPEAKER | RINGER PART | IPHONE 12 / 12 PRO,,,,,,LS/RP-IP-2886,,,,,,,
IPHONE LOUDSPEAKER / RINGER PART,,,RP-415,,TECH HEAVEN,REPLACEMENT PARTS,LOUDSPEAKER / RINGER,,,Pieces,,1,,,,,,Active,New,,LOUD SPEAKER | RINGER PART | IPHONE 12 MINI ,,,,,,LS/RP-IP-2887,,,,,,,
IPHONE LOUDSPEAKER / RINGER PART,,,RP-415,,TECH HEAVEN,REPLACEMENT PARTS,LOUDSPEAKER / RINGER,,,Pieces,,1,,,,,,Active,New,,LOUD SPEAKER | RINGER PART | IPHONE 12 PRO,,,,,,LS/RP-IP-2888,,,,,,,
IPHONE LOUDSPEAKER / RINGER PART,,,RP-415,,TECH HEAVEN,REPLACEMENT PARTS,LOUDSPEAKER / RINGER,,,Pieces,,1,,,,,,Active,New,,LOUD SPEAKER | RINGER PART | IPHONE 12 PRO MAX,,,,,,LS/RP-IP-2889,,,,,,,
IPHONE LOUDSPEAKER / RINGER PART,,,RP-415,,TECH HEAVEN,REPLACEMENT PARTS,LOUDSPEAKER / RINGER,,,Pieces,,1,,,,,,Active,New,,LOUD SPEAKER | RINGER PART | IPHONE 13 ,,,,,,LS/RP-IP-2890,,,,,,,
IPHONE LOUDSPEAKER / RINGER PART,,,RP-415,,TECH HEAVEN,REPLACEMENT PARTS,LOUDSPEAKER / RINGER,,,Pieces,,1,,,,,,Active,New,,LOUD SPEAKER | RINGER PART | IPHONE 13 MINI,,,,,,LS/RP-IP-2891,,,,,,,
IPHONE LOUDSPEAKER / RINGER PART,,,RP-415,,TECH HEAVEN,REPLACEMENT PARTS,LOUDSPEAKER / RINGER,,,Pieces,,1,,,,,,Active,New,,LOUD SPEAKER | RINGER PART | IPHONE 13 PRO,,,,,,LS/RP-IP-2892,,,,,,,
IPHONE LOUDSPEAKER / RINGER PART,,,RP-415,,TECH HEAVEN,REPLACEMENT PARTS,LOUDSPEAKER / RINGER,,,Pieces,,1,,,,,,Active,New,,LOUD SPEAKER | RINGER PART | IPHONE 13 PRO MAX,,,,,,LS/RP-IP-2893,,,,,,,
IPHONE LOUDSPEAKER / RINGER PART,,,RP-415,,TECH HEAVEN,REPLACEMENT PARTS,LOUDSPEAKER / RINGER,,,Pieces,,1,,,,,,Active,New,,LOUD SPEAKER | RINGER PART | IPHONE 14 ,,,,,,LS/RP-IP-2894,,,,,,,
IPHONE LOUDSPEAKER / RINGER PART,,,RP-415,,TECH HEAVEN,REPLACEMENT PARTS,LOUDSPEAKER / RINGER,,,Pieces,,1,,,,,,Active,New,,LOUD SPEAKER | RINGER PART | IPHONE 14 PLUS,,,,,,LS/RP-IP-2895,,,,,,,
IPHONE LOUDSPEAKER / RINGER PART,,,RP-415,,TECH HEAVEN,REPLACEMENT PARTS,LOUDSPEAKER / RINGER,,,Pieces,,1,,,,,,Active,New,,LOUD SPEAKER | RINGER PART | IPHONE 14 PRO ,,,,,,LS/RP-IP-2896,,,,,,,
IPHONE LOUDSPEAKER / RINGER PART,,,RP-415,,TECH HEAVEN,REPLACEMENT PARTS,LOUDSPEAKER / RINGER,,,Pieces,,1,,,,,,Active,New,,LOUD SPEAKER | RINGER PART | IPHONE 14 PRO MAX ,,,,,,LS/RP-IP-2897,,,,,,,
IPHONE LOUDSPEAKER / RINGER PART,,,RP-415,,TECH HEAVEN,REPLACEMENT PARTS,LOUDSPEAKER / RINGER,,,Pieces,,1,,,,,,Active,New,,LOUD SPEAKER | RINGER PART | IPHONE 15,,,,,,LS/RP-IP-2898,,,,,,,
IPHONE LOUDSPEAKER / RINGER PART,,,RP-415,,TECH HEAVEN,REPLACEMENT PARTS,LOUDSPEAKER / RINGER,,,Pieces,,1,,,,,,Active,New,,LOUD SPEAKER | RINGER PART | IPHONE 15 PLUS,,,,,,LS/RP-IP-2899,,,,,,,
IPHONE LOUDSPEAKER / RINGER PART,,,RP-415,,TECH HEAVEN,REPLACEMENT PARTS,LOUDSPEAKER / RINGER,,,Pieces,,1,,,,,,Active,New,,LOUD SPEAKER | RINGER PART | IPHONE 15 PRO ,,,,,,LS/RP-IP-2900,,,,,,,
IPHONE LOUDSPEAKER / RINGER PART,,,RP-415,,TECH HEAVEN,REPLACEMENT PARTS,LOUDSPEAKER / RINGER,,,Pieces,,1,,,,,,Active,New,,LOUD SPEAKER | RINGER PART | IPHONE 15 PRO MAX ,,,,,,LS/RP-IP-2901,,,,,,,
IPHONE LOUDSPEAKER / RINGER PART,,,RP-415,,TECH HEAVEN,REPLACEMENT PARTS,LOUDSPEAKER / RINGER,,,Pieces,,1,,,,,,Active,New,,LOUD SPEAKER | RINGER PART | IPHONE 16 ,,,,,,LS/RP-IP-2902,,,,,,,
IPHONE LOUDSPEAKER / RINGER PART,,,RP-415,,TECH HEAVEN,REPLACEMENT PARTS,LOUDSPEAKER / RINGER,,,Pieces,,1,,,,,,Active,New,,LOUD SPEAKER | RINGER PART | IPHONE 16 PLUS ,,,,,,LS/RP-IP-2903,,,,,,,
IPHONE LOUDSPEAKER / RINGER PART,,,RP-415,,TECH HEAVEN,REPLACEMENT PARTS,LOUDSPEAKER / RINGER,,,Pieces,,1,,,,,,Active,New,,LOUD SPEAKER | RINGER PART | IPHONE 16 PRO ,,,,,,LS/RP-IP-2904,,,,,,,
IPHONE LOUDSPEAKER / RINGER PART,,,RP-415,,TECH HEAVEN,REPLACEMENT PARTS,LOUDSPEAKER / RINGER,,,Pieces,,1,,,,,,Active,New,,LOUD SPEAKER | RINGER PART | IPHONE 16 PRO MAX ,,,,,,LS/RP-IP-2905,,,,,,,
IPHONE LOUDSPEAKER / RINGER PART,,,RP-415,,TECH HEAVEN,REPLACEMENT PARTS,LOUDSPEAKER / RINGER,,,Pieces,,1,,,,,,Active,New,,LOUD SPEAKER | RINGER PART | IPHONE X,,,,,,LS/RP-IP-2906,,,,,,,
IPHONE LOUDSPEAKER / RINGER PART,,,RP-415,,TECH HEAVEN,REPLACEMENT PARTS,LOUDSPEAKER / RINGER,,,Pieces,,1,,,,,,Active,New,,LOUD SPEAKER | RINGER PART | IPHONE XR ,,,,,,LS/RP-IP-2907,,,,,,,
IPHONE LOUDSPEAKER / RINGER PART,,,RP-415,,TECH HEAVEN,REPLACEMENT PARTS,LOUDSPEAKER / RINGER,,,Pieces,,1,,,,,,Active,New,,LOUD SPEAKER | RINGER PART | IPHONE XS ,,,,,,LS/RP-IP-2908,,,,,,,
IPHONE LOUDSPEAKER / RINGER PART,,,RP-415,,TECH HEAVEN,REPLACEMENT PARTS,LOUDSPEAKER / RINGER,,,Pieces,,1,,,,,,Active,New,,LOUD SPEAKER | RINGER PART | IPHONE XS MAX,,,,,,LS/RP-IP-2909,,,,,,,
JCID DIAGNOSTIC SOFT OLED IPHONE DISPLAY AND TOUCH SCREEN DIGITIZER ASSEMBLY,,,RP-416,,JCID,REPLACEMENT PARTS,LCD ASSEMBLY,,,Pieces,,1,,,,,,Active,New,,JCID DIAGNOSTIC SOFT OLED DISPLAY ASSEMBLY | IPHONE 12 / 12 PRO ,,,,,,JCID-IP-2910,,,,,,,
JCID DIAGNOSTIC SOFT OLED IPHONE DISPLAY AND TOUCH SCREEN DIGITIZER ASSEMBLY,,,RP-416,,JCID,REPLACEMENT PARTS,LCD ASSEMBLY,,,Pieces,,1,,,,,,Active,New,,JCID DIAGNOSTIC SOFT OLED DISPLAY ASSEMBLY | IPHONE 12 MINI,,,,,,JCID-IP-2911,,,,,,,
JCID DIAGNOSTIC SOFT OLED IPHONE DISPLAY AND TOUCH SCREEN DIGITIZER ASSEMBLY,,,RP-416,,JCID,REPLACEMENT PARTS,LCD ASSEMBLY,,,Pieces,,1,,,,,,Active,New,,JCID DIAGNOSTIC SOFT OLED DISPLAY ASSEMBLY | IPHONE 12 PRO MAX,,,,,,JCID-IP-2912,,,,,,,
JCID DIAGNOSTIC SOFT OLED IPHONE DISPLAY AND TOUCH SCREEN DIGITIZER ASSEMBLY,,,RP-416,,JCID,REPLACEMENT PARTS,LCD ASSEMBLY,,,Pieces,,1,,,,,,Active,New,,JCID DIAGNOSTIC SOFT OLED DISPLAY ASSEMBLY | IPHONE 13,,,,,,JCID-IP-2913,,,,,,,
JCID DIAGNOSTIC SOFT OLED IPHONE DISPLAY AND TOUCH SCREEN DIGITIZER ASSEMBLY,,,RP-416,,JCID,REPLACEMENT PARTS,LCD ASSEMBLY,,,Pieces,,1,,,,,,Active,New,,JCID DIAGNOSTIC SOFT OLED DISPLAY ASSEMBLY | IPHONE 13 MINI,,,,,,JCID-IP-2914,,,,,,,
JCID DIAGNOSTIC SOFT OLED IPHONE DISPLAY AND TOUCH SCREEN DIGITIZER ASSEMBLY,,,RP-416,,JCID,REPLACEMENT PARTS,LCD ASSEMBLY,,,Pieces,,1,,,,,,Active,New,,JCID DIAGNOSTIC SOFT OLED DISPLAY ASSEMBLY | IPHONE 13 PRO ,,,,,,JCID-IP-2915,,,,,,,
JCID DIAGNOSTIC SOFT OLED IPHONE DISPLAY AND TOUCH SCREEN DIGITIZER ASSEMBLY,,,RP-416,,JCID,REPLACEMENT PARTS,LCD ASSEMBLY,,,Pieces,,1,,,,,,Active,New,,JCID DIAGNOSTIC SOFT OLED DISPLAY ASSEMBLY | IPHONE 13 PRO MAX,,,,,,JCID-IP-2916,,,,,,,
JCID DIAGNOSTIC SOFT OLED IPHONE DISPLAY AND TOUCH SCREEN DIGITIZER ASSEMBLY,,,RP-416,,JCID,REPLACEMENT PARTS,LCD ASSEMBLY,,,Pieces,,1,,,,,,Active,New,,JCID DIAGNOSTIC SOFT OLED DISPLAY ASSEMBLY | IPHONE 14,,,,,,JCID-IP-2917,,,,,,,
JCID DIAGNOSTIC SOFT OLED IPHONE DISPLAY AND TOUCH SCREEN DIGITIZER ASSEMBLY,,,RP-416,,JCID,REPLACEMENT PARTS,LCD ASSEMBLY,,,Pieces,,1,,,,,,Active,New,,JCID DIAGNOSTIC SOFT OLED DISPLAY ASSEMBLY | IPHONE 14 PLUS,,,,,,JCID-IP-2918,,,,,,,
JCID DIAGNOSTIC SOFT OLED IPHONE DISPLAY AND TOUCH SCREEN DIGITIZER ASSEMBLY,,,RP-416,,JCID,REPLACEMENT PARTS,LCD ASSEMBLY,,,Pieces,,1,,,,,,Active,New,,JCID DIAGNOSTIC SOFT OLED DISPLAY ASSEMBLY | IPHONE 14 PRO ,,,,,,JCID-IP-2919,,,,,,,
JCID DIAGNOSTIC SOFT OLED IPHONE DISPLAY AND TOUCH SCREEN DIGITIZER ASSEMBLY,,,RP-416,,JCID,REPLACEMENT PARTS,LCD ASSEMBLY,,,Pieces,,1,,,,,,Active,New,,JCID DIAGNOSTIC SOFT OLED DISPLAY ASSEMBLY | IPHONE 14 PRO MAX,,,,,,JCID-IP-2920,,,,,,,
JCID DIAGNOSTIC SOFT OLED IPHONE DISPLAY AND TOUCH SCREEN DIGITIZER ASSEMBLY,,,RP-416,,JCID,REPLACEMENT PARTS,LCD ASSEMBLY,,,Pieces,,1,,,,,,Active,New,,JCID DIAGNOSTIC SOFT OLED DISPLAY ASSEMBLY | IPHONE 15,,,,,,JCID-IP-2921,,,,,,,
JCID DIAGNOSTIC SOFT OLED IPHONE DISPLAY AND TOUCH SCREEN DIGITIZER ASSEMBLY,,,RP-416,,JCID,REPLACEMENT PARTS,LCD ASSEMBLY,,,Pieces,,1,,,,,,Active,New,,JCID DIAGNOSTIC SOFT OLED DISPLAY ASSEMBLY | IPHONE 15 PLUS,,,,,,JCID-IP-2922,,,,,,,
JCID DIAGNOSTIC SOFT OLED IPHONE DISPLAY AND TOUCH SCREEN DIGITIZER ASSEMBLY,,,RP-416,,JCID,REPLACEMENT PARTS,LCD ASSEMBLY,,,Pieces,,1,,,,,,Active,New,,JCID DIAGNOSTIC SOFT OLED DISPLAY ASSEMBLY | IPHONE 15 PRO ,,,,,,JCID-IP-2923,,,,,,,
JCID DIAGNOSTIC SOFT OLED IPHONE DISPLAY AND TOUCH SCREEN DIGITIZER ASSEMBLY,,,RP-416,,JCID,REPLACEMENT PARTS,LCD ASSEMBLY,,,Pieces,,1,,,,,,Active,New,,JCID DIAGNOSTIC SOFT OLED DISPLAY ASSEMBLY | IPHONE 15 PRO MAX,,,,,,JCID-IP-2924,,,,,,,
JCID DIAGNOSTIC SOFT OLED IPHONE DISPLAY AND TOUCH SCREEN DIGITIZER ASSEMBLY,,,RP-416,,JCID,REPLACEMENT PARTS,LCD ASSEMBLY,,,Pieces,,1,,,,,,Active,New,,JCID DIAGNOSTIC SOFT OLED DISPLAY ASSEMBLY | IPHONE 16,,,,,,JCID-IP-2925,,,,,,,
JCID DIAGNOSTIC SOFT OLED IPHONE DISPLAY AND TOUCH SCREEN DIGITIZER ASSEMBLY,,,RP-416,,JCID,REPLACEMENT PARTS,LCD ASSEMBLY,,,Pieces,,1,,,,,,Active,New,,JCID DIAGNOSTIC SOFT OLED DISPLAY ASSEMBLY | IPHONE 16 PLUS,,,,,,JCID-IP-2926,,,,,,,
JCID DIAGNOSTIC SOFT OLED IPHONE DISPLAY AND TOUCH SCREEN DIGITIZER ASSEMBLY,,,RP-416,,JCID,REPLACEMENT PARTS,LCD ASSEMBLY,,,Pieces,,1,,,,,,Active,New,,JCID DIAGNOSTIC SOFT OLED DISPLAY ASSEMBLY | IPHONE 16 PRO,,,,,,JCID-IP-2927,,,,,,,
JCID DIAGNOSTIC SOFT OLED IPHONE DISPLAY AND TOUCH SCREEN DIGITIZER ASSEMBLY,,,RP-416,,JCID,REPLACEMENT PARTS,LCD ASSEMBLY,,,Pieces,,1,,,,,,Active,New,,JCID DIAGNOSTIC SOFT OLED DISPLAY ASSEMBLY | IPHONE 16 PRO MAX,,,,,,JCID-IP-2928,,,,,,,
LCD SCREEN DISPLAY AND TOUCH BLACK NO FRAME | NOKIA,,,RP-417,,TECH HEAVEN,REPLACEMENT PARTS,LCD,,,Pieces,,1,,,,,,Active,New,,NO FRAME LCD | NOKIA ,,,,,,LCD-NOK-2929,,,,,,,
LCD SCREEN DISPLAY AND TOUCH BLACK NO FRAME | NOKIA,,,RP-417,,TECH HEAVEN,REPLACEMENT PARTS,LCD,,,Pieces,,1,,,,,,Active,New,,NO FRAME LCD | NOKIA 1,,,,,,LCD-NOK-2930,,,,,,,
LCD SCREEN DISPLAY AND TOUCH BLACK NO FRAME | NOKIA,,,RP-417,,TECH HEAVEN,REPLACEMENT PARTS,LCD,,,Pieces,,1,,,,,,Active,New,,NO FRAME LCD | NOKIA 1 PLUS,,,,,,LCD-NOK-2931,,,,,,,
LCD SCREEN DISPLAY AND TOUCH BLACK NO FRAME | NOKIA,,,RP-417,,TECH HEAVEN,REPLACEMENT PARTS,LCD,,,Pieces,,1,,,,,,Active,New,,NO FRAME LCD | NOKIA 2,,,,,,LCD-NOK-2932,,,,,,,
LCD SCREEN DISPLAY AND TOUCH BLACK NO FRAME | NOKIA,,,RP-417,,TECH HEAVEN,REPLACEMENT PARTS,LCD,,,Pieces,,1,,,,,,Active,New,,NO FRAME LCD | NOKIA 2.1,,,,,,LCD-NOK-2933,,,,,,,
LCD SCREEN DISPLAY AND TOUCH BLACK NO FRAME | NOKIA,,,RP-417,,TECH HEAVEN,REPLACEMENT PARTS,LCD,,,Pieces,,1,,,,,,Active,New,,NO FRAME LCD | NOKIA 2.2,,,,,,LCD-NOK-2934,,,,,,,
LCD SCREEN DISPLAY AND TOUCH BLACK NO FRAME | NOKIA,,,RP-417,,TECH HEAVEN,REPLACEMENT PARTS,LCD,,,Pieces,,1,,,,,,Active,New,,NO FRAME LCD | NOKIA 2.3,,,,,,LCD-NOK-2935,,,,,,,
LCD SCREEN DISPLAY AND TOUCH BLACK NO FRAME | NOKIA,,,RP-417,,TECH HEAVEN,REPLACEMENT PARTS,LCD,,,Pieces,,1,,,,,,Active,New,,NO FRAME LCD | NOKIA 3,,,,,,LCD-NOK-2936,,,,,,,
LCD SCREEN DISPLAY AND TOUCH BLACK NO FRAME | NOKIA,,,RP-417,,TECH HEAVEN,REPLACEMENT PARTS,LCD,,,Pieces,,1,,,,,,Active,New,,NO FRAME LCD | NOKIA 3.1,,,,,,LCD-NOK-2937,,,,,,,
LCD SCREEN DISPLAY AND TOUCH BLACK NO FRAME | NOKIA,,,RP-417,,TECH HEAVEN,REPLACEMENT PARTS,LCD,,,Pieces,,1,,,,,,Active,New,,NO FRAME LCD | NOKIA 3.2,,,,,,LCD-NOK-2938,,,,,,,
LCD SCREEN DISPLAY AND TOUCH BLACK NO FRAME | NOKIA,,,RP-417,,TECH HEAVEN,REPLACEMENT PARTS,LCD,,,Pieces,,1,,,,,,Active,New,,NO FRAME LCD | NOKIA 4.2,,,,,,LCD-NOK-2939,,,,,,,
LCD SCREEN DISPLAY AND TOUCH BLACK NO FRAME | NOKIA,,,RP-417,,TECH HEAVEN,REPLACEMENT PARTS,LCD,,,Pieces,,1,,,,,,Active,New,,NO FRAME LCD | NOKIA 5,,,,,,LCD-NOK-2940,,,,,,,
LCD SCREEN DISPLAY AND TOUCH BLACK NO FRAME | NOKIA,,,RP-417,,TECH HEAVEN,REPLACEMENT PARTS,LCD,,,Pieces,,1,,,,,,Active,New,,NO FRAME LCD | NOKIA 5.1,,,,,,LCD-NOK-2941,,,,,,,
LCD SCREEN DISPLAY AND TOUCH BLACK NO FRAME | NOKIA,,,RP-417,,TECH HEAVEN,REPLACEMENT PARTS,LCD,,,Pieces,,1,,,,,,Active,New,,NO FRAME LCD | NOKIA 5.3,,,,,,LCD-NOK-2942,,,,,,,
LCD SCREEN DISPLAY AND TOUCH BLACK NO FRAME | NOKIA,,,RP-417,,TECH HEAVEN,REPLACEMENT PARTS,LCD,,,Pieces,,1,,,,,,Active,New,,NO FRAME LCD | NOKIA 5.4,,,,,,LCD-NOK-2943,,,,,,,
LCD SCREEN DISPLAY AND TOUCH BLACK NO FRAME | NOKIA,,,RP-417,,TECH HEAVEN,REPLACEMENT PARTS,LCD,,,Pieces,,1,,,,,,Active,New,,NO FRAME LCD | NOKIA 6,,,,,,LCD-NOK-2944,,,,,,,
LCD SCREEN DISPLAY AND TOUCH BLACK NO FRAME | NOKIA,,,RP-417,,TECH HEAVEN,REPLACEMENT PARTS,LCD,,,Pieces,,1,,,,,,Active,New,,NO FRAME LCD | NOKIA 6.1,,,,,,LCD-NOK-2945,,,,,,,
LCD SCREEN DISPLAY AND TOUCH BLACK NO FRAME | NOKIA,,,RP-417,,TECH HEAVEN,REPLACEMENT PARTS,LCD,,,Pieces,,1,,,,,,Active,New,,NO FRAME LCD | NOKIA 6.2,,,,,,LCD-NOK-2946,,,,,,,
LCD SCREEN DISPLAY AND TOUCH BLACK NO FRAME | NOKIA,,,RP-417,,TECH HEAVEN,REPLACEMENT PARTS,LCD,,,Pieces,,1,,,,,,Active,New,,NO FRAME LCD | NOKIA 7,,,,,,LCD-NOK-2947,,,,,,,
LCD SCREEN DISPLAY AND TOUCH BLACK NO FRAME | NOKIA,,,RP-417,,TECH HEAVEN,REPLACEMENT PARTS,LCD,,,Pieces,,1,,,,,,Active,New,,NO FRAME LCD | NOKIA 7 PLUS,,,,,,LCD-NOK-2948,,,,,,,
LCD SCREEN DISPLAY AND TOUCH BLACK NO FRAME | NOKIA,,,RP-417,,TECH HEAVEN,REPLACEMENT PARTS,LCD,,,Pieces,,1,,,,,,Active,New,,NO FRAME LCD | NOKIA 7.1,,,,,,LCD-NOK-2949,,,,,,,
LCD SCREEN DISPLAY AND TOUCH BLACK NO FRAME | NOKIA,,,RP-417,,TECH HEAVEN,REPLACEMENT PARTS,LCD,,,Pieces,,1,,,,,,Active,New,,NO FRAME LCD | NOKIA 7.2,,,,,,LCD-NOK-2950,,,,,,,
LCD SCREEN DISPLAY AND TOUCH BLACK NO FRAME | NOKIA,,,RP-417,,TECH HEAVEN,REPLACEMENT PARTS,LCD,,,Pieces,,1,,,,,,Active,New,,NO FRAME LCD | NOKIA 8,,,,,,LCD-NOK-2951,,,,,,,
LCD SCREEN DISPLAY AND TOUCH BLACK NO FRAME | NOKIA,,,RP-417,,TECH HEAVEN,REPLACEMENT PARTS,LCD,,,Pieces,,1,,,,,,Active,New,,NO FRAME LCD | NOKIA 8 SIROCCO,,,,,,LCD-NOK-2952,,,,,,,
LCD SCREEN DISPLAY AND TOUCH BLACK NO FRAME | NOKIA,,,RP-417,,TECH HEAVEN,REPLACEMENT PARTS,LCD,,,Pieces,,1,,,,,,Active,New,,NO FRAME LCD | NOKIA 8.1,,,,,,LCD-NOK-2953,,,,,,,
LCD SCREEN DISPLAY AND TOUCH BLACK NO FRAME | NOKIA,,,RP-417,,TECH HEAVEN,REPLACEMENT PARTS,LCD,,,Pieces,,1,,,,,,Active,New,,NO FRAME LCD | NOKIA 8.3 5G,,,,,,LCD-NOK-2954,,,,,,,
LCD SCREEN DISPLAY AND TOUCH BLACK NO FRAME | NOKIA,,,RP-417,,TECH HEAVEN,REPLACEMENT PARTS,LCD,,,Pieces,,1,,,,,,Active,New,,NO FRAME LCD | NOKIA 9 PUREVIEW,,,,,,LCD-NOK-2955,,,,,,,
LCD SCREEN DISPLAY AND TOUCH BLACK NO FRAME | NOKIA C,,,RP-418,,TECH HEAVEN,REPLACEMENT PARTS,LCD,,,Pieces,,1,,,,,,Active,New,,NO FRAME LCD | NOKIA C1,,,,,,LCD-NOK-2956,,,,,,,
LCD SCREEN DISPLAY AND TOUCH BLACK NO FRAME | NOKIA C,,,RP-418,,TECH HEAVEN,REPLACEMENT PARTS,LCD,,,Pieces,,1,,,,,,Active,New,,NO FRAME LCD | NOKIA C10,,,,,,LCD-NOK-2957,,,,,,,
LCD SCREEN DISPLAY AND TOUCH BLACK NO FRAME | NOKIA C,,,RP-418,,TECH HEAVEN,REPLACEMENT PARTS,LCD,,,Pieces,,1,,,,,,Active,New,,NO FRAME LCD | NOKIA C20,,,,,,LCD-NOK-2958,,,,,,,
LCD SCREEN DISPLAY AND TOUCH BLACK NO FRAME | NOKIA C,,,RP-418,,TECH HEAVEN,REPLACEMENT PARTS,LCD,,,Pieces,,1,,,,,,Active,New,,NO FRAME LCD | NOKIA C21,,,,,,LCD-NOK-2959,,,,,,,
LCD SCREEN DISPLAY AND TOUCH BLACK NO FRAME | NOKIA C,,,RP-418,,TECH HEAVEN,REPLACEMENT PARTS,LCD,,,Pieces,,1,,,,,,Active,New,,NO FRAME LCD | NOKIA C22,,,,,,LCD-NOK-2960,,,,,,,
LCD SCREEN DISPLAY AND TOUCH BLACK NO FRAME | NOKIA C,,,RP-418,,TECH HEAVEN,REPLACEMENT PARTS,LCD,,,Pieces,,1,,,,,,Active,New,,NO FRAME LCD | NOKIA C30,,,,,,LCD-NOK-2961,,,,,,,
LCD SCREEN DISPLAY AND TOUCH BLACK NO FRAME | NOKIA C,,,RP-418,,TECH HEAVEN,REPLACEMENT PARTS,LCD,,,Pieces,,1,,,,,,Active,New,,NO FRAME LCD | NOKIA C31,,,,,,LCD-NOK-2962,,,,,,,
LCD SCREEN DISPLAY AND TOUCH BLACK NO FRAME | NOKIA C,,,RP-418,,TECH HEAVEN,REPLACEMENT PARTS,LCD,,,Pieces,,1,,,,,,Active,New,,NO FRAME LCD | NOKIA C32,,,,,,LCD-NOK-2963,,,,,,,
LCD SCREEN DISPLAY AND TOUCH BLACK NO FRAME | NOKIA G,,,RP-419,,TECH HEAVEN,REPLACEMENT PARTS,LCD,,,Pieces,,1,,,,,,Active,New,,NO FRAME LCD | NOKIA G10,,,,,,LCD-NOK-2964,,,,,,,
LCD SCREEN DISPLAY AND TOUCH BLACK NO FRAME | NOKIA G,,,RP-419,,TECH HEAVEN,REPLACEMENT PARTS,LCD,,,Pieces,,1,,,,,,Active,New,,NO FRAME LCD | NOKIA G11,,,,,,LCD-NOK-2965,,,,,,,
LCD SCREEN DISPLAY AND TOUCH BLACK NO FRAME | NOKIA G,,,RP-419,,TECH HEAVEN,REPLACEMENT PARTS,LCD,,,Pieces,,1,,,,,,Active,New,,NO FRAME LCD | NOKIA G20,,,,,,LCD-NOK-2966,,,,,,,
LCD SCREEN DISPLAY AND TOUCH BLACK NO FRAME | NOKIA G,,,RP-419,,TECH HEAVEN,REPLACEMENT PARTS,LCD,,,Pieces,,1,,,,,,Active,New,,NO FRAME LCD | NOKIA G21,,,,,,LCD-NOK-2967,,,,,,,
LCD SCREEN DISPLAY AND TOUCH BLACK NO FRAME | NOKIA G,,,RP-419,,TECH HEAVEN,REPLACEMENT PARTS,LCD,,,Pieces,,1,,,,,,Active,New,,NO FRAME LCD | NOKIA G22,,,,,,LCD-NOK-2968,,,,,,,
LCD SCREEN DISPLAY AND TOUCH BLACK NO FRAME | NOKIA G,,,RP-419,,TECH HEAVEN,REPLACEMENT PARTS,LCD,,,Pieces,,1,,,,,,Active,New,,NO FRAME LCD | NOKIA G42,,,,,,LCD-NOK-2969,,,,,,,
LCD SCREEN DISPLAY AND TOUCH BLACK NO FRAME | NOKIA G,,,RP-419,,TECH HEAVEN,REPLACEMENT PARTS,LCD,,,Pieces,,1,,,,,,Active,New,,NO FRAME LCD | NOKIA G50,,,,,,LCD-NOK-2970,,,,,,,
LCD SCREEN DISPLAY AND TOUCH BLACK NO FRAME | NOKIA X,,,RP-420,,TECH HEAVEN,REPLACEMENT PARTS,LCD,,,Pieces,,1,,,,,,Active,New,,NO FRAME LCD | NOKIA X,,,,,,LCD-NOK-2971,,,,,,,
LCD SCREEN DISPLAY AND TOUCH BLACK NO FRAME | NOKIA X,,,RP-420,,TECH HEAVEN,REPLACEMENT PARTS,LCD,,,Pieces,,1,,,,,,Active,New,,NO FRAME LCD | NOKIA X10,,,,,,LCD-NOK-2972,,,,,,,
LCD SCREEN DISPLAY AND TOUCH BLACK NO FRAME | NOKIA X,,,RP-420,,TECH HEAVEN,REPLACEMENT PARTS,LCD,,,Pieces,,1,,,,,,Active,New,,NO FRAME LCD | NOKIA X2,,,,,,LCD-NOK-2973,,,,,,,
LCD SCREEN DISPLAY AND TOUCH BLACK NO FRAME | NOKIA X,,,RP-420,,TECH HEAVEN,REPLACEMENT PARTS,LCD,,,Pieces,,1,,,,,,Active,New,,NO FRAME LCD | NOKIA X20,,,,,,LCD-NOK-2974,,,,,,,
LCD SCREEN DISPLAY AND TOUCH BLACK NO FRAME | NOKIA X,,,RP-420,,TECH HEAVEN,REPLACEMENT PARTS,LCD,,,Pieces,,1,,,,,,Active,New,,NO FRAME LCD | NOKIA X30,,,,,,LCD-NOK-2975,,,,,,,
LCD SCREEN DISPLAY AND TOUCH BLACK NO FRAME | NOKIA X,,,RP-420,,TECH HEAVEN,REPLACEMENT PARTS,LCD,,,Pieces,,1,,,,,,Active,New,,NO FRAME LCD | NOKIA XL,,,,,,LCD-NOK-2976,,,,,,,
LCD SCREEN DISPLAY AND TOUCH BLACK NO FRAME | NOKIA X,,,RP-420,,TECH HEAVEN,REPLACEMENT PARTS,LCD,,,Pieces,,1,,,,,,Active,New,,NO FRAME LCD | NOKIA XR20,,,,,,LCD-NOK-2977,,,,,,,
LCD SCREEN DISPLAY AND TOUCH BLACK NO FRAME | NOKIA X,,,RP-420,,TECH HEAVEN,REPLACEMENT PARTS,LCD,,,Pieces,,1,,,,,,Active,New,,NO FRAME LCD | NOKIA XR21,,,,,,LCD-NOK-2978,,,,,,,
LCD SCREEN DISPLAY TOUCH AND DIGITIZER ASSEMBLY FOR BLACK NO FRAME | HONOR,,,RP-421,,TECH HEAVEN,REPLACEMENT PARTS,LCD,,,Pieces,,1,,,,,,Active,New,,NO FRAME LCD | HONOR 10,,,,,,LCD-HONOR-2979,,,,,,,
LCD SCREEN DISPLAY TOUCH AND DIGITIZER ASSEMBLY FOR BLACK NO FRAME | HONOR,,,RP-421,,TECH HEAVEN,REPLACEMENT PARTS,LCD,,,Pieces,,1,,,,,,Active,New,,NO FRAME LCD | HONOR 100,,,,,,LCD-HONOR-2980,,,,,,,
LCD SCREEN DISPLAY TOUCH AND DIGITIZER ASSEMBLY FOR BLACK NO FRAME | HONOR,,,RP-421,,TECH HEAVEN,REPLACEMENT PARTS,LCD,,,Pieces,,1,,,,,,Active,New,,NO FRAME LCD | HONOR 20,,,,,,LCD-HONOR-2981,,,,,,,
LCD SCREEN DISPLAY TOUCH AND DIGITIZER ASSEMBLY FOR BLACK NO FRAME | HONOR,,,RP-421,,TECH HEAVEN,REPLACEMENT PARTS,LCD,,,Pieces,,1,,,,,,Active,New,,NO FRAME LCD | HONOR 20 PRO,,,,,,LCD-HONOR-2982,,,,,,,
LCD SCREEN DISPLAY TOUCH AND DIGITIZER ASSEMBLY FOR BLACK NO FRAME | HONOR,,,RP-421,,TECH HEAVEN,REPLACEMENT PARTS,LCD,,,Pieces,,1,,,,,,Active,New,,NO FRAME LCD | HONOR 200,,,,,,LCD-HONOR-2983,,,,,,,
LCD SCREEN DISPLAY TOUCH AND DIGITIZER ASSEMBLY FOR BLACK NO FRAME | HONOR,,,RP-421,,TECH HEAVEN,REPLACEMENT PARTS,LCD,,,Pieces,,1,,,,,,Active,New,,NO FRAME LCD | HONOR 30,,,,,,LCD-HONOR-2984,,,,,,,
LCD SCREEN DISPLAY TOUCH AND DIGITIZER ASSEMBLY FOR BLACK NO FRAME | HONOR,,,RP-421,,TECH HEAVEN,REPLACEMENT PARTS,LCD,,,Pieces,,1,,,,,,Active,New,,NO FRAME LCD | HONOR 30 PRO,,,,,,LCD-HONOR-2985,,,,,,,
LCD SCREEN DISPLAY TOUCH AND DIGITIZER ASSEMBLY FOR BLACK NO FRAME | HONOR,,,RP-421,,TECH HEAVEN,REPLACEMENT PARTS,LCD,,,Pieces,,1,,,,,,Active,New,,NO FRAME LCD | HONOR 50,,,,,,LCD-HONOR-2986,,,,,,,
LCD SCREEN DISPLAY TOUCH AND DIGITIZER ASSEMBLY FOR BLACK NO FRAME | HONOR,,,RP-421,,TECH HEAVEN,REPLACEMENT PARTS,LCD,,,Pieces,,1,,,,,,Active,New,,NO FRAME LCD | HONOR 50 LITE,,,,,,LCD-HONOR-2987,,,,,,,
LCD SCREEN DISPLAY TOUCH AND DIGITIZER ASSEMBLY FOR BLACK NO FRAME | HONOR,,,RP-421,,TECH HEAVEN,REPLACEMENT PARTS,LCD,,,Pieces,,1,,,,,,Active,New,,NO FRAME LCD | HONOR 6,,,,,,LCD-HONOR-2988,,,,,,,
LCD SCREEN DISPLAY TOUCH AND DIGITIZER ASSEMBLY FOR BLACK NO FRAME | HONOR,,,RP-421,,TECH HEAVEN,REPLACEMENT PARTS,LCD,,,Pieces,,1,,,,,,Active,New,,NO FRAME LCD | HONOR 60,,,,,,LCD-HONOR-2989,,,,,,,
LCD SCREEN DISPLAY TOUCH AND DIGITIZER ASSEMBLY FOR BLACK NO FRAME | HONOR,,,RP-421,,TECH HEAVEN,REPLACEMENT PARTS,LCD,,,Pieces,,1,,,,,,Active,New,,NO FRAME LCD | HONOR 7,,,,,,LCD-HONOR-2990,,,,,,,
LCD SCREEN DISPLAY TOUCH AND DIGITIZER ASSEMBLY FOR BLACK NO FRAME | HONOR,,,RP-421,,TECH HEAVEN,REPLACEMENT PARTS,LCD,,,Pieces,,1,,,,,,Active,New,,NO FRAME LCD | HONOR 70,,,,,,LCD-HONOR-2991,,,,,,,
LCD SCREEN DISPLAY TOUCH AND DIGITIZER ASSEMBLY FOR BLACK NO FRAME | HONOR,,,RP-421,,TECH HEAVEN,REPLACEMENT PARTS,LCD,,,Pieces,,1,,,,,,Active,New,,NO FRAME LCD | HONOR 7A,,,,,,LCD-HONOR-2992,,,,,,,
LCD SCREEN DISPLAY TOUCH AND DIGITIZER ASSEMBLY FOR BLACK NO FRAME | HONOR,,,RP-421,,TECH HEAVEN,REPLACEMENT PARTS,LCD,,,Pieces,,1,,,,,,Active,New,,NO FRAME LCD | HONOR 7C,,,,,,LCD-HONOR-2993,,,,,,,
LCD SCREEN DISPLAY TOUCH AND DIGITIZER ASSEMBLY FOR BLACK NO FRAME | HONOR,,,RP-421,,TECH HEAVEN,REPLACEMENT PARTS,LCD,,,Pieces,,1,,,,,,Active,New,,NO FRAME LCD | HONOR 8,,,,,,LCD-HONOR-2994,,,,,,,
LCD SCREEN DISPLAY TOUCH AND DIGITIZER ASSEMBLY FOR BLACK NO FRAME | HONOR,,,RP-421,,TECH HEAVEN,REPLACEMENT PARTS,LCD,,,Pieces,,1,,,,,,Active,New,,NO FRAME LCD | HONOR 80,,,,,,LCD-HONOR-2995,,,,,,,
LCD SCREEN DISPLAY TOUCH AND DIGITIZER ASSEMBLY FOR BLACK NO FRAME | HONOR,,,RP-421,,TECH HEAVEN,REPLACEMENT PARTS,LCD,,,Pieces,,1,,,,,,Active,New,,NO FRAME LCD | HONOR 8A,,,,,,LCD-HONOR-2996,,,,,,,
LCD SCREEN DISPLAY TOUCH AND DIGITIZER ASSEMBLY FOR BLACK NO FRAME | HONOR,,,RP-421,,TECH HEAVEN,REPLACEMENT PARTS,LCD,,,Pieces,,1,,,,,,Active,New,,NO FRAME LCD | HONOR 8C,,,,,,LCD-HONOR-2997,,,,,,,
LCD SCREEN DISPLAY TOUCH AND DIGITIZER ASSEMBLY FOR BLACK NO FRAME | HONOR,,,RP-421,,TECH HEAVEN,REPLACEMENT PARTS,LCD,,,Pieces,,1,,,,,,Active,New,,NO FRAME LCD | HONOR 8S,,,,,,LCD-HONOR-2998,,,,,,,
LCD SCREEN DISPLAY TOUCH AND DIGITIZER ASSEMBLY FOR BLACK NO FRAME | HONOR,,,RP-421,,TECH HEAVEN,REPLACEMENT PARTS,LCD,,,Pieces,,1,,,,,,Active,New,,NO FRAME LCD | HONOR 8X,,,,,,LCD-HONOR-2999,,,,,,,
LCD SCREEN DISPLAY TOUCH AND DIGITIZER ASSEMBLY FOR BLACK NO FRAME | HONOR,,,RP-421,,TECH HEAVEN,REPLACEMENT PARTS,LCD,,,Pieces,,1,,,,,,Active,New,,NO FRAME LCD | HONOR 9,,,,,,LCD-HONOR-3000,,,,,,,
LCD SCREEN DISPLAY TOUCH AND DIGITIZER ASSEMBLY FOR BLACK NO FRAME | HONOR,,,RP-421,,TECH HEAVEN,REPLACEMENT PARTS,LCD,,,Pieces,,1,,,,,,Active,New,,NO FRAME LCD | HONOR 90,,,,,,LCD-HONOR-3001,,,,,,,
LCD SCREEN DISPLAY TOUCH AND DIGITIZER ASSEMBLY FOR BLACK NO FRAME | HONOR,,,RP-421,,TECH HEAVEN,REPLACEMENT PARTS,LCD,,,Pieces,,1,,,,,,Active,New,,NO FRAME LCD | HONOR 90A,,,,,,LCD-HONOR-3002,,,,,,,
LCD SCREEN DISPLAY TOUCH AND DIGITIZER ASSEMBLY FOR BLACK NO FRAME | HONOR,,,RP-421,,TECH HEAVEN,REPLACEMENT PARTS,LCD,,,Pieces,,1,,,,,,Active,New,,NO FRAME LCD | HONOR 90C,,,,,,LCD-HONOR-3003,,,,,,,
LCD SCREEN DISPLAY TOUCH AND DIGITIZER ASSEMBLY FOR BLACK NO FRAME | HONOR MAGIC,,,RP-422,,TECH HEAVEN,REPLACEMENT PARTS,LCD,,,Pieces,,1,,,,,,Active,New,,NO FRAME LCD | HONOR MAGIC,,,,,,LCD-HONOR-3004,,,,,,,
LCD SCREEN DISPLAY TOUCH AND DIGITIZER ASSEMBLY FOR BLACK NO FRAME | HONOR MAGIC,,,RP-422,,TECH HEAVEN,REPLACEMENT PARTS,LCD,,,Pieces,,1,,,,,,Active,New,,NO FRAME LCD | HONOR MAGIC 2,,,,,,LCD-HONOR-3005,,,,,,,
LCD SCREEN DISPLAY TOUCH AND DIGITIZER ASSEMBLY FOR BLACK NO FRAME | HONOR MAGIC,,,RP-422,,TECH HEAVEN,REPLACEMENT PARTS,LCD,,,Pieces,,1,,,,,,Active,New,,NO FRAME LCD | HONOR MAGIC 3,,,,,,LCD-HONOR-3006,,,,,,,
LCD SCREEN DISPLAY TOUCH AND DIGITIZER ASSEMBLY FOR BLACK NO FRAME | HONOR MAGIC,,,RP-422,,TECH HEAVEN,REPLACEMENT PARTS,LCD,,,Pieces,,1,,,,,,Active,New,,NO FRAME LCD | HONOR MAGIC 4,,,,,,LCD-HONOR-3007,,,,,,,
LCD SCREEN DISPLAY TOUCH AND DIGITIZER ASSEMBLY FOR BLACK NO FRAME | HONOR MAGIC,,,RP-422,,TECH HEAVEN,REPLACEMENT PARTS,LCD,,,Pieces,,1,,,,,,Active,New,,NO FRAME LCD | HONOR MAGIC 5,,,,,,LCD-HONOR-3008,,,,,,,
LCD SCREEN DISPLAY TOUCH AND DIGITIZER ASSEMBLY FOR BLACK NO FRAME | HONOR MAGIC,,,RP-422,,TECH HEAVEN,REPLACEMENT PARTS,LCD,,,Pieces,,1,,,,,,Active,New,,NO FRAME LCD | HONOR MAGIC 6,,,,,,LCD-HONOR-3009,,,,,,,
LCD SCREEN DISPLAY TOUCH AND DIGITIZER ASSEMBLY FOR BLACK NO FRAME | HONOR MAGIC,,,RP-422,,TECH HEAVEN,REPLACEMENT PARTS,LCD,,,Pieces,,1,,,,,,Active,New,,NO FRAME LCD | HONOR MAGIC 7,,,,,,LCD-HONOR-3010,,,,,,,
LCD SCREEN DISPLAY TOUCH AND DIGITIZER ASSEMBLY FOR BLACK NO FRAME | HONOR MAGIC,,,RP-422,,TECH HEAVEN,REPLACEMENT PARTS,LCD,,,Pieces,,1,,,,,,Active,New,,NO FRAME LCD | HONOR MAGIC V,,,,,,LCD-HONOR-3011,,,,,,,
LCD SCREEN DISPLAY TOUCH AND DIGITIZER ASSEMBLY FOR BLACK NO FRAME | HONOR MAGIC,,,RP-422,,TECH HEAVEN,REPLACEMENT PARTS,LCD,,,Pieces,,1,,,,,,Active,New,,NO FRAME LCD | HONOR MAGIC V2,,,,,,LCD-HONOR-3012,,,,,,,
LCD SCREEN DISPLAY TOUCH AND DIGITIZER ASSEMBLY FOR BLACK NO FRAME | HONOR MAGIC,,,RP-422,,TECH HEAVEN,REPLACEMENT PARTS,LCD,,,Pieces,,1,,,,,,Active,New,,NO FRAME LCD | HONOR MAGIC V3,,,,,,LCD-HONOR-3013,,,,,,,
LCD SCREEN DISPLAY TOUCH AND DIGITIZER ASSEMBLY FOR BLACK NO FRAME | HONOR MAGIC,,,RP-422,,TECH HEAVEN,REPLACEMENT PARTS,LCD,,,Pieces,,1,,,,,,Active,New,,NO FRAME LCD | HONOR MAGIC VS,,,,,,LCD-HONOR-3014,,,,,,,
LCD SCREEN DISPLAY TOUCH AND DIGITIZER ASSEMBLY FOR BLACK NO FRAME | HONOR PLAY,,,RP-423,,TECH HEAVEN,REPLACEMENT PARTS,LCD,,,Pieces,,1,,,,,,Active,New,,NO FRAME LCD | HONOR PLAY,,,,,,LCD-HONOR-3015,,,,,,,
LCD SCREEN DISPLAY TOUCH AND DIGITIZER ASSEMBLY FOR BLACK NO FRAME | HONOR PLAY,,,RP-423,,TECH HEAVEN,REPLACEMENT PARTS,LCD,,,Pieces,,1,,,,,,Active,New,,NO FRAME LCD | HONOR PLAY 3,,,,,,LCD-HONOR-3016,,,,,,,
LCD SCREEN DISPLAY TOUCH AND DIGITIZER ASSEMBLY FOR BLACK NO FRAME | HONOR PLAY,,,RP-423,,TECH HEAVEN,REPLACEMENT PARTS,LCD,,,Pieces,,1,,,,,,Active,New,,NO FRAME LCD | HONOR PLAY 4,,,,,,LCD-HONOR-3017,,,,,,,
LCD SCREEN DISPLAY TOUCH AND DIGITIZER ASSEMBLY FOR BLACK NO FRAME | HONOR PLAY,,,RP-423,,TECH HEAVEN,REPLACEMENT PARTS,LCD,,,Pieces,,1,,,,,,Active,New,,NO FRAME LCD | HONOR PLAY 5,,,,,,LCD-HONOR-3018,,,,,,,
LCD SCREEN DISPLAY TOUCH AND DIGITIZER ASSEMBLY FOR BLACK NO FRAME | HONOR PLAY,,,RP-423,,TECH HEAVEN,REPLACEMENT PARTS,LCD,,,Pieces,,1,,,,,,Active,New,,NO FRAME LCD | HONOR PLAY 6,,,,,,LCD-HONOR-3019,,,,,,,
LCD SCREEN DISPLAY TOUCH AND DIGITIZER ASSEMBLY FOR BLACK NO FRAME | HONOR V,,,RP-424,,TECH HEAVEN,REPLACEMENT PARTS,LCD,,,Pieces,,1,,,,,,Active,New,,NO FRAME LCD | HONOR V20,,,,,,LCD-HONOR-3020,,,,,,,
LCD SCREEN DISPLAY TOUCH AND DIGITIZER ASSEMBLY FOR BLACK NO FRAME | HONOR V,,,RP-424,,TECH HEAVEN,REPLACEMENT PARTS,LCD,,,Pieces,,1,,,,,,Active,New,,NO FRAME LCD | HONOR V30,,,,,,LCD-HONOR-3021,,,,,,,
LCD SCREEN DISPLAY TOUCH AND DIGITIZER ASSEMBLY FOR BLACK NO FRAME | HONOR V,,,RP-424,,TECH HEAVEN,REPLACEMENT PARTS,LCD,,,Pieces,,1,,,,,,Active,New,,NO FRAME LCD | HONOR V40,,,,,,LCD-HONOR-3022,,,,,,,
LCD SCREEN DISPLAY TOUCH AND DIGITIZER ASSEMBLY FOR BLACK NO FRAME | HONOR V,,,RP-424,,TECH HEAVEN,REPLACEMENT PARTS,LCD,,,Pieces,,1,,,,,,Active,New,,NO FRAME LCD | HONOR VIEW 10,,,,,,LCD-HONOR-3023,,,,,,,
LCD SCREEN DISPLAY TOUCH AND DIGITIZER ASSEMBLY FOR BLACK NO FRAME | HONOR V,,,RP-424,,TECH HEAVEN,REPLACEMENT PARTS,LCD,,,Pieces,,1,,,,,,Active,New,,NO FRAME LCD | HONOR VIEW 20,,,,,,LCD-HONOR-3024,,,,,,,
LCD SCREEN DISPLAY TOUCH AND DIGITIZER ASSEMBLY FOR BLACK NO FRAME | HONOR X,,,RP-425,,TECH HEAVEN,REPLACEMENT PARTS,LCD,,,Pieces,,1,,,,,,Active,New,,NO FRAME LCD | HONOR X10,,,,,,LCD-HONOR-3025,,,,,,,
LCD SCREEN DISPLAY TOUCH AND DIGITIZER ASSEMBLY FOR BLACK NO FRAME | HONOR X,,,RP-425,,TECH HEAVEN,REPLACEMENT PARTS,LCD,,,Pieces,,1,,,,,,Active,New,,NO FRAME LCD | HONOR X20,,,,,,LCD-HONOR-3026,,,,,,,
LCD SCREEN DISPLAY TOUCH AND DIGITIZER ASSEMBLY FOR BLACK NO FRAME | HONOR X,,,RP-425,,TECH HEAVEN,REPLACEMENT PARTS,LCD,,,Pieces,,1,,,,,,Active,New,,NO FRAME LCD | HONOR X30,,,,,,LCD-HONOR-3027,,,,,,,
LCD SCREEN DISPLAY TOUCH AND DIGITIZER ASSEMBLY FOR BLACK NO FRAME | HONOR X,,,RP-425,,TECH HEAVEN,REPLACEMENT PARTS,LCD,,,Pieces,,1,,,,,,Active,New,,NO FRAME LCD | HONOR X40,,,,,,LCD-HONOR-3028,,,,,,,
LCD SCREEN DISPLAY TOUCH AND DIGITIZER ASSEMBLY FOR BLACK NO FRAME | HONOR X,,,RP-425,,TECH HEAVEN,REPLACEMENT PARTS,LCD,,,Pieces,,1,,,,,,Active,New,,NO FRAME LCD | HONOR X5,,,,,,LCD-HONOR-3029,,,,,,,
LCD SCREEN DISPLAY TOUCH AND DIGITIZER ASSEMBLY FOR BLACK NO FRAME | HONOR X,,,RP-425,,TECH HEAVEN,REPLACEMENT PARTS,LCD,,,Pieces,,1,,,,,,Active,New,,NO FRAME LCD | HONOR X50,,,,,,LCD-HONOR-3030,,,,,,,
LCD SCREEN DISPLAY TOUCH AND DIGITIZER ASSEMBLY FOR BLACK NO FRAME | HONOR X,,,RP-425,,TECH HEAVEN,REPLACEMENT PARTS,LCD,,,Pieces,,1,,,,,,Active,New,,NO FRAME LCD | HONOR X6,,,,,,LCD-HONOR-3031,,,,,,,
LCD SCREEN DISPLAY TOUCH AND DIGITIZER ASSEMBLY FOR BLACK NO FRAME | HONOR X,,,RP-425,,TECH HEAVEN,REPLACEMENT PARTS,LCD,,,Pieces,,1,,,,,,Active,New,,NO FRAME LCD | HONOR X60,,,,,,LCD-HONOR-3032,,,,,,,
LCD SCREEN DISPLAY TOUCH AND DIGITIZER ASSEMBLY FOR BLACK NO FRAME | HONOR X,,,RP-425,,TECH HEAVEN,REPLACEMENT PARTS,LCD,,,Pieces,,1,,,,,,Active,New,,NO FRAME LCD | HONOR X7,,,,,,LCD-HONOR-3033,,,,,,,
LCD SCREEN DISPLAY TOUCH AND DIGITIZER ASSEMBLY FOR BLACK NO FRAME | HONOR X,,,RP-425,,TECH HEAVEN,REPLACEMENT PARTS,LCD,,,Pieces,,1,,,,,,Active,New,,NO FRAME LCD | HONOR X8,,,,,,LCD-HONOR-3034,,,,,,,
LCD SCREEN DISPLAY TOUCH AND DIGITIZER ASSEMBLY FOR BLACK NO FRAME | HONOR X,,,RP-425,,TECH HEAVEN,REPLACEMENT PARTS,LCD,,,Pieces,,1,,,,,,Active,New,,NO FRAME LCD | HONOR X9,,,,,,LCD-HONOR-3035,,,,,,,
LCD SCREEN DISPLAY TOUCH AND DIGITIZER ASSEMBLY FOR BLACK NO FRAME | HUAWEI ENJOY,,,RP-426,,HUAWEI,REPLACEMENT PARTS,LCD,,,Pieces,,1,,,,,,Active,New,,NO FRAME LCD | HUAWEI ENJOY 10,,,,,,LCD-HUA-3036,,,,,,,
LCD SCREEN DISPLAY TOUCH AND DIGITIZER ASSEMBLY FOR BLACK NO FRAME | HUAWEI ENJOY,,,RP-426,,HUAWEI,REPLACEMENT PARTS,LCD,,,Pieces,,1,,,,,,Active,New,,NO FRAME LCD | HUAWEI ENJOY 20,,,,,,LCD-HUA-3037,,,,,,,
LCD SCREEN DISPLAY TOUCH AND DIGITIZER ASSEMBLY FOR BLACK NO FRAME | HUAWEI ENJOY,,,RP-426,,HUAWEI,REPLACEMENT PARTS,LCD,,,Pieces,,1,,,,,,Active,New,,NO FRAME LCD | HUAWEI ENJOY 5,,,,,,LCD-HUA-3038,,,,,,,
LCD SCREEN DISPLAY TOUCH AND DIGITIZER ASSEMBLY FOR BLACK NO FRAME | HUAWEI ENJOY,,,RP-426,,HUAWEI,REPLACEMENT PARTS,LCD,,,Pieces,,1,,,,,,Active,New,,NO FRAME LCD | HUAWEI ENJOY 50,,,,,,LCD-HUA-3039,,,,,,,
LCD SCREEN DISPLAY TOUCH AND DIGITIZER ASSEMBLY FOR BLACK NO FRAME | HUAWEI ENJOY,,,RP-426,,HUAWEI,REPLACEMENT PARTS,LCD,,,Pieces,,1,,,,,,Active,New,,NO FRAME LCD | HUAWEI ENJOY 6,,,,,,LCD-HUA-3040,,,,,,,
LCD SCREEN DISPLAY TOUCH AND DIGITIZER ASSEMBLY FOR BLACK NO FRAME | HUAWEI ENJOY,,,RP-426,,HUAWEI,REPLACEMENT PARTS,LCD,,,Pieces,,1,,,,,,Active,New,,NO FRAME LCD | HUAWEI ENJOY 60,,,,,,LCD-HUA-3041,,,,,,,
LCD SCREEN DISPLAY TOUCH AND DIGITIZER ASSEMBLY FOR BLACK NO FRAME | HUAWEI ENJOY,,,RP-426,,HUAWEI,REPLACEMENT PARTS,LCD,,,Pieces,,1,,,,,,Active,New,,NO FRAME LCD | HUAWEI ENJOY 7,,,,,,LCD-HUA-3042,,,,,,,
LCD SCREEN DISPLAY TOUCH AND DIGITIZER ASSEMBLY FOR BLACK NO FRAME | HUAWEI ENJOY,,,RP-426,,HUAWEI,REPLACEMENT PARTS,LCD,,,Pieces,,1,,,,,,Active,New,,NO FRAME LCD | HUAWEI ENJOY 70,,,,,,LCD-HUA-3043,,,,,,,
LCD SCREEN DISPLAY TOUCH AND DIGITIZER ASSEMBLY FOR BLACK NO FRAME | HUAWEI ENJOY,,,RP-426,,HUAWEI,REPLACEMENT PARTS,LCD,,,Pieces,,1,,,,,,Active,New,,NO FRAME LCD | HUAWEI ENJOY 8,,,,,,LCD-HUA-3044,,,,,,,
LCD SCREEN DISPLAY TOUCH AND DIGITIZER ASSEMBLY FOR BLACK NO FRAME | HUAWEI ENJOY,,,RP-426,,HUAWEI,REPLACEMENT PARTS,LCD,,,Pieces,,1,,,,,,Active,New,,NO FRAME LCD | HUAWEI ENJOY 9,,,,,,LCD-HUA-3045,,,,,,,
LCD SCREEN DISPLAY TOUCH AND DIGITIZER ASSEMBLY FOR BLACK NO FRAME | HUAWEI MATE,,,RP-427,,HUAWEI,REPLACEMENT PARTS,LCD,,,Pieces,,1,,,,,,Active,New,,NO FRAME LCD | HUAWEI MATE 10,,,,,,LCD-HUA-3046,,,,,,,
LCD SCREEN DISPLAY TOUCH AND DIGITIZER ASSEMBLY FOR BLACK NO FRAME | HUAWEI MATE,,,RP-427,,HUAWEI,REPLACEMENT PARTS,LCD,,,Pieces,,1,,,,,,Active,New,,NO FRAME LCD | HUAWEI MATE 20,,,,,,LCD-HUA-3047,,,,,,,
LCD SCREEN DISPLAY TOUCH AND DIGITIZER ASSEMBLY FOR BLACK NO FRAME | HUAWEI MATE,,,RP-427,,HUAWEI,REPLACEMENT PARTS,LCD,,,Pieces,,1,,,,,,Active,New,,NO FRAME LCD | HUAWEI MATE 30,,,,,,LCD-HUA-3048,,,,,,,
LCD SCREEN DISPLAY TOUCH AND DIGITIZER ASSEMBLY FOR BLACK NO FRAME | HUAWEI MATE,,,RP-427,,HUAWEI,REPLACEMENT PARTS,LCD,,,Pieces,,1,,,,,,Active,New,,NO FRAME LCD | HUAWEI MATE 40,,,,,,LCD-HUA-3049,,,,,,,
LCD SCREEN DISPLAY TOUCH AND DIGITIZER ASSEMBLY FOR BLACK NO FRAME | HUAWEI MATE,,,RP-427,,HUAWEI,REPLACEMENT PARTS,LCD,,,Pieces,,1,,,,,,Active,New,,NO FRAME LCD | HUAWEI MATE 50,,,,,,LCD-HUA-3050,,,,,,,
LCD SCREEN DISPLAY TOUCH AND DIGITIZER ASSEMBLY FOR BLACK NO FRAME | HUAWEI MATE,,,RP-427,,HUAWEI,REPLACEMENT PARTS,LCD,,,Pieces,,1,,,,,,Active,New,,NO FRAME LCD | HUAWEI MATE 60,,,,,,LCD-HUA-3051,,,,,,,
LCD SCREEN DISPLAY TOUCH AND DIGITIZER ASSEMBLY FOR BLACK NO FRAME | HUAWEI MATE,,,RP-427,,HUAWEI,REPLACEMENT PARTS,LCD,,,Pieces,,1,,,,,,Active,New,,NO FRAME LCD | HUAWEI MATE 7,,,,,,LCD-HUA-3052,,,,,,,
LCD SCREEN DISPLAY TOUCH AND DIGITIZER ASSEMBLY FOR BLACK NO FRAME | HUAWEI MATE,,,RP-427,,HUAWEI,REPLACEMENT PARTS,LCD,,,Pieces,,1,,,,,,Active,New,,NO FRAME LCD | HUAWEI MATE 70,,,,,,LCD-HUA-3053,,,,,,,
LCD SCREEN DISPLAY TOUCH AND DIGITIZER ASSEMBLY FOR BLACK NO FRAME | HUAWEI MATE,,,RP-427,,HUAWEI,REPLACEMENT PARTS,LCD,,,Pieces,,1,,,,,,Active,New,,NO FRAME LCD | HUAWEI MATE 8,,,,,,LCD-HUA-3054,,,,,,,
LCD SCREEN DISPLAY TOUCH AND DIGITIZER ASSEMBLY FOR BLACK NO FRAME | HUAWEI MATE,,,RP-427,,HUAWEI,REPLACEMENT PARTS,LCD,,,Pieces,,1,,,,,,Active,New,,NO FRAME LCD | HUAWEI MATE 9,,,,,,LCD-HUA-3055,,,,,,,
LCD SCREEN DISPLAY TOUCH AND DIGITIZER ASSEMBLY FOR BLACK NO FRAME | HUAWEI MATE,,,RP-427,,HUAWEI,REPLACEMENT PARTS,LCD,,,Pieces,,1,,,,,,Active,New,,NO FRAME LCD | HUAWEI MATE X,,,,,,LCD-HUA-3056,,,,,,,
LCD SCREEN DISPLAY TOUCH AND DIGITIZER ASSEMBLY FOR BLACK NO FRAME | HUAWEI MATE,,,RP-427,,HUAWEI,REPLACEMENT PARTS,LCD,,,Pieces,,1,,,,,,Active,New,,NO FRAME LCD | HUAWEI MATE X2,,,,,,LCD-HUA-3057,,,,,,,
LCD SCREEN DISPLAY TOUCH AND DIGITIZER ASSEMBLY FOR BLACK NO FRAME | HUAWEI MATE,,,RP-427,,HUAWEI,REPLACEMENT PARTS,LCD,,,Pieces,,1,,,,,,Active,New,,NO FRAME LCD | HUAWEI MATE X3,,,,,,LCD-HUA-3058,,,,,,,
LCD SCREEN DISPLAY TOUCH AND DIGITIZER ASSEMBLY FOR BLACK NO FRAME | HUAWEI MATE,,,RP-427,,HUAWEI,REPLACEMENT PARTS,LCD,,,Pieces,,1,,,,,,Active,New,,NO FRAME LCD | HUAWEI MATE X5,,,,,,LCD-HUA-3059,,,,,,,
LCD SCREEN DISPLAY TOUCH AND DIGITIZER ASSEMBLY FOR BLACK NO FRAME | HUAWEI NOVA,,,RP-428,,HUAWEI,REPLACEMENT PARTS,LCD,,,Pieces,,1,,,,,,Active,New,,NO FRAME LCD | HUAWEI NOVA,,,,,,LCD-HUA-3060,,,,,,,
LCD SCREEN DISPLAY TOUCH AND DIGITIZER ASSEMBLY FOR BLACK NO FRAME | HUAWEI NOVA,,,RP-428,,HUAWEI,REPLACEMENT PARTS,LCD,,,Pieces,,1,,,,,,Active,New,,NO FRAME LCD | HUAWEI NOVA 10,,,,,,LCD-HUA-3061,,,,,,,
LCD SCREEN DISPLAY TOUCH AND DIGITIZER ASSEMBLY FOR BLACK NO FRAME | HUAWEI NOVA,,,RP-428,,HUAWEI,REPLACEMENT PARTS,LCD,,,Pieces,,1,,,,,,Active,New,,NO FRAME LCD | HUAWEI NOVA 11,,,,,,LCD-HUA-3062,,,,,,,
LCD SCREEN DISPLAY TOUCH AND DIGITIZER ASSEMBLY FOR BLACK NO FRAME | HUAWEI NOVA,,,RP-428,,HUAWEI,REPLACEMENT PARTS,LCD,,,Pieces,,1,,,,,,Active,New,,NO FRAME LCD | HUAWEI NOVA 12,,,,,,LCD-HUA-3063,,,,,,,
LCD SCREEN DISPLAY TOUCH AND DIGITIZER ASSEMBLY FOR BLACK NO FRAME | HUAWEI NOVA,,,RP-428,,HUAWEI,REPLACEMENT PARTS,LCD,,,Pieces,,1,,,,,,Active,New,,NO FRAME LCD | HUAWEI NOVA 2,,,,,,LCD-HUA-3064,,,,,,,
LCD SCREEN DISPLAY TOUCH AND DIGITIZER ASSEMBLY FOR BLACK NO FRAME | HUAWEI NOVA,,,RP-428,,HUAWEI,REPLACEMENT PARTS,LCD,,,Pieces,,1,,,,,,Active,New,,NO FRAME LCD | HUAWEI NOVA 3,,,,,,LCD-HUA-3065,,,,,,,
LCD SCREEN DISPLAY TOUCH AND DIGITIZER ASSEMBLY FOR BLACK NO FRAME | HUAWEI NOVA,,,RP-428,,HUAWEI,REPLACEMENT PARTS,LCD,,,Pieces,,1,,,,,,Active,New,,NO FRAME LCD | HUAWEI NOVA 4,,,,,,LCD-HUA-3066,,,,,,,
LCD SCREEN DISPLAY TOUCH AND DIGITIZER ASSEMBLY FOR BLACK NO FRAME | HUAWEI NOVA,,,RP-428,,HUAWEI,REPLACEMENT PARTS,LCD,,,Pieces,,1,,,,,,Active,New,,NO FRAME LCD | HUAWEI NOVA 5T,,,,,,LCD-HUA-3067,,,,,,,
LCD SCREEN DISPLAY TOUCH AND DIGITIZER ASSEMBLY FOR BLACK NO FRAME | HUAWEI NOVA,,,RP-428,,HUAWEI,REPLACEMENT PARTS,LCD,,,Pieces,,1,,,,,,Active,New,,NO FRAME LCD | HUAWEI NOVA 7,,,,,,LCD-HUA-3068,,,,,,,
LCD SCREEN DISPLAY TOUCH AND DIGITIZER ASSEMBLY FOR BLACK NO FRAME | HUAWEI NOVA,,,RP-428,,HUAWEI,REPLACEMENT PARTS,LCD,,,Pieces,,1,,,,,,Active,New,,NO FRAME LCD | HUAWEI NOVA 8,,,,,,LCD-HUA-3069,,,,,,,
LCD SCREEN DISPLAY TOUCH AND DIGITIZER ASSEMBLY FOR BLACK NO FRAME | HUAWEI NOVA,,,RP-428,,HUAWEI,REPLACEMENT PARTS,LCD,,,Pieces,,1,,,,,,Active,New,,NO FRAME LCD | HUAWEI NOVA 9,,,,,,LCD-HUA-3070,,,,,,,
LCD SCREEN DISPLAY TOUCH AND DIGITIZER ASSEMBLY FOR BLACK NO FRAME | HUAWEI P,,,RP-429,,HUAWEI,REPLACEMENT PARTS,LCD,,,Pieces,,1,,,,,,Active,New,,NO FRAME LCD | HUAWEI P10 ,,,,,,LCD-HUA-3071,,,,,,,
LCD SCREEN DISPLAY TOUCH AND DIGITIZER ASSEMBLY FOR BLACK NO FRAME | HUAWEI P,,,RP-429,,HUAWEI,REPLACEMENT PARTS,LCD,,,Pieces,,1,,,,,,Active,New,,NO FRAME LCD | HUAWEI P10 LITE,,,,,,LCD-HUA-3072,,,,,,,
LCD SCREEN DISPLAY TOUCH AND DIGITIZER ASSEMBLY FOR BLACK NO FRAME | HUAWEI P,,,RP-429,,HUAWEI,REPLACEMENT PARTS,LCD,,,Pieces,,1,,,,,,Active,New,,NO FRAME LCD | HUAWEI P20,,,,,,LCD-HUA-3073,,,,,,,
LCD SCREEN DISPLAY TOUCH AND DIGITIZER ASSEMBLY FOR BLACK NO FRAME | HUAWEI P,,,RP-429,,HUAWEI,REPLACEMENT PARTS,LCD,,,Pieces,,1,,,,,,Active,New,,NO FRAME LCD | HUAWEI P20 LITE,,,,,,LCD-HUA-3074,,,,,,,
LCD SCREEN DISPLAY TOUCH AND DIGITIZER ASSEMBLY FOR BLACK NO FRAME | HUAWEI P,,,RP-429,,HUAWEI,REPLACEMENT PARTS,LCD,,,Pieces,,1,,,,,,Active,New,,NO FRAME LCD | HUAWEI P20 PRO,,,,,,LCD-HUA-3075,,,,,,,
LCD SCREEN DISPLAY TOUCH AND DIGITIZER ASSEMBLY FOR BLACK NO FRAME | HUAWEI P,,,RP-429,,HUAWEI,REPLACEMENT PARTS,LCD,,,Pieces,,1,,,,,,Active,New,,NO FRAME LCD | HUAWEI P30,,,,,,LCD-HUA-3076,,,,,,,
LCD SCREEN DISPLAY TOUCH AND DIGITIZER ASSEMBLY FOR BLACK NO FRAME | HUAWEI P,,,RP-429,,HUAWEI,REPLACEMENT PARTS,LCD,,,Pieces,,1,,,,,,Active,New,,NO FRAME LCD | HUAWEI P30 LITE,,,,,,LCD-HUA-3077,,,,,,,
LCD SCREEN DISPLAY TOUCH AND DIGITIZER ASSEMBLY FOR BLACK NO FRAME | HUAWEI P,,,RP-429,,HUAWEI,REPLACEMENT PARTS,LCD,,,Pieces,,1,,,,,,Active,New,,NO FRAME LCD | HUAWEI P30 PRO,,,,,,LCD-HUA-3078,,,,,,,
LCD SCREEN DISPLAY TOUCH AND DIGITIZER ASSEMBLY FOR BLACK NO FRAME | HUAWEI P,,,RP-429,,HUAWEI,REPLACEMENT PARTS,LCD,,,Pieces,,1,,,,,,Active,New,,NO FRAME LCD | HUAWEI P40,,,,,,LCD-HUA-3079,,,,,,,
LCD SCREEN DISPLAY TOUCH AND DIGITIZER ASSEMBLY FOR BLACK NO FRAME | HUAWEI P,,,RP-429,,HUAWEI,REPLACEMENT PARTS,LCD,,,Pieces,,1,,,,,,Active,New,,NO FRAME LCD | HUAWEI P40 LITE,,,,,,LCD-HUA-3080,,,,,,,
LCD SCREEN DISPLAY TOUCH AND DIGITIZER ASSEMBLY FOR BLACK NO FRAME | HUAWEI P,,,RP-429,,HUAWEI,REPLACEMENT PARTS,LCD,,,Pieces,,1,,,,,,Active,New,,NO FRAME LCD | HUAWEI P40 PRO,,,,,,LCD-HUA-3081,,,,,,,
LCD SCREEN DISPLAY TOUCH AND DIGITIZER ASSEMBLY FOR BLACK NO FRAME | HUAWEI P,,,RP-429,,HUAWEI,REPLACEMENT PARTS,LCD,,,Pieces,,1,,,,,,Active,New,,NO FRAME LCD | HUAWEI P50,,,,,,LCD-HUA-3082,,,,,,,
LCD SCREEN DISPLAY TOUCH AND DIGITIZER ASSEMBLY FOR BLACK NO FRAME | HUAWEI P,,,RP-429,,HUAWEI,REPLACEMENT PARTS,LCD,,,Pieces,,1,,,,,,Active,New,,NO FRAME LCD | HUAWEI P50 PRO,,,,,,LCD-HUA-3083,,,,,,,
LCD SCREEN DISPLAY TOUCH AND DIGITIZER ASSEMBLY FOR BLACK NO FRAME | HUAWEI P,,,RP-429,,HUAWEI,REPLACEMENT PARTS,LCD,,,Pieces,,1,,,,,,Active,New,,NO FRAME LCD | HUAWEI P60,,,,,,LCD-HUA-3084,,,,,,,
LCD SCREEN DISPLAY TOUCH AND DIGITIZER ASSEMBLY FOR BLACK NO FRAME | HUAWEI P,,,RP-429,,HUAWEI,REPLACEMENT PARTS,LCD,,,Pieces,,1,,,,,,Active,New,,NO FRAME LCD | HUAWEI P60 PRO,,,,,,LCD-HUA-3085,,,,,,,
LCD SCREEN DISPLAY TOUCH AND DIGITIZER ASSEMBLY FOR BLACK NO FRAME | HUAWEI P,,,RP-429,,HUAWEI,REPLACEMENT PARTS,LCD,,,Pieces,,1,,,,,,Active,New,,NO FRAME LCD | HUAWEI P8,,,,,,LCD-HUA-3086,,,,,,,
LCD SCREEN DISPLAY TOUCH AND DIGITIZER ASSEMBLY FOR BLACK NO FRAME | HUAWEI P,,,RP-429,,HUAWEI,REPLACEMENT PARTS,LCD,,,Pieces,,1,,,,,,Active,New,,NO FRAME LCD | HUAWEI P8 LITE,,,,,,LCD-HUA-3087,,,,,,,
LCD SCREEN DISPLAY TOUCH AND DIGITIZER ASSEMBLY FOR BLACK NO FRAME | HUAWEI P,,,RP-429,,HUAWEI,REPLACEMENT PARTS,LCD,,,Pieces,,1,,,,,,Active,New,,NO FRAME LCD | HUAWEI P9,,,,,,LCD-HUA-3088,,,,,,,
LCD SCREEN DISPLAY TOUCH AND DIGITIZER ASSEMBLY FOR BLACK NO FRAME | HUAWEI P,,,RP-429,,HUAWEI,REPLACEMENT PARTS,LCD,,,Pieces,,1,,,,,,Active,New,,NO FRAME LCD | HUAWEI P9 LITE,,,,,,LCD-HUA-3089,,,,,,,
LCD SCREEN DISPLAY TOUCH AND DIGITIZER ASSEMBLY FOR BLACK NO FRAME | HUAWEI P,,,RP-429,,HUAWEI,REPLACEMENT PARTS,LCD,,,Pieces,,1,,,,,,Active,New,,NO FRAME LCD | HUAWEI PURA 70,,,,,,LCD-HUA-3090,,,,,,,
LCD SCREEN DISPLAY TOUCH AND DIGITIZER ASSEMBLY FOR BLACK NO FRAME | HUAWEI P,,,RP-429,,HUAWEI,REPLACEMENT PARTS,LCD,,,Pieces,,1,,,,,,Active,New,,NO FRAME LCD | HUAWEI PURA 70 PRO,,,,,,LCD-HUA-3091,,,,,,,
LCD SCREEN DISPLAY TOUCH AND DIGITIZER ASSEMBLY FOR BLACK NO FRAME | HUAWEI Y,,,RP-430,,HUAWEI,REPLACEMENT PARTS,LCD,,,Pieces,,1,,,,,,Active,New,,NO FRAME LCD | HUAWEI Y3,,,,,,LCD-HUA-3092,,,,,,,
LCD SCREEN DISPLAY TOUCH AND DIGITIZER ASSEMBLY FOR BLACK NO FRAME | HUAWEI Y,,,RP-430,,HUAWEI,REPLACEMENT PARTS,LCD,,,Pieces,,1,,,,,,Active,New,,NO FRAME LCD | HUAWEI Y5,,,,,,LCD-HUA-3093,,,,,,,
LCD SCREEN DISPLAY TOUCH AND DIGITIZER ASSEMBLY FOR BLACK NO FRAME | HUAWEI Y,,,RP-430,,HUAWEI,REPLACEMENT PARTS,LCD,,,Pieces,,1,,,,,,Active,New,,NO FRAME LCD | HUAWEI Y6,,,,,,LCD-HUA-3094,,,,,,,
LCD SCREEN DISPLAY TOUCH AND DIGITIZER ASSEMBLY FOR BLACK NO FRAME | HUAWEI Y,,,RP-430,,HUAWEI,REPLACEMENT PARTS,LCD,,,Pieces,,1,,,,,,Active,New,,NO FRAME LCD | HUAWEI Y7,,,,,,LCD-HUA-3095,,,,,,,
LCD SCREEN DISPLAY TOUCH AND DIGITIZER ASSEMBLY FOR BLACK NO FRAME | HUAWEI Y,,,RP-430,,HUAWEI,REPLACEMENT PARTS,LCD,,,Pieces,,1,,,,,,Active,New,,NO FRAME LCD | HUAWEI Y9,,,,,,LCD-HUA-3096,,,,,,,
LCD SCREEN DISPLAY TOUCH AND DIGITIZER ASSEMBLY FOR BLACK WITH FRAME | HONOR,,,RP-431,,TECH HEAVEN,REPLACEMENT PARTS,LCD,,,Pieces,,1,,,,,,Active,New,,LCD WITH FRAME | HONOR 10,,,,,,LCD-HON-3097,,,,,,,
LCD SCREEN DISPLAY TOUCH AND DIGITIZER ASSEMBLY FOR BLACK WITH FRAME | HONOR,,,RP-431,,TECH HEAVEN,REPLACEMENT PARTS,LCD,,,Pieces,,1,,,,,,Active,New,,LCD WITH FRAME | HONOR 100,,,,,,LCD-HON-3098,,,,,,,
LCD SCREEN DISPLAY TOUCH AND DIGITIZER ASSEMBLY FOR BLACK WITH FRAME | HONOR,,,RP-431,,TECH HEAVEN,REPLACEMENT PARTS,LCD,,,Pieces,,1,,,,,,Active,New,,LCD WITH FRAME | HONOR 20,,,,,,LCD-HON-3099,,,,,,,
LCD SCREEN DISPLAY TOUCH AND DIGITIZER ASSEMBLY FOR BLACK WITH FRAME | HONOR,,,RP-431,,TECH HEAVEN,REPLACEMENT PARTS,LCD,,,Pieces,,1,,,,,,Active,New,,LCD WITH FRAME | HONOR 20 PRO,,,,,,LCD-HON-3100,,,,,,,
LCD SCREEN DISPLAY TOUCH AND DIGITIZER ASSEMBLY FOR BLACK WITH FRAME | HONOR,,,RP-431,,TECH HEAVEN,REPLACEMENT PARTS,LCD,,,Pieces,,1,,,,,,Active,New,,LCD WITH FRAME | HONOR 200,,,,,,LCD-HON-3101,,,,,,,
LCD SCREEN DISPLAY TOUCH AND DIGITIZER ASSEMBLY FOR BLACK WITH FRAME | HONOR,,,RP-431,,TECH HEAVEN,REPLACEMENT PARTS,LCD,,,Pieces,,1,,,,,,Active,New,,LCD WITH FRAME | HONOR 30,,,,,,LCD-HON-3102,,,,,,,
LCD SCREEN DISPLAY TOUCH AND DIGITIZER ASSEMBLY FOR BLACK WITH FRAME | HONOR,,,RP-431,,TECH HEAVEN,REPLACEMENT PARTS,LCD,,,Pieces,,1,,,,,,Active,New,,LCD WITH FRAME | HONOR 30 PRO,,,,,,LCD-HON-3103,,,,,,,
LCD SCREEN DISPLAY TOUCH AND DIGITIZER ASSEMBLY FOR BLACK WITH FRAME | HONOR,,,RP-431,,TECH HEAVEN,REPLACEMENT PARTS,LCD,,,Pieces,,1,,,,,,Active,New,,LCD WITH FRAME | HONOR 50,,,,,,LCD-HON-3104,,,,,,,
LCD SCREEN DISPLAY TOUCH AND DIGITIZER ASSEMBLY FOR BLACK WITH FRAME | HONOR,,,RP-431,,TECH HEAVEN,REPLACEMENT PARTS,LCD,,,Pieces,,1,,,,,,Active,New,,LCD WITH FRAME | HONOR 50 LITE,,,,,,LCD-HON-3105,,,,,,,
LCD SCREEN DISPLAY TOUCH AND DIGITIZER ASSEMBLY FOR BLACK WITH FRAME | HONOR,,,RP-431,,TECH HEAVEN,REPLACEMENT PARTS,LCD,,,Pieces,,1,,,,,,Active,New,,LCD WITH FRAME | HONOR 6,,,,,,LCD-HON-3106,,,,,,,
LCD SCREEN DISPLAY TOUCH AND DIGITIZER ASSEMBLY FOR BLACK WITH FRAME | HONOR,,,RP-431,,TECH HEAVEN,REPLACEMENT PARTS,LCD,,,Pieces,,1,,,,,,Active,New,,LCD WITH FRAME | HONOR 60,,,,,,LCD-HON-3107,,,,,,,
LCD SCREEN DISPLAY TOUCH AND DIGITIZER ASSEMBLY FOR BLACK WITH FRAME | HONOR,,,RP-431,,TECH HEAVEN,REPLACEMENT PARTS,LCD,,,Pieces,,1,,,,,,Active,New,,LCD WITH FRAME | HONOR 7,,,,,,LCD-HON-3108,,,,,,,
LCD SCREEN DISPLAY TOUCH AND DIGITIZER ASSEMBLY FOR BLACK WITH FRAME | HONOR,,,RP-431,,TECH HEAVEN,REPLACEMENT PARTS,LCD,,,Pieces,,1,,,,,,Active,New,,LCD WITH FRAME | HONOR 70,,,,,,LCD-HON-3109,,,,,,,
LCD SCREEN DISPLAY TOUCH AND DIGITIZER ASSEMBLY FOR BLACK WITH FRAME | HONOR,,,RP-431,,TECH HEAVEN,REPLACEMENT PARTS,LCD,,,Pieces,,1,,,,,,Active,New,,LCD WITH FRAME | HONOR 7A,,,,,,LCD-HON-3110,,,,,,,
LCD SCREEN DISPLAY TOUCH AND DIGITIZER ASSEMBLY FOR BLACK WITH FRAME | HONOR,,,RP-431,,TECH HEAVEN,REPLACEMENT PARTS,LCD,,,Pieces,,1,,,,,,Active,New,,LCD WITH FRAME | HONOR 7C,,,,,,LCD-HON-3111,,,,,,,
LCD SCREEN DISPLAY TOUCH AND DIGITIZER ASSEMBLY FOR BLACK WITH FRAME | HONOR,,,RP-431,,TECH HEAVEN,REPLACEMENT PARTS,LCD,,,Pieces,,1,,,,,,Active,New,,LCD WITH FRAME | HONOR 8,,,,,,LCD-HON-3112,,,,,,,
LCD SCREEN DISPLAY TOUCH AND DIGITIZER ASSEMBLY FOR BLACK WITH FRAME | HONOR,,,RP-431,,TECH HEAVEN,REPLACEMENT PARTS,LCD,,,Pieces,,1,,,,,,Active,New,,LCD WITH FRAME | HONOR 80,,,,,,LCD-HON-3113,,,,,,,
LCD SCREEN DISPLAY TOUCH AND DIGITIZER ASSEMBLY FOR BLACK WITH FRAME | HONOR,,,RP-431,,TECH HEAVEN,REPLACEMENT PARTS,LCD,,,Pieces,,1,,,,,,Active,New,,LCD WITH FRAME | HONOR 8A,,,,,,LCD-HON-3114,,,,,,,
LCD SCREEN DISPLAY TOUCH AND DIGITIZER ASSEMBLY FOR BLACK WITH FRAME | HONOR,,,RP-431,,TECH HEAVEN,REPLACEMENT PARTS,LCD,,,Pieces,,1,,,,,,Active,New,,LCD WITH FRAME | HONOR 8C,,,,,,LCD-HON-3115,,,,,,,
LCD SCREEN DISPLAY TOUCH AND DIGITIZER ASSEMBLY FOR BLACK WITH FRAME | HONOR,,,RP-431,,TECH HEAVEN,REPLACEMENT PARTS,LCD,,,Pieces,,1,,,,,,Active,New,,LCD WITH FRAME | HONOR 8S,,,,,,LCD-HON-3116,,,,,,,
LCD SCREEN DISPLAY TOUCH AND DIGITIZER ASSEMBLY FOR BLACK WITH FRAME | HONOR,,,RP-431,,TECH HEAVEN,REPLACEMENT PARTS,LCD,,,Pieces,,1,,,,,,Active,New,,LCD WITH FRAME | HONOR 8X,,,,,,LCD-HON-3117,,,,,,,
LCD SCREEN DISPLAY TOUCH AND DIGITIZER ASSEMBLY FOR BLACK WITH FRAME | HONOR,,,RP-431,,TECH HEAVEN,REPLACEMENT PARTS,LCD,,,Pieces,,1,,,,,,Active,New,,LCD WITH FRAME | HONOR 9,,,,,,LCD-HON-3118,,,,,,,
LCD SCREEN DISPLAY TOUCH AND DIGITIZER ASSEMBLY FOR BLACK WITH FRAME | HONOR,,,RP-431,,TECH HEAVEN,REPLACEMENT PARTS,LCD,,,Pieces,,1,,,,,,Active,New,,LCD WITH FRAME | HONOR 90,,,,,,LCD-HON-3119,,,,,,,
LCD SCREEN DISPLAY TOUCH AND DIGITIZER ASSEMBLY FOR BLACK WITH FRAME | HONOR,,,RP-431,,TECH HEAVEN,REPLACEMENT PARTS,LCD,,,Pieces,,1,,,,,,Active,New,,LCD WITH FRAME | HONOR 90A,,,,,,LCD-HON-3120,,,,,,,
LCD SCREEN DISPLAY TOUCH AND DIGITIZER ASSEMBLY FOR BLACK WITH FRAME | HONOR,,,RP-431,,TECH HEAVEN,REPLACEMENT PARTS,LCD,,,Pieces,,1,,,,,,Active,New,,LCD WITH FRAME | HONOR 90C,,,,,,LCD-HON-3121,,,,,,,
LCD SCREEN DISPLAY TOUCH AND DIGITIZER ASSEMBLY FOR BLACK WITH FRAME | HONOR,,,RP-431,,TECH HEAVEN,REPLACEMENT PARTS,LCD,,,Pieces,,1,,,,,,Active,New,,LCD WITH FRAME | HONOR MAGIC,,,,,,LCD-HON-3122,,,,,,,
LCD SCREEN DISPLAY TOUCH AND DIGITIZER ASSEMBLY FOR BLACK WITH FRAME | HONOR,,,RP-431,,TECH HEAVEN,REPLACEMENT PARTS,LCD,,,Pieces,,1,,,,,,Active,New,,LCD WITH FRAME | HONOR MAGIC 2,,,,,,LCD-HON-3123,,,,,,,
LCD SCREEN DISPLAY TOUCH AND DIGITIZER ASSEMBLY FOR BLACK WITH FRAME | HONOR,,,RP-431,,TECH HEAVEN,REPLACEMENT PARTS,LCD,,,Pieces,,1,,,,,,Active,New,,LCD WITH FRAME | HONOR MAGIC 3,,,,,,LCD-HON-3124,,,,,,,
LCD SCREEN DISPLAY TOUCH AND DIGITIZER ASSEMBLY FOR BLACK WITH FRAME | HONOR,,,RP-431,,TECH HEAVEN,REPLACEMENT PARTS,LCD,,,Pieces,,1,,,,,,Active,New,,LCD WITH FRAME | HONOR MAGIC 4,,,,,,LCD-HON-3125,,,,,,,
LCD SCREEN DISPLAY TOUCH AND DIGITIZER ASSEMBLY FOR BLACK WITH FRAME | HONOR,,,RP-431,,TECH HEAVEN,REPLACEMENT PARTS,LCD,,,Pieces,,1,,,,,,Active,New,,LCD WITH FRAME | HONOR MAGIC 5,,,,,,LCD-HON-3126,,,,,,,
LCD SCREEN DISPLAY TOUCH AND DIGITIZER ASSEMBLY FOR BLACK WITH FRAME | HONOR,,,RP-431,,TECH HEAVEN,REPLACEMENT PARTS,LCD,,,Pieces,,1,,,,,,Active,New,,LCD WITH FRAME | HONOR MAGIC 6,,,,,,LCD-HON-3127,,,,,,,
LCD SCREEN DISPLAY TOUCH AND DIGITIZER ASSEMBLY FOR BLACK WITH FRAME | HONOR,,,RP-431,,TECH HEAVEN,REPLACEMENT PARTS,LCD,,,Pieces,,1,,,,,,Active,New,,LCD WITH FRAME | HONOR MAGIC 7,,,,,,LCD-HON-3128,,,,,,,
LCD SCREEN DISPLAY TOUCH AND DIGITIZER ASSEMBLY FOR BLACK WITH FRAME | HONOR,,,RP-431,,TECH HEAVEN,REPLACEMENT PARTS,LCD,,,Pieces,,1,,,,,,Active,New,,LCD WITH FRAME | HONOR MAGIC V,,,,,,LCD-HON-3129,,,,,,,
LCD SCREEN DISPLAY TOUCH AND DIGITIZER ASSEMBLY FOR BLACK WITH FRAME | HONOR,,,RP-431,,TECH HEAVEN,REPLACEMENT PARTS,LCD,,,Pieces,,1,,,,,,Active,New,,LCD WITH FRAME | HONOR MAGIC V2,,,,,,LCD-HON-3130,,,,,,,
LCD SCREEN DISPLAY TOUCH AND DIGITIZER ASSEMBLY FOR BLACK WITH FRAME | HONOR,,,RP-431,,TECH HEAVEN,REPLACEMENT PARTS,LCD,,,Pieces,,1,,,,,,Active,New,,LCD WITH FRAME | HONOR MAGIC V3,,,,,,LCD-HON-3131,,,,,,,
LCD SCREEN DISPLAY TOUCH AND DIGITIZER ASSEMBLY FOR BLACK WITH FRAME | HONOR,,,RP-431,,TECH HEAVEN,REPLACEMENT PARTS,LCD,,,Pieces,,1,,,,,,Active,New,,LCD WITH FRAME | HONOR MAGIC VS,,,,,,LCD-HON-3132,,,,,,,
LCD SCREEN DISPLAY TOUCH AND DIGITIZER ASSEMBLY FOR BLACK WITH FRAME | HONOR,,,RP-431,,TECH HEAVEN,REPLACEMENT PARTS,LCD,,,Pieces,,1,,,,,,Active,New,,LCD WITH FRAME | HONOR PLAY,,,,,,LCD-HON-3133,,,,,,,
LCD SCREEN DISPLAY TOUCH AND DIGITIZER ASSEMBLY FOR BLACK WITH FRAME | HONOR,,,RP-431,,TECH HEAVEN,REPLACEMENT PARTS,LCD,,,Pieces,,1,,,,,,Active,New,,LCD WITH FRAME | HONOR PLAY 3,,,,,,LCD-HON-3134,,,,,,,
LCD SCREEN DISPLAY TOUCH AND DIGITIZER ASSEMBLY FOR BLACK WITH FRAME | HONOR,,,RP-431,,TECH HEAVEN,REPLACEMENT PARTS,LCD,,,Pieces,,1,,,,,,Active,New,,LCD WITH FRAME | HONOR PLAY 4,,,,,,LCD-HON-3135,,,,,,,
LCD SCREEN DISPLAY TOUCH AND DIGITIZER ASSEMBLY FOR BLACK WITH FRAME | HONOR,,,RP-431,,TECH HEAVEN,REPLACEMENT PARTS,LCD,,,Pieces,,1,,,,,,Active,New,,LCD WITH FRAME | HONOR PLAY 5,,,,,,LCD-HON-3136,,,,,,,
LCD SCREEN DISPLAY TOUCH AND DIGITIZER ASSEMBLY FOR BLACK WITH FRAME | HONOR,,,RP-431,,TECH HEAVEN,REPLACEMENT PARTS,LCD,,,Pieces,,1,,,,,,Active,New,,LCD WITH FRAME | HONOR PLAY 6,,,,,,LCD-HON-3137,,,,,,,
LCD SCREEN DISPLAY TOUCH AND DIGITIZER ASSEMBLY FOR BLACK WITH FRAME | HONOR,,,RP-431,,TECH HEAVEN,REPLACEMENT PARTS,LCD,,,Pieces,,1,,,,,,Active,New,,LCD WITH FRAME | HONOR V20,,,,,,LCD-HON-3138,,,,,,,
LCD SCREEN DISPLAY TOUCH AND DIGITIZER ASSEMBLY FOR BLACK WITH FRAME | HONOR,,,RP-431,,TECH HEAVEN,REPLACEMENT PARTS,LCD,,,Pieces,,1,,,,,,Active,New,,LCD WITH FRAME | HONOR V30,,,,,,LCD-HON-3139,,,,,,,
LCD SCREEN DISPLAY TOUCH AND DIGITIZER ASSEMBLY FOR BLACK WITH FRAME | HONOR,,,RP-431,,TECH HEAVEN,REPLACEMENT PARTS,LCD,,,Pieces,,1,,,,,,Active,New,,LCD WITH FRAME | HONOR V40,,,,,,LCD-HON-3140,,,,,,,
LCD SCREEN DISPLAY TOUCH AND DIGITIZER ASSEMBLY FOR BLACK WITH FRAME | HONOR,,,RP-431,,TECH HEAVEN,REPLACEMENT PARTS,LCD,,,Pieces,,1,,,,,,Active,New,,LCD WITH FRAME | HONOR VIEW 10,,,,,,LCD-HON-3141,,,,,,,
LCD SCREEN DISPLAY TOUCH AND DIGITIZER ASSEMBLY FOR BLACK WITH FRAME | HONOR,,,RP-431,,TECH HEAVEN,REPLACEMENT PARTS,LCD,,,Pieces,,1,,,,,,Active,New,,LCD WITH FRAME | HONOR VIEW 20,,,,,,LCD-HON-3142,,,,,,,
LCD SCREEN DISPLAY TOUCH AND DIGITIZER ASSEMBLY FOR BLACK WITH FRAME | HONOR,,,RP-431,,TECH HEAVEN,REPLACEMENT PARTS,LCD,,,Pieces,,1,,,,,,Active,New,,LCD WITH FRAME | HONOR X10,,,,,,LCD-HON-3143,,,,,,,
LCD SCREEN DISPLAY TOUCH AND DIGITIZER ASSEMBLY FOR BLACK WITH FRAME | HONOR,,,RP-431,,TECH HEAVEN,REPLACEMENT PARTS,LCD,,,Pieces,,1,,,,,,Active,New,,LCD WITH FRAME | HONOR X20,,,,,,LCD-HON-3144,,,,,,,
LCD SCREEN DISPLAY TOUCH AND DIGITIZER ASSEMBLY FOR BLACK WITH FRAME | HONOR,,,RP-431,,TECH HEAVEN,REPLACEMENT PARTS,LCD,,,Pieces,,1,,,,,,Active,New,,LCD WITH FRAME | HONOR X30,,,,,,LCD-HON-3145,,,,,,,
LCD SCREEN DISPLAY TOUCH AND DIGITIZER ASSEMBLY FOR BLACK WITH FRAME | HONOR,,,RP-431,,TECH HEAVEN,REPLACEMENT PARTS,LCD,,,Pieces,,1,,,,,,Active,New,,LCD WITH FRAME | HONOR X40,,,,,,LCD-HON-3146,,,,,,,
LCD SCREEN DISPLAY TOUCH AND DIGITIZER ASSEMBLY FOR BLACK WITH FRAME | HONOR,,,RP-431,,TECH HEAVEN,REPLACEMENT PARTS,LCD,,,Pieces,,1,,,,,,Active,New,,LCD WITH FRAME | HONOR X5,,,,,,LCD-HON-3147,,,,,,,
LCD SCREEN DISPLAY TOUCH AND DIGITIZER ASSEMBLY FOR BLACK WITH FRAME | HONOR,,,RP-431,,TECH HEAVEN,REPLACEMENT PARTS,LCD,,,Pieces,,1,,,,,,Active,New,,LCD WITH FRAME | HONOR X50,,,,,,LCD-HON-3148,,,,,,,
LCD SCREEN DISPLAY TOUCH AND DIGITIZER ASSEMBLY FOR BLACK WITH FRAME | HONOR,,,RP-431,,TECH HEAVEN,REPLACEMENT PARTS,LCD,,,Pieces,,1,,,,,,Active,New,,LCD WITH FRAME | HONOR X6,,,,,,LCD-HON-3149,,,,,,,
LCD SCREEN DISPLAY TOUCH AND DIGITIZER ASSEMBLY FOR BLACK WITH FRAME | HONOR,,,RP-431,,TECH HEAVEN,REPLACEMENT PARTS,LCD,,,Pieces,,1,,,,,,Active,New,,LCD WITH FRAME | HONOR X60,,,,,,LCD-HON-3150,,,,,,,
LCD SCREEN DISPLAY TOUCH AND DIGITIZER ASSEMBLY FOR BLACK WITH FRAME | HONOR,,,RP-431,,TECH HEAVEN,REPLACEMENT PARTS,LCD,,,Pieces,,1,,,,,,Active,New,,LCD WITH FRAME | HONOR X7,,,,,,LCD-HON-3151,,,,,,,
LCD SCREEN DISPLAY TOUCH AND DIGITIZER ASSEMBLY FOR BLACK WITH FRAME | HONOR,,,RP-431,,TECH HEAVEN,REPLACEMENT PARTS,LCD,,,Pieces,,1,,,,,,Active,New,,LCD WITH FRAME | HONOR X8,,,,,,LCD-HON-3152,,,,,,,
LCD SCREEN DISPLAY TOUCH AND DIGITIZER ASSEMBLY FOR BLACK WITH FRAME | HONOR,,,RP-431,,TECH HEAVEN,REPLACEMENT PARTS,LCD,,,Pieces,,1,,,,,,Active,New,,LCD WITH FRAME | HONOR X9,,,,,,LCD-HON-3153,,,,,,,
LCD SCREEN DISPLAY TOUCH AND DIGITIZER ASSEMBLY FOR BLACK WITH FRAME | HUAWEI ENJOY,,,RP-432,,HUAWEI,REPLACEMENT PARTS,LCD,,,Pieces,,1,,,,,,Active,New,,LCD WITH FRAME | HUAWEI ENJOY 10,,,,,,LCD-HUA-3154,,,,,,,
LCD SCREEN DISPLAY TOUCH AND DIGITIZER ASSEMBLY FOR BLACK WITH FRAME | HUAWEI ENJOY,,,RP-432,,HUAWEI,REPLACEMENT PARTS,LCD,,,Pieces,,1,,,,,,Active,New,,LCD WITH FRAME | HUAWEI ENJOY 20,,,,,,LCD-HUA-3155,,,,,,,
LCD SCREEN DISPLAY TOUCH AND DIGITIZER ASSEMBLY FOR BLACK WITH FRAME | HUAWEI ENJOY,,,RP-432,,HUAWEI,REPLACEMENT PARTS,LCD,,,Pieces,,1,,,,,,Active,New,,LCD WITH FRAME | HUAWEI ENJOY 5,,,,,,LCD-HUA-3156,,,,,,,
LCD SCREEN DISPLAY TOUCH AND DIGITIZER ASSEMBLY FOR BLACK WITH FRAME | HUAWEI ENJOY,,,RP-432,,HUAWEI,REPLACEMENT PARTS,LCD,,,Pieces,,1,,,,,,Active,New,,LCD WITH FRAME | HUAWEI ENJOY 50,,,,,,LCD-HUA-3157,,,,,,,
LCD SCREEN DISPLAY TOUCH AND DIGITIZER ASSEMBLY FOR BLACK WITH FRAME | HUAWEI ENJOY,,,RP-432,,HUAWEI,REPLACEMENT PARTS,LCD,,,Pieces,,1,,,,,,Active,New,,LCD WITH FRAME | HUAWEI ENJOY 6,,,,,,LCD-HUA-3158,,,,,,,
LCD SCREEN DISPLAY TOUCH AND DIGITIZER ASSEMBLY FOR BLACK WITH FRAME | HUAWEI ENJOY,,,RP-432,,HUAWEI,REPLACEMENT PARTS,LCD,,,Pieces,,1,,,,,,Active,New,,LCD WITH FRAME | HUAWEI ENJOY 60,,,,,,LCD-HUA-3159,,,,,,,
LCD SCREEN DISPLAY TOUCH AND DIGITIZER ASSEMBLY FOR BLACK WITH FRAME | HUAWEI ENJOY,,,RP-432,,HUAWEI,REPLACEMENT PARTS,LCD,,,Pieces,,1,,,,,,Active,New,,LCD WITH FRAME | HUAWEI ENJOY 7,,,,,,LCD-HUA-3160,,,,,,,
LCD SCREEN DISPLAY TOUCH AND DIGITIZER ASSEMBLY FOR BLACK WITH FRAME | HUAWEI ENJOY,,,RP-432,,HUAWEI,REPLACEMENT PARTS,LCD,,,Pieces,,1,,,,,,Active,New,,LCD WITH FRAME | HUAWEI ENJOY 70,,,,,,LCD-HUA-3161,,,,,,,
LCD SCREEN DISPLAY TOUCH AND DIGITIZER ASSEMBLY FOR BLACK WITH FRAME | HUAWEI ENJOY,,,RP-432,,HUAWEI,REPLACEMENT PARTS,LCD,,,Pieces,,1,,,,,,Active,New,,LCD WITH FRAME | HUAWEI ENJOY 8,,,,,,LCD-HUA-3162,,,,,,,
LCD SCREEN DISPLAY TOUCH AND DIGITIZER ASSEMBLY FOR BLACK WITH FRAME | HUAWEI ENJOY,,,RP-432,,HUAWEI,REPLACEMENT PARTS,LCD,,,Pieces,,1,,,,,,Active,New,,LCD WITH FRAME | HUAWEI ENJOY 9,,,,,,LCD-HUA-3163,,,,,,,
LCD SCREEN DISPLAY TOUCH AND DIGITIZER ASSEMBLY FOR BLACK WITH FRAME | HUAWEI MATE,,,RP-433,,HUAWEI,REPLACEMENT PARTS,LCD,,,Pieces,,1,,,,,,Active,New,,LCD WITH FRAME | HUAWEI MATE 10,,,,,,LCD-HUA-3164,,,,,,,
LCD SCREEN DISPLAY TOUCH AND DIGITIZER ASSEMBLY FOR BLACK WITH FRAME | HUAWEI MATE,,,RP-433,,HUAWEI,REPLACEMENT PARTS,LCD,,,Pieces,,1,,,,,,Active,New,,LCD WITH FRAME | HUAWEI MATE 20,,,,,,LCD-HUA-3165,,,,,,,
LCD SCREEN DISPLAY TOUCH AND DIGITIZER ASSEMBLY FOR BLACK WITH FRAME | HUAWEI MATE,,,RP-433,,HUAWEI,REPLACEMENT PARTS,LCD,,,Pieces,,1,,,,,,Active,New,,LCD WITH FRAME | HUAWEI MATE 30,,,,,,LCD-HUA-3166,,,,,,,
LCD SCREEN DISPLAY TOUCH AND DIGITIZER ASSEMBLY FOR BLACK WITH FRAME | HUAWEI MATE,,,RP-433,,HUAWEI,REPLACEMENT PARTS,LCD,,,Pieces,,1,,,,,,Active,New,,LCD WITH FRAME | HUAWEI MATE 40,,,,,,LCD-HUA-3167,,,,,,,
LCD SCREEN DISPLAY TOUCH AND DIGITIZER ASSEMBLY FOR BLACK WITH FRAME | HUAWEI MATE,,,RP-433,,HUAWEI,REPLACEMENT PARTS,LCD,,,Pieces,,1,,,,,,Active,New,,LCD WITH FRAME | HUAWEI MATE 50,,,,,,LCD-HUA-3168,,,,,,,
LCD SCREEN DISPLAY TOUCH AND DIGITIZER ASSEMBLY FOR BLACK WITH FRAME | HUAWEI MATE,,,RP-433,,HUAWEI,REPLACEMENT PARTS,LCD,,,Pieces,,1,,,,,,Active,New,,LCD WITH FRAME | HUAWEI MATE 60,,,,,,LCD-HUA-3169,,,,,,,
LCD SCREEN DISPLAY TOUCH AND DIGITIZER ASSEMBLY FOR BLACK WITH FRAME | HUAWEI MATE,,,RP-433,,HUAWEI,REPLACEMENT PARTS,LCD,,,Pieces,,1,,,,,,Active,New,,LCD WITH FRAME | HUAWEI MATE 7,,,,,,LCD-HUA-3170,,,,,,,
LCD SCREEN DISPLAY TOUCH AND DIGITIZER ASSEMBLY FOR BLACK WITH FRAME | HUAWEI MATE,,,RP-433,,HUAWEI,REPLACEMENT PARTS,LCD,,,Pieces,,1,,,,,,Active,New,,LCD WITH FRAME | HUAWEI MATE 70,,,,,,LCD-HUA-3171,,,,,,,
LCD SCREEN DISPLAY TOUCH AND DIGITIZER ASSEMBLY FOR BLACK WITH FRAME | HUAWEI MATE,,,RP-433,,HUAWEI,REPLACEMENT PARTS,LCD,,,Pieces,,1,,,,,,Active,New,,LCD WITH FRAME | HUAWEI MATE 8,,,,,,LCD-HUA-3172,,,,,,,
LCD SCREEN DISPLAY TOUCH AND DIGITIZER ASSEMBLY FOR BLACK WITH FRAME | HUAWEI MATE,,,RP-433,,HUAWEI,REPLACEMENT PARTS,LCD,,,Pieces,,1,,,,,,Active,New,,LCD WITH FRAME | HUAWEI MATE 9,,,,,,LCD-HUA-3173,,,,,,,
LCD SCREEN DISPLAY TOUCH AND DIGITIZER ASSEMBLY FOR BLACK WITH FRAME | HUAWEI MATE,,,RP-433,,HUAWEI,REPLACEMENT PARTS,LCD,,,Pieces,,1,,,,,,Active,New,,LCD WITH FRAME | HUAWEI MATE X,,,,,,LCD-HUA-3174,,,,,,,
LCD SCREEN DISPLAY TOUCH AND DIGITIZER ASSEMBLY FOR BLACK WITH FRAME | HUAWEI MATE,,,RP-433,,HUAWEI,REPLACEMENT PARTS,LCD,,,Pieces,,1,,,,,,Active,New,,LCD WITH FRAME | HUAWEI MATE X2,,,,,,LCD-HUA-3175,,,,,,,
LCD SCREEN DISPLAY TOUCH AND DIGITIZER ASSEMBLY FOR BLACK WITH FRAME | HUAWEI MATE,,,RP-433,,HUAWEI,REPLACEMENT PARTS,LCD,,,Pieces,,1,,,,,,Active,New,,LCD WITH FRAME | HUAWEI MATE X3,,,,,,LCD-HUA-3176,,,,,,,
LCD SCREEN DISPLAY TOUCH AND DIGITIZER ASSEMBLY FOR BLACK WITH FRAME | HUAWEI MATE,,,RP-433,,HUAWEI,REPLACEMENT PARTS,LCD,,,Pieces,,1,,,,,,Active,New,,LCD WITH FRAME | HUAWEI MATE X5,,,,,,LCD-HUA-3177,,,,,,,
LCD SCREEN DISPLAY TOUCH AND DIGITIZER ASSEMBLY FOR BLACK WITH FRAME | HUAWEI NOVA,,,RP-434,,HUAWEI,REPLACEMENT PARTS,LCD,,,Pieces,,1,,,,,,Active,New,,LCD WITH FRAME | HUAWEI NOVA,,,,,,LCD-HUA-3178,,,,,,,
LCD SCREEN DISPLAY TOUCH AND DIGITIZER ASSEMBLY FOR BLACK WITH FRAME | HUAWEI NOVA,,,RP-434,,HUAWEI,REPLACEMENT PARTS,LCD,,,Pieces,,1,,,,,,Active,New,,LCD WITH FRAME | HUAWEI NOVA 10,,,,,,LCD-HUA-3179,,,,,,,
LCD SCREEN DISPLAY TOUCH AND DIGITIZER ASSEMBLY FOR BLACK WITH FRAME | HUAWEI NOVA,,,RP-434,,HUAWEI,REPLACEMENT PARTS,LCD,,,Pieces,,1,,,,,,Active,New,,LCD WITH FRAME | HUAWEI NOVA 11,,,,,,LCD-HUA-3180,,,,,,,
LCD SCREEN DISPLAY TOUCH AND DIGITIZER ASSEMBLY FOR BLACK WITH FRAME | HUAWEI NOVA,,,RP-434,,HUAWEI,REPLACEMENT PARTS,LCD,,,Pieces,,1,,,,,,Active,New,,LCD WITH FRAME | HUAWEI NOVA 12,,,,,,LCD-HUA-3181,,,,,,,
LCD SCREEN DISPLAY TOUCH AND DIGITIZER ASSEMBLY FOR BLACK WITH FRAME | HUAWEI NOVA,,,RP-434,,HUAWEI,REPLACEMENT PARTS,LCD,,,Pieces,,1,,,,,,Active,New,,LCD WITH FRAME | HUAWEI NOVA 2,,,,,,LCD-HUA-3182,,,,,,,
LCD SCREEN DISPLAY TOUCH AND DIGITIZER ASSEMBLY FOR BLACK WITH FRAME | HUAWEI NOVA,,,RP-434,,HUAWEI,REPLACEMENT PARTS,LCD,,,Pieces,,1,,,,,,Active,New,,LCD WITH FRAME | HUAWEI NOVA 3,,,,,,LCD-HUA-3183,,,,,,,
LCD SCREEN DISPLAY TOUCH AND DIGITIZER ASSEMBLY FOR BLACK WITH FRAME | HUAWEI NOVA,,,RP-434,,HUAWEI,REPLACEMENT PARTS,LCD,,,Pieces,,1,,,,,,Active,New,,LCD WITH FRAME | HUAWEI NOVA 4,,,,,,LCD-HUA-3184,,,,,,,
LCD SCREEN DISPLAY TOUCH AND DIGITIZER ASSEMBLY FOR BLACK WITH FRAME | HUAWEI NOVA,,,RP-434,,HUAWEI,REPLACEMENT PARTS,LCD,,,Pieces,,1,,,,,,Active,New,,LCD WITH FRAME | HUAWEI NOVA 5T,,,,,,LCD-HUA-3185,,,,,,,
LCD SCREEN DISPLAY TOUCH AND DIGITIZER ASSEMBLY FOR BLACK WITH FRAME | HUAWEI NOVA,,,RP-434,,HUAWEI,REPLACEMENT PARTS,LCD,,,Pieces,,1,,,,,,Active,New,,LCD WITH FRAME | HUAWEI NOVA 7,,,,,,LCD-HUA-3186,,,,,,,
LCD SCREEN DISPLAY TOUCH AND DIGITIZER ASSEMBLY FOR BLACK WITH FRAME | HUAWEI NOVA,,,RP-434,,HUAWEI,REPLACEMENT PARTS,LCD,,,Pieces,,1,,,,,,Active,New,,LCD WITH FRAME | HUAWEI NOVA 8,,,,,,LCD-HUA-3187,,,,,,,
LCD SCREEN DISPLAY TOUCH AND DIGITIZER ASSEMBLY FOR BLACK WITH FRAME | HUAWEI NOVA,,,RP-434,,HUAWEI,REPLACEMENT PARTS,LCD,,,Pieces,,1,,,,,,Active,New,,LCD WITH FRAME | HUAWEI NOVA 9,,,,,,LCD-HUA-3188,,,,,,,
LCD SCREEN DISPLAY TOUCH AND DIGITIZER ASSEMBLY FOR BLACK WITH FRAME | HUAWEI P,,,RP-435,,HUAWEI,REPLACEMENT PARTS,LCD,,,Pieces,,1,,,,,,Active,New,,LCD WITH FRAME | HUAWEI P10 ,,,,,,LCD-HUA-3189,,,,,,,
LCD SCREEN DISPLAY TOUCH AND DIGITIZER ASSEMBLY FOR BLACK WITH FRAME | HUAWEI P,,,RP-435,,HUAWEI,REPLACEMENT PARTS,LCD,,,Pieces,,1,,,,,,Active,New,,LCD WITH FRAME | HUAWEI P10 LITE,,,,,,LCD-HUA-3190,,,,,,,
LCD SCREEN DISPLAY TOUCH AND DIGITIZER ASSEMBLY FOR BLACK WITH FRAME | HUAWEI P,,,RP-435,,HUAWEI,REPLACEMENT PARTS,LCD,,,Pieces,,1,,,,,,Active,New,,LCD WITH FRAME | HUAWEI P20,,,,,,LCD-HUA-3191,,,,,,,
LCD SCREEN DISPLAY TOUCH AND DIGITIZER ASSEMBLY FOR BLACK WITH FRAME | HUAWEI P,,,RP-435,,HUAWEI,REPLACEMENT PARTS,LCD,,,Pieces,,1,,,,,,Active,New,,LCD WITH FRAME | HUAWEI P20 LITE,,,,,,LCD-HUA-3192,,,,,,,
LCD SCREEN DISPLAY TOUCH AND DIGITIZER ASSEMBLY FOR BLACK WITH FRAME | HUAWEI P,,,RP-435,,HUAWEI,REPLACEMENT PARTS,LCD,,,Pieces,,1,,,,,,Active,New,,LCD WITH FRAME | HUAWEI P20 PRO,,,,,,LCD-HUA-3193,,,,,,,
LCD SCREEN DISPLAY TOUCH AND DIGITIZER ASSEMBLY FOR BLACK WITH FRAME | HUAWEI P,,,RP-435,,HUAWEI,REPLACEMENT PARTS,LCD,,,Pieces,,1,,,,,,Active,New,,LCD WITH FRAME | HUAWEI P30,,,,,,LCD-HUA-3194,,,,,,,
LCD SCREEN DISPLAY TOUCH AND DIGITIZER ASSEMBLY FOR BLACK WITH FRAME | HUAWEI P,,,RP-435,,HUAWEI,REPLACEMENT PARTS,LCD,,,Pieces,,1,,,,,,Active,New,,LCD WITH FRAME | HUAWEI P30 LITE,,,,,,LCD-HUA-3195,,,,,,,
LCD SCREEN DISPLAY TOUCH AND DIGITIZER ASSEMBLY FOR BLACK WITH FRAME | HUAWEI P,,,RP-435,,HUAWEI,REPLACEMENT PARTS,LCD,,,Pieces,,1,,,,,,Active,New,,LCD WITH FRAME | HUAWEI P30 PRO,,,,,,LCD-HUA-3196,,,,,,,
LCD SCREEN DISPLAY TOUCH AND DIGITIZER ASSEMBLY FOR BLACK WITH FRAME | HUAWEI P,,,RP-435,,HUAWEI,REPLACEMENT PARTS,LCD,,,Pieces,,1,,,,,,Active,New,,LCD WITH FRAME | HUAWEI P40,,,,,,LCD-HUA-3197,,,,,,,
LCD SCREEN DISPLAY TOUCH AND DIGITIZER ASSEMBLY FOR BLACK WITH FRAME | HUAWEI P,,,RP-435,,HUAWEI,REPLACEMENT PARTS,LCD,,,Pieces,,1,,,,,,Active,New,,LCD WITH FRAME | HUAWEI P40 LITE,,,,,,LCD-HUA-3198,,,,,,,
LCD SCREEN DISPLAY TOUCH AND DIGITIZER ASSEMBLY FOR BLACK WITH FRAME | HUAWEI P,,,RP-435,,HUAWEI,REPLACEMENT PARTS,LCD,,,Pieces,,1,,,,,,Active,New,,LCD WITH FRAME | HUAWEI P40 PRO,,,,,,LCD-HUA-3199,,,,,,,
LCD SCREEN DISPLAY TOUCH AND DIGITIZER ASSEMBLY FOR BLACK WITH FRAME | HUAWEI P,,,RP-435,,HUAWEI,REPLACEMENT PARTS,LCD,,,Pieces,,1,,,,,,Active,New,,LCD WITH FRAME | HUAWEI P50,,,,,,LCD-HUA-3200,,,,,,,
LCD SCREEN DISPLAY TOUCH AND DIGITIZER ASSEMBLY FOR BLACK WITH FRAME | HUAWEI P,,,RP-435,,HUAWEI,REPLACEMENT PARTS,LCD,,,Pieces,,1,,,,,,Active,New,,LCD WITH FRAME | HUAWEI P50 PRO,,,,,,LCD-HUA-3201,,,,,,,
LCD SCREEN DISPLAY TOUCH AND DIGITIZER ASSEMBLY FOR BLACK WITH FRAME | HUAWEI P,,,RP-435,,HUAWEI,REPLACEMENT PARTS,LCD,,,Pieces,,1,,,,,,Active,New,,LCD WITH FRAME | HUAWEI P60,,,,,,LCD-HUA-3202,,,,,,,
LCD SCREEN DISPLAY TOUCH AND DIGITIZER ASSEMBLY FOR BLACK WITH FRAME | HUAWEI P,,,RP-435,,HUAWEI,REPLACEMENT PARTS,LCD,,,Pieces,,1,,,,,,Active,New,,LCD WITH FRAME | HUAWEI P60 PRO,,,,,,LCD-HUA-3203,,,,,,,
LCD SCREEN DISPLAY TOUCH AND DIGITIZER ASSEMBLY FOR BLACK WITH FRAME | HUAWEI P,,,RP-435,,HUAWEI,REPLACEMENT PARTS,LCD,,,Pieces,,1,,,,,,Active,New,,LCD WITH FRAME | HUAWEI P8,,,,,,LCD-HUA-3204,,,,,,,
LCD SCREEN DISPLAY TOUCH AND DIGITIZER ASSEMBLY FOR BLACK WITH FRAME | HUAWEI P,,,RP-435,,HUAWEI,REPLACEMENT PARTS,LCD,,,Pieces,,1,,,,,,Active,New,,LCD WITH FRAME | HUAWEI P8 LITE,,,,,,LCD-HUA-3205,,,,,,,
LCD SCREEN DISPLAY TOUCH AND DIGITIZER ASSEMBLY FOR BLACK WITH FRAME | HUAWEI P,,,RP-435,,HUAWEI,REPLACEMENT PARTS,LCD,,,Pieces,,1,,,,,,Active,New,,LCD WITH FRAME | HUAWEI P9,,,,,,LCD-HUA-3206,,,,,,,
LCD SCREEN DISPLAY TOUCH AND DIGITIZER ASSEMBLY FOR BLACK WITH FRAME | HUAWEI P,,,RP-435,,HUAWEI,REPLACEMENT PARTS,LCD,,,Pieces,,1,,,,,,Active,New,,LCD WITH FRAME | HUAWEI P9 LITE,,,,,,LCD-HUA-3207,,,,,,,
LCD SCREEN DISPLAY TOUCH AND DIGITIZER ASSEMBLY FOR BLACK WITH FRAME | HUAWEI P,,,RP-435,,HUAWEI,REPLACEMENT PARTS,LCD,,,Pieces,,1,,,,,,Active,New,,LCD WITH FRAME | HUAWEI PURA 70,,,,,,LCD-HUA-3208,,,,,,,
LCD SCREEN DISPLAY TOUCH AND DIGITIZER ASSEMBLY FOR BLACK WITH FRAME | HUAWEI P,,,RP-435,,HUAWEI,REPLACEMENT PARTS,LCD,,,Pieces,,1,,,,,,Active,New,,LCD WITH FRAME | HUAWEI PURA 70 PRO,,,,,,LCD-HUA-3209,,,,,,,
LCD SCREEN DISPLAY TOUCH AND DIGITIZER ASSEMBLY FOR BLACK WITH FRAME | HUAWEI Y,,,RP-436,,HUAWEI,REPLACEMENT PARTS,LCD,,,Pieces,,1,,,,,,Active,New,,LCD WITH FRAME | HUAWEI Y3,,,,,,LCD-HUA-3210,,,,,,,
LCD SCREEN DISPLAY TOUCH AND DIGITIZER ASSEMBLY FOR BLACK WITH FRAME | HUAWEI Y,,,RP-436,,HUAWEI,REPLACEMENT PARTS,LCD,,,Pieces,,1,,,,,,Active,New,,LCD WITH FRAME | HUAWEI Y5,,,,,,LCD-HUA-3211,,,,,,,
LCD SCREEN DISPLAY TOUCH AND DIGITIZER ASSEMBLY FOR BLACK WITH FRAME | HUAWEI Y,,,RP-436,,HUAWEI,REPLACEMENT PARTS,LCD,,,Pieces,,1,,,,,,Active,New,,LCD WITH FRAME | HUAWEI Y6,,,,,,LCD-HUA-3212,,,,,,,
LCD SCREEN DISPLAY TOUCH AND DIGITIZER ASSEMBLY FOR BLACK WITH FRAME | HUAWEI Y,,,RP-436,,HUAWEI,REPLACEMENT PARTS,LCD,,,Pieces,,1,,,,,,Active,New,,LCD WITH FRAME | HUAWEI Y7,,,,,,LCD-HUA-3213,,,,,,,
LCD SCREEN DISPLAY TOUCH AND DIGITIZER ASSEMBLY FOR BLACK WITH FRAME | HUAWEI Y,,,RP-436,,HUAWEI,REPLACEMENT PARTS,LCD,,,Pieces,,1,,,,,,Active,New,,LCD WITH FRAME | HUAWEI Y9,,,,,,LCD-HUA-3214,,,,,,,
LCD SCREEN DISPLAY TOUCH AND DIGITIZER ASSEMBLY NO FRAME | ONEPLUS,,,RP-437,,ONEPLUS,REPLACEMENT PARTS,LCD,,,Pieces,,1,,,,,,Active,New,,NO FRAME LCD | ONEPLUS 10 PRO,,,,,,LCD-OP-3215,,,,,,,
LCD SCREEN DISPLAY TOUCH AND DIGITIZER ASSEMBLY NO FRAME | ONEPLUS,,,RP-437,,ONEPLUS,REPLACEMENT PARTS,LCD,,,Pieces,,1,,,,,,Active,New,,NO FRAME LCD | ONEPLUS 10R,,,,,,LCD-OP-3216,,,,,,,
LCD SCREEN DISPLAY TOUCH AND DIGITIZER ASSEMBLY NO FRAME | ONEPLUS,,,RP-437,,ONEPLUS,REPLACEMENT PARTS,LCD,,,Pieces,,1,,,,,,Active,New,,NO FRAME LCD | ONEPLUS 10R 150W,,,,,,LCD-OP-3217,,,,,,,
LCD SCREEN DISPLAY TOUCH AND DIGITIZER ASSEMBLY NO FRAME | ONEPLUS,,,RP-437,,ONEPLUS,REPLACEMENT PARTS,LCD,,,Pieces,,1,,,,,,Active,New,,NO FRAME LCD | ONEPLUS 10T,,,,,,LCD-OP-3218,,,,,,,
LCD SCREEN DISPLAY TOUCH AND DIGITIZER ASSEMBLY NO FRAME | ONEPLUS,,,RP-437,,ONEPLUS,REPLACEMENT PARTS,LCD,,,Pieces,,1,,,,,,Active,New,,NO FRAME LCD | ONEPLUS 11,,,,,,LCD-OP-3219,,,,,,,
LCD SCREEN DISPLAY TOUCH AND DIGITIZER ASSEMBLY NO FRAME | ONEPLUS,,,RP-437,,ONEPLUS,REPLACEMENT PARTS,LCD,,,Pieces,,1,,,,,,Active,New,,NO FRAME LCD | ONEPLUS 11R,,,,,,LCD-OP-3220,,,,,,,
LCD SCREEN DISPLAY TOUCH AND DIGITIZER ASSEMBLY NO FRAME | ONEPLUS,,,RP-437,,ONEPLUS,REPLACEMENT PARTS,LCD,,,Pieces,,1,,,,,,Active,New,,NO FRAME LCD | ONEPLUS 12,,,,,,LCD-OP-3221,,,,,,,
LCD SCREEN DISPLAY TOUCH AND DIGITIZER ASSEMBLY NO FRAME | ONEPLUS,,,RP-437,,ONEPLUS,REPLACEMENT PARTS,LCD,,,Pieces,,1,,,,,,Active,New,,NO FRAME LCD | ONEPLUS 12R,,,,,,LCD-OP-3222,,,,,,,
LCD SCREEN DISPLAY TOUCH AND DIGITIZER ASSEMBLY NO FRAME | ONEPLUS,,,RP-437,,ONEPLUS,REPLACEMENT PARTS,LCD,,,Pieces,,1,,,,,,Active,New,,NO FRAME LCD | ONEPLUS 13,,,,,,LCD-OP-3223,,,,,,,
LCD SCREEN DISPLAY TOUCH AND DIGITIZER ASSEMBLY NO FRAME | ONEPLUS,,,RP-437,,ONEPLUS,REPLACEMENT PARTS,LCD,,,Pieces,,1,,,,,,Active,New,,NO FRAME LCD | ONEPLUS 13R,,,,,,LCD-OP-3224,,,,,,,
LCD SCREEN DISPLAY TOUCH AND DIGITIZER ASSEMBLY NO FRAME | ONEPLUS,,,RP-437,,ONEPLUS,REPLACEMENT PARTS,LCD,,,Pieces,,1,,,,,,Active,New,,NO FRAME LCD | ONEPLUS 2,,,,,,LCD-OP-3225,,,,,,,
LCD SCREEN DISPLAY TOUCH AND DIGITIZER ASSEMBLY NO FRAME | ONEPLUS,,,RP-437,,ONEPLUS,REPLACEMENT PARTS,LCD,,,Pieces,,1,,,,,,Active,New,,NO FRAME LCD | ONEPLUS 3,,,,,,LCD-OP-3226,,,,,,,
LCD SCREEN DISPLAY TOUCH AND DIGITIZER ASSEMBLY NO FRAME | ONEPLUS,,,RP-437,,ONEPLUS,REPLACEMENT PARTS,LCD,,,Pieces,,1,,,,,,Active,New,,NO FRAME LCD | ONEPLUS 3T,,,,,,LCD-OP-3227,,,,,,,
LCD SCREEN DISPLAY TOUCH AND DIGITIZER ASSEMBLY NO FRAME | ONEPLUS,,,RP-437,,ONEPLUS,REPLACEMENT PARTS,LCD,,,Pieces,,1,,,,,,Active,New,,NO FRAME LCD | ONEPLUS 5,,,,,,LCD-OP-3228,,,,,,,
LCD SCREEN DISPLAY TOUCH AND DIGITIZER ASSEMBLY NO FRAME | ONEPLUS,,,RP-437,,ONEPLUS,REPLACEMENT PARTS,LCD,,,Pieces,,1,,,,,,Active,New,,NO FRAME LCD | ONEPLUS 5T,,,,,,LCD-OP-3229,,,,,,,
LCD SCREEN DISPLAY TOUCH AND DIGITIZER ASSEMBLY NO FRAME | ONEPLUS,,,RP-437,,ONEPLUS,REPLACEMENT PARTS,LCD,,,Pieces,,1,,,,,,Active,New,,NO FRAME LCD | ONEPLUS 6,,,,,,LCD-OP-3230,,,,,,,
LCD SCREEN DISPLAY TOUCH AND DIGITIZER ASSEMBLY NO FRAME | ONEPLUS,,,RP-437,,ONEPLUS,REPLACEMENT PARTS,LCD,,,Pieces,,1,,,,,,Active,New,,NO FRAME LCD | ONEPLUS 6T,,,,,,LCD-OP-3231,,,,,,,
LCD SCREEN DISPLAY TOUCH AND DIGITIZER ASSEMBLY NO FRAME | ONEPLUS,,,RP-437,,ONEPLUS,REPLACEMENT PARTS,LCD,,,Pieces,,1,,,,,,Active,New,,NO FRAME LCD | ONEPLUS 6T MCLAREN EDITION,,,,,,LCD-OP-3232,,,,,,,
LCD SCREEN DISPLAY TOUCH AND DIGITIZER ASSEMBLY NO FRAME | ONEPLUS,,,RP-437,,ONEPLUS,REPLACEMENT PARTS,LCD,,,Pieces,,1,,,,,,Active,New,,NO FRAME LCD | ONEPLUS 7,,,,,,LCD-OP-3233,,,,,,,
LCD SCREEN DISPLAY TOUCH AND DIGITIZER ASSEMBLY NO FRAME | ONEPLUS,,,RP-437,,ONEPLUS,REPLACEMENT PARTS,LCD,,,Pieces,,1,,,,,,Active,New,,NO FRAME LCD | ONEPLUS 7 PRO,,,,,,LCD-OP-3234,,,,,,,
LCD SCREEN DISPLAY TOUCH AND DIGITIZER ASSEMBLY NO FRAME | ONEPLUS,,,RP-437,,ONEPLUS,REPLACEMENT PARTS,LCD,,,Pieces,,1,,,,,,Active,New,,NO FRAME LCD | ONEPLUS 7 PRO 5G,,,,,,LCD-OP-3235,,,,,,,
LCD SCREEN DISPLAY TOUCH AND DIGITIZER ASSEMBLY NO FRAME | ONEPLUS,,,RP-437,,ONEPLUS,REPLACEMENT PARTS,LCD,,,Pieces,,1,,,,,,Active,New,,NO FRAME LCD | ONEPLUS 7T,,,,,,LCD-OP-3236,,,,,,,
LCD SCREEN DISPLAY TOUCH AND DIGITIZER ASSEMBLY NO FRAME | ONEPLUS,,,RP-437,,ONEPLUS,REPLACEMENT PARTS,LCD,,,Pieces,,1,,,,,,Active,New,,NO FRAME LCD | ONEPLUS 7T PRO,,,,,,LCD-OP-3237,,,,,,,
LCD SCREEN DISPLAY TOUCH AND DIGITIZER ASSEMBLY NO FRAME | ONEPLUS,,,RP-437,,ONEPLUS,REPLACEMENT PARTS,LCD,,,Pieces,,1,,,,,,Active,New,,NO FRAME LCD | ONEPLUS 7T PRO MCLAREN EDITION,,,,,,LCD-OP-3238,,,,,,,
LCD SCREEN DISPLAY TOUCH AND DIGITIZER ASSEMBLY NO FRAME | ONEPLUS,,,RP-437,,ONEPLUS,REPLACEMENT PARTS,LCD,,,Pieces,,1,,,,,,Active,New,,NO FRAME LCD | ONEPLUS 8 ,,,,,,LCD-OP-3239,,,,,,,
LCD SCREEN DISPLAY TOUCH AND DIGITIZER ASSEMBLY NO FRAME | ONEPLUS,,,RP-437,,ONEPLUS,REPLACEMENT PARTS,LCD,,,Pieces,,1,,,,,,Active,New,,NO FRAME LCD | ONEPLUS 8 PRO,,,,,,LCD-OP-3240,,,,,,,
LCD SCREEN DISPLAY TOUCH AND DIGITIZER ASSEMBLY NO FRAME | ONEPLUS,,,RP-437,,ONEPLUS,REPLACEMENT PARTS,LCD,,,Pieces,,1,,,,,,Active,New,,NO FRAME LCD | ONEPLUS 8T,,,,,,LCD-OP-3241,,,,,,,
LCD SCREEN DISPLAY TOUCH AND DIGITIZER ASSEMBLY NO FRAME | ONEPLUS,,,RP-437,,ONEPLUS,REPLACEMENT PARTS,LCD,,,Pieces,,1,,,,,,Active,New,,NO FRAME LCD | ONEPLUS 9 ,,,,,,LCD-OP-3242,,,,,,,
LCD SCREEN DISPLAY TOUCH AND DIGITIZER ASSEMBLY NO FRAME | ONEPLUS,,,RP-437,,ONEPLUS,REPLACEMENT PARTS,LCD,,,Pieces,,1,,,,,,Active,New,,NO FRAME LCD | ONEPLUS 9 PRO,,,,,,LCD-OP-3243,,,,,,,
LCD SCREEN DISPLAY TOUCH AND DIGITIZER ASSEMBLY NO FRAME | ONEPLUS,,,RP-437,,ONEPLUS,REPLACEMENT PARTS,LCD,,,Pieces,,1,,,,,,Active,New,,NO FRAME LCD | ONEPLUS 9R,,,,,,LCD-OP-3244,,,,,,,
LCD SCREEN DISPLAY TOUCH AND DIGITIZER ASSEMBLY NO FRAME | ONEPLUS,,,RP-437,,ONEPLUS,REPLACEMENT PARTS,LCD,,,Pieces,,1,,,,,,Active,New,,NO FRAME LCD | ONEPLUS 9RT,,,,,,LCD-OP-3245,,,,,,,
LCD SCREEN DISPLAY TOUCH AND DIGITIZER ASSEMBLY NO FRAME | ONEPLUS ACE,,,RP-438,,ONEPLUS,REPLACEMENT PARTS,LCD,,,Pieces,,1,,,,,,Active,New,,NO FRAME LCD | ONEPLUS ACE,,,,,,LCD-OP-3246,,,,,,,
LCD SCREEN DISPLAY TOUCH AND DIGITIZER ASSEMBLY NO FRAME | ONEPLUS ACE,,,RP-438,,ONEPLUS,REPLACEMENT PARTS,LCD,,,Pieces,,1,,,,,,Active,New,,NO FRAME LCD | ONEPLUS ACE 2,,,,,,LCD-OP-3247,,,,,,,
LCD SCREEN DISPLAY TOUCH AND DIGITIZER ASSEMBLY NO FRAME | ONEPLUS ACE,,,RP-438,,ONEPLUS,REPLACEMENT PARTS,LCD,,,Pieces,,1,,,,,,Active,New,,NO FRAME LCD | ONEPLUS ACE 2 PRO,,,,,,LCD-OP-3248,,,,,,,
LCD SCREEN DISPLAY TOUCH AND DIGITIZER ASSEMBLY NO FRAME | ONEPLUS ACE,,,RP-438,,ONEPLUS,REPLACEMENT PARTS,LCD,,,Pieces,,1,,,,,,Active,New,,NO FRAME LCD | ONEPLUS ACE 2V,,,,,,LCD-OP-3249,,,,,,,
LCD SCREEN DISPLAY TOUCH AND DIGITIZER ASSEMBLY NO FRAME | ONEPLUS ACE,,,RP-438,,ONEPLUS,REPLACEMENT PARTS,LCD,,,Pieces,,1,,,,,,Active,New,,NO FRAME LCD | ONEPLUS ACE 3,,,,,,LCD-OP-3250,,,,,,,
LCD SCREEN DISPLAY TOUCH AND DIGITIZER ASSEMBLY NO FRAME | ONEPLUS ACE,,,RP-438,,ONEPLUS,REPLACEMENT PARTS,LCD,,,Pieces,,1,,,,,,Active,New,,NO FRAME LCD | ONEPLUS ACE 3 PRO,,,,,,LCD-OP-3251,,,,,,,
LCD SCREEN DISPLAY TOUCH AND DIGITIZER ASSEMBLY NO FRAME | ONEPLUS ACE,,,RP-438,,ONEPLUS,REPLACEMENT PARTS,LCD,,,Pieces,,1,,,,,,Active,New,,NO FRAME LCD | ONEPLUS ACE 3V,,,,,,LCD-OP-3252,,,,,,,
LCD SCREEN DISPLAY TOUCH AND DIGITIZER ASSEMBLY NO FRAME | ONEPLUS ACE,,,RP-438,,ONEPLUS,REPLACEMENT PARTS,LCD,,,Pieces,,1,,,,,,Active,New,,NO FRAME LCD | ONEPLUS ACE PRO,,,,,,LCD-OP-3253,,,,,,,
LCD SCREEN DISPLAY TOUCH AND DIGITIZER ASSEMBLY NO FRAME | ONEPLUS ACE,,,RP-438,,ONEPLUS,REPLACEMENT PARTS,LCD,,,Pieces,,1,,,,,,Active,New,,NO FRAME LCD | ONEPLUS ACE RACING EDITION,,,,,,LCD-OP-3254,,,,,,,
LCD SCREEN DISPLAY TOUCH AND DIGITIZER ASSEMBLY NO FRAME | ONEPLUS MODEL,,,RP-439,,TECH HEAVEN,REPLACEMENT PARTS,LCD,,,Pieces,,1,,,,,,Active,New,,NO FRAME LCD | ONEPLUS MODEL,,,,,,LCD-OP-3255,,,,,,,
LCD SCREEN DISPLAY TOUCH AND DIGITIZER ASSEMBLY NO FRAME | ONEPLUS NORD,,,RP-440,,ONEPLUS,REPLACEMENT PARTS,LCD,,,Pieces,,1,,,,,,Active,New,,NO FRAME LCD | ONEPLUS NORD ,,,,,,LCD-OP-3256,,,,,,,
LCD SCREEN DISPLAY TOUCH AND DIGITIZER ASSEMBLY NO FRAME | ONEPLUS NORD,,,RP-440,,ONEPLUS,REPLACEMENT PARTS,LCD,,,Pieces,,1,,,,,,Active,New,,NO FRAME LCD | ONEPLUS NORD 2,,,,,,LCD-OP-3257,,,,,,,
LCD SCREEN DISPLAY TOUCH AND DIGITIZER ASSEMBLY NO FRAME | ONEPLUS NORD,,,RP-440,,ONEPLUS,REPLACEMENT PARTS,LCD,,,Pieces,,1,,,,,,Active,New,,NO FRAME LCD | ONEPLUS NORD 2T,,,,,,LCD-OP-3258,,,,,,,
LCD SCREEN DISPLAY TOUCH AND DIGITIZER ASSEMBLY NO FRAME | ONEPLUS NORD,,,RP-440,,ONEPLUS,REPLACEMENT PARTS,LCD,,,Pieces,,1,,,,,,Active,New,,NO FRAME LCD | ONEPLUS NORD 3,,,,,,LCD-OP-3259,,,,,,,
LCD SCREEN DISPLAY TOUCH AND DIGITIZER ASSEMBLY NO FRAME | ONEPLUS NORD,,,RP-440,,ONEPLUS,REPLACEMENT PARTS,LCD,,,Pieces,,1,,,,,,Active,New,,NO FRAME LCD | ONEPLUS NORD 4,,,,,,LCD-OP-3260,,,,,,,
LCD SCREEN DISPLAY TOUCH AND DIGITIZER ASSEMBLY NO FRAME | ONEPLUS NORD,,,RP-440,,ONEPLUS,REPLACEMENT PARTS,LCD,,,Pieces,,1,,,,,,Active,New,,NO FRAME LCD | ONEPLUS NORD 4 CE,,,,,,LCD-OP-3261,,,,,,,
LCD SCREEN DISPLAY TOUCH AND DIGITIZER ASSEMBLY NO FRAME | ONEPLUS NORD,,,RP-440,,ONEPLUS,REPLACEMENT PARTS,LCD,,,Pieces,,1,,,,,,Active,New,,NO FRAME LCD | ONEPLUS NORD CE 2 ,,,,,,LCD-OP-3262,,,,,,,
LCD SCREEN DISPLAY TOUCH AND DIGITIZER ASSEMBLY NO FRAME | ONEPLUS NORD,,,RP-440,,ONEPLUS,REPLACEMENT PARTS,LCD,,,Pieces,,1,,,,,,Active,New,,NO FRAME LCD | ONEPLUS NORD CE 2 LITE 5G,,,,,,LCD-OP-3263,,,,,,,
LCD SCREEN DISPLAY TOUCH AND DIGITIZER ASSEMBLY NO FRAME | ONEPLUS NORD,,,RP-440,,ONEPLUS,REPLACEMENT PARTS,LCD,,,Pieces,,1,,,,,,Active,New,,NO FRAME LCD | ONEPLUS NORD CE 3 ,,,,,,LCD-OP-3264,,,,,,,
LCD SCREEN DISPLAY TOUCH AND DIGITIZER ASSEMBLY NO FRAME | ONEPLUS NORD,,,RP-440,,ONEPLUS,REPLACEMENT PARTS,LCD,,,Pieces,,1,,,,,,Active,New,,NO FRAME LCD | ONEPLUS NORD CE 3 LITE 5G,,,,,,LCD-OP-3265,,,,,,,
LCD SCREEN DISPLAY TOUCH AND DIGITIZER ASSEMBLY NO FRAME | ONEPLUS NORD,,,RP-440,,ONEPLUS,REPLACEMENT PARTS,LCD,,,Pieces,,1,,,,,,Active,New,,NO FRAME LCD | ONEPLUS NORD CE 5G,,,,,,LCD-OP-3266,,,,,,,
LCD SCREEN DISPLAY TOUCH AND DIGITIZER ASSEMBLY NO FRAME | ONEPLUS NORD,,,RP-440,,ONEPLUS,REPLACEMENT PARTS,LCD,,,Pieces,,1,,,,,,Active,New,,NO FRAME LCD | ONEPLUS NORD N10 5G,,,,,,LCD-OP-3267,,,,,,,
LCD SCREEN DISPLAY TOUCH AND DIGITIZER ASSEMBLY NO FRAME | ONEPLUS NORD,,,RP-440,,ONEPLUS,REPLACEMENT PARTS,LCD,,,Pieces,,1,,,,,,Active,New,,NO FRAME LCD | ONEPLUS NORD N100,,,,,,LCD-OP-3268,,,,,,,
LCD SCREEN DISPLAY TOUCH AND DIGITIZER ASSEMBLY NO FRAME | ONEPLUS NORD,,,RP-440,,ONEPLUS,REPLACEMENT PARTS,LCD,,,Pieces,,1,,,,,,Active,New,,NO FRAME LCD | ONEPLUS NORD N200 5G,,,,,,LCD-OP-3269,,,,,,,
LCD SCREEN DISPLAY TOUCH AND DIGITIZER ASSEMBLY NO FRAME | ONEPLUS ONE,,,RP-441,,ONEPLUS,REPLACEMENT PARTS,LCD,,,Pieces,,1,,,,,,Active,New,,NO FRAME LCD | ONEPLUS ONE,,,,,,LCD-OP-3270,,,,,,,
LCD SCREEN DISPLAY TOUCH AND DIGITIZER ASSEMBLY NO FRAME | ONEPLUS OPEN,,,RP-442,,ONEPLUS,REPLACEMENT PARTS,LCD,,,Pieces,,1,,,,,,Active,New,,NO FRAME LCD | ONEPLUS OPEN,,,,,,LCD-OP-3271,,,,,,,
LCD SCREEN DISPLAY TOUCH AND DIGITIZER ASSEMBLY NO FRAME | ONEPLUS X,,,RP-443,,ONEPLUS,REPLACEMENT PARTS,LCD,,,Pieces,,1,,,,,,Active,New,,NO FRAME LCD | ONEPLUS X,,,,,,LCD-OP-3272,,,,,,,
LCD SCREEN DISPLAY TOUCH AND DIGITIZER ASSEMBLY WITH FRAME | ONEPLUS,,,RP-444,,ONEPLUS,REPLACEMENT PARTS,LCD,,,Pieces,,1,,,,,,Active,New,,LCD WITH FRAME | ONEPLUS 10 PRO,,,,,,LCD-OP-3273,,,,,,,
LCD SCREEN DISPLAY TOUCH AND DIGITIZER ASSEMBLY WITH FRAME | ONEPLUS,,,RP-444,,ONEPLUS,REPLACEMENT PARTS,LCD,,,Pieces,,1,,,,,,Active,New,,LCD WITH FRAME | ONEPLUS 10R,,,,,,LCD-OP-3274,,,,,,,
LCD SCREEN DISPLAY TOUCH AND DIGITIZER ASSEMBLY WITH FRAME | ONEPLUS,,,RP-444,,ONEPLUS,REPLACEMENT PARTS,LCD,,,Pieces,,1,,,,,,Active,New,,LCD WITH FRAME | ONEPLUS 10R 150W,,,,,,LCD-OP-3275,,,,,,,
LCD SCREEN DISPLAY TOUCH AND DIGITIZER ASSEMBLY WITH FRAME | ONEPLUS,,,RP-444,,ONEPLUS,REPLACEMENT PARTS,LCD,,,Pieces,,1,,,,,,Active,New,,LCD WITH FRAME | ONEPLUS 10T,,,,,,LCD-OP-3276,,,,,,,
LCD SCREEN DISPLAY TOUCH AND DIGITIZER ASSEMBLY WITH FRAME | ONEPLUS,,,RP-444,,ONEPLUS,REPLACEMENT PARTS,LCD,,,Pieces,,1,,,,,,Active,New,,LCD WITH FRAME | ONEPLUS 11,,,,,,LCD-OP-3277,,,,,,,
LCD SCREEN DISPLAY TOUCH AND DIGITIZER ASSEMBLY WITH FRAME | ONEPLUS,,,RP-444,,ONEPLUS,REPLACEMENT PARTS,LCD,,,Pieces,,1,,,,,,Active,New,,LCD WITH FRAME | ONEPLUS 11R,,,,,,LCD-OP-3278,,,,,,,
LCD SCREEN DISPLAY TOUCH AND DIGITIZER ASSEMBLY WITH FRAME | ONEPLUS,,,RP-444,,ONEPLUS,REPLACEMENT PARTS,LCD,,,Pieces,,1,,,,,,Active,New,,LCD WITH FRAME | ONEPLUS 12,,,,,,LCD-OP-3279,,,,,,,
LCD SCREEN DISPLAY TOUCH AND DIGITIZER ASSEMBLY WITH FRAME | ONEPLUS,,,RP-444,,ONEPLUS,REPLACEMENT PARTS,LCD,,,Pieces,,1,,,,,,Active,New,,LCD WITH FRAME | ONEPLUS 12R,,,,,,LCD-OP-3280,,,,,,,
LCD SCREEN DISPLAY TOUCH AND DIGITIZER ASSEMBLY WITH FRAME | ONEPLUS,,,RP-444,,ONEPLUS,REPLACEMENT PARTS,LCD,,,Pieces,,1,,,,,,Active,New,,LCD WITH FRAME | ONEPLUS 13,,,,,,LCD-OP-3281,,,,,,,
LCD SCREEN DISPLAY TOUCH AND DIGITIZER ASSEMBLY WITH FRAME | ONEPLUS,,,RP-444,,ONEPLUS,REPLACEMENT PARTS,LCD,,,Pieces,,1,,,,,,Active,New,,LCD WITH FRAME | ONEPLUS 13R,,,,,,LCD-OP-3282,,,,,,,
LCD SCREEN DISPLAY TOUCH AND DIGITIZER ASSEMBLY WITH FRAME | ONEPLUS,,,RP-444,,ONEPLUS,REPLACEMENT PARTS,LCD,,,Pieces,,1,,,,,,Active,New,,LCD WITH FRAME | ONEPLUS 2,,,,,,LCD-OP-3283,,,,,,,
LCD SCREEN DISPLAY TOUCH AND DIGITIZER ASSEMBLY WITH FRAME | ONEPLUS,,,RP-444,,ONEPLUS,REPLACEMENT PARTS,LCD,,,Pieces,,1,,,,,,Active,New,,LCD WITH FRAME | ONEPLUS 3,,,,,,LCD-OP-3284,,,,,,,
LCD SCREEN DISPLAY TOUCH AND DIGITIZER ASSEMBLY WITH FRAME | ONEPLUS,,,RP-444,,ONEPLUS,REPLACEMENT PARTS,LCD,,,Pieces,,1,,,,,,Active,New,,LCD WITH FRAME | ONEPLUS 3T,,,,,,LCD-OP-3285,,,,,,,
LCD SCREEN DISPLAY TOUCH AND DIGITIZER ASSEMBLY WITH FRAME | ONEPLUS,,,RP-444,,ONEPLUS,REPLACEMENT PARTS,LCD,,,Pieces,,1,,,,,,Active,New,,LCD WITH FRAME | ONEPLUS 5,,,,,,LCD-OP-3286,,,,,,,
LCD SCREEN DISPLAY TOUCH AND DIGITIZER ASSEMBLY WITH FRAME | ONEPLUS,,,RP-444,,ONEPLUS,REPLACEMENT PARTS,LCD,,,Pieces,,1,,,,,,Active,New,,LCD WITH FRAME | ONEPLUS 5T,,,,,,LCD-OP-3287,,,,,,,
LCD SCREEN DISPLAY TOUCH AND DIGITIZER ASSEMBLY WITH FRAME | ONEPLUS,,,RP-444,,ONEPLUS,REPLACEMENT PARTS,LCD,,,Pieces,,1,,,,,,Active,New,,LCD WITH FRAME | ONEPLUS 6,,,,,,LCD-OP-3288,,,,,,,
LCD SCREEN DISPLAY TOUCH AND DIGITIZER ASSEMBLY WITH FRAME | ONEPLUS,,,RP-444,,ONEPLUS,REPLACEMENT PARTS,LCD,,,Pieces,,1,,,,,,Active,New,,LCD WITH FRAME | ONEPLUS 6T,,,,,,LCD-OP-3289,,,,,,,
LCD SCREEN DISPLAY TOUCH AND DIGITIZER ASSEMBLY WITH FRAME | ONEPLUS,,,RP-444,,ONEPLUS,REPLACEMENT PARTS,LCD,,,Pieces,,1,,,,,,Active,New,,LCD WITH FRAME | ONEPLUS 6T MCLAREN EDITION,,,,,,LCD-OP-3290,,,,,,,
LCD SCREEN DISPLAY TOUCH AND DIGITIZER ASSEMBLY WITH FRAME | ONEPLUS,,,RP-444,,ONEPLUS,REPLACEMENT PARTS,LCD,,,Pieces,,1,,,,,,Active,New,,LCD WITH FRAME | ONEPLUS 7,,,,,,LCD-OP-3291,,,,,,,
LCD SCREEN DISPLAY TOUCH AND DIGITIZER ASSEMBLY WITH FRAME | ONEPLUS,,,RP-444,,ONEPLUS,REPLACEMENT PARTS,LCD,,,Pieces,,1,,,,,,Active,New,,LCD WITH FRAME | ONEPLUS 7 PRO,,,,,,LCD-OP-3292,,,,,,,
LCD SCREEN DISPLAY TOUCH AND DIGITIZER ASSEMBLY WITH FRAME | ONEPLUS,,,RP-444,,ONEPLUS,REPLACEMENT PARTS,LCD,,,Pieces,,1,,,,,,Active,New,,LCD WITH FRAME | ONEPLUS 7 PRO 5G,,,,,,LCD-OP-3293,,,,,,,
LCD SCREEN DISPLAY TOUCH AND DIGITIZER ASSEMBLY WITH FRAME | ONEPLUS,,,RP-444,,ONEPLUS,REPLACEMENT PARTS,LCD,,,Pieces,,1,,,,,,Active,New,,LCD WITH FRAME | ONEPLUS 7T,,,,,,LCD-OP-3294,,,,,,,
LCD SCREEN DISPLAY TOUCH AND DIGITIZER ASSEMBLY WITH FRAME | ONEPLUS,,,RP-444,,ONEPLUS,REPLACEMENT PARTS,LCD,,,Pieces,,1,,,,,,Active,New,,LCD WITH FRAME | ONEPLUS 7T PRO,,,,,,LCD-OP-3295,,,,,,,
LCD SCREEN DISPLAY TOUCH AND DIGITIZER ASSEMBLY WITH FRAME | ONEPLUS,,,RP-444,,ONEPLUS,REPLACEMENT PARTS,LCD,,,Pieces,,1,,,,,,Active,New,,LCD WITH FRAME | ONEPLUS 7T PRO MCLAREN EDITION,,,,,,LCD-OP-3296,,,,,,,
LCD SCREEN DISPLAY TOUCH AND DIGITIZER ASSEMBLY WITH FRAME | ONEPLUS,,,RP-444,,ONEPLUS,REPLACEMENT PARTS,LCD,,,Pieces,,1,,,,,,Active,New,,LCD WITH FRAME | ONEPLUS 8 ,,,,,,LCD-OP-3297,,,,,,,
LCD SCREEN DISPLAY TOUCH AND DIGITIZER ASSEMBLY WITH FRAME | ONEPLUS,,,RP-444,,ONEPLUS,REPLACEMENT PARTS,LCD,,,Pieces,,1,,,,,,Active,New,,LCD WITH FRAME | ONEPLUS 8 PRO,,,,,,LCD-OP-3298,,,,,,,
LCD SCREEN DISPLAY TOUCH AND DIGITIZER ASSEMBLY WITH FRAME | ONEPLUS,,,RP-444,,ONEPLUS,REPLACEMENT PARTS,LCD,,,Pieces,,1,,,,,,Active,New,,LCD WITH FRAME | ONEPLUS 8T,,,,,,LCD-OP-3299,,,,,,,
LCD SCREEN DISPLAY TOUCH AND DIGITIZER ASSEMBLY WITH FRAME | ONEPLUS,,,RP-444,,ONEPLUS,REPLACEMENT PARTS,LCD,,,Pieces,,1,,,,,,Active,New,,LCD WITH FRAME | ONEPLUS 9 ,,,,,,LCD-OP-3300,,,,,,,
LCD SCREEN DISPLAY TOUCH AND DIGITIZER ASSEMBLY WITH FRAME | ONEPLUS,,,RP-444,,ONEPLUS,REPLACEMENT PARTS,LCD,,,Pieces,,1,,,,,,Active,New,,LCD WITH FRAME | ONEPLUS 9 PRO,,,,,,LCD-OP-3301,,,,,,,
LCD SCREEN DISPLAY TOUCH AND DIGITIZER ASSEMBLY WITH FRAME | ONEPLUS,,,RP-444,,ONEPLUS,REPLACEMENT PARTS,LCD,,,Pieces,,1,,,,,,Active,New,,LCD WITH FRAME | ONEPLUS 9R,,,,,,LCD-OP-3302,,,,,,,
LCD SCREEN DISPLAY TOUCH AND DIGITIZER ASSEMBLY WITH FRAME | ONEPLUS,,,RP-444,,ONEPLUS,REPLACEMENT PARTS,LCD,,,Pieces,,1,,,,,,Active,New,,LCD WITH FRAME | ONEPLUS 9RT,,,,,,LCD-OP-3303,,,,,,,
LCD SCREEN DISPLAY TOUCH AND DIGITIZER ASSEMBLY WITH FRAME | ONEPLUS ACE,,,RP-445,,ONEPLUS,REPLACEMENT PARTS,LCD,,,Pieces,,1,,,,,,Active,New,,LCD WITH FRAME | ONEPLUS ACE,,,,,,LCD-OP-3304,,,,,,,
LCD SCREEN DISPLAY TOUCH AND DIGITIZER ASSEMBLY WITH FRAME | ONEPLUS ACE,,,RP-445,,ONEPLUS,REPLACEMENT PARTS,LCD,,,Pieces,,1,,,,,,Active,New,,LCD WITH FRAME | ONEPLUS ACE 2,,,,,,LCD-OP-3305,,,,,,,
LCD SCREEN DISPLAY TOUCH AND DIGITIZER ASSEMBLY WITH FRAME | ONEPLUS ACE,,,RP-445,,ONEPLUS,REPLACEMENT PARTS,LCD,,,Pieces,,1,,,,,,Active,New,,LCD WITH FRAME | ONEPLUS ACE 2 PRO,,,,,,LCD-OP-3306,,,,,,,
LCD SCREEN DISPLAY TOUCH AND DIGITIZER ASSEMBLY WITH FRAME | ONEPLUS ACE,,,RP-445,,ONEPLUS,REPLACEMENT PARTS,LCD,,,Pieces,,1,,,,,,Active,New,,LCD WITH FRAME | ONEPLUS ACE 2V,,,,,,LCD-OP-3307,,,,,,,
LCD SCREEN DISPLAY TOUCH AND DIGITIZER ASSEMBLY WITH FRAME | ONEPLUS ACE,,,RP-445,,ONEPLUS,REPLACEMENT PARTS,LCD,,,Pieces,,1,,,,,,Active,New,,LCD WITH FRAME | ONEPLUS ACE 3,,,,,,LCD-OP-3308,,,,,,,
LCD SCREEN DISPLAY TOUCH AND DIGITIZER ASSEMBLY WITH FRAME | ONEPLUS ACE,,,RP-445,,ONEPLUS,REPLACEMENT PARTS,LCD,,,Pieces,,1,,,,,,Active,New,,LCD WITH FRAME | ONEPLUS ACE 3 PRO,,,,,,LCD-OP-3309,,,,,,,
LCD SCREEN DISPLAY TOUCH AND DIGITIZER ASSEMBLY WITH FRAME | ONEPLUS ACE,,,RP-445,,ONEPLUS,REPLACEMENT PARTS,LCD,,,Pieces,,1,,,,,,Active,New,,LCD WITH FRAME | ONEPLUS ACE 3V,,,,,,LCD-OP-3310,,,,,,,
LCD SCREEN DISPLAY TOUCH AND DIGITIZER ASSEMBLY WITH FRAME | ONEPLUS ACE,,,RP-445,,ONEPLUS,REPLACEMENT PARTS,LCD,,,Pieces,,1,,,,,,Active,New,,LCD WITH FRAME | ONEPLUS ACE PRO,,,,,,LCD-OP-3311,,,,,,,
LCD SCREEN DISPLAY TOUCH AND DIGITIZER ASSEMBLY WITH FRAME | ONEPLUS ACE,,,RP-445,,ONEPLUS,REPLACEMENT PARTS,LCD,,,Pieces,,1,,,,,,Active,New,,LCD WITH FRAME | ONEPLUS ACE RACING EDITION,,,,,,LCD-OP-3312,,,,,,,
LCD SCREEN DISPLAY TOUCH AND DIGITIZER ASSEMBLY WITH FRAME | ONEPLUS MODEL,,,RP-446,,TECH HEAVEN,REPLACEMENT PARTS,LCD,,,Pieces,,1,,,,,,Active,New,,LCD WITH FRAME | ONEPLUS MODEL,,,,,,LCD-OP-3313,,,,,,,
LCD SCREEN DISPLAY TOUCH AND DIGITIZER ASSEMBLY WITH FRAME | ONEPLUS NORD,,,RP-447,,ONEPLUS,REPLACEMENT PARTS,LCD,,,Pieces,,1,,,,,,Active,New,,LCD WITH FRAME | ONEPLUS NORD ,,,,,,LCD-OP-3314,,,,,,,
LCD SCREEN DISPLAY TOUCH AND DIGITIZER ASSEMBLY WITH FRAME | ONEPLUS NORD,,,RP-447,,ONEPLUS,REPLACEMENT PARTS,LCD,,,Pieces,,1,,,,,,Active,New,,LCD WITH FRAME | ONEPLUS NORD 2,,,,,,LCD-OP-3315,,,,,,,
LCD SCREEN DISPLAY TOUCH AND DIGITIZER ASSEMBLY WITH FRAME | ONEPLUS NORD,,,RP-447,,ONEPLUS,REPLACEMENT PARTS,LCD,,,Pieces,,1,,,,,,Active,New,,LCD WITH FRAME | ONEPLUS NORD 2T,,,,,,LCD-OP-3316,,,,,,,
LCD SCREEN DISPLAY TOUCH AND DIGITIZER ASSEMBLY WITH FRAME | ONEPLUS NORD,,,RP-447,,ONEPLUS,REPLACEMENT PARTS,LCD,,,Pieces,,1,,,,,,Active,New,,LCD WITH FRAME | ONEPLUS NORD 3,,,,,,LCD-OP-3317,,,,,,,
LCD SCREEN DISPLAY TOUCH AND DIGITIZER ASSEMBLY WITH FRAME | ONEPLUS NORD,,,RP-447,,ONEPLUS,REPLACEMENT PARTS,LCD,,,Pieces,,1,,,,,,Active,New,,LCD WITH FRAME | ONEPLUS NORD 4,,,,,,LCD-OP-3318,,,,,,,
LCD SCREEN DISPLAY TOUCH AND DIGITIZER ASSEMBLY WITH FRAME | ONEPLUS NORD,,,RP-447,,ONEPLUS,REPLACEMENT PARTS,LCD,,,Pieces,,1,,,,,,Active,New,,LCD WITH FRAME | ONEPLUS NORD 4 CE,,,,,,LCD-OP-3319,,,,,,,
LCD SCREEN DISPLAY TOUCH AND DIGITIZER ASSEMBLY WITH FRAME | ONEPLUS NORD,,,RP-447,,ONEPLUS,REPLACEMENT PARTS,LCD,,,Pieces,,1,,,,,,Active,New,,LCD WITH FRAME | ONEPLUS NORD CE 2 ,,,,,,LCD-OP-3320,,,,,,,
LCD SCREEN DISPLAY TOUCH AND DIGITIZER ASSEMBLY WITH FRAME | ONEPLUS NORD,,,RP-447,,ONEPLUS,REPLACEMENT PARTS,LCD,,,Pieces,,1,,,,,,Active,New,,LCD WITH FRAME | ONEPLUS NORD CE 2 LITE 5G,,,,,,LCD-OP-3321,,,,,,,
LCD SCREEN DISPLAY TOUCH AND DIGITIZER ASSEMBLY WITH FRAME | ONEPLUS NORD,,,RP-447,,ONEPLUS,REPLACEMENT PARTS,LCD,,,Pieces,,1,,,,,,Active,New,,LCD WITH FRAME | ONEPLUS NORD CE 3 ,,,,,,LCD-OP-3322,,,,,,,
LCD SCREEN DISPLAY TOUCH AND DIGITIZER ASSEMBLY WITH FRAME | ONEPLUS NORD,,,RP-447,,ONEPLUS,REPLACEMENT PARTS,LCD,,,Pieces,,1,,,,,,Active,New,,LCD WITH FRAME | ONEPLUS NORD CE 3 LITE 5G,,,,,,LCD-OP-3323,,,,,,,
LCD SCREEN DISPLAY TOUCH AND DIGITIZER ASSEMBLY WITH FRAME | ONEPLUS NORD,,,RP-447,,ONEPLUS,REPLACEMENT PARTS,LCD,,,Pieces,,1,,,,,,Active,New,,LCD WITH FRAME | ONEPLUS NORD CE 5G,,,,,,LCD-OP-3324,,,,,,,
LCD SCREEN DISPLAY TOUCH AND DIGITIZER ASSEMBLY WITH FRAME | ONEPLUS NORD,,,RP-447,,ONEPLUS,REPLACEMENT PARTS,LCD,,,Pieces,,1,,,,,,Active,New,,LCD WITH FRAME | ONEPLUS NORD N10 5G,,,,,,LCD-OP-3325,,,,,,,
LCD SCREEN DISPLAY TOUCH AND DIGITIZER ASSEMBLY WITH FRAME | ONEPLUS NORD,,,RP-447,,ONEPLUS,REPLACEMENT PARTS,LCD,,,Pieces,,1,,,,,,Active,New,,LCD WITH FRAME | ONEPLUS NORD N100,,,,,,LCD-OP-3326,,,,,,,
LCD SCREEN DISPLAY TOUCH AND DIGITIZER ASSEMBLY WITH FRAME | ONEPLUS NORD,,,RP-447,,ONEPLUS,REPLACEMENT PARTS,LCD,,,Pieces,,1,,,,,,Active,New,,LCD WITH FRAME | ONEPLUS NORD N200 5G,,,,,,LCD-OP-3327,,,,,,,
LCD SCREEN DISPLAY TOUCH AND DIGITIZER ASSEMBLY WITH FRAME | ONEPLUS ONE,,,RP-448,,ONEPLUS,REPLACEMENT PARTS,LCD,,,Pieces,,1,,,,,,Active,New,,LCD WITH FRAME | ONEPLUS ONE,,,,,,LCD-OP-3328,,,,,,,
LCD SCREEN DISPLAY TOUCH AND DIGITIZER ASSEMBLY WITH FRAME | ONEPLUS OPEN,,,RP-449,,ONEPLUS,REPLACEMENT PARTS,LCD,,,Pieces,,1,,,,,,Active,New,,LCD WITH FRAME | ONEPLUS OPEN,,,,,,LCD-OP-3329,,,,,,,
LCD SCREEN DISPLAY TOUCH AND DIGITIZER ASSEMBLY WITH FRAME | ONEPLUS X,,,RP-450,,ONEPLUS,REPLACEMENT PARTS,LCD,,,Pieces,,1,,,,,,Active,New,,LCD WITH FRAME | ONEPLUS X,,,,,,LCD-OP-3330,,,,,,,
LCD SCREEN FOR BLACK NO FRAME | MOTO ATRIX,,,RP-451,,MOTOROLA,REPLACEMENT PARTS,LCD,,,Pieces,,1,,,,,,Active,New,,NO FRAME LCD | MOTOROLA ATRIX 4G,,,,,,LCD-MOTO-3331,,,,,,,
LCD SCREEN FOR BLACK NO FRAME | MOTO AURA,,,RP-452,,MOTOROLA,REPLACEMENT PARTS,LCD,,,Pieces,,1,,,,,,Active,New,,NO FRAME LCD | MOTOROLA AURA,,,,,,LCD-MOTO-3332,,,,,,,
LCD SCREEN FOR BLACK NO FRAME | MOTO BACKFLIP,,,RP-453,,MOTOROLA,REPLACEMENT PARTS,LCD,,,Pieces,,1,,,,,,Active,New,,NO FRAME LCD | MOTOROLA BACKFLIP,,,,,,LCD-MOTO-3333,,,,,,,
LCD SCREEN FOR BLACK NO FRAME | MOTO C,,,RP-454,,MOTOROLA,REPLACEMENT PARTS,LCD,,,Pieces,,1,,,,,,Active,New,,NO FRAME LCD | MOTOROLA C200,,,,,,LCD-MOTO-3334,,,,,,,
LCD SCREEN FOR BLACK NO FRAME | MOTO C,,,RP-454,,MOTOROLA,REPLACEMENT PARTS,LCD,,,Pieces,,1,,,,,,Active,New,,NO FRAME LCD | MOTOROLA C350,,,,,,LCD-MOTO-3335,,,,,,,
LCD SCREEN FOR BLACK NO FRAME | MOTO DEFY,,,RP-455,,MOTOROLA,REPLACEMENT PARTS,LCD,,,Pieces,,1,,,,,,Active,New,,NO FRAME LCD | MOTOROLA DEFY,,,,,,LCD-MOTO-3336,,,,,,,
LCD SCREEN FOR BLACK NO FRAME | MOTO DROID,,,RP-456,,MOTOROLA,REPLACEMENT PARTS,LCD,,,Pieces,,1,,,,,,Active,New,,NO FRAME LCD | MOTOROLA DROID,,,,,,LCD-MOTO-3337,,,,,,,
LCD SCREEN FOR BLACK NO FRAME | MOTO DROID,,,RP-456,,MOTOROLA,REPLACEMENT PARTS,LCD,,,Pieces,,1,,,,,,Active,New,,NO FRAME LCD | MOTOROLA DROID BIONIC,,,,,,LCD-MOTO-3338,,,,,,,
LCD SCREEN FOR BLACK NO FRAME | MOTO DROID,,,RP-456,,MOTOROLA,REPLACEMENT PARTS,LCD,,,Pieces,,1,,,,,,Active,New,,NO FRAME LCD | MOTOROLA DROID RAZR,,,,,,LCD-MOTO-3339,,,,,,,
LCD SCREEN FOR BLACK NO FRAME | MOTO DROID,,,RP-456,,MOTOROLA,REPLACEMENT PARTS,LCD,,,Pieces,,1,,,,,,Active,New,,NO FRAME LCD | MOTOROLA DROID TURBO,,,,,,LCD-MOTO-3340,,,,,,,
LCD SCREEN FOR BLACK NO FRAME | MOTO E,,,RP-457,,MOTOROLA,REPLACEMENT PARTS,LCD,,,Pieces,,1,,,,,,Active,New,,NO FRAME LCD | MOTOROLA E398,,,,,,LCD-MOTO-3341,,,,,,,
LCD SCREEN FOR BLACK NO FRAME | MOTO E,,,RP-457,,MOTOROLA,REPLACEMENT PARTS,LCD,,,Pieces,,1,,,,,,Active,New,,NO FRAME LCD | MOTOROLA MOTO E,,,,,,LCD-MOTO-3342,,,,,,,
LCD SCREEN FOR BLACK NO FRAME | MOTO E,,,RP-457,,MOTOROLA,REPLACEMENT PARTS,LCD,,,Pieces,,1,,,,,,Active,New,,NO FRAME LCD | MOTOROLA MOTO E13,,,,,,LCD-MOTO-3343,,,,,,,
LCD SCREEN FOR BLACK NO FRAME | MOTO E,,,RP-457,,MOTOROLA,REPLACEMENT PARTS,LCD,,,Pieces,,1,,,,,,Active,New,,NO FRAME LCD | MOTOROLA MOTO E14,,,,,,LCD-MOTO-3344,,,,,,,
LCD SCREEN FOR BLACK NO FRAME | MOTO E,,,RP-457,,MOTOROLA,REPLACEMENT PARTS,LCD,,,Pieces,,1,,,,,,Active,New,,NO FRAME LCD | MOTOROLA MOTO E5,,,,,,LCD-MOTO-3345,,,,,,,
LCD SCREEN FOR BLACK NO FRAME | MOTO E,,,RP-457,,MOTOROLA,REPLACEMENT PARTS,LCD,,,Pieces,,1,,,,,,Active,New,,NO FRAME LCD | MOTOROLA MOTO E5 PLAY,,,,,,LCD-MOTO-3346,,,,,,,
LCD SCREEN FOR BLACK NO FRAME | MOTO E,,,RP-457,,MOTOROLA,REPLACEMENT PARTS,LCD,,,Pieces,,1,,,,,,Active,New,,NO FRAME LCD | MOTOROLA MOTO E5 PLUS,,,,,,LCD-MOTO-3347,,,,,,,
LCD SCREEN FOR BLACK NO FRAME | MOTO E,,,RP-457,,MOTOROLA,REPLACEMENT PARTS,LCD,,,Pieces,,1,,,,,,Active,New,,NO FRAME LCD | MOTOROLA MOTO E6,,,,,,LCD-MOTO-3348,,,,,,,
LCD SCREEN FOR BLACK NO FRAME | MOTO E,,,RP-457,,MOTOROLA,REPLACEMENT PARTS,LCD,,,Pieces,,1,,,,,,Active,New,,NO FRAME LCD | MOTOROLA MOTO E6 PLAY,,,,,,LCD-MOTO-3349,,,,,,,
LCD SCREEN FOR BLACK NO FRAME | MOTO E,,,RP-457,,MOTOROLA,REPLACEMENT PARTS,LCD,,,Pieces,,1,,,,,,Active,New,,NO FRAME LCD | MOTOROLA MOTO E6 PLUS,,,,,,LCD-MOTO-3350,,,,,,,
LCD SCREEN FOR BLACK NO FRAME | MOTO E,,,RP-457,,MOTOROLA,REPLACEMENT PARTS,LCD,,,Pieces,,1,,,,,,Active,New,,NO FRAME LCD | MOTOROLA MOTO E7,,,,,,LCD-MOTO-3351,,,,,,,
LCD SCREEN FOR BLACK NO FRAME | MOTO EDGE,,,RP-458,,MOTOROLA,REPLACEMENT PARTS,LCD,,,Pieces,,1,,,,,,Active,New,,NO FRAME LCD | MOTOROLA EDGE,,,,,,LCD-MOTO-3352,,,,,,,
LCD SCREEN FOR BLACK NO FRAME | MOTO EDGE,,,RP-458,,MOTOROLA,REPLACEMENT PARTS,LCD,,,Pieces,,1,,,,,,Active,New,,NO FRAME LCD | MOTOROLA EDGE 20,,,,,,LCD-MOTO-3353,,,,,,,
LCD SCREEN FOR BLACK NO FRAME | MOTO EDGE,,,RP-458,,MOTOROLA,REPLACEMENT PARTS,LCD,,,Pieces,,1,,,,,,Active,New,,NO FRAME LCD | MOTOROLA EDGE 20 FUSION,,,,,,LCD-MOTO-3354,,,,,,,
LCD SCREEN FOR BLACK NO FRAME | MOTO EDGE,,,RP-458,,MOTOROLA,REPLACEMENT PARTS,LCD,,,Pieces,,1,,,,,,Active,New,,NO FRAME LCD | MOTOROLA EDGE 20 PRO,,,,,,LCD-MOTO-3355,,,,,,,
LCD SCREEN FOR BLACK NO FRAME | MOTO EDGE,,,RP-458,,MOTOROLA,REPLACEMENT PARTS,LCD,,,Pieces,,1,,,,,,Active,New,,NO FRAME LCD | MOTOROLA EDGE 30,,,,,,LCD-MOTO-3356,,,,,,,
LCD SCREEN FOR BLACK NO FRAME | MOTO EDGE,,,RP-458,,MOTOROLA,REPLACEMENT PARTS,LCD,,,Pieces,,1,,,,,,Active,New,,NO FRAME LCD | MOTOROLA EDGE 30 NEO,,,,,,LCD-MOTO-3357,,,,,,,
LCD SCREEN FOR BLACK NO FRAME | MOTO EDGE,,,RP-458,,MOTOROLA,REPLACEMENT PARTS,LCD,,,Pieces,,1,,,,,,Active,New,,NO FRAME LCD | MOTOROLA EDGE 30 ULTRA,,,,,,LCD-MOTO-3358,,,,,,,
LCD SCREEN FOR BLACK NO FRAME | MOTO EDGE,,,RP-458,,MOTOROLA,REPLACEMENT PARTS,LCD,,,Pieces,,1,,,,,,Active,New,,NO FRAME LCD | MOTOROLA EDGE 40,,,,,,LCD-MOTO-3359,,,,,,,
LCD SCREEN FOR BLACK NO FRAME | MOTO EDGE,,,RP-458,,MOTOROLA,REPLACEMENT PARTS,LCD,,,Pieces,,1,,,,,,Active,New,,NO FRAME LCD | MOTOROLA EDGE 40 PRO,,,,,,LCD-MOTO-3360,,,,,,,
LCD SCREEN FOR BLACK NO FRAME | MOTO EDGE,,,RP-458,,MOTOROLA,REPLACEMENT PARTS,LCD,,,Pieces,,1,,,,,,Active,New,,NO FRAME LCD | MOTOROLA EDGE 50 FUSION,,,,,,LCD-MOTO-3361,,,,,,,
LCD SCREEN FOR BLACK NO FRAME | MOTO EDGE,,,RP-458,,MOTOROLA,REPLACEMENT PARTS,LCD,,,Pieces,,1,,,,,,Active,New,,NO FRAME LCD | MOTOROLA EDGE 50 PRO,,,,,,LCD-MOTO-3362,,,,,,,
LCD SCREEN FOR BLACK NO FRAME | MOTO EDGE,,,RP-458,,MOTOROLA,REPLACEMENT PARTS,LCD,,,Pieces,,1,,,,,,Active,New,,NO FRAME LCD | MOTOROLA EDGE 50 ULTRA,,,,,,LCD-MOTO-3363,,,,,,,
LCD SCREEN FOR BLACK NO FRAME | MOTO EDGE,,,RP-458,,MOTOROLA,REPLACEMENT PARTS,LCD,,,Pieces,,1,,,,,,Active,New,,NO FRAME LCD | MOTOROLA EDGE PLUS,,,,,,LCD-MOTO-3364,,,,,,,
LCD SCREEN FOR BLACK NO FRAME | MOTO FLIPOUT,,,RP-459,,MOTOROLA,REPLACEMENT PARTS,LCD,,,Pieces,,1,,,,,,Active,New,,NO FRAME LCD | MOTOROLA FLIPOUT,,,,,,LCD-MOTO-3365,,,,,,,
LCD SCREEN FOR BLACK NO FRAME | MOTO G,,,RP-460,,MOTOROLA,REPLACEMENT PARTS,LCD,,,Pieces,,1,,,,,,Active,New,,NO FRAME LCD | MOTOROLA MOTO G,,,,,,LCD-MOTO-3366,,,,,,,
LCD SCREEN FOR BLACK NO FRAME | MOTO G,,,RP-460,,MOTOROLA,REPLACEMENT PARTS,LCD,,,Pieces,,1,,,,,,Active,New,,NO FRAME LCD | MOTOROLA MOTO G PLAY,,,,,,LCD-MOTO-3367,,,,,,,
LCD SCREEN FOR BLACK NO FRAME | MOTO G,,,RP-460,,MOTOROLA,REPLACEMENT PARTS,LCD,,,Pieces,,1,,,,,,Active,New,,NO FRAME LCD | MOTOROLA MOTO G POWER,,,,,,LCD-MOTO-3368,,,,,,,
LCD SCREEN FOR BLACK NO FRAME | MOTO G,,,RP-460,,MOTOROLA,REPLACEMENT PARTS,LCD,,,Pieces,,1,,,,,,Active,New,,NO FRAME LCD | MOTOROLA MOTO G PURE,,,,,,LCD-MOTO-3369,,,,,,,
LCD SCREEN FOR BLACK NO FRAME | MOTO G,,,RP-460,,MOTOROLA,REPLACEMENT PARTS,LCD,,,Pieces,,1,,,,,,Active,New,,NO FRAME LCD | MOTOROLA MOTO G STYLUS,,,,,,LCD-MOTO-3370,,,,,,,
LCD SCREEN FOR BLACK NO FRAME | MOTO G,,,RP-460,,MOTOROLA,REPLACEMENT PARTS,LCD,,,Pieces,,1,,,,,,Active,New,,NO FRAME LCD | MOTOROLA MOTO G STYLUS 5G,,,,,,LCD-MOTO-3371,,,,,,,
LCD SCREEN FOR BLACK NO FRAME | MOTO G,,,RP-460,,MOTOROLA,REPLACEMENT PARTS,LCD,,,Pieces,,1,,,,,,Active,New,,NO FRAME LCD | MOTOROLA MOTO G10,,,,,,LCD-MOTO-3372,,,,,,,
LCD SCREEN FOR BLACK NO FRAME | MOTO G,,,RP-460,,MOTOROLA,REPLACEMENT PARTS,LCD,,,Pieces,,1,,,,,,Active,New,,NO FRAME LCD | MOTOROLA MOTO G2,,,,,,LCD-MOTO-3373,,,,,,,
LCD SCREEN FOR BLACK NO FRAME | MOTO G,,,RP-460,,MOTOROLA,REPLACEMENT PARTS,LCD,,,Pieces,,1,,,,,,Active,New,,NO FRAME LCD | MOTOROLA MOTO G20,,,,,,LCD-MOTO-3374,,,,,,,
LCD SCREEN FOR BLACK NO FRAME | MOTO G,,,RP-460,,MOTOROLA,REPLACEMENT PARTS,LCD,,,Pieces,,1,,,,,,Active,New,,NO FRAME LCD | MOTOROLA MOTO G3,,,,,,LCD-MOTO-3375,,,,,,,
LCD SCREEN FOR BLACK NO FRAME | MOTO G,,,RP-460,,MOTOROLA,REPLACEMENT PARTS,LCD,,,Pieces,,1,,,,,,Active,New,,NO FRAME LCD | MOTOROLA MOTO G30,,,,,,LCD-MOTO-3376,,,,,,,
LCD SCREEN FOR BLACK NO FRAME | MOTO G,,,RP-460,,MOTOROLA,REPLACEMENT PARTS,LCD,,,Pieces,,1,,,,,,Active,New,,NO FRAME LCD | MOTOROLA MOTO G4,,,,,,LCD-MOTO-3377,,,,,,,
LCD SCREEN FOR BLACK NO FRAME | MOTO G,,,RP-460,,MOTOROLA,REPLACEMENT PARTS,LCD,,,Pieces,,1,,,,,,Active,New,,NO FRAME LCD | MOTOROLA MOTO G4 PLUS,,,,,,LCD-MOTO-3378,,,,,,,
LCD SCREEN FOR BLACK NO FRAME | MOTO G,,,RP-460,,MOTOROLA,REPLACEMENT PARTS,LCD,,,Pieces,,1,,,,,,Active,New,,NO FRAME LCD | MOTOROLA MOTO G40,,,,,,LCD-MOTO-3379,,,,,,,
LCD SCREEN FOR BLACK NO FRAME | MOTO G,,,RP-460,,MOTOROLA,REPLACEMENT PARTS,LCD,,,Pieces,,1,,,,,,Active,New,,NO FRAME LCD | MOTOROLA MOTO G40 FUSION,,,,,,LCD-MOTO-3380,,,,,,,
LCD SCREEN FOR BLACK NO FRAME | MOTO G,,,RP-460,,MOTOROLA,REPLACEMENT PARTS,LCD,,,Pieces,,1,,,,,,Active,New,,NO FRAME LCD | MOTOROLA MOTO G40 PLUS,,,,,,LCD-MOTO-3381,,,,,,,
LCD SCREEN FOR BLACK NO FRAME | MOTO G,,,RP-460,,MOTOROLA,REPLACEMENT PARTS,LCD,,,Pieces,,1,,,,,,Active,New,,NO FRAME LCD | MOTOROLA MOTO G50,,,,,,LCD-MOTO-3382,,,,,,,
LCD SCREEN FOR BLACK NO FRAME | MOTO G,,,RP-460,,MOTOROLA,REPLACEMENT PARTS,LCD,,,Pieces,,1,,,,,,Active,New,,NO FRAME LCD | MOTOROLA MOTO G5S,,,,,,LCD-MOTO-3383,,,,,,,
LCD SCREEN FOR BLACK NO FRAME | MOTO G,,,RP-460,,MOTOROLA,REPLACEMENT PARTS,LCD,,,Pieces,,1,,,,,,Active,New,,NO FRAME LCD | MOTOROLA MOTO G5S PLUS,,,,,,LCD-MOTO-3384,,,,,,,
LCD SCREEN FOR BLACK NO FRAME | MOTO G,,,RP-460,,MOTOROLA,REPLACEMENT PARTS,LCD,,,Pieces,,1,,,,,,Active,New,,NO FRAME LCD | MOTOROLA MOTO G6,,,,,,LCD-MOTO-3385,,,,,,,
LCD SCREEN FOR BLACK NO FRAME | MOTO G,,,RP-460,,MOTOROLA,REPLACEMENT PARTS,LCD,,,Pieces,,1,,,,,,Active,New,,NO FRAME LCD | MOTOROLA MOTO G6 PLAY,,,,,,LCD-MOTO-3386,,,,,,,
LCD SCREEN FOR BLACK NO FRAME | MOTO G,,,RP-460,,MOTOROLA,REPLACEMENT PARTS,LCD,,,Pieces,,1,,,,,,Active,New,,NO FRAME LCD | MOTOROLA MOTO G6 PLUS,,,,,,LCD-MOTO-3387,,,,,,,
LCD SCREEN FOR BLACK NO FRAME | MOTO G,,,RP-460,,MOTOROLA,REPLACEMENT PARTS,LCD,,,Pieces,,1,,,,,,Active,New,,NO FRAME LCD | MOTOROLA MOTO G60,,,,,,LCD-MOTO-3388,,,,,,,
LCD SCREEN FOR BLACK NO FRAME | MOTO G,,,RP-460,,MOTOROLA,REPLACEMENT PARTS,LCD,,,Pieces,,1,,,,,,Active,New,,NO FRAME LCD | MOTOROLA MOTO G7,,,,,,LCD-MOTO-3389,,,,,,,
LCD SCREEN FOR BLACK NO FRAME | MOTO G,,,RP-460,,MOTOROLA,REPLACEMENT PARTS,LCD,,,Pieces,,1,,,,,,Active,New,,NO FRAME LCD | MOTOROLA MOTO G7 PLAY,,,,,,LCD-MOTO-3390,,,,,,,
LCD SCREEN FOR BLACK NO FRAME | MOTO G,,,RP-460,,MOTOROLA,REPLACEMENT PARTS,LCD,,,Pieces,,1,,,,,,Active,New,,NO FRAME LCD | MOTOROLA MOTO G7 PLUS,,,,,,LCD-MOTO-3391,,,,,,,
LCD SCREEN FOR BLACK NO FRAME | MOTO G,,,RP-460,,MOTOROLA,REPLACEMENT PARTS,LCD,,,Pieces,,1,,,,,,Active,New,,NO FRAME LCD | MOTOROLA MOTO G7 POWER,,,,,,LCD-MOTO-3392,,,,,,,
LCD SCREEN FOR BLACK NO FRAME | MOTO G,,,RP-460,,MOTOROLA,REPLACEMENT PARTS,LCD,,,Pieces,,1,,,,,,Active,New,,NO FRAME LCD | MOTOROLA MOTO G71,,,,,,LCD-MOTO-3393,,,,,,,
LCD SCREEN FOR BLACK NO FRAME | MOTO G,,,RP-460,,MOTOROLA,REPLACEMENT PARTS,LCD,,,Pieces,,1,,,,,,Active,New,,NO FRAME LCD | MOTOROLA MOTO G72,,,,,,LCD-MOTO-3394,,,,,,,
LCD SCREEN FOR BLACK NO FRAME | MOTO G,,,RP-460,,MOTOROLA,REPLACEMENT PARTS,LCD,,,Pieces,,1,,,,,,Active,New,,NO FRAME LCD | MOTOROLA MOTO G73,,,,,,LCD-MOTO-3395,,,,,,,
LCD SCREEN FOR BLACK NO FRAME | MOTO G,,,RP-460,,MOTOROLA,REPLACEMENT PARTS,LCD,,,Pieces,,1,,,,,,Active,New,,NO FRAME LCD | MOTOROLA MOTO G8,,,,,,LCD-MOTO-3396,,,,,,,
LCD SCREEN FOR BLACK NO FRAME | MOTO G,,,RP-460,,MOTOROLA,REPLACEMENT PARTS,LCD,,,Pieces,,1,,,,,,Active,New,,NO FRAME LCD | MOTOROLA MOTO G8 PLAY,,,,,,LCD-MOTO-3397,,,,,,,
LCD SCREEN FOR BLACK NO FRAME | MOTO G,,,RP-460,,MOTOROLA,REPLACEMENT PARTS,LCD,,,Pieces,,1,,,,,,Active,New,,NO FRAME LCD | MOTOROLA MOTO G8 POWER,,,,,,LCD-MOTO-3398,,,,,,,
LCD SCREEN FOR BLACK NO FRAME | MOTO G,,,RP-460,,MOTOROLA,REPLACEMENT PARTS,LCD,,,Pieces,,1,,,,,,Active,New,,NO FRAME LCD | MOTOROLA MOTO G84,,,,,,LCD-MOTO-3399,,,,,,,
LCD SCREEN FOR BLACK NO FRAME | MOTO G,,,RP-460,,MOTOROLA,REPLACEMENT PARTS,LCD,,,Pieces,,1,,,,,,Active,New,,NO FRAME LCD | MOTOROLA MOTO G85,,,,,,LCD-MOTO-3400,,,,,,,
LCD SCREEN FOR BLACK NO FRAME | MOTO G,,,RP-460,,MOTOROLA,REPLACEMENT PARTS,LCD,,,Pieces,,1,,,,,,Active,New,,NO FRAME LCD | MOTOROLA MOTO G9,,,,,,LCD-MOTO-3401,,,,,,,
LCD SCREEN FOR BLACK NO FRAME | MOTO G,,,RP-460,,MOTOROLA,REPLACEMENT PARTS,LCD,,,Pieces,,1,,,,,,Active,New,,NO FRAME LCD | MOTOROLA MOTO G9 PLAY,,,,,,LCD-MOTO-3402,,,,,,,
LCD SCREEN FOR BLACK NO FRAME | MOTO G,,,RP-460,,MOTOROLA,REPLACEMENT PARTS,LCD,,,Pieces,,1,,,,,,Active,New,,NO FRAME LCD | MOTOROLA MOTO G9 POWER,,,,,,LCD-MOTO-3403,,,,,,,
LCD SCREEN FOR BLACK NO FRAME | MOTO KRZR,,,RP-461,,MOTOROLA,REPLACEMENT PARTS,LCD,,,Pieces,,1,,,,,,Active,New,,NO FRAME LCD | MOTOROLA KRZR K1,,,,,,LCD-MOTO-3404,,,,,,,
LCD SCREEN FOR BLACK NO FRAME | MOTO MILESTONE,,,RP-462,,MOTOROLA,REPLACEMENT PARTS,LCD,,,Pieces,,1,,,,,,Active,New,,NO FRAME LCD | MOTOROLA MILESTONE,,,,,,LCD-MOTO-3405,,,,,,,
LCD SCREEN FOR BLACK NO FRAME | MOTO MING,,,RP-463,,MOTOROLA,REPLACEMENT PARTS,LCD,,,Pieces,,1,,,,,,Active,New,,NO FRAME LCD | MOTOROLA MING A1200,,,,,,LCD-MOTO-3406,,,,,,,
LCD SCREEN FOR BLACK NO FRAME | MOTO MODEL,,,RP-464,,MOTOROLA,REPLACEMENT PARTS,LCD,,,Pieces,,1,,,,,,Active,New,,NO FRAME LCD | MOTOROLA MODEL,,,,,,LCD-MOTO-3407,,,,,,,
LCD SCREEN FOR BLACK NO FRAME | MOTO ONE,,,RP-465,,MOTOROLA,REPLACEMENT PARTS,LCD,,,Pieces,,1,,,,,,Active,New,,NO FRAME LCD | MOTOROLA MOTO ONE,,,,,,LCD-MOTO-3408,,,,,,,
LCD SCREEN FOR BLACK NO FRAME | MOTO ONE,,,RP-465,,MOTOROLA,REPLACEMENT PARTS,LCD,,,Pieces,,1,,,,,,Active,New,,NO FRAME LCD | MOTOROLA ONE ACTION,,,,,,LCD-MOTO-3409,,,,,,,
LCD SCREEN FOR BLACK NO FRAME | MOTO ONE,,,RP-465,,MOTOROLA,REPLACEMENT PARTS,LCD,,,Pieces,,1,,,,,,Active,New,,NO FRAME LCD | MOTOROLA ONE FUSION,,,,,,LCD-MOTO-3410,,,,,,,
LCD SCREEN FOR BLACK NO FRAME | MOTO ONE,,,RP-465,,MOTOROLA,REPLACEMENT PARTS,LCD,,,Pieces,,1,,,,,,Active,New,,NO FRAME LCD | MOTOROLA ONE HYPER,,,,,,LCD-MOTO-3411,,,,,,,
LCD SCREEN FOR BLACK NO FRAME | MOTO ONE,,,RP-465,,MOTOROLA,REPLACEMENT PARTS,LCD,,,Pieces,,1,,,,,,Active,New,,NO FRAME LCD | MOTOROLA ONE POWER,,,,,,LCD-MOTO-3412,,,,,,,
LCD SCREEN FOR BLACK NO FRAME | MOTO ONE,,,RP-465,,MOTOROLA,REPLACEMENT PARTS,LCD,,,Pieces,,1,,,,,,Active,New,,NO FRAME LCD | MOTOROLA ONE VISION,,,,,,LCD-MOTO-3413,,,,,,,
LCD SCREEN FOR BLACK NO FRAME | MOTO PHOTON,,,RP-466,,MOTOROLA,REPLACEMENT PARTS,LCD,,,Pieces,,1,,,,,,Active,New,,NO FRAME LCD | MOTOROLA PHOTON,,,,,,LCD-MOTO-3414,,,,,,,
LCD SCREEN FOR BLACK NO FRAME | MOTO Q,,,RP-467,,MOTOROLA,REPLACEMENT PARTS,LCD,,,Pieces,,1,,,,,,Active,New,,NO FRAME LCD | MOTOROLA Q,,,,,,LCD-MOTO-3415,,,,,,,
LCD SCREEN FOR BLACK NO FRAME | MOTO RAZR,,,RP-468,,MOTOROLA,REPLACEMENT PARTS,LCD,,,Pieces,,1,,,,,,Active,New,,NO FRAME LCD | MOTOROLA RAZR 2019,,,,,,LCD-MOTO-3416,,,,,,,
LCD SCREEN FOR BLACK NO FRAME | MOTO RAZR,,,RP-468,,MOTOROLA,REPLACEMENT PARTS,LCD,,,Pieces,,1,,,,,,Active,New,,NO FRAME LCD | MOTOROLA RAZR 40,,,,,,LCD-MOTO-3417,,,,,,,
LCD SCREEN FOR BLACK NO FRAME | MOTO RAZR,,,RP-468,,MOTOROLA,REPLACEMENT PARTS,LCD,,,Pieces,,1,,,,,,Active,New,,NO FRAME LCD | MOTOROLA RAZR 50,,,,,,LCD-MOTO-3418,,,,,,,
LCD SCREEN FOR BLACK NO FRAME | MOTO RAZR,,,RP-468,,MOTOROLA,REPLACEMENT PARTS,LCD,,,Pieces,,1,,,,,,Active,New,,NO FRAME LCD | MOTOROLA RAZR 5G,,,,,,LCD-MOTO-3419,,,,,,,
LCD SCREEN FOR BLACK NO FRAME | MOTO RAZR,,,RP-468,,MOTOROLA,REPLACEMENT PARTS,LCD,,,Pieces,,1,,,,,,Active,New,,NO FRAME LCD | MOTOROLA RAZR MAXX,,,,,,LCD-MOTO-3420,,,,,,,
LCD SCREEN FOR BLACK NO FRAME | MOTO RAZR,,,RP-468,,MOTOROLA,REPLACEMENT PARTS,LCD,,,Pieces,,1,,,,,,Active,New,,NO FRAME LCD | MOTOROLA RAZR V3,,,,,,LCD-MOTO-3421,,,,,,,
LCD SCREEN FOR BLACK NO FRAME | MOTO RAZR,,,RP-468,,MOTOROLA,REPLACEMENT PARTS,LCD,,,Pieces,,1,,,,,,Active,New,,NO FRAME LCD | MOTOROLA RAZR2 V8,,,,,,LCD-MOTO-3422,,,,,,,
LCD SCREEN FOR BLACK NO FRAME | MOTO RIZR,,,RP-469,,MOTOROLA,REPLACEMENT PARTS,LCD,,,Pieces,,1,,,,,,Active,New,,NO FRAME LCD | MOTOROLA RIZR Z3,,,,,,LCD-MOTO-3423,,,,,,,
LCD SCREEN FOR BLACK NO FRAME | MOTO ROKR,,,RP-470,,MOTOROLA,REPLACEMENT PARTS,LCD,,,Pieces,,1,,,,,,Active,New,,NO FRAME LCD | MOTOROLA ROKR E1,,,,,,LCD-MOTO-3424,,,,,,,
LCD SCREEN FOR BLACK NO FRAME | MOTO SLVR,,,RP-471,,MOTOROLA,REPLACEMENT PARTS,LCD,,,Pieces,,1,,,,,,Active,New,,NO FRAME LCD | MOTOROLA SLVR L7,,,,,,LCD-MOTO-3425,,,,,,,
LCD SCREEN FOR BLACK NO FRAME | MOTO THINKPHONE,,,RP-472,,MOTOROLA,REPLACEMENT PARTS,LCD,,,Pieces,,1,,,,,,Active,New,,NO FRAME LCD | MOTOROLA THINKPHONE,,,,,,LCD-MOTO-3426,,,,,,,
LCD SCREEN FOR BLACK NO FRAME | MOTO V,,,RP-473,,MOTOROLA,REPLACEMENT PARTS,LCD,,,Pieces,,1,,,,,,Active,New,,NO FRAME LCD | MOTOROLA V50,,,,,,LCD-MOTO-3427,,,,,,,
LCD SCREEN FOR BLACK NO FRAME | MOTO V,,,RP-473,,MOTOROLA,REPLACEMENT PARTS,LCD,,,Pieces,,1,,,,,,Active,New,,NO FRAME LCD | MOTOROLA V60,,,,,,LCD-MOTO-3428,,,,,,,
LCD SCREEN FOR BLACK NO FRAME | MOTO V,,,RP-473,,MOTOROLA,REPLACEMENT PARTS,LCD,,,Pieces,,1,,,,,,Active,New,,NO FRAME LCD | MOTOROLA V70,,,,,,LCD-MOTO-3429,,,,,,,
LCD SCREEN FOR BLACK NO FRAME | MOTO X,,,RP-474,,MOTOROLA,REPLACEMENT PARTS,LCD,,,Pieces,,1,,,,,,Active,New,,NO FRAME LCD | MOTOROLA MOTO X,,,,,,LCD-MOTO-3430,,,,,,,
LCD SCREEN FOR BLACK NO FRAME | MOTO X,,,RP-474,,MOTOROLA,REPLACEMENT PARTS,LCD,,,Pieces,,1,,,,,,Active,New,,NO FRAME LCD | MOTOROLA MOTO X PLAY,,,,,,LCD-MOTO-3431,,,,,,,
LCD SCREEN FOR BLACK NO FRAME | MOTO X,,,RP-474,,MOTOROLA,REPLACEMENT PARTS,LCD,,,Pieces,,1,,,,,,Active,New,,NO FRAME LCD | MOTOROLA MOTO X STYLE,,,,,,LCD-MOTO-3432,,,,,,,
LCD SCREEN FOR BLACK NO FRAME | MOTO Z,,,RP-475,,MOTOROLA,REPLACEMENT PARTS,LCD,,,Pieces,,1,,,,,,Active,New,,NO FRAME LCD | LENOVO MOTO Z,,,,,,LCD-MOTO-3433,,,,,,,
LCD SCREEN FOR BLACK NO FRAME | MOTO Z,,,RP-475,,MOTOROLA,REPLACEMENT PARTS,LCD,,,Pieces,,1,,,,,,Active,New,,NO FRAME LCD | MOTO Z PLAY,,,,,,LCD-MOTO-3434,,,,,,,
LCD SCREEN FOR BLACK NO FRAME | MOTO Z,,,RP-475,,MOTOROLA,REPLACEMENT PARTS,LCD,,,Pieces,,1,,,,,,Active,New,,NO FRAME LCD | MOTO Z2 FORCE,,,,,,LCD-MOTO-3435,,,,,,,
LCD SCREEN FOR BLACK NO FRAME | MOTO Z,,,RP-475,,MOTOROLA,REPLACEMENT PARTS,LCD,,,Pieces,,1,,,,,,Active,New,,NO FRAME LCD | MOTO Z2 PLAY,,,,,,LCD-MOTO-3436,,,,,,,
LCD SCREEN FOR BLACK NO FRAME | MOTO Z,,,RP-475,,MOTOROLA,REPLACEMENT PARTS,LCD,,,Pieces,,1,,,,,,Active,New,,NO FRAME LCD | MOTO Z3,,,,,,LCD-MOTO-3437,,,,,,,
LCD SCREEN FOR BLACK NO FRAME | MOTO Z,,,RP-475,,MOTOROLA,REPLACEMENT PARTS,LCD,,,Pieces,,1,,,,,,Active,New,,NO FRAME LCD | MOTO Z4,,,,,,LCD-MOTO-3438,,,,,,,
LCD SCREEN FOR BLACK NO FRAME | MOTO Z,,,RP-475,,MOTOROLA,REPLACEMENT PARTS,LCD,,,Pieces,,1,,,,,,Active,New,,NO FRAME LCD | MOTOROLA Z8,,,,,,LCD-MOTO-3439,,,,,,,
LCD'S | IPAD 10.2,,,RP-476,,TECH HEAVEN,REPLACEMENT PARTS,IPAD LCD ,,,Pieces,,1,,,,,,Active,New,,"LCD | IPAD 10.2"" 7TH GEN 2019 MODEL A2197 ONLY LCD",,,,,,LCD-IPAD-3440,,,,,,,
LCD'S | IPAD 10.2,,,RP-476,,TECH HEAVEN,REPLACEMENT PARTS,IPAD LCD ,,,Pieces,,1,,,,,,Active,New,,"LCD | IPAD 10.2"" 7TH GEN 2019 MODEL A2270 ONLY LCD",,,,,,LCD-IPAD-3441,,,,,,,
LCD'S | IPAD 10.2,,,RP-476,,TECH HEAVEN,REPLACEMENT PARTS,IPAD LCD ,,,Pieces,,1,,,,,,Active,New,,"LCD | IPAD 10.2"" 8TH GEN 2020 MODEL A2197 ONLY LCD",,,,,,LCD-IPAD-3442,,,,,,,
LCD'S | IPAD 10.2,,,RP-476,,TECH HEAVEN,REPLACEMENT PARTS,IPAD LCD ,,,Pieces,,1,,,,,,Active,New,,"LCD | IPAD 10.2"" 8TH GEN 2020 MODEL A2270 ONLY LCD",,,,,,LCD-IPAD-3443,,,,,,,
LCD'S | IPAD 10.2,,,RP-476,,TECH HEAVEN,REPLACEMENT PARTS,IPAD LCD ,,,Pieces,,1,,,,,,Active,New,,"LCD | IPAD 10.2"" 9TH GEN 2021 MODEL A2197 ONLY LCD",,,,,,LCD-IPAD-3444,,,,,,,
LCD'S | IPAD 10.2,,,RP-476,,TECH HEAVEN,REPLACEMENT PARTS,IPAD LCD ,,,Pieces,,1,,,,,,Active,New,,"LCD | IPAD 10.2"" 9TH GEN 2021 MODEL A2270 ONLY LCD",,,,,,LCD-IPAD-3445,,,,,,,
LCD'S | IPAD 10.9,,,RP-477,,TECH HEAVEN,REPLACEMENT PARTS,IPAD LCD ,,,Pieces,,1,,,,,,Active,New,,"LCD | IPAD 10.9"" 10TH GEN 2022 MODEL A2696 ONLY LCD",,,,,,LCD-IPAD-3446,,,,,,,
LCD'S | IPAD 10.9,,,RP-477,,TECH HEAVEN,REPLACEMENT PARTS,IPAD LCD ,,,Pieces,,1,,,,,,Active,New,,"LCD | IPAD 10.9"" 10TH GEN 2022 MODEL A2757 ONLY LCD",,,,,,LCD-IPAD-3447,,,,,,,
LCD'S | IPAD 11,,,RP-478,,TECH HEAVEN,REPLACEMENT PARTS,IPAD LCD ,,,Pieces,,1,,,,,,Active,New,,"LCD | IPAD 11"" 11TH GEN 2025 (A16) MODEL A3354",,,,,,LCD-IPAD-3448,,,,,,,
LCD'S | IPAD 11,,,RP-478,,TECH HEAVEN,REPLACEMENT PARTS,IPAD LCD ,,,Pieces,,1,,,,,,Active,New,,"LCD | IPAD 11"" 11TH GEN 2025 (A16) MODEL A3355 ONLY LCD",,,,,,LCD-IPAD-3449,,,,,,,
LCD'S | IPAD 11,,,RP-478,,TECH HEAVEN,REPLACEMENT PARTS,IPAD LCD ,,,Pieces,,1,,,,,,Active,New,,"LCD | IPAD 11"" 11TH GEN 2025 (A16) MODEL A3356",,,,,,LCD-IPAD-3450,,,,,,,
LCD'S | IPAD 2,,,RP-479,,TECH HEAVEN,REPLACEMENT PARTS,IPAD LCD ,,,Pieces,,1,,,,,,Active,New,,LCD | IPAD 2 ,,,,,,LCD-IPAD-3451,,,,,,,
LCD'S | IPAD 9.7,,,RP-480,,TECH HEAVEN,REPLACEMENT PARTS,IPAD LCD ,,,Pieces,,1,,,,,,Active,New,,"LCD | IPAD 9.7"" 2ND GEN 2011 MODEL A1395 COMPLETE LCD",,,,,,LCD-IPAD-3452,,,,,,,
LCD'S | IPAD 9.7,,,RP-480,,TECH HEAVEN,REPLACEMENT PARTS,IPAD LCD ,,,Pieces,,1,,,,,,Active,New,,"LCD | IPAD 9.7"" 2ND GEN 2011 MODEL A1396 COMPLETE LCD",,,,,,LCD-IPAD-3453,,,,,,,
LCD'S | IPAD 9.7,,,RP-480,,TECH HEAVEN,REPLACEMENT PARTS,IPAD LCD ,,,Pieces,,1,,,,,,Active,New,,"LCD | IPAD 9.7"" 2ND GEN 2011 MODEL A1397 COMPLETE LCD",,,,,,LCD-IPAD-3454,,,,,,,
LCD'S | IPAD 9.7,,,RP-480,,TECH HEAVEN,REPLACEMENT PARTS,IPAD LCD ,,,Pieces,,1,,,,,,Active,New,,"LCD | IPAD 9.7"" 3RD GEN 2012 MODEL A1416 ONLY LCD",,,,,,LCD-IPAD-3455,,,,,,,
LCD'S | IPAD 9.7,,,RP-480,,TECH HEAVEN,REPLACEMENT PARTS,IPAD LCD ,,,Pieces,,1,,,,,,Active,New,,"LCD | IPAD 9.7"" 3RD GEN 2012 MODEL A1430 ONLY LCD",,,,,,LCD-IPAD-3456,,,,,,,
LCD'S | IPAD 9.7,,,RP-480,,TECH HEAVEN,REPLACEMENT PARTS,IPAD LCD ,,,Pieces,,1,,,,,,Active,New,,"LCD | IPAD 9.7"" 3RD GEN 2012 MODEL A1459 ONLY LCD",,,,,,LCD-IPAD-3457,,,,,,,
LCD'S | IPAD 9.7,,,RP-480,,TECH HEAVEN,REPLACEMENT PARTS,IPAD LCD ,,,Pieces,,1,,,,,,Active,New,,"LCD | IPAD 9.7"" 3RD GEN 2012 MODEL A1460 ONLY LCD",,,,,,LCD-IPAD-3458,,,,,,,
LCD'S | IPAD 9.7,,,RP-480,,TECH HEAVEN,REPLACEMENT PARTS,IPAD LCD ,,,Pieces,,1,,,,,,Active,New,,"LCD | IPAD 9.7"" 4TH GEN 2012 MODEL A1416 ONLY LCD",,,,,,LCD-IPAD-3459,,,,,,,
LCD'S | IPAD 9.7,,,RP-480,,TECH HEAVEN,REPLACEMENT PARTS,IPAD LCD ,,,Pieces,,1,,,,,,Active,New,,"LCD | IPAD 9.7"" 4TH GEN 2012 MODEL A1430 ONLY LCD",,,,,,LCD-IPAD-3460,,,,,,,
LCD'S | IPAD 9.7,,,RP-480,,TECH HEAVEN,REPLACEMENT PARTS,IPAD LCD ,,,Pieces,,1,,,,,,Active,New,,"LCD | IPAD 9.7"" 4TH GEN 2012 MODEL A1459 ONLY LCD",,,,,,LCD-IPAD-3461,,,,,,,
LCD'S | IPAD 9.7,,,RP-480,,TECH HEAVEN,REPLACEMENT PARTS,IPAD LCD ,,,Pieces,,1,,,,,,Active,New,,"LCD | IPAD 9.7"" 4TH GEN 2012 MODEL A1460 ONLY LCD",,,,,,LCD-IPAD-3462,,,,,,,
LCD'S | IPAD AIR,,,RP-481,,TECH HEAVEN,REPLACEMENT PARTS,IPAD LCD ,,,Pieces,,1,,,,,,Active,New,,"LCD | IPAD AIR 10.9"" 4TH GEN 2020 MODEL A2316 ",,,,,,LCD-IPAD-3463,,,,,,,
LCD'S | IPAD AIR,,,RP-481,,TECH HEAVEN,REPLACEMENT PARTS,IPAD LCD ,,,Pieces,,1,,,,,,Active,New,,"LCD | IPAD AIR 10.9"" 4TH GEN 2020 MODEL A2324 COMPLETE LCD",,,,,,LCD-IPAD-3464,,,,,,,
LCD'S | IPAD AIR,,,RP-481,,TECH HEAVEN,REPLACEMENT PARTS,IPAD LCD ,,,Pieces,,1,,,,,,Active,New,,"LCD | IPAD AIR 10.9"" 4TH GEN 2020 MODEL A2591 ",,,,,,LCD-IPAD-3465,,,,,,,
LCD'S | IPAD AIR,,,RP-481,,TECH HEAVEN,REPLACEMENT PARTS,IPAD LCD ,,,Pieces,,1,,,,,,Active,New,,"LCD | IPAD AIR 10.9"" 5TH GEN 2022 MODEL A2316 ",,,,,,LCD-IPAD-3466,,,,,,,
LCD'S | IPAD AIR,,,RP-481,,TECH HEAVEN,REPLACEMENT PARTS,IPAD LCD ,,,Pieces,,1,,,,,,Active,New,,"LCD | IPAD AIR 10.9"" 5TH GEN 2022 MODEL A2324 ",,,,,,LCD-IPAD-3467,,,,,,,
LCD'S | IPAD AIR,,,RP-481,,TECH HEAVEN,REPLACEMENT PARTS,IPAD LCD ,,,Pieces,,1,,,,,,Active,New,,"LCD | IPAD AIR 10.9"" 5TH GEN 2022 MODEL A2591 ",,,,,,LCD-IPAD-3468,,,,,,,
LCD'S | IPAD AIR,,,RP-481,,TECH HEAVEN,REPLACEMENT PARTS,IPAD LCD ,,,Pieces,,1,,,,,,Active,New,,"LCD | IPAD AIR 11"" 2024 MODEL A2902 COMPLETE LCD",,,,,,LCD-IPAD-3469,,,,,,,
LCD'S | IPAD AIR,,,RP-481,,TECH HEAVEN,REPLACEMENT PARTS,IPAD LCD ,,,Pieces,,1,,,,,,Active,New,,"LCD | IPAD AIR 11"" 2024 MODEL A2903 ",,,,,,LCD-IPAD-3470,,,,,,,
LCD'S | IPAD AIR,,,RP-481,,TECH HEAVEN,REPLACEMENT PARTS,IPAD LCD ,,,Pieces,,1,,,,,,Active,New,,"LCD | IPAD AIR 11"" 2024 MODEL A2904 ",,,,,,LCD-IPAD-3471,,,,,,,
LCD'S | IPAD AIR,,,RP-481,,TECH HEAVEN,REPLACEMENT PARTS,IPAD LCD ,,,Pieces,,1,,,,,,Active,New,,"LCD | IPAD AIR 13"" 2024 MODEL A2898 ",,,,,,LCD-IPAD-3472,,,,,,,
LCD'S | IPAD AIR,,,RP-481,,TECH HEAVEN,REPLACEMENT PARTS,IPAD LCD ,,,Pieces,,1,,,,,,Active,New,,"LCD | IPAD AIR 13"" 2024 MODEL A2899 ",,,,,,LCD-IPAD-3473,,,,,,,
LCD'S | IPAD AIR,,,RP-481,,TECH HEAVEN,REPLACEMENT PARTS,IPAD LCD ,,,Pieces,,1,,,,,,Active,New,,"LCD | IPAD AIR 2 9.7"" 2015 MODEL A1566 COMPLETE LCD",,,,,,LCD-IPAD-3474,,,,,,,
LCD'S | IPAD AIR,,,RP-481,,TECH HEAVEN,REPLACEMENT PARTS,IPAD LCD ,,,Pieces,,1,,,,,,Active,New,,"LCD | IPAD AIR 2 9.7"" 2015 MODEL A1567 COMPLETE LCD",,,,,,LCD-IPAD-3475,,,,,,,
LCD'S | IPAD AIR,,,RP-481,,TECH HEAVEN,REPLACEMENT PARTS,IPAD LCD ,,,Pieces,,1,,,,,,Active,New,,"LCD | IPAD AIR 3 10.5"" 2019 MODEL A2123 ",,,,,,LCD-IPAD-3476,,,,,,,
LCD'S | IPAD AIR,,,RP-481,,TECH HEAVEN,REPLACEMENT PARTS,IPAD LCD ,,,Pieces,,1,,,,,,Active,New,,"LCD | IPAD AIR 3 10.5"" 2019 MODEL A2152 COMPLETE LCD",,,,,,LCD-IPAD-3477,,,,,,,
LCD'S | IPAD AIR,,,RP-481,,TECH HEAVEN,REPLACEMENT PARTS,IPAD LCD ,,,Pieces,,1,,,,,,Active,New,,"LCD | IPAD AIR 3 10.5"" 2019 MODEL A2153 ",,,,,,LCD-IPAD-3478,,,,,,,
LCD'S | IPAD AIR,,,RP-481,,TECH HEAVEN,REPLACEMENT PARTS,IPAD LCD ,,,Pieces,,1,,,,,,Active,New,,"LCD | IPAD AIR 9.7"" 5TH GEN 2017 MODEL A1822 ONLY LCD",,,,,,LCD-IPAD-3479,,,,,,,
LCD'S | IPAD AIR,,,RP-481,,TECH HEAVEN,REPLACEMENT PARTS,IPAD LCD ,,,Pieces,,1,,,,,,Active,New,,"LCD | IPAD AIR 9.7"" 5TH GEN 2017 MODEL A1893 ONLY LCD",,,,,,LCD-IPAD-3480,,,,,,,
LCD'S | IPAD AIR,,,RP-481,,TECH HEAVEN,REPLACEMENT PARTS,IPAD LCD ,,,Pieces,,1,,,,,,Active,New,,"LCD | IPAD AIR 9.7"" 6TH GEN 2018 MODEL A1822 ONLY LCD",,,,,,LCD-IPAD-3481,,,,,,,
LCD'S | IPAD AIR,,,RP-481,,TECH HEAVEN,REPLACEMENT PARTS,IPAD LCD ,,,Pieces,,1,,,,,,Active,New,,"LCD | IPAD AIR 9.7"" 6TH GEN 2018 MODEL A1893 ONLY LCD",,,,,,LCD-IPAD-3482,,,,,,,
LCD'S | IPAD MINI,,,RP-482,,TECH HEAVEN,REPLACEMENT PARTS,IPAD LCD ,,,Pieces,,1,,,,,,Active,New,,"LCD | IPAD MINI 4 7.9"" 2015 MODEL A1538 COMPLETE LCD",,,,,,LCD-IPAD-3483,,,,,,,
LCD'S | IPAD MINI,,,RP-482,,TECH HEAVEN,REPLACEMENT PARTS,IPAD LCD ,,,Pieces,,1,,,,,,Active,New,,"LCD | IPAD MINI 4 7.9"" 2015 MODEL A1550 ",,,,,,LCD-IPAD-3484,,,,,,,
LCD'S | IPAD MINI,,,RP-482,,TECH HEAVEN,REPLACEMENT PARTS,IPAD LCD ,,,Pieces,,1,,,,,,Active,New,,"LCD | IPAD MINI 5 7.9"" 2019 MODEL A2124 ",,,,,,LCD-IPAD-3485,,,,,,,
LCD'S | IPAD MINI,,,RP-482,,TECH HEAVEN,REPLACEMENT PARTS,IPAD LCD ,,,Pieces,,1,,,,,,Active,New,,"LCD | IPAD MINI 5 7.9"" 2019 MODEL A2126 ",,,,,,LCD-IPAD-3486,,,,,,,
LCD'S | IPAD MINI,,,RP-482,,TECH HEAVEN,REPLACEMENT PARTS,IPAD LCD ,,,Pieces,,1,,,,,,Active,New,,"LCD | IPAD MINI 5 7.9"" 2019 MODEL A2133 COMPLETE LCD",,,,,,LCD-IPAD-3487,,,,,,,
LCD'S | IPAD MINI,,,RP-482,,TECH HEAVEN,REPLACEMENT PARTS,IPAD LCD ,,,Pieces,,1,,,,,,Active,New,,"LCD | IPAD MINI 6 8.3"" 2021 MODEL A2567 COMPLETE LCD",,,,,,LCD-IPAD-3488,,,,,,,
LCD'S | IPAD MINI,,,RP-482,,TECH HEAVEN,REPLACEMENT PARTS,IPAD LCD ,,,Pieces,,1,,,,,,Active,New,,"LCD | IPAD MINI 6 8.3"" 2021 MODEL A2568 ",,,,,,LCD-IPAD-3489,,,,,,,
LCD'S | IPAD MINI,,,RP-482,,TECH HEAVEN,REPLACEMENT PARTS,IPAD LCD ,,,Pieces,,1,,,,,,Active,New,,"LCD | IPAD MINI 7 8.3"" 2024 MODEL A2995 COMPLETE LCD",,,,,,LCD-IPAD-3490,,,,,,,
LCD'S | IPAD MINI,,,RP-482,,TECH HEAVEN,REPLACEMENT PARTS,IPAD LCD ,,,Pieces,,1,,,,,,Active,New,,"LCD | IPAD MINI 7.9"" 2012 MODEL A1432 COMPLETE LCD",,,,,,LCD-IPAD-3491,,,,,,,
LCD'S | IPAD MINI,,,RP-482,,TECH HEAVEN,REPLACEMENT PARTS,IPAD LCD ,,,Pieces,,1,,,,,,Active,New,,"LCD | IPAD MINI 7.9"" 2012 MODEL A1454 COMPLETE LCD",,,,,,LCD-IPAD-3492,,,,,,,
LCD'S | IPAD MINI,,,RP-482,,TECH HEAVEN,REPLACEMENT PARTS,IPAD LCD ,,,Pieces,,1,,,,,,Active,New,,"LCD | IPAD MINI 7.9"" 2012 MODEL A1455 ",,,,,,LCD-IPAD-3493,,,,,,,
LCD'S | IPAD MINI,,,RP-482,,TECH HEAVEN,REPLACEMENT PARTS,IPAD LCD ,,,Pieces,,1,,,,,,Active,New,,"LCD | IPAD MINI 7.9"" 2ND GEN 2013 MODEL A1489 COMPLETE LCD",,,,,,LCD-IPAD-3494,,,,,,,
LCD'S | IPAD MINI,,,RP-482,,TECH HEAVEN,REPLACEMENT PARTS,IPAD LCD ,,,Pieces,,1,,,,,,Active,New,,"LCD | IPAD MINI 7.9"" 2ND GEN 2013 MODEL A1491 ",,,,,,LCD-IPAD-3495,,,,,,,
LCD'S | IPAD MINI,,,RP-482,,TECH HEAVEN,REPLACEMENT PARTS,IPAD LCD ,,,Pieces,,1,,,,,,Active,New,,"LCD | IPAD MINI 7.9"" 2ND GEN 2013 MODEL A1599 ",,,,,,LCD-IPAD-3496,,,,,,,
LCD'S | IPAD MINI,,,RP-482,,TECH HEAVEN,REPLACEMENT PARTS,IPAD LCD ,,,Pieces,,1,,,,,,Active,New,,"LCD | IPAD MINI 7.9"" 3RD GEN 2014 MODEL A1600 ",,,,,,LCD-IPAD-3497,,,,,,,
LCD'S | IPAD PRO,,,RP-483,,TECH HEAVEN,REPLACEMENT PARTS,IPAD LCD ,,,Pieces,,1,,,,,,Active,New,,"LCD | IPAD PRO 10.5"" 2017 MODEL A1701 COMPLETE LCD",,,,,,LCD-IPAD-3498,,,,,,,
LCD'S | IPAD PRO,,,RP-483,,TECH HEAVEN,REPLACEMENT PARTS,IPAD LCD ,,,Pieces,,1,,,,,,Active,New,,"LCD | IPAD PRO 10.5"" 2017 MODEL A1709 COMPLETE LCD",,,,,,LCD-IPAD-3499,,,,,,,
LCD'S | IPAD PRO,,,RP-483,,TECH HEAVEN,REPLACEMENT PARTS,IPAD LCD ,,,Pieces,,1,,,,,,Active,New,,"LCD | IPAD PRO 11"" 1ST GEN 2018 MODEL A1980 COMPLETE LCD",,,,,,LCD-IPAD-3500,,,,,,,
LCD'S | IPAD PRO,,,RP-483,,TECH HEAVEN,REPLACEMENT PARTS,IPAD LCD ,,,Pieces,,1,,,,,,Active,New,,"LCD | IPAD PRO 11"" 1ST GEN 2018 MODEL A2013 ",,,,,,LCD-IPAD-3501,,,,,,,
LCD'S | IPAD PRO,,,RP-483,,TECH HEAVEN,REPLACEMENT PARTS,IPAD LCD ,,,Pieces,,1,,,,,,Active,New,,"LCD | IPAD PRO 11"" 1ST GEN 2018 MODEL A2230 ",,,,,,LCD-IPAD-3502,,,,,,,
LCD'S | IPAD PRO,,,RP-483,,TECH HEAVEN,REPLACEMENT PARTS,IPAD LCD ,,,Pieces,,1,,,,,,Active,New,,"LCD | IPAD PRO 11"" 2024 MODEL A2836 COMPLETE LCD",,,,,,LCD-IPAD-3503,,,,,,,
LCD'S | IPAD PRO,,,RP-483,,TECH HEAVEN,REPLACEMENT PARTS,IPAD LCD ,,,Pieces,,1,,,,,,Active,New,,"LCD | IPAD PRO 11"" 2024 MODEL A2837 ",,,,,,LCD-IPAD-3504,,,,,,,
LCD'S | IPAD PRO,,,RP-483,,TECH HEAVEN,REPLACEMENT PARTS,IPAD LCD ,,,Pieces,,1,,,,,,Active,New,,"LCD | IPAD PRO 11"" 2ND GEN 2020 MODEL A1980 ",,,,,,LCD-IPAD-3505,,,,,,,
LCD'S | IPAD PRO,,,RP-483,,TECH HEAVEN,REPLACEMENT PARTS,IPAD LCD ,,,Pieces,,1,,,,,,Active,New,,"LCD | IPAD PRO 11"" 2ND GEN 2020 MODEL A2013 ",,,,,,LCD-IPAD-3506,,,,,,,
LCD'S | IPAD PRO,,,RP-483,,TECH HEAVEN,REPLACEMENT PARTS,IPAD LCD ,,,Pieces,,1,,,,,,Active,New,,"LCD | IPAD PRO 11"" 2ND GEN 2020 MODEL A2230 ",,,,,,LCD-IPAD-3507,,,,,,,
LCD'S | IPAD PRO,,,RP-483,,TECH HEAVEN,REPLACEMENT PARTS,IPAD LCD ,,,Pieces,,1,,,,,,Active,New,,"LCD | IPAD PRO 11"" 3RD GEN 2021 MODEL A2377 COMPLETE LCD",,,,,,LCD-IPAD-3508,,,,,,,
LCD'S | IPAD PRO,,,RP-483,,TECH HEAVEN,REPLACEMENT PARTS,IPAD LCD ,,,Pieces,,1,,,,,,Active,New,,"LCD | IPAD PRO 11"" 3RD GEN 2021 MODEL A2459 ",,,,,,LCD-IPAD-3509,,,,,,,
LCD'S | IPAD PRO,,,RP-483,,TECH HEAVEN,REPLACEMENT PARTS,IPAD LCD ,,,Pieces,,1,,,,,,Active,New,,"LCD | IPAD PRO 11"" 4TH GEN 2022 MODEL A2377 ",,,,,,LCD-IPAD-3510,,,,,,,
LCD'S | IPAD PRO,,,RP-483,,TECH HEAVEN,REPLACEMENT PARTS,IPAD LCD ,,,Pieces,,1,,,,,,Active,New,,"LCD | IPAD PRO 11"" 4TH GEN 2022 MODEL A2459 ",,,,,,LCD-IPAD-3511,,,,,,,
LCD'S | IPAD PRO,,,RP-483,,TECH HEAVEN,REPLACEMENT PARTS,IPAD LCD ,,,Pieces,,1,,,,,,Active,New,,"LCD | IPAD PRO 12.9"" 2ND GEN 2017 MODEL A1670 COMPLETE LCD",,,,,,LCD-IPAD-3512,,,,,,,
LCD'S | IPAD PRO,,,RP-483,,TECH HEAVEN,REPLACEMENT PARTS,IPAD LCD ,,,Pieces,,1,,,,,,Active,New,,"LCD | IPAD PRO 12.9"" 2ND GEN 2017 MODEL A1671 ",,,,,,LCD-IPAD-3513,,,,,,,
LCD'S | IPAD PRO,,,RP-483,,TECH HEAVEN,REPLACEMENT PARTS,IPAD LCD ,,,Pieces,,1,,,,,,Active,New,,"LCD | IPAD PRO 12.9"" 3RD GEN 2018 MODEL A1895 COMPLETE LCD",,,,,,LCD-IPAD-3514,,,,,,,
LCD'S | IPAD PRO,,,RP-483,,TECH HEAVEN,REPLACEMENT PARTS,IPAD LCD ,,,Pieces,,1,,,,,,Active,New,,"LCD | IPAD PRO 12.9"" 3RD GEN 2018 MODEL A2232 ",,,,,,LCD-IPAD-3515,,,,,,,
LCD'S | IPAD PRO,,,RP-483,,TECH HEAVEN,REPLACEMENT PARTS,IPAD LCD ,,,Pieces,,1,,,,,,Active,New,,"LCD | IPAD PRO 12.9"" 4TH GEN 2020 MODEL A1895 ",,,,,,LCD-IPAD-3516,,,,,,,
LCD'S | IPAD PRO,,,RP-483,,TECH HEAVEN,REPLACEMENT PARTS,IPAD LCD ,,,Pieces,,1,,,,,,Active,New,,"LCD | IPAD PRO 12.9"" 4TH GEN 2020 MODEL A2232 ",,,,,,LCD-IPAD-3517,,,,,,,
LCD'S | IPAD PRO,,,RP-483,,TECH HEAVEN,REPLACEMENT PARTS,IPAD LCD ,,,Pieces,,1,,,,,,Active,New,,"LCD | IPAD PRO 12.9"" 5TH GEN 2021 MODEL A2378 COMPLETE LCD",,,,,,LCD-IPAD-3518,,,,,,,
LCD'S | IPAD PRO,,,RP-483,,TECH HEAVEN,REPLACEMENT PARTS,IPAD LCD ,,,Pieces,,1,,,,,,Active,New,,"LCD | IPAD PRO 12.9"" 5TH GEN 2021 MODEL A2436 ",,,,,,LCD-IPAD-3519,,,,,,,
LCD'S | IPAD PRO,,,RP-483,,TECH HEAVEN,REPLACEMENT PARTS,IPAD LCD ,,,Pieces,,1,,,,,,Active,New,,"LCD | IPAD PRO 12.9"" 6TH GEN 2022 MODEL A2378 ",,,,,,LCD-IPAD-3520,,,,,,,
LCD'S | IPAD PRO,,,RP-483,,TECH HEAVEN,REPLACEMENT PARTS,IPAD LCD ,,,Pieces,,1,,,,,,Active,New,,"LCD | IPAD PRO 12.9"" 6TH GEN 2022 MODEL A2436 ",,,,,,LCD-IPAD-3521,,,,,,,
LCD'S | IPAD PRO,,,RP-483,,TECH HEAVEN,REPLACEMENT PARTS,IPAD LCD ,,,Pieces,,1,,,,,,Active,New,,"LCD | IPAD PRO 13"" 2024 MODEL A2925 COMPLETE LCD",,,,,,LCD-IPAD-3522,,,,,,,
LCD'S | IPAD PRO,,,RP-483,,TECH HEAVEN,REPLACEMENT PARTS,IPAD LCD ,,,Pieces,,1,,,,,,Active,New,,"LCD | IPAD PRO 13"" 2024 MODEL A2926 ",,,,,,LCD-IPAD-3523,,,,,,,
LCD'S | IPAD PRO,,,RP-483,,TECH HEAVEN,REPLACEMENT PARTS,IPAD LCD ,,,Pieces,,1,,,,,,Active,New,,"LCD | IPAD PRO 1ST GEN 12.9"" 2015 MODEL A1584 WITH STRIP COMPLETE LCD",,,,,,LCD-IPAD-3524,,,,,,,
LCD'S | IPAD PRO,,,RP-483,,TECH HEAVEN,REPLACEMENT PARTS,IPAD LCD ,,,Pieces,,1,,,,,,Active,New,,"LCD | IPAD PRO 1ST GEN 12.9"" 2015 MODEL A1652 WITH STRIP ",,,,,,LCD-IPAD-3525,,,,,,,
LCD'S | IPAD PRO,,,RP-483,,TECH HEAVEN,REPLACEMENT PARTS,IPAD LCD ,,,Pieces,,1,,,,,,Active,New,,"LCD | IPAD PRO 9.7"" 2016 MODEL A1673 ",,,,,,LCD-IPAD-3526,,,,,,,
LCD'S | IPAD PRO,,,RP-483,,TECH HEAVEN,REPLACEMENT PARTS,IPAD LCD ,,,Pieces,,1,,,,,,Active,New,,"LCD | IPAD PRO 9.7"" 2016 MODEL A1674 ",,,,,,LCD-IPAD-3527,,,,,,,
NO FRAME LCD | GALAXY A SERIES,,,RP-484,,SAMSUNG,REPLACEMENT PARTS,LCD,,,Pieces,,1,,,,,,Active,New,,NO FRAME LCD | SAMASUNG GALAXY A10,,,,,,NF-LCD-GAL-3528,,,,,,,
NO FRAME LCD | GALAXY A SERIES,,,RP-484,,SAMSUNG,REPLACEMENT PARTS,LCD,,,Pieces,,1,,,,,,Active,New,,NO FRAME LCD | SAMASUNG GALAXY A11,,,,,,NF-LCD-GAL-3529,,,,,,,
NO FRAME LCD | GALAXY A SERIES,,,RP-484,,SAMSUNG,REPLACEMENT PARTS,LCD,,,Pieces,,1,,,,,,Active,New,,NO FRAME LCD | SAMASUNG GALAXY A12,,,,,,NF-LCD-GAL-3530,,,,,,,
NO FRAME LCD | GALAXY A SERIES,,,RP-484,,SAMSUNG,REPLACEMENT PARTS,LCD,,,Pieces,,1,,,,,,Active,New,,NO FRAME LCD | SAMASUNG GALAXY A15 4G,,,,,,NF-LCD-GAL-3531,,,,,,,
NO FRAME LCD | GALAXY A SERIES,,,RP-484,,SAMSUNG,REPLACEMENT PARTS,LCD,,,Pieces,,1,,,,,,Active,New,,NO FRAME LCD | SAMASUNG GALAXY A52,,,,,,NF-LCD-GAL-3532,,,,,,,
NO FRAME LCD | GALAXY A SERIES,,,RP-484,,SAMSUNG,REPLACEMENT PARTS,LCD,,,Pieces,,1,,,,,,Active,New,,NO FRAME LCD | SAMSUNG GALAXY A02S ,,,,,,NF-LCD-GAL-3533,,,,,,,
NO FRAME LCD | GALAXY A SERIES,,,RP-484,,SAMSUNG,REPLACEMENT PARTS,LCD,,,Pieces,,1,,,,,,Active,New,,NO FRAME LCD | SAMSUNG GALAXY A03 ,,,,,,NF-LCD-GAL-3534,,,,,,,
NO FRAME LCD | GALAXY A SERIES,,,RP-484,,SAMSUNG,REPLACEMENT PARTS,LCD,,,Pieces,,1,,,,,,Active,New,,NO FRAME LCD | SAMSUNG GALAXY A03 CORE ,,,,,,NF-LCD-GAL-3535,,,,,,,
NO FRAME LCD | GALAXY A SERIES,,,RP-484,,SAMSUNG,REPLACEMENT PARTS,LCD,,,Pieces,,1,,,,,,Active,New,,NO FRAME LCD | SAMSUNG GALAXY A03S ,,,,,,NF-LCD-GAL-3536,,,,,,,
NO FRAME LCD | GALAXY A SERIES,,,RP-484,,SAMSUNG,REPLACEMENT PARTS,LCD,,,Pieces,,1,,,,,,Active,New,,NO FRAME LCD | SAMSUNG GALAXY A04,,,,,,NF-LCD-GAL-3537,,,,,,,
NO FRAME LCD | GALAXY A SERIES,,,RP-484,,SAMSUNG,REPLACEMENT PARTS,LCD,,,Pieces,,1,,,,,,Active,New,,NO FRAME LCD | SAMSUNG GALAXY A04E,,,,,,NF-LCD-GAL-3538,,,,,,,
NO FRAME LCD | GALAXY A SERIES,,,RP-484,,SAMSUNG,REPLACEMENT PARTS,LCD,,,Pieces,,1,,,,,,Active,New,,NO FRAME LCD | SAMSUNG GALAXY A04S,,,,,,NF-LCD-GAL-3539,,,,,,,
NO FRAME LCD | GALAXY A SERIES,,,RP-484,,SAMSUNG,REPLACEMENT PARTS,LCD,,,Pieces,,1,,,,,,Active,New,,NO FRAME LCD | SAMSUNG GALAXY A05,,,,,,NF-LCD-GAL-3540,,,,,,,
NO FRAME LCD | GALAXY A SERIES,,,RP-484,,SAMSUNG,REPLACEMENT PARTS,LCD,,,Pieces,,1,,,,,,Active,New,,NO FRAME LCD | SAMSUNG GALAXY A05S,,,,,,NF-LCD-GAL-3541,,,,,,,
NO FRAME LCD | GALAXY A SERIES,,,RP-484,,SAMSUNG,REPLACEMENT PARTS,LCD,,,Pieces,,1,,,,,,Active,New,,NO FRAME LCD | SAMSUNG GALAXY A06 4G / 5G,,,,,,NF-LCD-GAL-3542,,,,,,,
NO FRAME LCD | GALAXY A SERIES,,,RP-484,,SAMSUNG,REPLACEMENT PARTS,LCD,,,Pieces,,1,,,,,,Active,New,,NO FRAME LCD | SAMSUNG GALAXY A10 E,,,,,,NF-LCD-GAL-3543,,,,,,,
NO FRAME LCD | GALAXY A SERIES,,,RP-484,,SAMSUNG,REPLACEMENT PARTS,LCD,,,Pieces,,1,,,,,,Active,New,,NO FRAME LCD | SAMSUNG GALAXY A13 4G,,,,,,NF-LCD-GAL-3544,,,,,,,
NO FRAME LCD | GALAXY A SERIES,,,RP-484,,SAMSUNG,REPLACEMENT PARTS,LCD,,,Pieces,,1,,,,,,Active,New,,NO FRAME LCD | SAMSUNG GALAXY A13 5G,,,,,,NF-LCD-GAL-3545,,,,,,,
NO FRAME LCD | GALAXY A SERIES,,,RP-484,,SAMSUNG,REPLACEMENT PARTS,LCD,,,Pieces,,1,,,,,,Active,New,,NO FRAME LCD | SAMSUNG GALAXY A14 4G,,,,,,NF-LCD-GAL-3546,,,,,,,
NO FRAME LCD | GALAXY A SERIES,,,RP-484,,SAMSUNG,REPLACEMENT PARTS,LCD,,,Pieces,,1,,,,,,Active,New,,NO FRAME LCD | SAMSUNG GALAXY A14 5G,,,,,,NF-LCD-GAL-3547,,,,,,,
NO FRAME LCD | GALAXY A SERIES,,,RP-484,,SAMSUNG,REPLACEMENT PARTS,LCD,,,Pieces,,1,,,,,,Active,New,,NO FRAME LCD | SAMSUNG GALAXY A14 5G BIG,,,,,,NF-LCD-GAL-3548,,,,,,,
NO FRAME LCD | GALAXY A SERIES,,,RP-484,,SAMSUNG,REPLACEMENT PARTS,LCD,,,Pieces,,1,,,,,,Active,New,,NO FRAME LCD | SAMSUNG GALAXY A16 4G / 5G,,,,,,NF-LCD-GAL-3549,,,,,,,
NO FRAME LCD | GALAXY A SERIES,,,RP-484,,SAMSUNG,REPLACEMENT PARTS,LCD,,,Pieces,,1,,,,,,Active,New,,NO FRAME LCD | SAMSUNG GALAXY A20,,,,,,NF-LCD-GAL-3550,,,,,,,
NO FRAME LCD | GALAXY A SERIES,,,RP-484,,SAMSUNG,REPLACEMENT PARTS,LCD,,,Pieces,,1,,,,,,Active,New,,NO FRAME LCD | SAMSUNG GALAXY A20E,,,,,,NF-LCD-GAL-3551,,,,,,,
NO FRAME LCD | GALAXY A SERIES,,,RP-484,,SAMSUNG,REPLACEMENT PARTS,LCD,,,Pieces,,1,,,,,,Active,New,,NO FRAME LCD | SAMSUNG GALAXY A20S,,,,,,NF-LCD-GAL-3552,,,,,,,
NO FRAME LCD | GALAXY A SERIES,,,RP-484,,SAMSUNG,REPLACEMENT PARTS,LCD,,,Pieces,,1,,,,,,Active,New,,NO FRAME LCD | SAMSUNG GALAXY A21,,,,,,NF-LCD-GAL-3553,,,,,,,
NO FRAME LCD | GALAXY A SERIES,,,RP-484,,SAMSUNG,REPLACEMENT PARTS,LCD,,,Pieces,,1,,,,,,Active,New,,NO FRAME LCD | SAMSUNG GALAXY A21S,,,,,,NF-LCD-GAL-3554,,,,,,,
NO FRAME LCD | GALAXY A SERIES,,,RP-484,,SAMSUNG,REPLACEMENT PARTS,LCD,,,Pieces,,1,,,,,,Active,New,,NO FRAME LCD | SAMSUNG GALAXY A22 4G,,,,,,NF-LCD-GAL-3555,,,,,,,
NO FRAME LCD | GALAXY A SERIES,,,RP-484,,SAMSUNG,REPLACEMENT PARTS,LCD,,,Pieces,,1,,,,,,Active,New,,NO FRAME LCD | SAMSUNG GALAXY A22 5G,,,,,,NF-LCD-GAL-3556,,,,,,,
NO FRAME LCD | GALAXY A SERIES,,,RP-484,,SAMSUNG,REPLACEMENT PARTS,LCD,,,Pieces,,1,,,,,,Active,New,,NO FRAME LCD | SAMSUNG GALAXY A23 4G,,,,,,NF-LCD-GAL-3557,,,,,,,
NO FRAME LCD | GALAXY A SERIES,,,RP-484,,SAMSUNG,REPLACEMENT PARTS,LCD,,,Pieces,,1,,,,,,Active,New,,NO FRAME LCD | SAMSUNG GALAXY A23 5G,,,,,,NF-LCD-GAL-3558,,,,,,,
NO FRAME LCD | GALAXY A SERIES,,,RP-484,,SAMSUNG,REPLACEMENT PARTS,LCD,,,Pieces,,1,,,,,,Active,New,,NO FRAME LCD | SAMSUNG GALAXY A24,,,,,,NF-LCD-GAL-3559,,,,,,,
NO FRAME LCD | GALAXY A SERIES,,,RP-484,,SAMSUNG,REPLACEMENT PARTS,LCD,,,Pieces,,1,,,,,,Active,New,,NO FRAME LCD | SAMSUNG GALAXY A25 5G,,,,,,NF-LCD-GAL-3560,,,,,,,
NO FRAME LCD | GALAXY A SERIES,,,RP-484,,SAMSUNG,REPLACEMENT PARTS,LCD,,,Pieces,,1,,,,,,Active,New,,NO FRAME LCD | SAMSUNG GALAXY A30,,,,,,NF-LCD-GAL-3561,,,,,,,
NO FRAME LCD | GALAXY A SERIES,,,RP-484,,SAMSUNG,REPLACEMENT PARTS,LCD,,,Pieces,,1,,,,,,Active,New,,NO FRAME LCD | SAMSUNG GALAXY A30S,,,,,,NF-LCD-GAL-3562,,,,,,,
NO FRAME LCD | GALAXY A SERIES,,,RP-484,,SAMSUNG,REPLACEMENT PARTS,LCD,,,Pieces,,1,,,,,,Active,New,,NO FRAME LCD | SAMSUNG GALAXY A31,,,,,,NF-LCD-GAL-3563,,,,,,,
NO FRAME LCD | GALAXY A SERIES,,,RP-484,,SAMSUNG,REPLACEMENT PARTS,LCD,,,Pieces,,1,,,,,,Active,New,,NO FRAME LCD | SAMSUNG GALAXY A32 4G,,,,,,NF-LCD-GAL-3564,,,,,,,
NO FRAME LCD | GALAXY A SERIES,,,RP-484,,SAMSUNG,REPLACEMENT PARTS,LCD,,,Pieces,,1,,,,,,Active,New,,NO FRAME LCD | SAMSUNG GALAXY A32 5G,,,,,,NF-LCD-GAL-3565,,,,,,,
NO FRAME LCD | GALAXY A SERIES,,,RP-484,,SAMSUNG,REPLACEMENT PARTS,LCD,,,Pieces,,1,,,,,,Active,New,,NO FRAME LCD | SAMSUNG GALAXY A33 5G,,,,,,NF-LCD-GAL-3566,,,,,,,
NO FRAME LCD | GALAXY A SERIES,,,RP-484,,SAMSUNG,REPLACEMENT PARTS,LCD,,,Pieces,,1,,,,,,Active,New,,NO FRAME LCD | SAMSUNG GALAXY A34 5G,,,,,,NF-LCD-GAL-3567,,,,,,,
NO FRAME LCD | GALAXY A SERIES,,,RP-484,,SAMSUNG,REPLACEMENT PARTS,LCD,,,Pieces,,1,,,,,,Active,New,,NO FRAME LCD | SAMSUNG GALAXY A35 5G,,,,,,NF-LCD-GAL-3568,,,,,,,
NO FRAME LCD | GALAXY A SERIES,,,RP-484,,SAMSUNG,REPLACEMENT PARTS,LCD,,,Pieces,,1,,,,,,Active,New,,NO FRAME LCD | SAMSUNG GALAXY A36 5G,,,,,,NF-LCD-GAL-3569,,,,,,,
NO FRAME LCD | GALAXY A SERIES,,,RP-484,,SAMSUNG,REPLACEMENT PARTS,LCD,,,Pieces,,1,,,,,,Active,New,,NO FRAME LCD | SAMSUNG GALAXY A40,,,,,,NF-LCD-GAL-3570,,,,,,,
NO FRAME LCD | GALAXY A SERIES,,,RP-484,,SAMSUNG,REPLACEMENT PARTS,LCD,,,Pieces,,1,,,,,,Active,New,,NO FRAME LCD | SAMSUNG GALAXY A41,,,,,,NF-LCD-GAL-3571,,,,,,,
NO FRAME LCD | GALAXY A SERIES,,,RP-484,,SAMSUNG,REPLACEMENT PARTS,LCD,,,Pieces,,1,,,,,,Active,New,,NO FRAME LCD | SAMSUNG GALAXY A42 5G,,,,,,NF-LCD-GAL-3572,,,,,,,
NO FRAME LCD | GALAXY A SERIES,,,RP-484,,SAMSUNG,REPLACEMENT PARTS,LCD,,,Pieces,,1,,,,,,Active,New,,NO FRAME LCD | SAMSUNG GALAXY A50,,,,,,NF-LCD-GAL-3573,,,,,,,
NO FRAME LCD | GALAXY A SERIES,,,RP-484,,SAMSUNG,REPLACEMENT PARTS,LCD,,,Pieces,,1,,,,,,Active,New,,NO FRAME LCD | SAMSUNG GALAXY A50S,,,,,,NF-LCD-GAL-3574,,,,,,,
NO FRAME LCD | GALAXY A SERIES,,,RP-484,,SAMSUNG,REPLACEMENT PARTS,LCD,,,Pieces,,1,,,,,,Active,New,,NO FRAME LCD | SAMSUNG GALAXY A51 4G,,,,,,NF-LCD-GAL-3575,,,,,,,
NO FRAME LCD | GALAXY A SERIES,,,RP-484,,SAMSUNG,REPLACEMENT PARTS,LCD,,,Pieces,,1,,,,,,Active,New,,NO FRAME LCD | SAMSUNG GALAXY A51 5G,,,,,,NF-LCD-GAL-3576,,,,,,,
NO FRAME LCD | GALAXY A SERIES,,,RP-484,,SAMSUNG,REPLACEMENT PARTS,LCD,,,Pieces,,1,,,,,,Active,New,,NO FRAME LCD | SAMSUNG GALAXY A53 5G,,,,,,NF-LCD-GAL-3577,,,,,,,
NO FRAME LCD | GALAXY A SERIES,,,RP-484,,SAMSUNG,REPLACEMENT PARTS,LCD,,,Pieces,,1,,,,,,Active,New,,NO FRAME LCD | SAMSUNG GALAXY A54 5G,,,,,,NF-LCD-GAL-3578,,,,,,,
NO FRAME LCD | GALAXY A SERIES,,,RP-484,,SAMSUNG,REPLACEMENT PARTS,LCD,,,Pieces,,1,,,,,,Active,New,,NO FRAME LCD | SAMSUNG GALAXY A55 5G,,,,,,NF-LCD-GAL-3579,,,,,,,
NO FRAME LCD | GALAXY A SERIES,,,RP-484,,SAMSUNG,REPLACEMENT PARTS,LCD,,,Pieces,,1,,,,,,Active,New,,NO FRAME LCD | SAMSUNG GALAXY A56 5G,,,,,,NF-LCD-GAL-3580,,,,,,,
NO FRAME LCD | GALAXY A SERIES,,,RP-484,,SAMSUNG,REPLACEMENT PARTS,LCD,,,Pieces,,1,,,,,,Active,New,,NO FRAME LCD | SAMSUNG GALAXY A70,,,,,,NF-LCD-GAL-3581,,,,,,,
NO FRAME LCD | GALAXY A SERIES,,,RP-484,,SAMSUNG,REPLACEMENT PARTS,LCD,,,Pieces,,1,,,,,,Active,New,,NO FRAME LCD | SAMSUNG GALAXY A70S,,,,,,NF-LCD-GAL-3582,,,,,,,
NO FRAME LCD | GALAXY A SERIES,,,RP-484,,SAMSUNG,REPLACEMENT PARTS,LCD,,,Pieces,,1,,,,,,Active,New,,NO FRAME LCD | SAMSUNG GALAXY A71,,,,,,NF-LCD-GAL-3583,,,,,,,
NO FRAME LCD | GALAXY A SERIES,,,RP-484,,SAMSUNG,REPLACEMENT PARTS,LCD,,,Pieces,,1,,,,,,Active,New,,NO FRAME LCD | SAMSUNG GALAXY A71 5G,,,,,,NF-LCD-GAL-3584,,,,,,,
NO FRAME LCD | GALAXY A SERIES,,,RP-484,,SAMSUNG,REPLACEMENT PARTS,LCD,,,Pieces,,1,,,,,,Active,New,,NO FRAME LCD | SAMSUNG GALAXY A72,,,,,,NF-LCD-GAL-3585,,,,,,,
NO FRAME LCD | GALAXY A SERIES,,,RP-484,,SAMSUNG,REPLACEMENT PARTS,LCD,,,Pieces,,1,,,,,,Active,New,,NO FRAME LCD | SAMSUNG GALAXY A73 5G,,,,,,NF-LCD-GAL-3586,,,,,,,
NO FRAME LCD | GALAXY A SERIES,,,RP-484,,SAMSUNG,REPLACEMENT PARTS,LCD,,,Pieces,,1,,,,,,Active,New,,NO FRAME LCD | SAMSUNG GALAXY A80,,,,,,NF-LCD-GAL-3587,,,,,,,
NO FRAME LCD | GALAXY A SERIES,,,RP-484,,SAMSUNG,REPLACEMENT PARTS,LCD,,,Pieces,,1,,,,,,Active,New,,NO FRAME LCD | SAMSUNG GALAXY A90 5G,,,,,,NF-LCD-GAL-3588,,,,,,,
NO FRAME LCD | GALAXY A10,,,RP-485,,TECH HEAVEN,REPLACEMENT PARTS,No Frame LCD,,,Pieces,,1,,,,,,Active,New,,NO FRAME LCD | SAMASUNG GALAXY A10S,,,,,,NF-LCD-GAL-3589,,,,,,,
NO FRAME LCD | GALAXY A10,,,RP-485,,TECH HEAVEN,REPLACEMENT PARTS,No Frame LCD,,,Pieces,,1,,,,,,Active,New,,NO FRAME LCD | SAMASUNG GALAXY A12 NACHO,,,,,,NF-LCD-GAL-3590,,,,,,,
NO FRAME LCD | GALAXY A10,,,RP-485,,TECH HEAVEN,REPLACEMENT PARTS,No Frame LCD,,,Pieces,,1,,,,,,Active,New,,NO FRAME LCD | SAMASUNG GALAXY A15 5G,,,,,,NF-LCD-GAL-3591,,,,,,,
NO FRAME LCD | GALAXY A10,,,RP-485,,TECH HEAVEN,REPLACEMENT PARTS,No Frame LCD,,,Pieces,,1,,,,,,Active,New,,NO FRAME LCD | SAMASUNG GALAXY A52 5G,,,,,,NF-LCD-GAL-3592,,,,,,,
NO FRAME LCD | GALAXY A10,,,RP-485,,TECH HEAVEN,REPLACEMENT PARTS,No Frame LCD,,,Pieces,,1,,,,,,Active,New,,NO FRAME LCD | SAMASUNG GALAXY A52S,,,,,,NF-LCD-GAL-3593,,,,,,,
NO FRAME LCD | GALAXY F,,,RP-486,,TECH HEAVEN,REPLACEMENT PARTS,No Frame LCD,,,Pieces,,1,,,,,,Active,New,,NO FRAME LCD | SAMASUNG GALAXY F12,,,,,,NF-LCD-GAL-3594,,,,,,,
NO FRAME LCD | GALAXY F,,,RP-486,,SAMSUNG,REPLACEMENT PARTS,LCD,,,Pieces,,1,,,,,,Active,New,,NO FRAME LCD | SAMSUNG GALAXY F02S,,,,,,NF-LCD-GAL-3595,,,,,,,
NO FRAME LCD | GALAXY F,,,RP-486,,SAMSUNG,REPLACEMENT PARTS,LCD,,,Pieces,,1,,,,,,Active,New,,NO FRAME LCD | SAMSUNG GALAXY F02S ,,,,,,NF-LCD-GAL-3596,,,,,,,
NO FRAME LCD | GALAXY M,,,RP-487,,TECH HEAVEN,REPLACEMENT PARTS,No Frame LCD,,,Pieces,,1,,,,,,Active,New,,NO FRAME LCD | SAMASUNG GALAXY M10,,,,,,NF-LCD-GAL-3597,,,,,,,
NO FRAME LCD | GALAXY M,,,RP-487,,TECH HEAVEN,REPLACEMENT PARTS,No Frame LCD,,,Pieces,,1,,,,,,Active,New,,NO FRAME LCD | SAMASUNG GALAXY M11,,,,,,NF-LCD-GAL-3598,,,,,,,
NO FRAME LCD | GALAXY M,,,RP-487,,TECH HEAVEN,REPLACEMENT PARTS,No Frame LCD,,,Pieces,,1,,,,,,Active,New,,NO FRAME LCD | SAMASUNG GALAXY M12,,,,,,NF-LCD-GAL-3599,,,,,,,
NO FRAME LCD | GALAXY M,,,RP-487,,SAMSUNG,REPLACEMENT PARTS,LCD,,,Pieces,,1,,,,,,Active,New,,NO FRAME LCD | SAMSUNG GALAXY M02,,,,,,NF-LCD-GAL-3600,,,,,,,
NO FRAME LCD | GALAXY M,,,RP-487,,SAMSUNG,REPLACEMENT PARTS,LCD,,,Pieces,,1,,,,,,Active,New,,NO FRAME LCD | SAMSUNG GALAXY M02S,,,,,,NF-LCD-GAL-3601,,,,,,,
NO FRAME LCD | GALAXY M,,,RP-487,,SAMSUNG,REPLACEMENT PARTS,LCD,,,Pieces,,1,,,,,,Active,New,,NO FRAME LCD | SAMSUNG GALAXY M02S ,,,,,,NF-LCD-GAL-3602,,,,,,,
NON-DIAGNOSTIC ORIGINAL CAPACITY BATTERY | IPHONE 11,,,RP-488,,TECH HEAVEN,REPLACEMENT PARTS,BATTERY,ORIGINAL CAPACIT,,Pieces,,1,,,,,,Active,New,,BATTERY | IPHONE 11 ,,,,,,NDOCB-IP-3603,,,,,,,
NON-DIAGNOSTIC ORIGINAL CAPACITY BATTERY | IPHONE 11,,,RP-488,,TECH HEAVEN,REPLACEMENT PARTS,BATTERY,ORIGINAL CAPACIT,,Pieces,,1,,,,,,Active,New,,BATTERY | IPHONE 11 PRO,,,,,,NDOCB-IP-3604,,,,,,,
NON-DIAGNOSTIC ORIGINAL CAPACITY BATTERY | IPHONE 11,,,RP-488,,TECH HEAVEN,REPLACEMENT PARTS,BATTERY,ORIGINAL CAPACIT,,Pieces,,1,,,,,,Active,New,,BATTERY | IPHONE 11 PRO MAX,,,,,,NDOCB-IP-3605,,,,,,,
NON-DIAGNOSTIC ORIGINAL CAPACITY BATTERY | IPHONE 13,,,RP-489,,TECH HEAVEN,REPLACEMENT PARTS,BATTERY,ORIGINAL CAPACIT,,Pieces,,1,,,,,,Active,New,,BATTERY | IPHONE 13 ,,,,,,NDOCB-IP-3606,,,,,,,
NON-DIAGNOSTIC ORIGINAL CAPACITY BATTERY | IPHONE 14,,,RP-490,,TECH HEAVEN,REPLACEMENT PARTS,BATTERY,ORIGINAL CAPACIT,,Pieces,,1,,,,,,Active,New,,BATTERY | IPHONE 14 ,,,,,,NDOCB-IP-3607,,,,,,,
NON-DIAGNOSTIC ORIGINAL CAPACITY BATTERY | IPHONE 14,,,RP-490,,TECH HEAVEN,REPLACEMENT PARTS,BATTERY,ORIGINAL CAPACIT,,Pieces,,1,,,,,,Active,New,,BATTERY | IPHONE 14 PRO,,,,,,NDOCB-IP-3608,,,,,,,
NON-DIAGNOSTIC ORIGINAL CAPACITY BATTERY | IPHONE 15,,,RP-491,,TECH HEAVEN,REPLACEMENT PARTS,BATTERY,ORIGINAL CAPACIT,,Pieces,,1,,,,,,Active,New,,BATTERY | IPHONE 15 ,,,,,,NDOCB-IP-3609,,,,,,,
NON-DIAGNOSTIC ORIGINAL CAPACITY BATTERY | IPHONE 15,,,RP-491,,TECH HEAVEN,REPLACEMENT PARTS,BATTERY,ORIGINAL CAPACIT,,Pieces,,1,,,,,,Active,New,,BATTERY | IPHONE 15 PRO,,,,,,NDOCB-IP-3610,,,,,,,
NON-DIAGNOSTIC ORIGINAL CAPACITY BATTERY | IPHONE 16,,,RP-492,,TECH HEAVEN,REPLACEMENT PARTS,BATTERY,ORIGINAL CAPACIT,,Pieces,,1,,,,,,Active,New,,BATTERY | IPHONE 16 ,,,,,,NDOCB-IP-3611,,,,,,,
NON-DIAGNOSTIC ORIGINAL CAPACITY BATTERY | IPHONE 16,,,RP-492,,TECH HEAVEN,REPLACEMENT PARTS,BATTERY,ORIGINAL CAPACIT,,Pieces,,1,,,,,,Active,New,,BATTERY | IPHONE 16 PLUS,,,,,,NDOCB-IP-3612,,,,,,,
NON-DIAGNOSTIC ORIGINAL CAPACITY BATTERY | IPHONE 16,,,RP-492,,TECH HEAVEN,REPLACEMENT PARTS,BATTERY,ORIGINAL CAPACIT,,Pieces,,1,,,,,,Active,New,,BATTERY | IPHONE 16 PRO ,,,,,,NDOCB-IP-3613,,,,,,,
NON-DIAGNOSTIC ORIGINAL CAPACITY BATTERY | IPHONE 16,,,RP-492,,TECH HEAVEN,REPLACEMENT PARTS,BATTERY,ORIGINAL CAPACIT,,Pieces,,1,,,,,,Active,New,,BATTERY | IPHONE 16 PRO MAX,,,,,,NDOCB-IP-3614,,,,,,,
NON-DIAGNOSTIC ORIGINAL CAPACITY BATTERY | IPHONE 16,,,RP-492,,TECH HEAVEN,REPLACEMENT PARTS,BATTERY,ORIGINAL CAPACIT,,Pieces,,1,,,,,,Active,New,,BATTERY | IPHONE 16E,,,,,,NDOCB-IP-3615,,,,,,,
NON-DIAGNOSTIC ORIGINAL CAPACITY BATTERY | IPHONE 17,,,RP-493,,TECH HEAVEN,REPLACEMENT PARTS,BATTERY,ORIGINAL CAPACIT,,Pieces,,1,,,,,,Active,New,,BATTERY | IPHONE 17,,,,,,NDOCB-IP-3616,,,,,,,
NON-DIAGNOSTIC ORIGINAL CAPACITY BATTERY | IPHONE 17,,,RP-493,,TECH HEAVEN,REPLACEMENT PARTS,BATTERY,ORIGINAL CAPACIT,,Pieces,,1,,,,,,Active,New,,BATTERY | IPHONE 17 AIR,,,,,,NDOCB-IP-3617,,,,,,,
NON-DIAGNOSTIC ORIGINAL CAPACITY BATTERY | IPHONE 17,,,RP-493,,TECH HEAVEN,REPLACEMENT PARTS,BATTERY,ORIGINAL CAPACIT,,Pieces,,1,,,,,,Active,New,,BATTERY | IPHONE 17 PRO,,,,,,NDOCB-IP-3618,,,,,,,
NON-DIAGNOSTIC ORIGINAL CAPACITY BATTERY | IPHONE 17,,,RP-493,,TECH HEAVEN,REPLACEMENT PARTS,BATTERY,ORIGINAL CAPACIT,,Pieces,,1,,,,,,Active,New,,BATTERY | IPHONE 17 PRO MAX,,,,,,NDOCB-IP-3619,,,,,,,
NON-DIAGNOSTIC ORIGINAL CAPACITY BATTERY | IPHONE 6S,,,RP-494,,TECH HEAVEN,REPLACEMENT PARTS,BATTERY,ORIGINAL CAPACIT,,Pieces,,1,,,,,,Active,New,,BATTERY | IPHONE 6S,,,,,,NDOCB-IP-3620,,,,,,,
NON-DIAGNOSTIC ORIGINAL CAPACITY BATTERY | IPHONE 7,,,RP-495,,TECH HEAVEN,REPLACEMENT PARTS,BATTERY,ORIGINAL CAPACIT,,Pieces,,1,,,,,,Active,New,,BATTERY | IPHONE 7+,,,,,,NDOCB-IP-3621,,,,,,,
NON-DIAGNOSTIC ORIGINAL CAPACITY BATTERY | IPHONE 7,,,RP-495,,TECH HEAVEN,REPLACEMENT PARTS,BATTERY,ORIGINAL CAPACIT,,Pieces,,1,,,,,,Active,New,,BATTERY | IPHONE 7G,,,,,,NDOCB-IP-3622,,,,,,,
NON-DIAGNOSTIC ORIGINAL CAPACITY BATTERY | IPHONE 8,,,RP-496,,TECH HEAVEN,REPLACEMENT PARTS,BATTERY,ORIGINAL CAPACIT,,Pieces,,1,,,,,,Active,New,,BATTERY | IPHONE 8,,,,,,NDOCB-IP-3623,,,,,,,
NON-DIAGNOSTIC ORIGINAL CAPACITY BATTERY | IPHONE 8,,,RP-496,,TECH HEAVEN,REPLACEMENT PARTS,BATTERY,ORIGINAL CAPACIT,,Pieces,,1,,,,,,Active,New,,BATTERY | IPHONE 8+,,,,,,NDOCB-IP-3624,,,,,,,
NON-DIAGNOSTIC ORIGINAL CAPACITY BATTERY | IPHONE SE,,,RP-497,,TECH HEAVEN,REPLACEMENT PARTS,BATTERY,ORIGINAL CAPACIT,,Pieces,,1,,,,,,Active,New,,BATTERY | IPHONE SE 2020 ( 2ND GEN ),,,,,,NDOCB-IP-3625,,,,,,,
NON-DIAGNOSTIC ORIGINAL CAPACITY BATTERY | IPHONE SE,,,RP-497,,TECH HEAVEN,REPLACEMENT PARTS,BATTERY,ORIGINAL CAPACIT,,Pieces,,1,,,,,,Active,New,,BATTERY | IPHONE SE 2022 ( 3RD GEN ),,,,,,NDOCB-IP-3626,,,,,,,
NON-DIAGNOSTIC ORIGINAL CAPACITY BATTERY | IPHONE X,,,RP-498,,TECH HEAVEN,REPLACEMENT PARTS,BATTERY,ORIGINAL CAPACIT,,Pieces,,1,,,,,,Active,New,,BATTERY | IPHONE X,,,,,,NDOCB-IP-3627,,,,,,,
NON-DIAGNOSTIC ORIGINAL CAPACITY BATTERY | IPHONE X,,,RP-498,,TECH HEAVEN,REPLACEMENT PARTS,BATTERY,ORIGINAL CAPACIT,,Pieces,,1,,,,,,Active,New,,BATTERY | IPHONE XR,,,,,,NDOCB-IP-3628,,,,,,,
NON-DIAGNOSTIC ORIGINAL CAPACITY BATTERY | IPHONE X,,,RP-498,,TECH HEAVEN,REPLACEMENT PARTS,BATTERY,ORIGINAL CAPACIT,,Pieces,,1,,,,,,Active,New,,BATTERY | IPHONE XS,,,,,,NDOCB-IP-3629,,,,,,,
NON-DIAGNOSTIC ORIGINAL CAPACITY BATTERY | IPHONE X,,,RP-498,,TECH HEAVEN,REPLACEMENT PARTS,BATTERY,ORIGINAL CAPACIT,,Pieces,,1,,,,,,Active,New,,BATTERY | IPHONE XS MAX ,,,,,,NDOCB-IP-3630,,,,,,,
OLED WITH FRAME LCD | GALAXY S SERIES,,,RP-499,,TECH HEAVEN,REPLACEMENT PARTS,LCD,,,Pieces,,1,,,,,,Active,New,,OLED LCD FRAME | GALAXY S10 ,,,,,,LCD-GAL-3631,,,,,,,
OLED WITH FRAME LCD | GALAXY S SERIES,,,RP-499,,TECH HEAVEN,REPLACEMENT PARTS,LCD,,,Pieces,,1,,,,,,Active,New,,OLED LCD FRAME | GALAXY S10 5G,,,,,,LCD-GAL-3632,,,,,,,
OLED WITH FRAME LCD | GALAXY S SERIES,,,RP-499,,SAMSUNG,REPLACEMENT PARTS,LCD,,,Pieces,,1,,,,,,Active,New,,OLED LCD FRAME | GALAXY S10+,,,,,,LCD-GAL-3633,,,,,,,
OLED WITH FRAME LCD | GALAXY S SERIES,,,RP-499,,SAMSUNG,REPLACEMENT PARTS,LCD,,,Pieces,,1,,,,,,Active,New,,OLED LCD FRAME | GALAXY S10E,,,,,,LCD-GAL-3634,,,,,,,
OLED WITH FRAME LCD | GALAXY S SERIES,,,RP-499,,SAMSUNG,REPLACEMENT PARTS,LCD,,,Pieces,,1,,,,,,Active,New,,OLED LCD FRAME | GALAXY S20,,,,,,LCD-GAL-3635,,,,,,,
OLED WITH FRAME LCD | GALAXY S SERIES,,,RP-499,,TECH HEAVEN,REPLACEMENT PARTS,LCD,,,Pieces,,1,,,,,,Active,New,,OLED LCD FRAME | GALAXY S20 FE,,,,,,LCD-GAL-3636,,,,,,,
OLED WITH FRAME LCD | GALAXY S SERIES,,,RP-499,,SAMSUNG,REPLACEMENT PARTS,LCD,,,Pieces,,1,,,,,,Active,New,,OLED LCD FRAME | GALAXY S20 ULTRA,,,,,,LCD-GAL-3637,,,,,,,
OLED WITH FRAME LCD | GALAXY S SERIES,,,RP-499,,SAMSUNG,REPLACEMENT PARTS,LCD,,,Pieces,,1,,,,,,Active,New,,OLED LCD FRAME | GALAXY S20+,,,,,,LCD-GAL-3638,,,,,,,
OLED WITH FRAME LCD | GALAXY S SERIES,,,RP-499,,SAMSUNG,REPLACEMENT PARTS,LCD,,,Pieces,,1,,,,,,Active,New,,OLED LCD FRAME | GALAXY S21,,,,,,LCD-GAL-3639,,,,,,,
OLED WITH FRAME LCD | GALAXY S SERIES,,,RP-499,,SAMSUNG,REPLACEMENT PARTS,LCD,,,Pieces,,1,,,,,,Active,New,,OLED LCD FRAME | GALAXY S21 FE,,,,,,LCD-GAL-3640,,,,,,,
OLED WITH FRAME LCD | GALAXY S SERIES,,,RP-499,,SAMSUNG,REPLACEMENT PARTS,LCD,,,Pieces,,1,,,,,,Active,New,,OLED LCD FRAME | GALAXY S21 ULTRA,,,,,,LCD-GAL-3641,,,,,,,
OLED WITH FRAME LCD | GALAXY S SERIES,,,RP-499,,SAMSUNG,REPLACEMENT PARTS,LCD,,,Pieces,,1,,,,,,Active,New,,OLED LCD FRAME | GALAXY S21+,,,,,,LCD-GAL-3642,,,,,,,
OLED WITH FRAME LCD | GALAXY S SERIES,,,RP-499,,SAMSUNG,REPLACEMENT PARTS,LCD,,,Pieces,,1,,,,,,Active,New,,OLED LCD FRAME | GALAXY S22,,,,,,LCD-GAL-3643,,,,,,,
OLED WITH FRAME LCD | GALAXY S SERIES,,,RP-499,,SAMSUNG,REPLACEMENT PARTS,LCD,,,Pieces,,1,,,,,,Active,New,,OLED LCD FRAME | GALAXY S22 ULTRA,,,,,,LCD-GAL-3644,,,,,,,
OLED WITH FRAME LCD | GALAXY S SERIES,,,RP-499,,SAMSUNG,REPLACEMENT PARTS,LCD,,,Pieces,,1,,,,,,Active,New,,OLED LCD FRAME | GALAXY S22+,,,,,,LCD-GAL-3645,,,,,,,
OLED WITH FRAME LCD | GALAXY S SERIES,,,RP-499,,SAMSUNG,REPLACEMENT PARTS,LCD,,,Pieces,,1,,,,,,Active,New,,OLED LCD FRAME | GALAXY S23,,,,,,LCD-GAL-3646,,,,,,,
OLED WITH FRAME LCD | GALAXY S SERIES,,,RP-499,,SAMSUNG,REPLACEMENT PARTS,LCD,,,Pieces,,1,,,,,,Active,New,,OLED LCD FRAME | GALAXY S23 FE,,,,,,LCD-GAL-3647,,,,,,,
OLED WITH FRAME LCD | GALAXY S SERIES,,,RP-499,,SAMSUNG,REPLACEMENT PARTS,LCD,,,Pieces,,1,,,,,,Active,New,,OLED LCD FRAME | GALAXY S23 ULTRA,,,,,,LCD-GAL-3648,,,,,,,
OLED WITH FRAME LCD | GALAXY S SERIES,,,RP-499,,SAMSUNG,REPLACEMENT PARTS,LCD,,,Pieces,,1,,,,,,Active,New,,OLED LCD FRAME | GALAXY S23+,,,,,,LCD-GAL-3649,,,,,,,
OLED WITH FRAME LCD | GALAXY S SERIES,,,RP-499,,SAMSUNG,REPLACEMENT PARTS,LCD,,,Pieces,,1,,,,,,Active,New,,OLED LCD FRAME | GALAXY S24,,,,,,LCD-GAL-3650,,,,,,,
OLED WITH FRAME LCD | GALAXY S SERIES,,,RP-499,,SAMSUNG,REPLACEMENT PARTS,LCD,,,Pieces,,1,,,,,,Active,New,,OLED LCD FRAME | GALAXY S24 ULTRA,,,,,,LCD-GAL-3651,,,,,,,
OLED WITH FRAME LCD | GALAXY S SERIES,,,RP-499,,SAMSUNG,REPLACEMENT PARTS,LCD,,,Pieces,,1,,,,,,Active,New,,OLED LCD FRAME | GALAXY S24+,,,,,,LCD-GAL-3652,,,,,,,
OLED WITH FRAME LCD | GALAXY S SERIES,,,RP-499,,SAMSUNG,REPLACEMENT PARTS,LCD,,,Pieces,,1,,,,,,Active,New,,OLED LCD FRAME | GALAXY S25,,,,,,LCD-GAL-3653,,,,,,,
OLED WITH FRAME LCD | GALAXY S SERIES,,,RP-499,,SAMSUNG,REPLACEMENT PARTS,LCD,,,Pieces,,1,,,,,,Active,New,,OLED LCD FRAME | GALAXY S25 ULTRA,,,,,,LCD-GAL-3654,,,,,,,
OLED WITH FRAME LCD | GALAXY S SERIES,,,RP-499,,SAMSUNG,REPLACEMENT PARTS,LCD,,,Pieces,,1,,,,,,Active,New,,OLED LCD FRAME | GALAXY S25+,,,,,,LCD-GAL-3655,,,,,,,
OLED WITH FRAME LCD | GALAXY S SERIES,,,RP-499,,SAMSUNG,REPLACEMENT PARTS,LCD,,,Pieces,,1,,,,,,Active,New,,OLED LCD FRAME | GALAXY S26,,,,,,LCD-GAL-3656,,,,,,,
OLED WITH FRAME LCD | GALAXY S SERIES,,,RP-499,,SAMSUNG,REPLACEMENT PARTS,LCD,,,Pieces,,1,,,,,,Active,New,,OLED LCD FRAME | GALAXY S26 ULTRA,,,,,,LCD-GAL-3657,,,,,,,
OLED WITH FRAME LCD | GALAXY S SERIES,,,RP-499,,SAMSUNG,REPLACEMENT PARTS,LCD,,,Pieces,,1,,,,,,Active,New,,OLED LCD FRAME | GALAXY S26 ULTRA+,,,,,,LCD-GAL-3658,,,,,,,
OLED WITH FRAME LCD | GALAXY S SERIES,,,RP-499,,SAMSUNG,REPLACEMENT PARTS,LCD,,,Pieces,,1,,,,,,Active,New,,OLED LCD FRAME | GALAXY S7,,,,,,LCD-GAL-3659,,,,,,,
OLED WITH FRAME LCD | GALAXY S SERIES,,,RP-499,,SAMSUNG,REPLACEMENT PARTS,LCD,,,Pieces,,1,,,,,,Active,New,,OLED LCD FRAME | GALAXY S7 EDGE,,,,,,LCD-GAL-3660,,,,,,,
OLED WITH FRAME LCD | GALAXY S SERIES,,,RP-499,,SAMSUNG,REPLACEMENT PARTS,LCD,,,Pieces,,1,,,,,,Active,New,,OLED LCD FRAME | GALAXY S8,,,,,,LCD-GAL-3661,,,,,,,
OLED WITH FRAME LCD | GALAXY S SERIES,,,RP-499,,SAMSUNG,REPLACEMENT PARTS,LCD,,,Pieces,,1,,,,,,Active,New,,OLED LCD FRAME | GALAXY S8+,,,,,,LCD-GAL-3662,,,,,,,
OLED WITH FRAME LCD | GALAXY S SERIES,,,RP-499,,SAMSUNG,REPLACEMENT PARTS,LCD,,,Pieces,,1,,,,,,Active,New,,OLED LCD FRAME | GALAXY S9,,,,,,LCD-GAL-3663,,,,,,,
OLED WITH FRAME LCD | GALAXY S SERIES,,,RP-499,,SAMSUNG,REPLACEMENT PARTS,LCD,,,Pieces,,1,,,,,,Active,New,,OLED LCD FRAME | GALAXY S9+,,,,,,LCD-GAL-3664,,,,,,,
OLED WITH FRAME LCD | GOOGLE NOTE,,,RP-500,,SAMSUNG,REPLACEMENT PARTS,LCD,,,Pieces,,1,,,,,,Active,New,,OLED LCD FRAME | SAMSUNG GALAXY NOTE 10 LITE,,,,,,LCD-PIXEL-3665,,,,,,,
OLED WITH FRAME LCD | GOOGLE NOTE,,,RP-500,,SAMSUNG,REPLACEMENT PARTS,LCD,,,Pieces,,1,,,,,,Active,New,,OLED LCD FRAME | SAMSUNG GALAXY NOTE 10+,,,,,,LCD-PIXEL-3666,,,,,,,
OLED WITH FRAME LCD | GOOGLE NOTE,,,RP-500,,SAMSUNG,REPLACEMENT PARTS,LCD,,,Pieces,,1,,,,,,Active,New,,OLED LCD FRAME | SAMSUNG GALAXY NOTE 20,,,,,,LCD-PIXEL-3667,,,,,,,
OLED WITH FRAME LCD | GOOGLE NOTE,,,RP-500,,SAMSUNG,REPLACEMENT PARTS,LCD,,,Pieces,,1,,,,,,Active,New,,OLED LCD FRAME | SAMSUNG GALAXY NOTE 20 ULTRA,,,,,,LCD-PIXEL-3668,,,,,,,
OLED WITH FRAME LCD | GOOGLE PIXEL,,,RP-501,,GOOGLE,REPLACEMENT PARTS,LCD,,,Pieces,,1,,,,,,Active,New,,OLED LCD FRAME | GOOGLE PIXEL,,,,,,LCD-PIXEL-3669,,,,,,,
OLED WITH FRAME LCD | GOOGLE PIXEL,,,RP-501,,GOOGLE,REPLACEMENT PARTS,LCD,,,Pieces,,1,,,,,,Active,New,,OLED LCD FRAME | GOOGLE PIXEL 2,,,,,,LCD-PIXEL-3670,,,,,,,
OLED WITH FRAME LCD | GOOGLE PIXEL,,,RP-501,,GOOGLE,REPLACEMENT PARTS,LCD,,,Pieces,,1,,,,,,Active,New,,OLED LCD FRAME | GOOGLE PIXEL 2 XL,,,,,,LCD-PIXEL-3671,,,,,,,
OLED WITH FRAME LCD | GOOGLE PIXEL,,,RP-501,,GOOGLE,REPLACEMENT PARTS,LCD,,,Pieces,,1,,,,,,Active,New,,OLED LCD FRAME | GOOGLE PIXEL 3,,,,,,LCD-PIXEL-3672,,,,,,,
OLED WITH FRAME LCD | GOOGLE PIXEL,,,RP-501,,GOOGLE,REPLACEMENT PARTS,LCD,,,Pieces,,1,,,,,,Active,New,,OLED LCD FRAME | GOOGLE PIXEL 3 XL,,,,,,LCD-PIXEL-3673,,,,,,,
OLED WITH FRAME LCD | GOOGLE PIXEL,,,RP-501,,GOOGLE,REPLACEMENT PARTS,LCD,,,Pieces,,1,,,,,,Active,New,,OLED LCD FRAME | GOOGLE PIXEL 3A,,,,,,LCD-PIXEL-3674,,,,,,,
OLED WITH FRAME LCD | GOOGLE PIXEL,,,RP-501,,GOOGLE,REPLACEMENT PARTS,LCD,,,Pieces,,1,,,,,,Active,New,,OLED LCD FRAME | GOOGLE PIXEL 3A XL,,,,,,LCD-PIXEL-3675,,,,,,,
OLED WITH FRAME LCD | GOOGLE PIXEL,,,RP-501,,GOOGLE,REPLACEMENT PARTS,LCD,,,Pieces,,1,,,,,,Active,New,,OLED LCD FRAME | GOOGLE PIXEL 4,,,,,,LCD-PIXEL-3676,,,,,,,
OLED WITH FRAME LCD | GOOGLE PIXEL,,,RP-501,,GOOGLE,REPLACEMENT PARTS,LCD,,,Pieces,,1,,,,,,Active,New,,OLED LCD FRAME | GOOGLE PIXEL 4 XL,,,,,,LCD-PIXEL-3677,,,,,,,
OLED WITH FRAME LCD | GOOGLE PIXEL,,,RP-501,,GOOGLE,REPLACEMENT PARTS,LCD,,,Pieces,,1,,,,,,Active,New,,OLED LCD FRAME | GOOGLE PIXEL 4A 4G,,,,,,LCD-PIXEL-3678,,,,,,,
OLED WITH FRAME LCD | GOOGLE PIXEL,,,RP-501,,GOOGLE,REPLACEMENT PARTS,LCD,,,Pieces,,1,,,,,,Active,New,,OLED LCD FRAME | GOOGLE PIXEL 5,,,,,,LCD-PIXEL-3679,,,,,,,
OLED WITH FRAME LCD | GOOGLE PIXEL,,,RP-501,,GOOGLE,REPLACEMENT PARTS,LCD,,,Pieces,,1,,,,,,Active,New,,OLED LCD FRAME | GOOGLE PIXEL 5A,,,,,,LCD-PIXEL-3680,,,,,,,
OLED WITH FRAME LCD | GOOGLE PIXEL,,,RP-501,,GOOGLE,REPLACEMENT PARTS,LCD,,,Pieces,,1,,,,,,Active,New,,OLED LCD FRAME | GOOGLE PIXEL 6,,,,,,LCD-PIXEL-3681,,,,,,,
OLED WITH FRAME LCD | GOOGLE PIXEL,,,RP-501,,GOOGLE,REPLACEMENT PARTS,LCD,,,Pieces,,1,,,,,,Active,New,,OLED LCD FRAME | GOOGLE PIXEL 6 PRO,,,,,,LCD-PIXEL-3682,,,,,,,
OLED WITH FRAME LCD | GOOGLE PIXEL,,,RP-501,,GOOGLE,REPLACEMENT PARTS,LCD,,,Pieces,,1,,,,,,Active,New,,OLED LCD FRAME | GOOGLE PIXEL 6A,,,,,,LCD-PIXEL-3683,,,,,,,
OLED WITH FRAME LCD | GOOGLE PIXEL,,,RP-501,,GOOGLE,REPLACEMENT PARTS,LCD,,,Pieces,,1,,,,,,Active,New,,OLED LCD FRAME | GOOGLE PIXEL 7,,,,,,LCD-PIXEL-3684,,,,,,,
OLED WITH FRAME LCD | GOOGLE PIXEL,,,RP-501,,GOOGLE,REPLACEMENT PARTS,LCD,,,Pieces,,1,,,,,,Active,New,,OLED LCD FRAME | GOOGLE PIXEL 7 PRO,,,,,,LCD-PIXEL-3685,,,,,,,
OLED WITH FRAME LCD | GOOGLE PIXEL,,,RP-501,,GOOGLE,REPLACEMENT PARTS,LCD,,,Pieces,,1,,,,,,Active,New,,OLED LCD FRAME | GOOGLE PIXEL 7A,,,,,,LCD-PIXEL-3686,,,,,,,
OLED WITH FRAME LCD | GOOGLE PIXEL,,,RP-501,,GOOGLE,REPLACEMENT PARTS,LCD,,,Pieces,,1,,,,,,Active,New,,OLED LCD FRAME | GOOGLE PIXEL 8,,,,,,LCD-PIXEL-3687,,,,,,,
OLED WITH FRAME LCD | GOOGLE PIXEL,,,RP-501,,GOOGLE,REPLACEMENT PARTS,LCD,,,Pieces,,1,,,,,,Active,New,,OLED LCD FRAME | GOOGLE PIXEL 8 PRO,,,,,,LCD-PIXEL-3688,,,,,,,
OLED WITH FRAME LCD | GOOGLE PIXEL,,,RP-501,,GOOGLE,REPLACEMENT PARTS,LCD,,,Pieces,,1,,,,,,Active,New,,OLED LCD FRAME | GOOGLE PIXEL 8A,,,,,,LCD-PIXEL-3689,,,,,,,
OLED WITH FRAME LCD | GOOGLE PIXEL,,,RP-501,,GOOGLE,REPLACEMENT PARTS,LCD,,,Pieces,,1,,,,,,Active,New,,OLED LCD FRAME | GOOGLE PIXEL 9 ,,,,,,LCD-PIXEL-3690,,,,,,,
OLED WITH FRAME LCD | GOOGLE PIXEL,,,RP-501,,GOOGLE,REPLACEMENT PARTS,LCD,,,Pieces,,1,,,,,,Active,New,,OLED LCD FRAME | GOOGLE PIXEL 9 PRO,,,,,,LCD-PIXEL-3691,,,,,,,
OLED WITH FRAME LCD | GOOGLE PIXEL,,,RP-501,,GOOGLE,REPLACEMENT PARTS,LCD,,,Pieces,,1,,,,,,Active,New,,OLED LCD FRAME | GOOGLE PIXEL 9 PRO FOLD,,,,,,LCD-PIXEL-3692,,,,,,,
OLED WITH FRAME LCD | GOOGLE PIXEL,,,RP-501,,GOOGLE,REPLACEMENT PARTS,LCD,,,Pieces,,1,,,,,,Active,New,,OLED LCD FRAME | GOOGLE PIXEL 9 PRO XL,,,,,,LCD-PIXEL-3693,,,,,,,
OLED WITH FRAME LCD | GOOGLE PIXEL,,,RP-501,,GOOGLE,REPLACEMENT PARTS,LCD,,,Pieces,,1,,,,,,Active,New,,OLED LCD FRAME | GOOGLE PIXEL FOLD,,,,,,LCD-PIXEL-3694,,,,,,,
OLED WITH FRAME LCD | GOOGLE PIXEL,,,RP-501,,GOOGLE,REPLACEMENT PARTS,LCD,,,Pieces,,1,,,,,,Active,New,,OLED LCD FRAME | GOOGLE PIXEL XL,,,,,,LCD-PIXEL-3695,,,,,,,
PULL OUT A GRADE LCD | GALAXY,,,RP-502,,SAMSUNG,REPLACEMENT PARTS,LCD,,,Pieces,,1,,,,,,Active,New,,A GRADE LCD | SAMSUNG GALAXY Z FLIP 3 ,,,,,,LCD-GAL-3696,,,,,,,
PULL OUT A GRADE LCD | GALAXY,,,RP-502,,SAMSUNG,REPLACEMENT PARTS,LCD,,,Pieces,,1,,,,,,Active,New,,A GRADE LCD | SAMSUNG GALAXY Z FLIP 4 ,,,,,,LCD-GAL-3697,,,,,,,
PULL OUT A GRADE LCD | GALAXY,,,RP-502,,SAMSUNG,REPLACEMENT PARTS,LCD,,,Pieces,,1,,,,,,Active,New,,A GRADE LCD | SAMSUNG GALAXY Z FLIP 5 ,,,,,,LCD-GAL-3698,,,,,,,
PULL OUT A GRADE LCD | GALAXY,,,RP-502,,SAMSUNG,REPLACEMENT PARTS,LCD,,,Pieces,,1,,,,,,Active,New,,A GRADE LCD | SAMSUNG GALAXY Z FLIP 6,,,,,,LCD-GAL-3699,,,,,,,
PULL OUT A GRADE LCD | GALAXY,,,RP-502,,SAMSUNG,REPLACEMENT PARTS,LCD,,,Pieces,,1,,,,,,Active,New,,A GRADE LCD | SAMSUNG GALAXY Z FLIP PULL,,,,,,LCD-GAL-3700,,,,,,,
PULL OUT A GRADE LCD | GALAXY,,,RP-502,,SAMSUNG,REPLACEMENT PARTS,LCD,,,Pieces,,1,,,,,,Active,New,,A GRADE LCD | SAMSUNG GALAXY Z FOLD 2 ,,,,,,LCD-GAL-3701,,,,,,,
PULL OUT A GRADE LCD | GALAXY,,,RP-502,,SAMSUNG,REPLACEMENT PARTS,LCD,,,Pieces,,1,,,,,,Active,New,,A GRADE LCD | SAMSUNG GALAXY Z FOLD 3 ,,,,,,LCD-GAL-3702,,,,,,,
PULL OUT A GRADE LCD | GALAXY,,,RP-502,,SAMSUNG,REPLACEMENT PARTS,LCD,,,Pieces,,1,,,,,,Active,New,,A GRADE LCD | SAMSUNG GALAXY Z FOLD 4 ,,,,,,LCD-GAL-3703,,,,,,,
PULL OUT A GRADE LCD | GALAXY,,,RP-502,,SAMSUNG,REPLACEMENT PARTS,LCD,,,Pieces,,1,,,,,,Active,New,,A GRADE LCD | SAMSUNG GALAXY Z FOLD 5 ,,,,,,LCD-GAL-3704,,,,,,,
PULL OUT A GRADE LCD | GALAXY,,,RP-502,,SAMSUNG,REPLACEMENT PARTS,LCD,,,Pieces,,1,,,,,,Active,New,,A GRADE LCD | SAMSUNG GALAXY Z FOLD 6 ,,,,,,LCD-GAL-3705,,,,,,,
PULL OUT A GRADE LCD | GOOGLE,,,RP-503,,GOOGLE,REPLACEMENT PARTS,LCD,,,Pieces,,1,,,,,,Active,New,,A GRADE LCD | GOOGLE PIXEL,,,,,,LCD-PIXEL-3706,,,,,,,
PULL OUT A GRADE LCD | GOOGLE,,,RP-503,,GOOGLE,REPLACEMENT PARTS,LCD,,,Pieces,,1,,,,,,Active,New,,A GRADE LCD | GOOGLE PIXEL 2,,,,,,LCD-PIXEL-3707,,,,,,,
PULL OUT A GRADE LCD | GOOGLE,,,RP-503,,GOOGLE,REPLACEMENT PARTS,LCD,,,Pieces,,1,,,,,,Active,New,,A GRADE LCD | GOOGLE PIXEL 2 XL,,,,,,LCD-PIXEL-3708,,,,,,,
PULL OUT A GRADE LCD | GOOGLE,,,RP-503,,GOOGLE,REPLACEMENT PARTS,LCD,,,Pieces,,1,,,,,,Active,New,,A GRADE LCD | GOOGLE PIXEL 3,,,,,,LCD-PIXEL-3709,,,,,,,
PULL OUT A GRADE LCD | GOOGLE,,,RP-503,,GOOGLE,REPLACEMENT PARTS,LCD,,,Pieces,,1,,,,,,Active,New,,A GRADE LCD | GOOGLE PIXEL 3 XL,,,,,,LCD-PIXEL-3710,,,,,,,
PULL OUT A GRADE LCD | GOOGLE,,,RP-503,,GOOGLE,REPLACEMENT PARTS,LCD,,,Pieces,,1,,,,,,Active,New,,A GRADE LCD | GOOGLE PIXEL 3A,,,,,,LCD-PIXEL-3711,,,,,,,
PULL OUT A GRADE LCD | GOOGLE,,,RP-503,,GOOGLE,REPLACEMENT PARTS,LCD,,,Pieces,,1,,,,,,Active,New,,A GRADE LCD | GOOGLE PIXEL 3A XL,,,,,,LCD-PIXEL-3712,,,,,,,
PULL OUT A GRADE LCD | GOOGLE,,,RP-503,,GOOGLE,REPLACEMENT PARTS,LCD,,,Pieces,,1,,,,,,Active,New,,A GRADE LCD | GOOGLE PIXEL 4,,,,,,LCD-PIXEL-3713,,,,,,,
PULL OUT A GRADE LCD | GOOGLE,,,RP-503,,GOOGLE,REPLACEMENT PARTS,LCD,,,Pieces,,1,,,,,,Active,New,,A GRADE LCD | GOOGLE PIXEL 4 XL,,,,,,LCD-PIXEL-3714,,,,,,,
PULL OUT A GRADE LCD | GOOGLE,,,RP-503,,GOOGLE,REPLACEMENT PARTS,LCD,,,Pieces,,1,,,,,,Active,New,,A GRADE LCD | GOOGLE PIXEL 4A 4G,,,,,,LCD-PIXEL-3715,,,,,,,
PULL OUT A GRADE LCD | GOOGLE,,,RP-503,,GOOGLE,REPLACEMENT PARTS,LCD,,,Pieces,,1,,,,,,Active,New,,A GRADE LCD | GOOGLE PIXEL 5,,,,,,LCD-PIXEL-3716,,,,,,,
PULL OUT A GRADE LCD | GOOGLE,,,RP-503,,GOOGLE,REPLACEMENT PARTS,LCD,,,Pieces,,1,,,,,,Active,New,,A GRADE LCD | GOOGLE PIXEL 5A,,,,,,LCD-PIXEL-3717,,,,,,,
PULL OUT A GRADE LCD | GOOGLE,,,RP-503,,GOOGLE,REPLACEMENT PARTS,LCD,,,Pieces,,1,,,,,,Active,New,,A GRADE LCD | GOOGLE PIXEL 6,,,,,,LCD-PIXEL-3718,,,,,,,
PULL OUT A GRADE LCD | GOOGLE,,,RP-503,,GOOGLE,REPLACEMENT PARTS,LCD,,,Pieces,,1,,,,,,Active,New,,A GRADE LCD | GOOGLE PIXEL 6 PRO,,,,,,LCD-PIXEL-3719,,,,,,,
PULL OUT A GRADE LCD | GOOGLE,,,RP-503,,GOOGLE,REPLACEMENT PARTS,LCD,,,Pieces,,1,,,,,,Active,New,,A GRADE LCD | GOOGLE PIXEL 6A,,,,,,LCD-PIXEL-3720,,,,,,,
PULL OUT A GRADE LCD | GOOGLE,,,RP-503,,GOOGLE,REPLACEMENT PARTS,LCD,,,Pieces,,1,,,,,,Active,New,,A GRADE LCD | GOOGLE PIXEL 7,,,,,,LCD-PIXEL-3721,,,,,,,
PULL OUT A GRADE LCD | GOOGLE,,,RP-503,,GOOGLE,REPLACEMENT PARTS,LCD,,,Pieces,,1,,,,,,Active,New,,A GRADE LCD | GOOGLE PIXEL 7 PRO,,,,,,LCD-PIXEL-3722,,,,,,,
PULL OUT A GRADE LCD | GOOGLE,,,RP-503,,GOOGLE,REPLACEMENT PARTS,LCD,,,Pieces,,1,,,,,,Active,New,,A GRADE LCD | GOOGLE PIXEL 7A,,,,,,LCD-PIXEL-3723,,,,,,,
PULL OUT A GRADE LCD | GOOGLE,,,RP-503,,GOOGLE,REPLACEMENT PARTS,LCD,,,Pieces,,1,,,,,,Active,New,,A GRADE LCD | GOOGLE PIXEL 8,,,,,,LCD-PIXEL-3724,,,,,,,
PULL OUT A GRADE LCD | GOOGLE,,,RP-503,,GOOGLE,REPLACEMENT PARTS,LCD,,,Pieces,,1,,,,,,Active,New,,A GRADE LCD | GOOGLE PIXEL 8 PRO,,,,,,LCD-PIXEL-3725,,,,,,,
PULL OUT A GRADE LCD | GOOGLE,,,RP-503,,GOOGLE,REPLACEMENT PARTS,LCD,,,Pieces,,1,,,,,,Active,New,,A GRADE LCD | GOOGLE PIXEL 8A,,,,,,LCD-PIXEL-3726,,,,,,,
PULL OUT A GRADE LCD | GOOGLE,,,RP-503,,GOOGLE,REPLACEMENT PARTS,LCD,,,Pieces,,1,,,,,,Active,New,,A GRADE LCD | GOOGLE PIXEL 9 ,,,,,,LCD-PIXEL-3727,,,,,,,
PULL OUT A GRADE LCD | GOOGLE,,,RP-503,,GOOGLE,REPLACEMENT PARTS,LCD,,,Pieces,,1,,,,,,Active,New,,A GRADE LCD | GOOGLE PIXEL 9 PRO,,,,,,LCD-PIXEL-3728,,,,,,,
PULL OUT A GRADE LCD | GOOGLE,,,RP-503,,GOOGLE,REPLACEMENT PARTS,LCD,,,Pieces,,1,,,,,,Active,New,,A GRADE LCD | GOOGLE PIXEL 9 PRO FOLD,,,,,,LCD-PIXEL-3729,,,,,,,
PULL OUT A GRADE LCD | GOOGLE,,,RP-503,,GOOGLE,REPLACEMENT PARTS,LCD,,,Pieces,,1,,,,,,Active,New,,A GRADE LCD | GOOGLE PIXEL 9 PRO XL,,,,,,LCD-PIXEL-3730,,,,,,,
PULL OUT A GRADE LCD | GOOGLE,,,RP-503,,GOOGLE,REPLACEMENT PARTS,LCD,,,Pieces,,1,,,,,,Active,New,,A GRADE LCD | GOOGLE PIXEL FOLD,,,,,,LCD-PIXEL-3731,,,,,,,
PULL OUT A GRADE LCD | GOOGLE,,,RP-503,,GOOGLE,REPLACEMENT PARTS,LCD,,,Pieces,,1,,,,,,Active,New,,A GRADE LCD | GOOGLE PIXEL XL,,,,,,LCD-PIXEL-3732,,,,,,,
REPALCEMENT EAR SPEAKER | GALAXY A SERIES,,,RP-504,,SAMSUNG,REPLACEMENT PARTS,Speaker,,,Pieces,,1,,,,,,Active,New,,EAR SPEAKER | SAMSUNG GALAXY A01 ,,,,,,ES-GAL-3733,,,,,,,
REPALCEMENT EAR SPEAKER | GALAXY A SERIES,,,RP-504,,SAMSUNG,REPLACEMENT PARTS,Speaker,,,Pieces,,1,,,,,,Active,New,,EAR SPEAKER | SAMSUNG GALAXY A01 CORE,,,,,,ES-GAL-3734,,,,,,,
REPALCEMENT EAR SPEAKER | GALAXY A SERIES,,,RP-504,,SAMSUNG,REPLACEMENT PARTS,Speaker,,,Pieces,,1,,,,,,Active,New,,EAR SPEAKER | SAMSUNG GALAXY A02,,,,,,ES-GAL-3735,,,,,,,
REPALCEMENT EAR SPEAKER | GALAXY A SERIES,,,RP-504,,SAMSUNG,REPLACEMENT PARTS,Speaker,,,Pieces,,1,,,,,,Active,New,,EAR SPEAKER | SAMSUNG GALAXY A02S ,,,,,,ES-GAL-3736,,,,,,,
REPALCEMENT EAR SPEAKER | GALAXY A SERIES,,,RP-504,,SAMSUNG,REPLACEMENT PARTS,Speaker,,,Pieces,,1,,,,,,Active,New,,EAR SPEAKER | SAMSUNG GALAXY A03,,,,,,ES-GAL-3737,,,,,,,
REPALCEMENT EAR SPEAKER | GALAXY A SERIES,,,RP-504,,SAMSUNG,REPLACEMENT PARTS,Speaker,,,Pieces,,1,,,,,,Active,New,,EAR SPEAKER | SAMSUNG GALAXY A03 CORE ,,,,,,ES-GAL-3738,,,,,,,
REPALCEMENT EAR SPEAKER | GALAXY A SERIES,,,RP-504,,SAMSUNG,REPLACEMENT PARTS,Speaker,,,Pieces,,1,,,,,,Active,New,,EAR SPEAKER | SAMSUNG GALAXY A03S ,,,,,,ES-GAL-3739,,,,,,,
REPALCEMENT EAR SPEAKER | GALAXY A SERIES,,,RP-504,,SAMSUNG,REPLACEMENT PARTS,Speaker,,,Pieces,,1,,,,,,Active,New,,EAR SPEAKER | SAMSUNG GALAXY A04,,,,,,ES-GAL-3740,,,,,,,
REPALCEMENT EAR SPEAKER | GALAXY A SERIES,,,RP-504,,SAMSUNG,REPLACEMENT PARTS,Speaker,,,Pieces,,1,,,,,,Active,New,,EAR SPEAKER | SAMSUNG GALAXY A04E,,,,,,ES-GAL-3741,,,,,,,
REPALCEMENT EAR SPEAKER | GALAXY A SERIES,,,RP-504,,SAMSUNG,REPLACEMENT PARTS,Speaker,,,Pieces,,1,,,,,,Active,New,,EAR SPEAKER | SAMSUNG GALAXY A04S,,,,,,ES-GAL-3742,,,,,,,
REPALCEMENT EAR SPEAKER | GALAXY A SERIES,,,RP-504,,SAMSUNG,REPLACEMENT PARTS,Speaker,,,Pieces,,1,,,,,,Active,New,,EAR SPEAKER | SAMSUNG GALAXY A05,,,,,,ES-GAL-3743,,,,,,,
REPALCEMENT EAR SPEAKER | GALAXY A SERIES,,,RP-504,,SAMSUNG,REPLACEMENT PARTS,Speaker,,,Pieces,,1,,,,,,Active,New,,EAR SPEAKER | SAMSUNG GALAXY A05S,,,,,,ES-GAL-3744,,,,,,,
REPALCEMENT EAR SPEAKER | GALAXY A SERIES,,,RP-504,,SAMSUNG,REPLACEMENT PARTS,Speaker,,,Pieces,,1,,,,,,Active,New,,EAR SPEAKER | SAMSUNG GALAXY A06,,,,,,ES-GAL-3745,,,,,,,
REPALCEMENT EAR SPEAKER | GALAXY A SERIES,,,RP-504,,SAMSUNG,REPLACEMENT PARTS,Speaker,,,Pieces,,1,,,,,,Active,New,,EAR SPEAKER | SAMSUNG GALAXY A10 ,,,,,,ES-GAL-3746,,,,,,,
REPALCEMENT EAR SPEAKER | GALAXY A SERIES,,,RP-504,,SAMSUNG,REPLACEMENT PARTS,Speaker,,,Pieces,,1,,,,,,Active,New,,EAR SPEAKER | SAMSUNG GALAXY A10 E,,,,,,ES-GAL-3747,,,,,,,
REPALCEMENT EAR SPEAKER | GALAXY A SERIES,,,RP-504,,SAMSUNG,REPLACEMENT PARTS,Speaker,,,Pieces,,1,,,,,,Active,New,,EAR SPEAKER | SAMSUNG GALAXY A10 S,,,,,,ES-GAL-3748,,,,,,,
REPALCEMENT EAR SPEAKER | GALAXY A SERIES,,,RP-504,,SAMSUNG,REPLACEMENT PARTS,Speaker,,,Pieces,,1,,,,,,Active,New,,EAR SPEAKER | SAMSUNG GALAXY A11,,,,,,ES-GAL-3749,,,,,,,
REPALCEMENT EAR SPEAKER | GALAXY A SERIES,,,RP-504,,SAMSUNG,REPLACEMENT PARTS,Speaker,,,Pieces,,1,,,,,,Active,New,,EAR SPEAKER | SAMSUNG GALAXY A12,,,,,,ES-GAL-3750,,,,,,,
REPALCEMENT EAR SPEAKER | GALAXY A SERIES,,,RP-504,,SAMSUNG,REPLACEMENT PARTS,Speaker,,,Pieces,,1,,,,,,Active,New,,EAR SPEAKER | SAMSUNG GALAXY A13 4G,,,,,,ES-GAL-3751,,,,,,,
REPALCEMENT EAR SPEAKER | GALAXY A SERIES,,,RP-504,,SAMSUNG,REPLACEMENT PARTS,Speaker,,,Pieces,,1,,,,,,Active,New,,EAR SPEAKER | SAMSUNG GALAXY A14 4G,,,,,,ES-GAL-3752,,,,,,,
REPALCEMENT EAR SPEAKER | GALAXY A SERIES,,,RP-504,,SAMSUNG,REPLACEMENT PARTS,Speaker,,,Pieces,,1,,,,,,Active,New,,EAR SPEAKER | SAMSUNG GALAXY A14 5G,,,,,,ES-GAL-3753,,,,,,,
REPALCEMENT EAR SPEAKER | GALAXY A SERIES,,,RP-504,,SAMSUNG,REPLACEMENT PARTS,Speaker,,,Pieces,,1,,,,,,Active,New,,EAR SPEAKER | SAMSUNG GALAXY A15 4G,,,,,,ES-GAL-3754,,,,,,,
REPALCEMENT EAR SPEAKER | GALAXY A SERIES,,,RP-504,,SAMSUNG,REPLACEMENT PARTS,Speaker,,,Pieces,,1,,,,,,Active,New,,EAR SPEAKER | SAMSUNG GALAXY A15 5G,,,,,,ES-GAL-3755,,,,,,,
REPALCEMENT EAR SPEAKER | GALAXY A SERIES,,,RP-504,,SAMSUNG,REPLACEMENT PARTS,Speaker,,,Pieces,,1,,,,,,Active,New,,EAR SPEAKER | SAMSUNG GALAXY A16 5G,,,,,,ES-GAL-3756,,,,,,,
REPALCEMENT EAR SPEAKER | GALAXY A SERIES,,,RP-504,,SAMSUNG,REPLACEMENT PARTS,Speaker,,,Pieces,,1,,,,,,Active,New,,EAR SPEAKER | SAMSUNG GALAXY A20,,,,,,ES-GAL-3757,,,,,,,
REPALCEMENT EAR SPEAKER | GALAXY A SERIES,,,RP-504,,SAMSUNG,REPLACEMENT PARTS,Speaker,,,Pieces,,1,,,,,,Active,New,,EAR SPEAKER | SAMSUNG GALAXY A20E,,,,,,ES-GAL-3758,,,,,,,
REPALCEMENT EAR SPEAKER | GALAXY A SERIES,,,RP-504,,SAMSUNG,REPLACEMENT PARTS,Speaker,,,Pieces,,1,,,,,,Active,New,,EAR SPEAKER | SAMSUNG GALAXY A20S,,,,,,ES-GAL-3759,,,,,,,
REPALCEMENT EAR SPEAKER | GALAXY A SERIES,,,RP-504,,SAMSUNG,REPLACEMENT PARTS,Speaker,,,Pieces,,1,,,,,,Active,New,,EAR SPEAKER | SAMSUNG GALAXY A21,,,,,,ES-GAL-3760,,,,,,,
REPALCEMENT EAR SPEAKER | GALAXY A SERIES,,,RP-504,,SAMSUNG,REPLACEMENT PARTS,Speaker,,,Pieces,,1,,,,,,Active,New,,EAR SPEAKER | SAMSUNG GALAXY A21S,,,,,,ES-GAL-3761,,,,,,,
REPALCEMENT EAR SPEAKER | GALAXY A SERIES,,,RP-504,,SAMSUNG,REPLACEMENT PARTS,Speaker,,,Pieces,,1,,,,,,Active,New,,EAR SPEAKER | SAMSUNG GALAXY A22 4G,,,,,,ES-GAL-3762,,,,,,,
REPALCEMENT EAR SPEAKER | GALAXY A SERIES,,,RP-504,,SAMSUNG,REPLACEMENT PARTS,Speaker,,,Pieces,,1,,,,,,Active,New,,EAR SPEAKER | SAMSUNG GALAXY A22 5G,,,,,,ES-GAL-3763,,,,,,,
REPALCEMENT EAR SPEAKER | GALAXY A SERIES,,,RP-504,,SAMSUNG,REPLACEMENT PARTS,Speaker,,,Pieces,,1,,,,,,Active,New,,EAR SPEAKER | SAMSUNG GALAXY A23 4G,,,,,,ES-GAL-3764,,,,,,,
REPALCEMENT EAR SPEAKER | GALAXY A SERIES,,,RP-504,,SAMSUNG,REPLACEMENT PARTS,Speaker,,,Pieces,,1,,,,,,Active,New,,EAR SPEAKER | SAMSUNG GALAXY A24,,,,,,ES-GAL-3765,,,,,,,
REPALCEMENT EAR SPEAKER | GALAXY A SERIES,,,RP-504,,SAMSUNG,REPLACEMENT PARTS,Speaker,,,Pieces,,1,,,,,,Active,New,,EAR SPEAKER | SAMSUNG GALAXY A25 5G,,,,,,ES-GAL-3766,,,,,,,
REPALCEMENT EAR SPEAKER | GALAXY A SERIES,,,RP-504,,SAMSUNG,REPLACEMENT PARTS,Speaker,,,Pieces,,1,,,,,,Active,New,,EAR SPEAKER | SAMSUNG GALAXY A30,,,,,,ES-GAL-3767,,,,,,,
REPALCEMENT EAR SPEAKER | GALAXY A SERIES,,,RP-504,,SAMSUNG,REPLACEMENT PARTS,Speaker,,,Pieces,,1,,,,,,Active,New,,EAR SPEAKER | SAMSUNG GALAXY A30S,,,,,,ES-GAL-3768,,,,,,,
REPALCEMENT EAR SPEAKER | GALAXY A SERIES,,,RP-504,,SAMSUNG,REPLACEMENT PARTS,Speaker,,,Pieces,,1,,,,,,Active,New,,EAR SPEAKER | SAMSUNG GALAXY A31,,,,,,ES-GAL-3769,,,,,,,
REPALCEMENT EAR SPEAKER | GALAXY A SERIES,,,RP-504,,SAMSUNG,REPLACEMENT PARTS,Speaker,,,Pieces,,1,,,,,,Active,New,,EAR SPEAKER | SAMSUNG GALAXY A32 4G,,,,,,ES-GAL-3770,,,,,,,
REPALCEMENT EAR SPEAKER | GALAXY A SERIES,,,RP-504,,SAMSUNG,REPLACEMENT PARTS,Speaker,,,Pieces,,1,,,,,,Active,New,,EAR SPEAKER | SAMSUNG GALAXY A32 5G,,,,,,ES-GAL-3771,,,,,,,
REPALCEMENT EAR SPEAKER | GALAXY A SERIES,,,RP-504,,SAMSUNG,REPLACEMENT PARTS,Speaker,,,Pieces,,1,,,,,,Active,New,,EAR SPEAKER | SAMSUNG GALAXY A33 5G,,,,,,ES-GAL-3772,,,,,,,
REPALCEMENT EAR SPEAKER | GALAXY A SERIES,,,RP-504,,SAMSUNG,REPLACEMENT PARTS,Speaker,,,Pieces,,1,,,,,,Active,New,,EAR SPEAKER | SAMSUNG GALAXY A34 5G,,,,,,ES-GAL-3773,,,,,,,
REPALCEMENT EAR SPEAKER | GALAXY A SERIES,,,RP-504,,SAMSUNG,REPLACEMENT PARTS,Speaker,,,Pieces,,1,,,,,,Active,New,,EAR SPEAKER | SAMSUNG GALAXY A35 5G,,,,,,ES-GAL-3774,,,,,,,
REPALCEMENT EAR SPEAKER | GALAXY A SERIES,,,RP-504,,SAMSUNG,REPLACEMENT PARTS,Speaker,,,Pieces,,1,,,,,,Active,New,,EAR SPEAKER | SAMSUNG GALAXY A36 5G,,,,,,ES-GAL-3775,,,,,,,
REPALCEMENT EAR SPEAKER | GALAXY A SERIES,,,RP-504,,SAMSUNG,REPLACEMENT PARTS,Speaker,,,Pieces,,1,,,,,,Active,New,,EAR SPEAKER | SAMSUNG GALAXY A40,,,,,,ES-GAL-3776,,,,,,,
REPALCEMENT EAR SPEAKER | GALAXY A SERIES,,,RP-504,,SAMSUNG,REPLACEMENT PARTS,Speaker,,,Pieces,,1,,,,,,Active,New,,EAR SPEAKER | SAMSUNG GALAXY A41,,,,,,ES-GAL-3777,,,,,,,
REPALCEMENT EAR SPEAKER | GALAXY A SERIES,,,RP-504,,SAMSUNG,REPLACEMENT PARTS,Speaker,,,Pieces,,1,,,,,,Active,New,,EAR SPEAKER | SAMSUNG GALAXY A42 5G,,,,,,ES-GAL-3778,,,,,,,
REPALCEMENT EAR SPEAKER | GALAXY A SERIES,,,RP-504,,SAMSUNG,REPLACEMENT PARTS,Speaker,,,Pieces,,1,,,,,,Active,New,,EAR SPEAKER | SAMSUNG GALAXY A50,,,,,,ES-GAL-3779,,,,,,,
REPALCEMENT EAR SPEAKER | GALAXY A SERIES,,,RP-504,,SAMSUNG,REPLACEMENT PARTS,Speaker,,,Pieces,,1,,,,,,Active,New,,EAR SPEAKER | SAMSUNG GALAXY A50S,,,,,,ES-GAL-3780,,,,,,,
REPALCEMENT EAR SPEAKER | GALAXY A SERIES,,,RP-504,,SAMSUNG,REPLACEMENT PARTS,Speaker,,,Pieces,,1,,,,,,Active,New,,EAR SPEAKER | SAMSUNG GALAXY A51,,,,,,ES-GAL-3781,,,,,,,
REPALCEMENT EAR SPEAKER | GALAXY A SERIES,,,RP-504,,SAMSUNG,REPLACEMENT PARTS,Speaker,,,Pieces,,1,,,,,,Active,New,,EAR SPEAKER | SAMSUNG GALAXY A51 5G,,,,,,ES-GAL-3782,,,,,,,
REPALCEMENT EAR SPEAKER | GALAXY A SERIES,,,RP-504,,SAMSUNG,REPLACEMENT PARTS,Speaker,,,Pieces,,1,,,,,,Active,New,,EAR SPEAKER | SAMSUNG GALAXY A52,,,,,,ES-GAL-3783,,,,,,,
REPALCEMENT EAR SPEAKER | GALAXY A SERIES,,,RP-504,,SAMSUNG,REPLACEMENT PARTS,Speaker,,,Pieces,,1,,,,,,Active,New,,EAR SPEAKER | SAMSUNG GALAXY A52 5G,,,,,,ES-GAL-3784,,,,,,,
REPALCEMENT EAR SPEAKER | GALAXY A SERIES,,,RP-504,,SAMSUNG,REPLACEMENT PARTS,Speaker,,,Pieces,,1,,,,,,Active,New,,EAR SPEAKER | SAMSUNG GALAXY A52S 5G,,,,,,ES-GAL-3785,,,,,,,
REPALCEMENT EAR SPEAKER | GALAXY A SERIES,,,RP-504,,SAMSUNG,REPLACEMENT PARTS,Speaker,,,Pieces,,1,,,,,,Active,New,,EAR SPEAKER | SAMSUNG GALAXY A53 5G,,,,,,ES-GAL-3786,,,,,,,
REPALCEMENT EAR SPEAKER | GALAXY A SERIES,,,RP-504,,SAMSUNG,REPLACEMENT PARTS,Speaker,,,Pieces,,1,,,,,,Active,New,,EAR SPEAKER | SAMSUNG GALAXY A54 5G,,,,,,ES-GAL-3787,,,,,,,
REPALCEMENT EAR SPEAKER | GALAXY A SERIES,,,RP-504,,SAMSUNG,REPLACEMENT PARTS,Speaker,,,Pieces,,1,,,,,,Active,New,,EAR SPEAKER | SAMSUNG GALAXY A55 5G,,,,,,ES-GAL-3788,,,,,,,
REPALCEMENT EAR SPEAKER | GALAXY A SERIES,,,RP-504,,SAMSUNG,REPLACEMENT PARTS,Speaker,,,Pieces,,1,,,,,,Active,New,,EAR SPEAKER | SAMSUNG GALAXY A56 5G,,,,,,ES-GAL-3789,,,,,,,
REPALCEMENT EAR SPEAKER | GALAXY A SERIES,,,RP-504,,SAMSUNG,REPLACEMENT PARTS,Speaker,,,Pieces,,1,,,,,,Active,New,,EAR SPEAKER | SAMSUNG GALAXY A70,,,,,,ES-GAL-3790,,,,,,,
REPALCEMENT EAR SPEAKER | GALAXY A SERIES,,,RP-504,,SAMSUNG,REPLACEMENT PARTS,Speaker,,,Pieces,,1,,,,,,Active,New,,EAR SPEAKER | SAMSUNG GALAXY A70S,,,,,,ES-GAL-3791,,,,,,,
REPALCEMENT EAR SPEAKER | GALAXY A SERIES,,,RP-504,,SAMSUNG,REPLACEMENT PARTS,Speaker,,,Pieces,,1,,,,,,Active,New,,EAR SPEAKER | SAMSUNG GALAXY A71,,,,,,ES-GAL-3792,,,,,,,
REPALCEMENT EAR SPEAKER | GALAXY A SERIES,,,RP-504,,SAMSUNG,REPLACEMENT PARTS,Speaker,,,Pieces,,1,,,,,,Active,New,,EAR SPEAKER | SAMSUNG GALAXY A71 5G,,,,,,ES-GAL-3793,,,,,,,
REPALCEMENT EAR SPEAKER | GALAXY A SERIES,,,RP-504,,SAMSUNG,REPLACEMENT PARTS,Speaker,,,Pieces,,1,,,,,,Active,New,,EAR SPEAKER | SAMSUNG GALAXY A72,,,,,,ES-GAL-3794,,,,,,,
REPALCEMENT EAR SPEAKER | GALAXY A SERIES,,,RP-504,,SAMSUNG,REPLACEMENT PARTS,Speaker,,,Pieces,,1,,,,,,Active,New,,EAR SPEAKER | SAMSUNG GALAXY A73 5G,,,,,,ES-GAL-3795,,,,,,,
REPALCEMENT EAR SPEAKER | GALAXY A SERIES,,,RP-504,,SAMSUNG,REPLACEMENT PARTS,Speaker,,,Pieces,,1,,,,,,Active,New,,EAR SPEAKER | SAMSUNG GALAXY A80,,,,,,ES-GAL-3796,,,,,,,
REPALCEMENT EAR SPEAKER | GALAXY A SERIES,,,RP-504,,SAMSUNG,REPLACEMENT PARTS,Speaker,,,Pieces,,1,,,,,,Active,New,,EAR SPEAKER | SAMSUNG GALAXY A90 5G,,,,,,ES-GAL-3797,,,,,,,
REPALCEMENT EAR SPEAKER FLEX | GALAXY S SERIES,,,RP-505,,TECH HEAVEN,REPLACEMENT PARTS,Speaker,,,Pieces,,1,,,,,,Active,New,,EAR SPEAKER FLEX | GALAXY S10 ,,,,,,ES-GAL-3798,,,,,,,
REPALCEMENT EAR SPEAKER FLEX | GALAXY S SERIES,,,RP-505,,TECH HEAVEN,REPLACEMENT PARTS,Speaker,,,Pieces,,1,,,,,,Active,New,,EAR SPEAKER FLEX | GALAXY S10 5G,,,,,,ES-GAL-3799,,,,,,,
REPALCEMENT EAR SPEAKER FLEX | GALAXY S SERIES,,,RP-505,,SAMSUNG,REPLACEMENT PARTS,Speaker,,,Pieces,,1,,,,,,Active,New,,EAR SPEAKER FLEX | GALAXY S10+,,,,,,ES-GAL-3800,,,,,,,
REPALCEMENT EAR SPEAKER FLEX | GALAXY S SERIES,,,RP-505,,SAMSUNG,REPLACEMENT PARTS,Speaker,,,Pieces,,1,,,,,,Active,New,,EAR SPEAKER FLEX | GALAXY S10E,,,,,,ES-GAL-3801,,,,,,,
REPALCEMENT EAR SPEAKER FLEX | GALAXY S SERIES,,,RP-505,,SAMSUNG,REPLACEMENT PARTS,Speaker,,,Pieces,,1,,,,,,Active,New,,EAR SPEAKER FLEX | GALAXY S20,,,,,,ES-GAL-3802,,,,,,,
REPALCEMENT EAR SPEAKER FLEX | GALAXY S SERIES,,,RP-505,,TECH HEAVEN,REPLACEMENT PARTS,Speaker,,,Pieces,,1,,,,,,Active,New,,EAR SPEAKER FLEX | GALAXY S20 FE,,,,,,ES-GAL-3803,,,,,,,
REPALCEMENT EAR SPEAKER FLEX | GALAXY S SERIES,,,RP-505,,SAMSUNG,REPLACEMENT PARTS,Speaker,,,Pieces,,1,,,,,,Active,New,,EAR SPEAKER FLEX | GALAXY S20 ULTRA,,,,,,ES-GAL-3804,,,,,,,
REPALCEMENT EAR SPEAKER FLEX | GALAXY S SERIES,,,RP-505,,SAMSUNG,REPLACEMENT PARTS,Speaker,,,Pieces,,1,,,,,,Active,New,,EAR SPEAKER FLEX | GALAXY S20+,,,,,,ES-GAL-3805,,,,,,,
REPALCEMENT EAR SPEAKER FLEX | GALAXY S SERIES,,,RP-505,,SAMSUNG,REPLACEMENT PARTS,Speaker,,,Pieces,,1,,,,,,Active,New,,EAR SPEAKER FLEX | GALAXY S21,,,,,,ES-GAL-3806,,,,,,,
REPALCEMENT EAR SPEAKER FLEX | GALAXY S SERIES,,,RP-505,,SAMSUNG,REPLACEMENT PARTS,Speaker,,,Pieces,,1,,,,,,Active,New,,EAR SPEAKER FLEX | GALAXY S21 FE,,,,,,ES-GAL-3807,,,,,,,
REPALCEMENT EAR SPEAKER FLEX | GALAXY S SERIES,,,RP-505,,SAMSUNG,REPLACEMENT PARTS,Speaker,,,Pieces,,1,,,,,,Active,New,,EAR SPEAKER FLEX | GALAXY S21 ULTRA,,,,,,ES-GAL-3808,,,,,,,
REPALCEMENT EAR SPEAKER FLEX | GALAXY S SERIES,,,RP-505,,SAMSUNG,REPLACEMENT PARTS,Speaker,,,Pieces,,1,,,,,,Active,New,,EAR SPEAKER FLEX | GALAXY S21+,,,,,,ES-GAL-3809,,,,,,,
REPALCEMENT EAR SPEAKER FLEX | GALAXY S SERIES,,,RP-505,,SAMSUNG,REPLACEMENT PARTS,Speaker,,,Pieces,,1,,,,,,Active,New,,EAR SPEAKER FLEX | GALAXY S22,,,,,,ES-GAL-3810,,,,,,,
REPALCEMENT EAR SPEAKER FLEX | GALAXY S SERIES,,,RP-505,,SAMSUNG,REPLACEMENT PARTS,Speaker,,,Pieces,,1,,,,,,Active,New,,EAR SPEAKER FLEX | GALAXY S22 ULTRA,,,,,,ES-GAL-3811,,,,,,,
REPALCEMENT EAR SPEAKER FLEX | GALAXY S SERIES,,,RP-505,,SAMSUNG,REPLACEMENT PARTS,Speaker,,,Pieces,,1,,,,,,Active,New,,EAR SPEAKER FLEX | GALAXY S22+,,,,,,ES-GAL-3812,,,,,,,
REPALCEMENT EAR SPEAKER FLEX | GALAXY S SERIES,,,RP-505,,SAMSUNG,REPLACEMENT PARTS,Speaker,,,Pieces,,1,,,,,,Active,New,,EAR SPEAKER FLEX | GALAXY S23,,,,,,ES-GAL-3813,,,,,,,
REPALCEMENT EAR SPEAKER FLEX | GALAXY S SERIES,,,RP-505,,SAMSUNG,REPLACEMENT PARTS,Speaker,,,Pieces,,1,,,,,,Active,New,,EAR SPEAKER FLEX | GALAXY S23 FE,,,,,,ES-GAL-3814,,,,,,,
REPALCEMENT EAR SPEAKER FLEX | GALAXY S SERIES,,,RP-505,,SAMSUNG,REPLACEMENT PARTS,Speaker,,,Pieces,,1,,,,,,Active,New,,EAR SPEAKER FLEX | GALAXY S23 ULTRA,,,,,,ES-GAL-3815,,,,,,,
REPALCEMENT EAR SPEAKER FLEX | GALAXY S SERIES,,,RP-505,,SAMSUNG,REPLACEMENT PARTS,Speaker,,,Pieces,,1,,,,,,Active,New,,EAR SPEAKER FLEX | GALAXY S23+,,,,,,ES-GAL-3816,,,,,,,
REPALCEMENT EAR SPEAKER FLEX | GALAXY S SERIES,,,RP-505,,SAMSUNG,REPLACEMENT PARTS,Speaker,,,Pieces,,1,,,,,,Active,New,,EAR SPEAKER FLEX | GALAXY S24,,,,,,ES-GAL-3817,,,,,,,
REPALCEMENT EAR SPEAKER FLEX | GALAXY S SERIES,,,RP-505,,SAMSUNG,REPLACEMENT PARTS,Speaker,,,Pieces,,1,,,,,,Active,New,,EAR SPEAKER FLEX | GALAXY S24 ULTRA,,,,,,ES-GAL-3818,,,,,,,
REPALCEMENT EAR SPEAKER FLEX | GALAXY S SERIES,,,RP-505,,SAMSUNG,REPLACEMENT PARTS,Speaker,,,Pieces,,1,,,,,,Active,New,,EAR SPEAKER FLEX | GALAXY S24+,,,,,,ES-GAL-3819,,,,,,,
REPALCEMENT EAR SPEAKER FLEX | GALAXY S SERIES,,,RP-505,,SAMSUNG,REPLACEMENT PARTS,Speaker,,,Pieces,,1,,,,,,Active,New,,EAR SPEAKER FLEX | GALAXY S25,,,,,,ES-GAL-3820,,,,,,,
REPALCEMENT EAR SPEAKER FLEX | GALAXY S SERIES,,,RP-505,,SAMSUNG,REPLACEMENT PARTS,Speaker,,,Pieces,,1,,,,,,Active,New,,EAR SPEAKER FLEX | GALAXY S25 ULTRA,,,,,,ES-GAL-3821,,,,,,,
REPALCEMENT EAR SPEAKER FLEX | GALAXY S SERIES,,,RP-505,,SAMSUNG,REPLACEMENT PARTS,Speaker,,,Pieces,,1,,,,,,Active,New,,EAR SPEAKER FLEX | GALAXY S25+,,,,,,ES-GAL-3822,,,,,,,
REPALCEMENT EAR SPEAKER FLEX | GALAXY S SERIES,,,RP-505,,SAMSUNG,REPLACEMENT PARTS,Speaker,,,Pieces,,1,,,,,,Active,New,,EAR SPEAKER FLEX | GALAXY S26,,,,,,ES-GAL-3823,,,,,,,
REPALCEMENT EAR SPEAKER FLEX | GALAXY S SERIES,,,RP-505,,SAMSUNG,REPLACEMENT PARTS,Speaker,,,Pieces,,1,,,,,,Active,New,,EAR SPEAKER FLEX | GALAXY S26 ULTRA,,,,,,ES-GAL-3824,,,,,,,
REPALCEMENT EAR SPEAKER FLEX | GALAXY S SERIES,,,RP-505,,SAMSUNG,REPLACEMENT PARTS,Speaker,,,Pieces,,1,,,,,,Active,New,,EAR SPEAKER FLEX | GALAXY S26 ULTRA+,,,,,,ES-GAL-3825,,,,,,,
REPALCEMENT EAR SPEAKER FLEX | GALAXY S SERIES,,,RP-505,,SAMSUNG,REPLACEMENT PARTS,Speaker,,,Pieces,,1,,,,,,Active,New,,EAR SPEAKER FLEX | GALAXY S7,,,,,,ES-GAL-3826,,,,,,,
REPALCEMENT EAR SPEAKER FLEX | GALAXY S SERIES,,,RP-505,,SAMSUNG,REPLACEMENT PARTS,Speaker,,,Pieces,,1,,,,,,Active,New,,EAR SPEAKER FLEX | GALAXY S7 EDGE,,,,,,ES-GAL-3827,,,,,,,
REPALCEMENT EAR SPEAKER FLEX | GALAXY S SERIES,,,RP-505,,SAMSUNG,REPLACEMENT PARTS,Speaker,,,Pieces,,1,,,,,,Active,New,,EAR SPEAKER FLEX | GALAXY S8,,,,,,ES-GAL-3828,,,,,,,
REPALCEMENT EAR SPEAKER FLEX | GALAXY S SERIES,,,RP-505,,SAMSUNG,REPLACEMENT PARTS,Speaker,,,Pieces,,1,,,,,,Active,New,,EAR SPEAKER FLEX | GALAXY S8+,,,,,,ES-GAL-3829,,,,,,,
REPALCEMENT EAR SPEAKER FLEX | GALAXY S SERIES,,,RP-505,,SAMSUNG,REPLACEMENT PARTS,Speaker,,,Pieces,,1,,,,,,Active,New,,EAR SPEAKER FLEX | GALAXY S9,,,,,,ES-GAL-3830,,,,,,,
REPALCEMENT EAR SPEAKER FLEX | GALAXY S SERIES,,,RP-505,,SAMSUNG,REPLACEMENT PARTS,Speaker,,,Pieces,,1,,,,,,Active,New,,EAR SPEAKER FLEX | GALAXY S9+,,,,,,ES-GAL-3831,,,,,,,
REPALCEMENT LOUD SPEAKER | GALAXY A SERIES,,,RP-506,,SAMSUNG,REPLACEMENT PARTS,Speaker,,,Pieces,,1,,,,,,Active,New,,LOUD SPEAKER | SAMSUNG GALAXY A01 ,,,,,,LS-GAL-3832,,,,,,,
REPALCEMENT LOUD SPEAKER | GALAXY A SERIES,,,RP-506,,SAMSUNG,REPLACEMENT PARTS,Speaker,,,Pieces,,1,,,,,,Active,New,,LOUD SPEAKER | SAMSUNG GALAXY A01 CORE,,,,,,LS-GAL-3833,,,,,,,
REPALCEMENT LOUD SPEAKER | GALAXY A SERIES,,,RP-506,,SAMSUNG,REPLACEMENT PARTS,Speaker,,,Pieces,,1,,,,,,Active,New,,LOUD SPEAKER | SAMSUNG GALAXY A02,,,,,,LS-GAL-3834,,,,,,,
REPALCEMENT LOUD SPEAKER | GALAXY A SERIES,,,RP-506,,SAMSUNG,REPLACEMENT PARTS,Speaker,,,Pieces,,1,,,,,,Active,New,,LOUD SPEAKER | SAMSUNG GALAXY A02S ,,,,,,LS-GAL-3835,,,,,,,
REPALCEMENT LOUD SPEAKER | GALAXY A SERIES,,,RP-506,,SAMSUNG,REPLACEMENT PARTS,Speaker,,,Pieces,,1,,,,,,Active,New,,LOUD SPEAKER | SAMSUNG GALAXY A03,,,,,,LS-GAL-3836,,,,,,,
REPALCEMENT LOUD SPEAKER | GALAXY A SERIES,,,RP-506,,SAMSUNG,REPLACEMENT PARTS,Speaker,,,Pieces,,1,,,,,,Active,New,,LOUD SPEAKER | SAMSUNG GALAXY A03 CORE ,,,,,,LS-GAL-3837,,,,,,,
REPALCEMENT LOUD SPEAKER | GALAXY A SERIES,,,RP-506,,SAMSUNG,REPLACEMENT PARTS,Speaker,,,Pieces,,1,,,,,,Active,New,,LOUD SPEAKER | SAMSUNG GALAXY A03S ,,,,,,LS-GAL-3838,,,,,,,
REPALCEMENT LOUD SPEAKER | GALAXY A SERIES,,,RP-506,,SAMSUNG,REPLACEMENT PARTS,Speaker,,,Pieces,,1,,,,,,Active,New,,LOUD SPEAKER | SAMSUNG GALAXY A04,,,,,,LS-GAL-3839,,,,,,,
REPALCEMENT LOUD SPEAKER | GALAXY A SERIES,,,RP-506,,SAMSUNG,REPLACEMENT PARTS,Speaker,,,Pieces,,1,,,,,,Active,New,,LOUD SPEAKER | SAMSUNG GALAXY A04E,,,,,,LS-GAL-3840,,,,,,,
REPALCEMENT LOUD SPEAKER | GALAXY A SERIES,,,RP-506,,SAMSUNG,REPLACEMENT PARTS,Speaker,,,Pieces,,1,,,,,,Active,New,,LOUD SPEAKER | SAMSUNG GALAXY A04S,,,,,,LS-GAL-3841,,,,,,,
REPALCEMENT LOUD SPEAKER | GALAXY A SERIES,,,RP-506,,SAMSUNG,REPLACEMENT PARTS,Speaker,,,Pieces,,1,,,,,,Active,New,,LOUD SPEAKER | SAMSUNG GALAXY A05,,,,,,LS-GAL-3842,,,,,,,
REPALCEMENT LOUD SPEAKER | GALAXY A SERIES,,,RP-506,,SAMSUNG,REPLACEMENT PARTS,Speaker,,,Pieces,,1,,,,,,Active,New,,LOUD SPEAKER | SAMSUNG GALAXY A05S,,,,,,LS-GAL-3843,,,,,,,
REPALCEMENT LOUD SPEAKER | GALAXY A SERIES,,,RP-506,,SAMSUNG,REPLACEMENT PARTS,Speaker,,,Pieces,,1,,,,,,Active,New,,LOUD SPEAKER | SAMSUNG GALAXY A06,,,,,,LS-GAL-3844,,,,,,,
REPALCEMENT LOUD SPEAKER | GALAXY A SERIES,,,RP-506,,SAMSUNG,REPLACEMENT PARTS,Speaker,,,Pieces,,1,,,,,,Active,New,,LOUD SPEAKER | SAMSUNG GALAXY A10 ,,,,,,LS-GAL-3845,,,,,,,
REPALCEMENT LOUD SPEAKER | GALAXY A SERIES,,,RP-506,,SAMSUNG,REPLACEMENT PARTS,Speaker,,,Pieces,,1,,,,,,Active,New,,LOUD SPEAKER | SAMSUNG GALAXY A10 E,,,,,,LS-GAL-3846,,,,,,,
REPALCEMENT LOUD SPEAKER | GALAXY A SERIES,,,RP-506,,SAMSUNG,REPLACEMENT PARTS,Speaker,,,Pieces,,1,,,,,,Active,New,,LOUD SPEAKER | SAMSUNG GALAXY A10 S,,,,,,LS-GAL-3847,,,,,,,
REPALCEMENT LOUD SPEAKER | GALAXY A SERIES,,,RP-506,,SAMSUNG,REPLACEMENT PARTS,Speaker,,,Pieces,,1,,,,,,Active,New,,LOUD SPEAKER | SAMSUNG GALAXY A11,,,,,,LS-GAL-3848,,,,,,,
REPALCEMENT LOUD SPEAKER | GALAXY A SERIES,,,RP-506,,SAMSUNG,REPLACEMENT PARTS,Speaker,,,Pieces,,1,,,,,,Active,New,,LOUD SPEAKER | SAMSUNG GALAXY A12,,,,,,LS-GAL-3849,,,,,,,
REPALCEMENT LOUD SPEAKER | GALAXY A SERIES,,,RP-506,,SAMSUNG,REPLACEMENT PARTS,Speaker,,,Pieces,,1,,,,,,Active,New,,LOUD SPEAKER | SAMSUNG GALAXY A13 4G,,,,,,LS-GAL-3850,,,,,,,
REPALCEMENT LOUD SPEAKER | GALAXY A SERIES,,,RP-506,,SAMSUNG,REPLACEMENT PARTS,Speaker,,,Pieces,,1,,,,,,Active,New,,LOUD SPEAKER | SAMSUNG GALAXY A14 4G,,,,,,LS-GAL-3851,,,,,,,
REPALCEMENT LOUD SPEAKER | GALAXY A SERIES,,,RP-506,,SAMSUNG,REPLACEMENT PARTS,Speaker,,,Pieces,,1,,,,,,Active,New,,LOUD SPEAKER | SAMSUNG GALAXY A14 5G,,,,,,LS-GAL-3852,,,,,,,
REPALCEMENT LOUD SPEAKER | GALAXY A SERIES,,,RP-506,,SAMSUNG,REPLACEMENT PARTS,Speaker,,,Pieces,,1,,,,,,Active,New,,LOUD SPEAKER | SAMSUNG GALAXY A15 4G,,,,,,LS-GAL-3853,,,,,,,
REPALCEMENT LOUD SPEAKER | GALAXY A SERIES,,,RP-506,,SAMSUNG,REPLACEMENT PARTS,Speaker,,,Pieces,,1,,,,,,Active,New,,LOUD SPEAKER | SAMSUNG GALAXY A15 5G,,,,,,LS-GAL-3854,,,,,,,
REPALCEMENT LOUD SPEAKER | GALAXY A SERIES,,,RP-506,,SAMSUNG,REPLACEMENT PARTS,Speaker,,,Pieces,,1,,,,,,Active,New,,LOUD SPEAKER | SAMSUNG GALAXY A16 5G,,,,,,LS-GAL-3855,,,,,,,
REPALCEMENT LOUD SPEAKER | GALAXY A SERIES,,,RP-506,,SAMSUNG,REPLACEMENT PARTS,Speaker,,,Pieces,,1,,,,,,Active,New,,LOUD SPEAKER | SAMSUNG GALAXY A20,,,,,,LS-GAL-3856,,,,,,,
REPALCEMENT LOUD SPEAKER | GALAXY A SERIES,,,RP-506,,SAMSUNG,REPLACEMENT PARTS,Speaker,,,Pieces,,1,,,,,,Active,New,,LOUD SPEAKER | SAMSUNG GALAXY A20E,,,,,,LS-GAL-3857,,,,,,,
REPALCEMENT LOUD SPEAKER | GALAXY A SERIES,,,RP-506,,SAMSUNG,REPLACEMENT PARTS,Speaker,,,Pieces,,1,,,,,,Active,New,,LOUD SPEAKER | SAMSUNG GALAXY A20S,,,,,,LS-GAL-3858,,,,,,,
REPALCEMENT LOUD SPEAKER | GALAXY A SERIES,,,RP-506,,SAMSUNG,REPLACEMENT PARTS,Speaker,,,Pieces,,1,,,,,,Active,New,,LOUD SPEAKER | SAMSUNG GALAXY A21,,,,,,LS-GAL-3859,,,,,,,
REPALCEMENT LOUD SPEAKER | GALAXY A SERIES,,,RP-506,,SAMSUNG,REPLACEMENT PARTS,Speaker,,,Pieces,,1,,,,,,Active,New,,LOUD SPEAKER | SAMSUNG GALAXY A21S,,,,,,LS-GAL-3860,,,,,,,
REPALCEMENT LOUD SPEAKER | GALAXY A SERIES,,,RP-506,,SAMSUNG,REPLACEMENT PARTS,Speaker,,,Pieces,,1,,,,,,Active,New,,LOUD SPEAKER | SAMSUNG GALAXY A22 4G,,,,,,LS-GAL-3861,,,,,,,
REPALCEMENT LOUD SPEAKER | GALAXY A SERIES,,,RP-506,,SAMSUNG,REPLACEMENT PARTS,Speaker,,,Pieces,,1,,,,,,Active,New,,LOUD SPEAKER | SAMSUNG GALAXY A22 5G,,,,,,LS-GAL-3862,,,,,,,
REPALCEMENT LOUD SPEAKER | GALAXY A SERIES,,,RP-506,,SAMSUNG,REPLACEMENT PARTS,Speaker,,,Pieces,,1,,,,,,Active,New,,LOUD SPEAKER | SAMSUNG GALAXY A23 4G,,,,,,LS-GAL-3863,,,,,,,
REPALCEMENT LOUD SPEAKER | GALAXY A SERIES,,,RP-506,,SAMSUNG,REPLACEMENT PARTS,Speaker,,,Pieces,,1,,,,,,Active,New,,LOUD SPEAKER | SAMSUNG GALAXY A24,,,,,,LS-GAL-3864,,,,,,,
REPALCEMENT LOUD SPEAKER | GALAXY A SERIES,,,RP-506,,SAMSUNG,REPLACEMENT PARTS,Speaker,,,Pieces,,1,,,,,,Active,New,,LOUD SPEAKER | SAMSUNG GALAXY A25 5G,,,,,,LS-GAL-3865,,,,,,,
REPALCEMENT LOUD SPEAKER | GALAXY A SERIES,,,RP-506,,SAMSUNG,REPLACEMENT PARTS,Speaker,,,Pieces,,1,,,,,,Active,New,,LOUD SPEAKER | SAMSUNG GALAXY A30,,,,,,LS-GAL-3866,,,,,,,
REPALCEMENT LOUD SPEAKER | GALAXY A SERIES,,,RP-506,,SAMSUNG,REPLACEMENT PARTS,Speaker,,,Pieces,,1,,,,,,Active,New,,LOUD SPEAKER | SAMSUNG GALAXY A30S,,,,,,LS-GAL-3867,,,,,,,
REPALCEMENT LOUD SPEAKER | GALAXY A SERIES,,,RP-506,,SAMSUNG,REPLACEMENT PARTS,Speaker,,,Pieces,,1,,,,,,Active,New,,LOUD SPEAKER | SAMSUNG GALAXY A31,,,,,,LS-GAL-3868,,,,,,,
REPALCEMENT LOUD SPEAKER | GALAXY A SERIES,,,RP-506,,SAMSUNG,REPLACEMENT PARTS,Speaker,,,Pieces,,1,,,,,,Active,New,,LOUD SPEAKER | SAMSUNG GALAXY A32 4G,,,,,,LS-GAL-3869,,,,,,,
REPALCEMENT LOUD SPEAKER | GALAXY A SERIES,,,RP-506,,SAMSUNG,REPLACEMENT PARTS,Speaker,,,Pieces,,1,,,,,,Active,New,,LOUD SPEAKER | SAMSUNG GALAXY A32 5G,,,,,,LS-GAL-3870,,,,,,,
REPALCEMENT LOUD SPEAKER | GALAXY A SERIES,,,RP-506,,SAMSUNG,REPLACEMENT PARTS,Speaker,,,Pieces,,1,,,,,,Active,New,,LOUD SPEAKER | SAMSUNG GALAXY A33 5G,,,,,,LS-GAL-3871,,,,,,,
REPALCEMENT LOUD SPEAKER | GALAXY A SERIES,,,RP-506,,SAMSUNG,REPLACEMENT PARTS,Speaker,,,Pieces,,1,,,,,,Active,New,,LOUD SPEAKER | SAMSUNG GALAXY A34 5G,,,,,,LS-GAL-3872,,,,,,,
REPALCEMENT LOUD SPEAKER | GALAXY A SERIES,,,RP-506,,SAMSUNG,REPLACEMENT PARTS,Speaker,,,Pieces,,1,,,,,,Active,New,,LOUD SPEAKER | SAMSUNG GALAXY A35 5G,,,,,,LS-GAL-3873,,,,,,,
REPALCEMENT LOUD SPEAKER | GALAXY A SERIES,,,RP-506,,SAMSUNG,REPLACEMENT PARTS,Speaker,,,Pieces,,1,,,,,,Active,New,,LOUD SPEAKER | SAMSUNG GALAXY A36 5G,,,,,,LS-GAL-3874,,,,,,,
REPALCEMENT LOUD SPEAKER | GALAXY A SERIES,,,RP-506,,SAMSUNG,REPLACEMENT PARTS,Speaker,,,Pieces,,1,,,,,,Active,New,,LOUD SPEAKER | SAMSUNG GALAXY A40,,,,,,LS-GAL-3875,,,,,,,
REPALCEMENT LOUD SPEAKER | GALAXY A SERIES,,,RP-506,,SAMSUNG,REPLACEMENT PARTS,Speaker,,,Pieces,,1,,,,,,Active,New,,LOUD SPEAKER | SAMSUNG GALAXY A41,,,,,,LS-GAL-3876,,,,,,,
REPALCEMENT LOUD SPEAKER | GALAXY A SERIES,,,RP-506,,SAMSUNG,REPLACEMENT PARTS,Speaker,,,Pieces,,1,,,,,,Active,New,,LOUD SPEAKER | SAMSUNG GALAXY A42 5G,,,,,,LS-GAL-3877,,,,,,,
REPALCEMENT LOUD SPEAKER | GALAXY A SERIES,,,RP-506,,SAMSUNG,REPLACEMENT PARTS,Speaker,,,Pieces,,1,,,,,,Active,New,,LOUD SPEAKER | SAMSUNG GALAXY A50,,,,,,LS-GAL-3878,,,,,,,
REPALCEMENT LOUD SPEAKER | GALAXY A SERIES,,,RP-506,,SAMSUNG,REPLACEMENT PARTS,Speaker,,,Pieces,,1,,,,,,Active,New,,LOUD SPEAKER | SAMSUNG GALAXY A50S,,,,,,LS-GAL-3879,,,,,,,
REPALCEMENT LOUD SPEAKER | GALAXY A SERIES,,,RP-506,,SAMSUNG,REPLACEMENT PARTS,Speaker,,,Pieces,,1,,,,,,Active,New,,LOUD SPEAKER | SAMSUNG GALAXY A51,,,,,,LS-GAL-3880,,,,,,,
REPALCEMENT LOUD SPEAKER | GALAXY A SERIES,,,RP-506,,SAMSUNG,REPLACEMENT PARTS,Speaker,,,Pieces,,1,,,,,,Active,New,,LOUD SPEAKER | SAMSUNG GALAXY A51 5G,,,,,,LS-GAL-3881,,,,,,,
REPALCEMENT LOUD SPEAKER | GALAXY A SERIES,,,RP-506,,SAMSUNG,REPLACEMENT PARTS,Speaker,,,Pieces,,1,,,,,,Active,New,,LOUD SPEAKER | SAMSUNG GALAXY A52,,,,,,LS-GAL-3882,,,,,,,
REPALCEMENT LOUD SPEAKER | GALAXY A SERIES,,,RP-506,,SAMSUNG,REPLACEMENT PARTS,Speaker,,,Pieces,,1,,,,,,Active,New,,LOUD SPEAKER | SAMSUNG GALAXY A52 5G,,,,,,LS-GAL-3883,,,,,,,
REPALCEMENT LOUD SPEAKER | GALAXY A SERIES,,,RP-506,,SAMSUNG,REPLACEMENT PARTS,Speaker,,,Pieces,,1,,,,,,Active,New,,LOUD SPEAKER | SAMSUNG GALAXY A52S 5,,,,,,LS-GAL-3884,,,,,,,
REPALCEMENT LOUD SPEAKER | GALAXY A SERIES,,,RP-506,,SAMSUNG,REPLACEMENT PARTS,Speaker,,,Pieces,,1,,,,,,Active,New,,LOUD SPEAKER | SAMSUNG GALAXY A53 5G,,,,,,LS-GAL-3885,,,,,,,
REPALCEMENT LOUD SPEAKER | GALAXY A SERIES,,,RP-506,,SAMSUNG,REPLACEMENT PARTS,Speaker,,,Pieces,,1,,,,,,Active,New,,LOUD SPEAKER | SAMSUNG GALAXY A54 5G,,,,,,LS-GAL-3886,,,,,,,
REPALCEMENT LOUD SPEAKER | GALAXY A SERIES,,,RP-506,,SAMSUNG,REPLACEMENT PARTS,Speaker,,,Pieces,,1,,,,,,Active,New,,LOUD SPEAKER | SAMSUNG GALAXY A55 5G,,,,,,LS-GAL-3887,,,,,,,
REPALCEMENT LOUD SPEAKER | GALAXY A SERIES,,,RP-506,,SAMSUNG,REPLACEMENT PARTS,Speaker,,,Pieces,,1,,,,,,Active,New,,LOUD SPEAKER | SAMSUNG GALAXY A56 5G,,,,,,LS-GAL-3888,,,,,,,
REPALCEMENT LOUD SPEAKER | GALAXY A SERIES,,,RP-506,,SAMSUNG,REPLACEMENT PARTS,Speaker,,,Pieces,,1,,,,,,Active,New,,LOUD SPEAKER | SAMSUNG GALAXY A70,,,,,,LS-GAL-3889,,,,,,,
REPALCEMENT LOUD SPEAKER | GALAXY A SERIES,,,RP-506,,SAMSUNG,REPLACEMENT PARTS,Speaker,,,Pieces,,1,,,,,,Active,New,,LOUD SPEAKER | SAMSUNG GALAXY A70S,,,,,,LS-GAL-3890,,,,,,,
REPALCEMENT LOUD SPEAKER | GALAXY A SERIES,,,RP-506,,SAMSUNG,REPLACEMENT PARTS,Speaker,,,Pieces,,1,,,,,,Active,New,,LOUD SPEAKER | SAMSUNG GALAXY A71,,,,,,LS-GAL-3891,,,,,,,
REPALCEMENT LOUD SPEAKER | GALAXY A SERIES,,,RP-506,,SAMSUNG,REPLACEMENT PARTS,Speaker,,,Pieces,,1,,,,,,Active,New,,LOUD SPEAKER | SAMSUNG GALAXY A71 5G,,,,,,LS-GAL-3892,,,,,,,
REPALCEMENT LOUD SPEAKER | GALAXY A SERIES,,,RP-506,,SAMSUNG,REPLACEMENT PARTS,Speaker,,,Pieces,,1,,,,,,Active,New,,LOUD SPEAKER | SAMSUNG GALAXY A72,,,,,,LS-GAL-3893,,,,,,,
REPALCEMENT LOUD SPEAKER | GALAXY A SERIES,,,RP-506,,SAMSUNG,REPLACEMENT PARTS,Speaker,,,Pieces,,1,,,,,,Active,New,,LOUD SPEAKER | SAMSUNG GALAXY A73 5G,,,,,,LS-GAL-3894,,,,,,,
REPALCEMENT LOUD SPEAKER | GALAXY A SERIES,,,RP-506,,SAMSUNG,REPLACEMENT PARTS,Speaker,,,Pieces,,1,,,,,,Active,New,,LOUD SPEAKER | SAMSUNG GALAXY A80,,,,,,LS-GAL-3895,,,,,,,
REPALCEMENT LOUD SPEAKER | GALAXY A SERIES,,,RP-506,,SAMSUNG,REPLACEMENT PARTS,Speaker,,,Pieces,,1,,,,,,Active,New,,LOUD SPEAKER | SAMSUNG GALAXY A90 5G,,,,,,LS-GAL-3896,,,,,,,
REPALCEMENT LOUD SPEAKER | GALAXY S,,,RP-507,,TECH HEAVEN,REPLACEMENT PARTS,Speaker,,,Pieces,,1,,,,,,Active,New,,LOUD SPEAKER | GALAXY S10 ,,,,,,LS-GAL-3897,,,,,,,
REPALCEMENT LOUD SPEAKER | GALAXY S,,,RP-507,,TECH HEAVEN,REPLACEMENT PARTS,Speaker,,,Pieces,,1,,,,,,Active,New,,LOUD SPEAKER | GALAXY S10 5G,,,,,,LS-GAL-3898,,,,,,,
REPALCEMENT LOUD SPEAKER | GALAXY S,,,RP-507,,SAMSUNG,REPLACEMENT PARTS,Speaker,,,Pieces,,1,,,,,,Active,New,,LOUD SPEAKER | GALAXY S10+,,,,,,LS-GAL-3899,,,,,,,
REPALCEMENT LOUD SPEAKER | GALAXY S,,,RP-507,,SAMSUNG,REPLACEMENT PARTS,Speaker,,,Pieces,,1,,,,,,Active,New,,LOUD SPEAKER | GALAXY S10E,,,,,,LS-GAL-3900,,,,,,,
REPALCEMENT LOUD SPEAKER | GALAXY S,,,RP-507,,SAMSUNG,REPLACEMENT PARTS,Speaker,,,Pieces,,1,,,,,,Active,New,,LOUD SPEAKER | GALAXY S20,,,,,,LS-GAL-3901,,,,,,,
REPALCEMENT LOUD SPEAKER | GALAXY S,,,RP-507,,TECH HEAVEN,REPLACEMENT PARTS,Speaker,,,Pieces,,1,,,,,,Active,New,,LOUD SPEAKER | GALAXY S20 FE,,,,,,LS-GAL-3902,,,,,,,
REPALCEMENT LOUD SPEAKER | GALAXY S,,,RP-507,,SAMSUNG,REPLACEMENT PARTS,Speaker,,,Pieces,,1,,,,,,Active,New,,LOUD SPEAKER | GALAXY S20 ULTRA,,,,,,LS-GAL-3903,,,,,,,
REPALCEMENT LOUD SPEAKER | GALAXY S,,,RP-507,,SAMSUNG,REPLACEMENT PARTS,Speaker,,,Pieces,,1,,,,,,Active,New,,LOUD SPEAKER | GALAXY S20+,,,,,,LS-GAL-3904,,,,,,,
REPALCEMENT LOUD SPEAKER | GALAXY S,,,RP-507,,SAMSUNG,REPLACEMENT PARTS,Speaker,,,Pieces,,1,,,,,,Active,New,,LOUD SPEAKER | GALAXY S21,,,,,,LS-GAL-3905,,,,,,,
REPALCEMENT LOUD SPEAKER | GALAXY S,,,RP-507,,SAMSUNG,REPLACEMENT PARTS,Speaker,,,Pieces,,1,,,,,,Active,New,,LOUD SPEAKER | GALAXY S21 FE,,,,,,LS-GAL-3906,,,,,,,
REPALCEMENT LOUD SPEAKER | GALAXY S,,,RP-507,,SAMSUNG,REPLACEMENT PARTS,Speaker,,,Pieces,,1,,,,,,Active,New,,LOUD SPEAKER | GALAXY S21 ULTRA,,,,,,LS-GAL-3907,,,,,,,
REPALCEMENT LOUD SPEAKER | GALAXY S,,,RP-507,,SAMSUNG,REPLACEMENT PARTS,Speaker,,,Pieces,,1,,,,,,Active,New,,LOUD SPEAKER | GALAXY S21+,,,,,,LS-GAL-3908,,,,,,,
REPALCEMENT LOUD SPEAKER | GALAXY S,,,RP-507,,SAMSUNG,REPLACEMENT PARTS,Speaker,,,Pieces,,1,,,,,,Active,New,,LOUD SPEAKER | GALAXY S22,,,,,,LS-GAL-3909,,,,,,,
REPALCEMENT LOUD SPEAKER | GALAXY S,,,RP-507,,SAMSUNG,REPLACEMENT PARTS,Speaker,,,Pieces,,1,,,,,,Active,New,,LOUD SPEAKER | GALAXY S22 ULTRA,,,,,,LS-GAL-3910,,,,,,,
REPALCEMENT LOUD SPEAKER | GALAXY S,,,RP-507,,SAMSUNG,REPLACEMENT PARTS,Speaker,,,Pieces,,1,,,,,,Active,New,,LOUD SPEAKER | GALAXY S22+,,,,,,LS-GAL-3911,,,,,,,
REPALCEMENT LOUD SPEAKER | GALAXY S,,,RP-507,,SAMSUNG,REPLACEMENT PARTS,Speaker,,,Pieces,,1,,,,,,Active,New,,LOUD SPEAKER | GALAXY S23,,,,,,LS-GAL-3912,,,,,,,
REPALCEMENT LOUD SPEAKER | GALAXY S,,,RP-507,,SAMSUNG,REPLACEMENT PARTS,Speaker,,,Pieces,,1,,,,,,Active,New,,LOUD SPEAKER | GALAXY S23 FE,,,,,,LS-GAL-3913,,,,,,,
REPALCEMENT LOUD SPEAKER | GALAXY S,,,RP-507,,SAMSUNG,REPLACEMENT PARTS,Speaker,,,Pieces,,1,,,,,,Active,New,,LOUD SPEAKER | GALAXY S23 ULTRA,,,,,,LS-GAL-3914,,,,,,,
REPALCEMENT LOUD SPEAKER | GALAXY S,,,RP-507,,SAMSUNG,REPLACEMENT PARTS,Speaker,,,Pieces,,1,,,,,,Active,New,,LOUD SPEAKER | GALAXY S23+,,,,,,LS-GAL-3915,,,,,,,
REPALCEMENT LOUD SPEAKER | GALAXY S,,,RP-507,,SAMSUNG,REPLACEMENT PARTS,Speaker,,,Pieces,,1,,,,,,Active,New,,LOUD SPEAKER | GALAXY S24,,,,,,LS-GAL-3916,,,,,,,
REPALCEMENT LOUD SPEAKER | GALAXY S,,,RP-507,,SAMSUNG,REPLACEMENT PARTS,Speaker,,,Pieces,,1,,,,,,Active,New,,LOUD SPEAKER | GALAXY S24 ULTRA,,,,,,LS-GAL-3917,,,,,,,
REPALCEMENT LOUD SPEAKER | GALAXY S,,,RP-507,,SAMSUNG,REPLACEMENT PARTS,Speaker,,,Pieces,,1,,,,,,Active,New,,LOUD SPEAKER | GALAXY S24+,,,,,,LS-GAL-3918,,,,,,,
REPALCEMENT LOUD SPEAKER | GALAXY S,,,RP-507,,SAMSUNG,REPLACEMENT PARTS,Speaker,,,Pieces,,1,,,,,,Active,New,,LOUD SPEAKER | GALAXY S25,,,,,,LS-GAL-3919,,,,,,,
REPALCEMENT LOUD SPEAKER | GALAXY S,,,RP-507,,SAMSUNG,REPLACEMENT PARTS,Speaker,,,Pieces,,1,,,,,,Active,New,,LOUD SPEAKER | GALAXY S25 ULTRA,,,,,,LS-GAL-3920,,,,,,,
REPALCEMENT LOUD SPEAKER | GALAXY S,,,RP-507,,SAMSUNG,REPLACEMENT PARTS,Speaker,,,Pieces,,1,,,,,,Active,New,,LOUD SPEAKER | GALAXY S25+,,,,,,LS-GAL-3921,,,,,,,
REPALCEMENT LOUD SPEAKER | GALAXY S,,,RP-507,,SAMSUNG,REPLACEMENT PARTS,Speaker,,,Pieces,,1,,,,,,Active,New,,LOUD SPEAKER | GALAXY S26,,,,,,LS-GAL-3922,,,,,,,
REPALCEMENT LOUD SPEAKER | GALAXY S,,,RP-507,,SAMSUNG,REPLACEMENT PARTS,Speaker,,,Pieces,,1,,,,,,Active,New,,LOUD SPEAKER | GALAXY S26 ULTRA,,,,,,LS-GAL-3923,,,,,,,
REPALCEMENT LOUD SPEAKER | GALAXY S,,,RP-507,,SAMSUNG,REPLACEMENT PARTS,Speaker,,,Pieces,,1,,,,,,Active,New,,LOUD SPEAKER | GALAXY S26 ULTRA+,,,,,,LS-GAL-3924,,,,,,,
REPALCEMENT LOUD SPEAKER | GALAXY S,,,RP-507,,SAMSUNG,REPLACEMENT PARTS,Speaker,,,Pieces,,1,,,,,,Active,New,,LOUD SPEAKER | GALAXY S7,,,,,,LS-GAL-3925,,,,,,,
REPALCEMENT LOUD SPEAKER | GALAXY S,,,RP-507,,SAMSUNG,REPLACEMENT PARTS,Speaker,,,Pieces,,1,,,,,,Active,New,,LOUD SPEAKER | GALAXY S7 EDGE,,,,,,LS-GAL-3926,,,,,,,
REPALCEMENT LOUD SPEAKER | GALAXY S,,,RP-507,,SAMSUNG,REPLACEMENT PARTS,Speaker,,,Pieces,,1,,,,,,Active,New,,LOUD SPEAKER | GALAXY S8,,,,,,LS-GAL-3927,,,,,,,
REPALCEMENT LOUD SPEAKER | GALAXY S,,,RP-507,,SAMSUNG,REPLACEMENT PARTS,Speaker,,,Pieces,,1,,,,,,Active,New,,LOUD SPEAKER | GALAXY S8+,,,,,,LS-GAL-3928,,,,,,,
REPALCEMENT LOUD SPEAKER | GALAXY S,,,RP-507,,SAMSUNG,REPLACEMENT PARTS,Speaker,,,Pieces,,1,,,,,,Active,New,,LOUD SPEAKER | GALAXY S9,,,,,,LS-GAL-3929,,,,,,,
REPALCEMENT LOUD SPEAKER | GALAXY S,,,RP-507,,SAMSUNG,REPLACEMENT PARTS,Speaker,,,Pieces,,1,,,,,,Active,New,,LOUD SPEAKER | GALAXY S9+,,,,,,LS-GAL-3930,,,,,,,
REPLACEMENT BATTERY | GALAXY A SERIES,,,RP-508,,SAMSUNG,REPLACEMENT PARTS,BATTERY,,,Pieces,,1,,,,,,Active,New,,BATTERY | SAMSUNG GALAXY A01 ,,,,,,BAT-GAL-3931,,,,,,,
REPLACEMENT BATTERY | GALAXY A SERIES,,,RP-508,,SAMSUNG,REPLACEMENT PARTS,BATTERY,,,Pieces,,1,,,,,,Active,New,,BATTERY | SAMSUNG GALAXY A01 CORE,,,,,,BAT-GAL-3932,,,,,,,
REPLACEMENT BATTERY | GALAXY A SERIES,,,RP-508,,SAMSUNG,REPLACEMENT PARTS,BATTERY,,,Pieces,,1,,,,,,Active,New,,BATTERY | SAMSUNG GALAXY A02,,,,,,BAT-GAL-3933,,,,,,,
REPLACEMENT BATTERY | GALAXY A SERIES,,,RP-508,,SAMSUNG,REPLACEMENT PARTS,BATTERY,,,Pieces,,1,,,,,,Active,New,,BATTERY | SAMSUNG GALAXY A02S ,,,,,,BAT-GAL-3934,,,,,,,
REPLACEMENT BATTERY | GALAXY A SERIES,,,RP-508,,SAMSUNG,REPLACEMENT PARTS,BATTERY,,,Pieces,,1,,,,,,Active,New,,BATTERY | SAMSUNG GALAXY A03,,,,,,BAT-GAL-3935,,,,,,,
REPLACEMENT BATTERY | GALAXY A SERIES,,,RP-508,,SAMSUNG,REPLACEMENT PARTS,BATTERY,,,Pieces,,1,,,,,,Active,New,,BATTERY | SAMSUNG GALAXY A03 CORE ,,,,,,BAT-GAL-3936,,,,,,,
REPLACEMENT BATTERY | GALAXY A SERIES,,,RP-508,,SAMSUNG,REPLACEMENT PARTS,BATTERY,,,Pieces,,1,,,,,,Active,New,,BATTERY | SAMSUNG GALAXY A03S ,,,,,,BAT-GAL-3937,,,,,,,
REPLACEMENT BATTERY | GALAXY A SERIES,,,RP-508,,SAMSUNG,REPLACEMENT PARTS,BATTERY,,,Pieces,,1,,,,,,Active,New,,BATTERY | SAMSUNG GALAXY A04,,,,,,BAT-GAL-3938,,,,,,,
REPLACEMENT BATTERY | GALAXY A SERIES,,,RP-508,,SAMSUNG,REPLACEMENT PARTS,BATTERY,,,Pieces,,1,,,,,,Active,New,,BATTERY | SAMSUNG GALAXY A04E,,,,,,BAT-GAL-3939,,,,,,,
REPLACEMENT BATTERY | GALAXY A SERIES,,,RP-508,,SAMSUNG,REPLACEMENT PARTS,BATTERY,,,Pieces,,1,,,,,,Active,New,,BATTERY | SAMSUNG GALAXY A04S,,,,,,BAT-GAL-3940,,,,,,,
REPLACEMENT BATTERY | GALAXY A SERIES,,,RP-508,,SAMSUNG,REPLACEMENT PARTS,BATTERY,,,Pieces,,1,,,,,,Active,New,,BATTERY | SAMSUNG GALAXY A05,,,,,,BAT-GAL-3941,,,,,,,
REPLACEMENT BATTERY | GALAXY A SERIES,,,RP-508,,SAMSUNG,REPLACEMENT PARTS,BATTERY,,,Pieces,,1,,,,,,Active,New,,BATTERY | SAMSUNG GALAXY A05S,,,,,,BAT-GAL-3942,,,,,,,
REPLACEMENT BATTERY | GALAXY A SERIES,,,RP-508,,SAMSUNG,REPLACEMENT PARTS,BATTERY,,,Pieces,,1,,,,,,Active,New,,BATTERY | SAMSUNG GALAXY A06,,,,,,BAT-GAL-3943,,,,,,,
REPLACEMENT BATTERY | GALAXY A SERIES,,,RP-508,,SAMSUNG,REPLACEMENT PARTS,BATTERY,,,Pieces,,1,,,,,,Active,New,,BATTERY | SAMSUNG GALAXY A10 ,,,,,,BAT-GAL-3944,,,,,,,
REPLACEMENT BATTERY | GALAXY A SERIES,,,RP-508,,SAMSUNG,REPLACEMENT PARTS,BATTERY,,,Pieces,,1,,,,,,Active,New,,BATTERY | SAMSUNG GALAXY A10 E,,,,,,BAT-GAL-3945,,,,,,,
REPLACEMENT BATTERY | GALAXY A SERIES,,,RP-508,,SAMSUNG,REPLACEMENT PARTS,BATTERY,,,Pieces,,1,,,,,,Active,New,,BATTERY | SAMSUNG GALAXY A10 S,,,,,,BAT-GAL-3946,,,,,,,
REPLACEMENT BATTERY | GALAXY A SERIES,,,RP-508,,SAMSUNG,REPLACEMENT PARTS,BATTERY,,,Pieces,,1,,,,,,Active,New,,BATTERY | SAMSUNG GALAXY A11,,,,,,BAT-GAL-3947,,,,,,,
REPLACEMENT BATTERY | GALAXY A SERIES,,,RP-508,,SAMSUNG,REPLACEMENT PARTS,BATTERY,,,Pieces,,1,,,,,,Active,New,,BATTERY | SAMSUNG GALAXY A12,,,,,,BAT-GAL-3948,,,,,,,
REPLACEMENT BATTERY | GALAXY A SERIES,,,RP-508,,SAMSUNG,REPLACEMENT PARTS,BATTERY,,,Pieces,,1,,,,,,Active,New,,BATTERY | SAMSUNG GALAXY A13 4G,,,,,,BAT-GAL-3949,,,,,,,
REPLACEMENT BATTERY | GALAXY A SERIES,,,RP-508,,SAMSUNG,REPLACEMENT PARTS,BATTERY,,,Pieces,,1,,,,,,Active,New,,BATTERY | SAMSUNG GALAXY A13 5G,,,,,,BAT-GAL-3950,,,,,,,
REPLACEMENT BATTERY | GALAXY A SERIES,,,RP-508,,SAMSUNG,REPLACEMENT PARTS,BATTERY,,,Pieces,,1,,,,,,Active,New,,BATTERY | SAMSUNG GALAXY A14 4G,,,,,,BAT-GAL-3951,,,,,,,
REPLACEMENT BATTERY | GALAXY A SERIES,,,RP-508,,SAMSUNG,REPLACEMENT PARTS,BATTERY,,,Pieces,,1,,,,,,Active,New,,BATTERY | SAMSUNG GALAXY A14 5G,,,,,,BAT-GAL-3952,,,,,,,
REPLACEMENT BATTERY | GALAXY A SERIES,,,RP-508,,SAMSUNG,REPLACEMENT PARTS,BATTERY,,,Pieces,,1,,,,,,Active,New,,BATTERY | SAMSUNG GALAXY A15 4G,,,,,,BAT-GAL-3953,,,,,,,
REPLACEMENT BATTERY | GALAXY A SERIES,,,RP-508,,SAMSUNG,REPLACEMENT PARTS,BATTERY,,,Pieces,,1,,,,,,Active,New,,BATTERY | SAMSUNG GALAXY A15 5G,,,,,,BAT-GAL-3954,,,,,,,
REPLACEMENT BATTERY | GALAXY A SERIES,,,RP-508,,SAMSUNG,REPLACEMENT PARTS,BATTERY,,,Pieces,,1,,,,,,Active,New,,BATTERY | SAMSUNG GALAXY A16 5G,,,,,,BAT-GAL-3955,,,,,,,
REPLACEMENT BATTERY | GALAXY A SERIES,,,RP-508,,SAMSUNG,REPLACEMENT PARTS,BATTERY,,,Pieces,,1,,,,,,Active,New,,BATTERY | SAMSUNG GALAXY A20,,,,,,BAT-GAL-3956,,,,,,,
REPLACEMENT BATTERY | GALAXY A SERIES,,,RP-508,,SAMSUNG,REPLACEMENT PARTS,BATTERY,,,Pieces,,1,,,,,,Active,New,,BATTERY | SAMSUNG GALAXY A20E,,,,,,BAT-GAL-3957,,,,,,,
REPLACEMENT BATTERY | GALAXY A SERIES,,,RP-508,,SAMSUNG,REPLACEMENT PARTS,BATTERY,,,Pieces,,1,,,,,,Active,New,,BATTERY | SAMSUNG GALAXY A20S,,,,,,BAT-GAL-3958,,,,,,,
REPLACEMENT BATTERY | GALAXY A SERIES,,,RP-508,,SAMSUNG,REPLACEMENT PARTS,BATTERY,,,Pieces,,1,,,,,,Active,New,,BATTERY | SAMSUNG GALAXY A21,,,,,,BAT-GAL-3959,,,,,,,
REPLACEMENT BATTERY | GALAXY A SERIES,,,RP-508,,SAMSUNG,REPLACEMENT PARTS,BATTERY,,,Pieces,,1,,,,,,Active,New,,BATTERY | SAMSUNG GALAXY A21S,,,,,,BAT-GAL-3960,,,,,,,
REPLACEMENT BATTERY | GALAXY A SERIES,,,RP-508,,SAMSUNG,REPLACEMENT PARTS,BATTERY,,,Pieces,,1,,,,,,Active,New,,BATTERY | SAMSUNG GALAXY A22 4G,,,,,,BAT-GAL-3961,,,,,,,
REPLACEMENT BATTERY | GALAXY A SERIES,,,RP-508,,SAMSUNG,REPLACEMENT PARTS,BATTERY,,,Pieces,,1,,,,,,Active,New,,BATTERY | SAMSUNG GALAXY A22 5G,,,,,,BAT-GAL-3962,,,,,,,
REPLACEMENT BATTERY | GALAXY A SERIES,,,RP-508,,SAMSUNG,REPLACEMENT PARTS,BATTERY,,,Pieces,,1,,,,,,Active,New,,BATTERY | SAMSUNG GALAXY A23 4G,,,,,,BAT-GAL-3963,,,,,,,
REPLACEMENT BATTERY | GALAXY A SERIES,,,RP-508,,SAMSUNG,REPLACEMENT PARTS,BATTERY,,,Pieces,,1,,,,,,Active,New,,BATTERY | SAMSUNG GALAXY A24,,,,,,BAT-GAL-3964,,,,,,,
REPLACEMENT BATTERY | GALAXY A SERIES,,,RP-508,,SAMSUNG,REPLACEMENT PARTS,BATTERY,,,Pieces,,1,,,,,,Active,New,,BATTERY | SAMSUNG GALAXY A25 5G,,,,,,BAT-GAL-3965,,,,,,,
REPLACEMENT BATTERY | GALAXY A SERIES,,,RP-508,,SAMSUNG,REPLACEMENT PARTS,BATTERY,,,Pieces,,1,,,,,,Active,New,,BATTERY | SAMSUNG GALAXY A30,,,,,,BAT-GAL-3966,,,,,,,
REPLACEMENT BATTERY | GALAXY A SERIES,,,RP-508,,SAMSUNG,REPLACEMENT PARTS,BATTERY,,,Pieces,,1,,,,,,Active,New,,BATTERY | SAMSUNG GALAXY A30S,,,,,,BAT-GAL-3967,,,,,,,
REPLACEMENT BATTERY | GALAXY A SERIES,,,RP-508,,SAMSUNG,REPLACEMENT PARTS,BATTERY,,,Pieces,,1,,,,,,Active,New,,BATTERY | SAMSUNG GALAXY A31,,,,,,BAT-GAL-3968,,,,,,,
REPLACEMENT BATTERY | GALAXY A SERIES,,,RP-508,,SAMSUNG,REPLACEMENT PARTS,BATTERY,,,Pieces,,1,,,,,,Active,New,,BATTERY | SAMSUNG GALAXY A32 4G,,,,,,BAT-GAL-3969,,,,,,,
REPLACEMENT BATTERY | GALAXY A SERIES,,,RP-508,,SAMSUNG,REPLACEMENT PARTS,BATTERY,,,Pieces,,1,,,,,,Active,New,,BATTERY | SAMSUNG GALAXY A32 5G,,,,,,BAT-GAL-3970,,,,,,,
REPLACEMENT BATTERY | GALAXY A SERIES,,,RP-508,,SAMSUNG,REPLACEMENT PARTS,BATTERY,,,Pieces,,1,,,,,,Active,New,,BATTERY | SAMSUNG GALAXY A33 5G,,,,,,BAT-GAL-3971,,,,,,,
REPLACEMENT BATTERY | GALAXY A SERIES,,,RP-508,,SAMSUNG,REPLACEMENT PARTS,BATTERY,,,Pieces,,1,,,,,,Active,New,,BATTERY | SAMSUNG GALAXY A34 5G,,,,,,BAT-GAL-3972,,,,,,,
REPLACEMENT BATTERY | GALAXY A SERIES,,,RP-508,,SAMSUNG,REPLACEMENT PARTS,BATTERY,,,Pieces,,1,,,,,,Active,New,,BATTERY | SAMSUNG GALAXY A35 5G,,,,,,BAT-GAL-3973,,,,,,,
REPLACEMENT BATTERY | GALAXY A SERIES,,,RP-508,,SAMSUNG,REPLACEMENT PARTS,BATTERY,,,Pieces,,1,,,,,,Active,New,,BATTERY | SAMSUNG GALAXY A36 5G,,,,,,BAT-GAL-3974,,,,,,,
REPLACEMENT BATTERY | GALAXY A SERIES,,,RP-508,,SAMSUNG,REPLACEMENT PARTS,BATTERY,,,Pieces,,1,,,,,,Active,New,,BATTERY | SAMSUNG GALAXY A40,,,,,,BAT-GAL-3975,,,,,,,
REPLACEMENT BATTERY | GALAXY A SERIES,,,RP-508,,SAMSUNG,REPLACEMENT PARTS,BATTERY,,,Pieces,,1,,,,,,Active,New,,BATTERY | SAMSUNG GALAXY A41,,,,,,BAT-GAL-3976,,,,,,,
REPLACEMENT BATTERY | GALAXY A SERIES,,,RP-508,,SAMSUNG,REPLACEMENT PARTS,BATTERY,,,Pieces,,1,,,,,,Active,New,,BATTERY | SAMSUNG GALAXY A42 5G,,,,,,BAT-GAL-3977,,,,,,,
REPLACEMENT BATTERY | GALAXY A SERIES,,,RP-508,,SAMSUNG,REPLACEMENT PARTS,BATTERY,,,Pieces,,1,,,,,,Active,New,,BATTERY | SAMSUNG GALAXY A50,,,,,,BAT-GAL-3978,,,,,,,
REPLACEMENT BATTERY | GALAXY A SERIES,,,RP-508,,SAMSUNG,REPLACEMENT PARTS,BATTERY,,,Pieces,,1,,,,,,Active,New,,BATTERY | SAMSUNG GALAXY A50S,,,,,,BAT-GAL-3979,,,,,,,
REPLACEMENT BATTERY | GALAXY A SERIES,,,RP-508,,SAMSUNG,REPLACEMENT PARTS,BATTERY,,,Pieces,,1,,,,,,Active,New,,BATTERY | SAMSUNG GALAXY A51,,,,,,BAT-GAL-3980,,,,,,,
REPLACEMENT BATTERY | GALAXY A SERIES,,,RP-508,,SAMSUNG,REPLACEMENT PARTS,BATTERY,,,Pieces,,1,,,,,,Active,New,,BATTERY | SAMSUNG GALAXY A51 5G,,,,,,BAT-GAL-3981,,,,,,,
REPLACEMENT BATTERY | GALAXY A SERIES,,,RP-508,,SAMSUNG,REPLACEMENT PARTS,BATTERY,,,Pieces,,1,,,,,,Active,New,,BATTERY | SAMSUNG GALAXY A52,,,,,,BAT-GAL-3982,,,,,,,
REPLACEMENT BATTERY | GALAXY A SERIES,,,RP-508,,SAMSUNG,REPLACEMENT PARTS,BATTERY,,,Pieces,,1,,,,,,Active,New,,BATTERY | SAMSUNG GALAXY A52 5G,,,,,,BAT-GAL-3983,,,,,,,
REPLACEMENT BATTERY | GALAXY A SERIES,,,RP-508,,SAMSUNG,REPLACEMENT PARTS,BATTERY,,,Pieces,,1,,,,,,Active,New,,BATTERY | SAMSUNG GALAXY A52S 5G,,,,,,BAT-GAL-3984,,,,,,,
REPLACEMENT BATTERY | GALAXY A SERIES,,,RP-508,,SAMSUNG,REPLACEMENT PARTS,BATTERY,,,Pieces,,1,,,,,,Active,New,,BATTERY | SAMSUNG GALAXY A53 5G,,,,,,BAT-GAL-3985,,,,,,,
REPLACEMENT BATTERY | GALAXY A SERIES,,,RP-508,,SAMSUNG,REPLACEMENT PARTS,BATTERY,,,Pieces,,1,,,,,,Active,New,,BATTERY | SAMSUNG GALAXY A54 5G,,,,,,BAT-GAL-3986,,,,,,,
REPLACEMENT BATTERY | GALAXY A SERIES,,,RP-508,,SAMSUNG,REPLACEMENT PARTS,BATTERY,,,Pieces,,1,,,,,,Active,New,,BATTERY | SAMSUNG GALAXY A55 5G,,,,,,BAT-GAL-3987,,,,,,,
REPLACEMENT BATTERY | GALAXY A SERIES,,,RP-508,,SAMSUNG,REPLACEMENT PARTS,BATTERY,,,Pieces,,1,,,,,,Active,New,,BATTERY | SAMSUNG GALAXY A56 5G,,,,,,BAT-GAL-3988,,,,,,,
REPLACEMENT BATTERY | GALAXY A SERIES,,,RP-508,,SAMSUNG,REPLACEMENT PARTS,BATTERY,,,Pieces,,1,,,,,,Active,New,,BATTERY | SAMSUNG GALAXY A70,,,,,,BAT-GAL-3989,,,,,,,
REPLACEMENT BATTERY | GALAXY A SERIES,,,RP-508,,SAMSUNG,REPLACEMENT PARTS,BATTERY,,,Pieces,,1,,,,,,Active,New,,BATTERY | SAMSUNG GALAXY A70S,,,,,,BAT-GAL-3990,,,,,,,
REPLACEMENT BATTERY | GALAXY A SERIES,,,RP-508,,SAMSUNG,REPLACEMENT PARTS,BATTERY,,,Pieces,,1,,,,,,Active,New,,BATTERY | SAMSUNG GALAXY A71,,,,,,BAT-GAL-3991,,,,,,,
REPLACEMENT BATTERY | GALAXY A SERIES,,,RP-508,,SAMSUNG,REPLACEMENT PARTS,BATTERY,,,Pieces,,1,,,,,,Active,New,,BATTERY | SAMSUNG GALAXY A71 5G,,,,,,BAT-GAL-3992,,,,,,,
REPLACEMENT BATTERY | GALAXY A SERIES,,,RP-508,,SAMSUNG,REPLACEMENT PARTS,BATTERY,,,Pieces,,1,,,,,,Active,New,,BATTERY | SAMSUNG GALAXY A72,,,,,,BAT-GAL-3993,,,,,,,
REPLACEMENT BATTERY | GALAXY A SERIES,,,RP-508,,SAMSUNG,REPLACEMENT PARTS,BATTERY,,,Pieces,,1,,,,,,Active,New,,BATTERY | SAMSUNG GALAXY A73 5G,,,,,,BAT-GAL-3994,,,,,,,
REPLACEMENT BATTERY | GALAXY A SERIES,,,RP-508,,SAMSUNG,REPLACEMENT PARTS,BATTERY,,,Pieces,,1,,,,,,Active,New,,BATTERY | SAMSUNG GALAXY A80,,,,,,BAT-GAL-3995,,,,,,,
REPLACEMENT BATTERY | GALAXY A SERIES,,,RP-508,,SAMSUNG,REPLACEMENT PARTS,BATTERY,,,Pieces,,1,,,,,,Active,New,,BATTERY | SAMSUNG GALAXY A90 5G,,,,,,BAT-GAL-3996,,,,,,,
REPLACEMENT BATTERY | GALAXY NOTE,,,RP-509,,SAMSUNG,REPLACEMENT PARTS,BATTERY,,,Pieces,,1,,,,,,Active,New,,BATTERY | SAMSUNG GALAXY NOTE 10 LITE,,,,,,BAT-GAL-3997,,,,,,,
REPLACEMENT BATTERY | GALAXY NOTE,,,RP-509,,SAMSUNG,REPLACEMENT PARTS,BATTERY,,,Pieces,,1,,,,,,Active,New,,BATTERY | SAMSUNG GALAXY NOTE 10+,,,,,,BAT-GAL-3998,,,,,,,
REPLACEMENT BATTERY | GALAXY NOTE,,,RP-509,,SAMSUNG,REPLACEMENT PARTS,BATTERY,,,Pieces,,1,,,,,,Active,New,,BATTERY | SAMSUNG GALAXY NOTE 20,,,,,,BAT-GAL-3999,,,,,,,
REPLACEMENT BATTERY | GALAXY NOTE,,,RP-509,,SAMSUNG,REPLACEMENT PARTS,BATTERY,,,Pieces,,1,,,,,,Active,New,,BATTERY | SAMSUNG GALAXY NOTE 20 ULTRA,,,,,,BAT-GAL-4000,,,,,,,
REPLACEMENT BATTERY | GALAXY S SERIES,,,RP-510,,TECH HEAVEN,REPLACEMENT PARTS,BATTERY,,,Pieces,,1,,,,,,Active,New,,BATTERY | GALAXY S10 ,,,,,,BAT-GAL-4001,,,,,,,
REPLACEMENT BATTERY | GALAXY S SERIES,,,RP-510,,TECH HEAVEN,REPLACEMENT PARTS,BATTERY,,,Pieces,,1,,,,,,Active,New,,BATTERY | GALAXY S10 5G,,,,,,BAT-GAL-4002,,,,,,,
REPLACEMENT BATTERY | GALAXY S SERIES,,,RP-510,,SAMSUNG,REPLACEMENT PARTS,BATTERY,,,Pieces,,1,,,,,,Active,New,,BATTERY | GALAXY S10+,,,,,,BAT-GAL-4003,,,,,,,
REPLACEMENT BATTERY | GALAXY S SERIES,,,RP-510,,SAMSUNG,REPLACEMENT PARTS,BATTERY,,,Pieces,,1,,,,,,Active,New,,BATTERY | GALAXY S10E,,,,,,BAT-GAL-4004,,,,,,,
REPLACEMENT BATTERY | GALAXY S SERIES,,,RP-510,,SAMSUNG,REPLACEMENT PARTS,BATTERY,,,Pieces,,1,,,,,,Active,New,,BATTERY | GALAXY S20,,,,,,BAT-GAL-4005,,,,,,,
REPLACEMENT BATTERY | GALAXY S SERIES,,,RP-510,,TECH HEAVEN,REPLACEMENT PARTS,BATTERY,,,Pieces,,1,,,,,,Active,New,,BATTERY | GALAXY S20 FE,,,,,,BAT-GAL-4006,,,,,,,
REPLACEMENT BATTERY | GALAXY S SERIES,,,RP-510,,SAMSUNG,REPLACEMENT PARTS,BATTERY,,,Pieces,,1,,,,,,Active,New,,BATTERY | GALAXY S20 ULTRA,,,,,,BAT-GAL-4007,,,,,,,
REPLACEMENT BATTERY | GALAXY S SERIES,,,RP-510,,SAMSUNG,REPLACEMENT PARTS,BATTERY,,,Pieces,,1,,,,,,Active,New,,BATTERY | GALAXY S20+,,,,,,BAT-GAL-4008,,,,,,,
REPLACEMENT BATTERY | GALAXY S SERIES,,,RP-510,,SAMSUNG,REPLACEMENT PARTS,BATTERY,,,Pieces,,1,,,,,,Active,New,,BATTERY | GALAXY S21,,,,,,BAT-GAL-4009,,,,,,,
REPLACEMENT BATTERY | GALAXY S SERIES,,,RP-510,,SAMSUNG,REPLACEMENT PARTS,BATTERY,,,Pieces,,1,,,,,,Active,New,,BATTERY | GALAXY S21 FE,,,,,,BAT-GAL-4010,,,,,,,
REPLACEMENT BATTERY | GALAXY S SERIES,,,RP-510,,SAMSUNG,REPLACEMENT PARTS,BATTERY,,,Pieces,,1,,,,,,Active,New,,BATTERY | GALAXY S21 ULTRA,,,,,,BAT-GAL-4011,,,,,,,
REPLACEMENT BATTERY | GALAXY S SERIES,,,RP-510,,SAMSUNG,REPLACEMENT PARTS,BATTERY,,,Pieces,,1,,,,,,Active,New,,BATTERY | GALAXY S21+,,,,,,BAT-GAL-4012,,,,,,,
REPLACEMENT BATTERY | GALAXY S SERIES,,,RP-510,,SAMSUNG,REPLACEMENT PARTS,BATTERY,,,Pieces,,1,,,,,,Active,New,,BATTERY | GALAXY S22,,,,,,BAT-GAL-4013,,,,,,,
REPLACEMENT BATTERY | GALAXY S SERIES,,,RP-510,,SAMSUNG,REPLACEMENT PARTS,BATTERY,,,Pieces,,1,,,,,,Active,New,,BATTERY | GALAXY S22 ULTRA,,,,,,BAT-GAL-4014,,,,,,,
REPLACEMENT BATTERY | GALAXY S SERIES,,,RP-510,,SAMSUNG,REPLACEMENT PARTS,BATTERY,,,Pieces,,1,,,,,,Active,New,,BATTERY | GALAXY S22+,,,,,,BAT-GAL-4015,,,,,,,
REPLACEMENT BATTERY | GALAXY S SERIES,,,RP-510,,SAMSUNG,REPLACEMENT PARTS,BATTERY,,,Pieces,,1,,,,,,Active,New,,BATTERY | GALAXY S23,,,,,,BAT-GAL-4016,,,,,,,
REPLACEMENT BATTERY | GALAXY S SERIES,,,RP-510,,SAMSUNG,REPLACEMENT PARTS,BATTERY,,,Pieces,,1,,,,,,Active,New,,BATTERY | GALAXY S23 FE,,,,,,BAT-GAL-4017,,,,,,,
REPLACEMENT BATTERY | GALAXY S SERIES,,,RP-510,,SAMSUNG,REPLACEMENT PARTS,BATTERY,,,Pieces,,1,,,,,,Active,New,,BATTERY | GALAXY S23 ULTRA,,,,,,BAT-GAL-4018,,,,,,,
REPLACEMENT BATTERY | GALAXY S SERIES,,,RP-510,,SAMSUNG,REPLACEMENT PARTS,BATTERY,,,Pieces,,1,,,,,,Active,New,,BATTERY | GALAXY S23+,,,,,,BAT-GAL-4019,,,,,,,
REPLACEMENT BATTERY | GALAXY S SERIES,,,RP-510,,SAMSUNG,REPLACEMENT PARTS,BATTERY,,,Pieces,,1,,,,,,Active,New,,BATTERY | GALAXY S24,,,,,,BAT-GAL-4020,,,,,,,
REPLACEMENT BATTERY | GALAXY S SERIES,,,RP-510,,SAMSUNG,REPLACEMENT PARTS,BATTERY,,,Pieces,,1,,,,,,Active,New,,BATTERY | GALAXY S24 ULTRA,,,,,,BAT-GAL-4021,,,,,,,
REPLACEMENT BATTERY | GALAXY S SERIES,,,RP-510,,SAMSUNG,REPLACEMENT PARTS,BATTERY,,,Pieces,,1,,,,,,Active,New,,BATTERY | GALAXY S24+,,,,,,BAT-GAL-4022,,,,,,,
REPLACEMENT BATTERY | GALAXY S SERIES,,,RP-510,,SAMSUNG,REPLACEMENT PARTS,BATTERY,,,Pieces,,1,,,,,,Active,New,,BATTERY | GALAXY S25,,,,,,BAT-GAL-4023,,,,,,,
REPLACEMENT BATTERY | GALAXY S SERIES,,,RP-510,,SAMSUNG,REPLACEMENT PARTS,BATTERY,,,Pieces,,1,,,,,,Active,New,,BATTERY | GALAXY S25 ULTRA,,,,,,BAT-GAL-4024,,,,,,,
REPLACEMENT BATTERY | GALAXY S SERIES,,,RP-510,,SAMSUNG,REPLACEMENT PARTS,BATTERY,,,Pieces,,1,,,,,,Active,New,,BATTERY | GALAXY S25+,,,,,,BAT-GAL-4025,,,,,,,
REPLACEMENT BATTERY | GALAXY S SERIES,,,RP-510,,SAMSUNG,REPLACEMENT PARTS,BATTERY,,,Pieces,,1,,,,,,Active,New,,BATTERY | GALAXY S26,,,,,,BAT-GAL-4026,,,,,,,
REPLACEMENT BATTERY | GALAXY S SERIES,,,RP-510,,SAMSUNG,REPLACEMENT PARTS,BATTERY,,,Pieces,,1,,,,,,Active,New,,BATTERY | GALAXY S26 ULTRA,,,,,,BAT-GAL-4027,,,,,,,
REPLACEMENT BATTERY | GALAXY S SERIES,,,RP-510,,SAMSUNG,REPLACEMENT PARTS,BATTERY,,,Pieces,,1,,,,,,Active,New,,BATTERY | GALAXY S26 ULTRA+,,,,,,BAT-GAL-4028,,,,,,,
REPLACEMENT BATTERY | GALAXY S SERIES,,,RP-510,,SAMSUNG,REPLACEMENT PARTS,BATTERY,,,Pieces,,1,,,,,,Active,New,,BATTERY | GALAXY S7,,,,,,BAT-GAL-4029,,,,,,,
REPLACEMENT BATTERY | GALAXY S SERIES,,,RP-510,,SAMSUNG,REPLACEMENT PARTS,BATTERY,,,Pieces,,1,,,,,,Active,New,,BATTERY | GALAXY S7 EDGE,,,,,,BAT-GAL-4030,,,,,,,
REPLACEMENT BATTERY | GALAXY S SERIES,,,RP-510,,SAMSUNG,REPLACEMENT PARTS,BATTERY,,,Pieces,,1,,,,,,Active,New,,BATTERY | GALAXY S8,,,,,,BAT-GAL-4031,,,,,,,
REPLACEMENT BATTERY | GALAXY S SERIES,,,RP-510,,SAMSUNG,REPLACEMENT PARTS,BATTERY,,,Pieces,,1,,,,,,Active,New,,BATTERY | GALAXY S8+,,,,,,BAT-GAL-4032,,,,,,,
REPLACEMENT BATTERY | GALAXY S SERIES,,,RP-510,,SAMSUNG,REPLACEMENT PARTS,BATTERY,,,Pieces,,1,,,,,,Active,New,,BATTERY | GALAXY S9,,,,,,BAT-GAL-4033,,,,,,,
REPLACEMENT BATTERY | GALAXY S SERIES,,,RP-510,,SAMSUNG,REPLACEMENT PARTS,BATTERY,,,Pieces,,1,,,,,,Active,New,,BATTERY | GALAXY S9+,,,,,,BAT-GAL-4034,,,,,,,
REPLACEMENT BATTERY | GALAXY TAB,,,RP-511,,SAMSUNG,REPLACEMENT PARTS,BATTERY,,,Pieces,,1,,,,,,Active,New,,BATTERY | GALAXY TAB 2 7.0,,,,,,BAT-GAL-4035,,,,,,,
REPLACEMENT BATTERY | GALAXY TAB,,,RP-511,,SAMSUNG,REPLACEMENT PARTS,BATTERY,,,Pieces,,1,,,,,,Active,New,,BATTERY | GALAXY TAB 4 10.1,,,,,,BAT-GAL-4036,,,,,,,
REPLACEMENT BATTERY | GALAXY TAB,,,RP-511,,SAMSUNG,REPLACEMENT PARTS,BATTERY,,,Pieces,,1,,,,,,Active,New,,BATTERY | GALAXY TAB 7.0,,,,,,BAT-GAL-4037,,,,,,,
REPLACEMENT BATTERY | GALAXY TAB,,,RP-511,,SAMSUNG,REPLACEMENT PARTS,BATTERY,,,Pieces,,1,,,,,,Active,New,,BATTERY | GALAXY TAB A 10.1,,,,,,BAT-GAL-4038,,,,,,,
REPLACEMENT BATTERY | GALAXY TAB,,,RP-511,,SAMSUNG,REPLACEMENT PARTS,BATTERY,,,Pieces,,1,,,,,,Active,New,,BATTERY | GALAXY TAB A7 ,,,,,,BAT-GAL-4039,,,,,,,
REPLACEMENT BATTERY | GALAXY TAB,,,RP-511,,SAMSUNG,REPLACEMENT PARTS,BATTERY,,,Pieces,,1,,,,,,Active,New,,BATTERY | GALAXY TAB A7 LITE,,,,,,BAT-GAL-4040,,,,,,,
REPLACEMENT BATTERY | GALAXY TAB,,,RP-511,,SAMSUNG,REPLACEMENT PARTS,BATTERY,,,Pieces,,1,,,,,,Active,New,,BATTERY | GALAXY TAB A8,,,,,,BAT-GAL-4041,,,,,,,
REPLACEMENT BATTERY | GALAXY TAB,,,RP-511,,SAMSUNG,REPLACEMENT PARTS,BATTERY,,,Pieces,,1,,,,,,Active,New,,BATTERY | GALAXY TAB A9,,,,,,BAT-GAL-4042,,,,,,,
REPLACEMENT BATTERY | GALAXY TAB,,,RP-511,,SAMSUNG,REPLACEMENT PARTS,BATTERY,,,Pieces,,1,,,,,,Active,New,,BATTERY | GALAXY TAB A9+,,,,,,BAT-GAL-4043,,,,,,,
REPLACEMENT BATTERY | GALAXY TAB,,,RP-511,,SAMSUNG,REPLACEMENT PARTS,BATTERY,,,Pieces,,1,,,,,,Active,New,,BATTERY | GALAXY TAB S,,,,,,BAT-GAL-4044,,,,,,,
REPLACEMENT BATTERY | GALAXY TAB,,,RP-511,,SAMSUNG,REPLACEMENT PARTS,BATTERY,,,Pieces,,1,,,,,,Active,New,,BATTERY | GALAXY TAB S10,,,,,,BAT-GAL-4045,,,,,,,
REPLACEMENT BATTERY | GALAXY TAB,,,RP-511,,SAMSUNG,REPLACEMENT PARTS,BATTERY,,,Pieces,,1,,,,,,Active,New,,BATTERY | GALAXY TAB S10+,,,,,,BAT-GAL-4046,,,,,,,
REPLACEMENT BATTERY | GALAXY TAB,,,RP-511,,SAMSUNG,REPLACEMENT PARTS,BATTERY,,,Pieces,,1,,,,,,Active,New,,BATTERY | GALAXY TAB S2,,,,,,BAT-GAL-4047,,,,,,,
REPLACEMENT BATTERY | GALAXY TAB,,,RP-511,,SAMSUNG,REPLACEMENT PARTS,BATTERY,,,Pieces,,1,,,,,,Active,New,,BATTERY | GALAXY TAB S3,,,,,,BAT-GAL-4048,,,,,,,
REPLACEMENT BATTERY | GALAXY TAB,,,RP-511,,SAMSUNG,REPLACEMENT PARTS,BATTERY,,,Pieces,,1,,,,,,Active,New,,BATTERY | GALAXY TAB S4,,,,,,BAT-GAL-4049,,,,,,,
REPLACEMENT BATTERY | GALAXY TAB,,,RP-511,,SAMSUNG,REPLACEMENT PARTS,BATTERY,,,Pieces,,1,,,,,,Active,New,,BATTERY | GALAXY TAB S5E,,,,,,BAT-GAL-4050,,,,,,,
REPLACEMENT BATTERY | GALAXY TAB,,,RP-511,,SAMSUNG,REPLACEMENT PARTS,BATTERY,,,Pieces,,1,,,,,,Active,New,,BATTERY | GALAXY TAB S6,,,,,,BAT-GAL-4051,,,,,,,
REPLACEMENT BATTERY | GALAXY TAB,,,RP-511,,SAMSUNG,REPLACEMENT PARTS,BATTERY,,,Pieces,,1,,,,,,Active,New,,BATTERY | GALAXY TAB S7,,,,,,BAT-GAL-4052,,,,,,,
REPLACEMENT BATTERY | GALAXY TAB,,,RP-511,,SAMSUNG,REPLACEMENT PARTS,BATTERY,,,Pieces,,1,,,,,,Active,New,,BATTERY | GALAXY TAB S7+,,,,,,BAT-GAL-4053,,,,,,,
REPLACEMENT BATTERY | GALAXY TAB,,,RP-511,,SAMSUNG,REPLACEMENT PARTS,BATTERY,,,Pieces,,1,,,,,,Active,New,,BATTERY | GALAXY TAB S8,,,,,,BAT-GAL-4054,,,,,,,
REPLACEMENT BATTERY | GALAXY TAB,,,RP-511,,SAMSUNG,REPLACEMENT PARTS,BATTERY,,,Pieces,,1,,,,,,Active,New,,BATTERY | GALAXY TAB S8 ULTRA,,,,,,BAT-GAL-4055,,,,,,,
REPLACEMENT BATTERY | GALAXY TAB,,,RP-511,,SAMSUNG,REPLACEMENT PARTS,BATTERY,,,Pieces,,1,,,,,,Active,New,,BATTERY | GALAXY TAB S8+,,,,,,BAT-GAL-4056,,,,,,,
REPLACEMENT BATTERY | GALAXY TAB,,,RP-511,,SAMSUNG,REPLACEMENT PARTS,BATTERY,,,Pieces,,1,,,,,,Active,New,,BATTERY | GALAXY TAB S9,,,,,,BAT-GAL-4057,,,,,,,
REPLACEMENT BATTERY | GALAXY TAB,,,RP-511,,SAMSUNG,REPLACEMENT PARTS,BATTERY,,,Pieces,,1,,,,,,Active,New,,BATTERY | GALAXY TAB S9 FE,,,,,,BAT-GAL-4058,,,,,,,
REPLACEMENT BATTERY | GALAXY TAB,,,RP-511,,SAMSUNG,REPLACEMENT PARTS,BATTERY,,,Pieces,,1,,,,,,Active,New,,BATTERY | GALAXY TAB S9 ULTA,,,,,,BAT-GAL-4059,,,,,,,
REPLACEMENT BATTERY | GALAXY TAB,,,RP-511,,SAMSUNG,REPLACEMENT PARTS,BATTERY,,,Pieces,,1,,,,,,Active,New,,BATTERY | GALAXY TAB S9+,,,,,,BAT-GAL-4060,,,,,,,
REPLACEMENT BATTERY | GALAXY Z FLIP,,,RP-512,,SAMSUNG,REPLACEMENT PARTS,BATTERY,,,Pieces,,1,,,,,,Active,New,,BATTERY | SAMSUNG GALAXY Z FLIP 3,,,,,,BAT-GAL-4061,,,,,,,
REPLACEMENT BATTERY | GALAXY Z FLIP,,,RP-512,,SAMSUNG,REPLACEMENT PARTS,BATTERY,,,Pieces,,1,,,,,,Active,New,,BATTERY | SAMSUNG GALAXY Z FLIP 4,,,,,,BAT-GAL-4062,,,,,,,
REPLACEMENT BATTERY | GALAXY Z FLIP,,,RP-512,,SAMSUNG,REPLACEMENT PARTS,BATTERY,,,Pieces,,1,,,,,,Active,New,,BATTERY | SAMSUNG GALAXY Z FLIP 5,,,,,,BAT-GAL-4063,,,,,,,
REPLACEMENT BATTERY | GALAXY Z FLIP,,,RP-512,,SAMSUNG,REPLACEMENT PARTS,BATTERY,,,Pieces,,1,,,,,,Active,New,,BATTERY | SAMSUNG GALAXY Z FLIP 6,,,,,,BAT-GAL-4064,,,,,,,
REPLACEMENT BATTERY | GALAXY Z FOLD,,,RP-513,,SAMSUNG,REPLACEMENT PARTS,BATTERY,,,Pieces,,1,,,,,,Active,New,,BATTERY | SAMSUNG GALAXY Z FOLD 2,,,,,,BAT-GAL-4065,,,,,,,
REPLACEMENT BATTERY | GALAXY Z FOLD,,,RP-513,,SAMSUNG,REPLACEMENT PARTS,BATTERY,,,Pieces,,1,,,,,,Active,New,,BATTERY | SAMSUNG GALAXY Z FOLD 3,,,,,,BAT-GAL-4066,,,,,,,
REPLACEMENT BATTERY | GALAXY Z FOLD,,,RP-513,,SAMSUNG,REPLACEMENT PARTS,BATTERY,,,Pieces,,1,,,,,,Active,New,,BATTERY | SAMSUNG GALAXY Z FOLD 4,,,,,,BAT-GAL-4067,,,,,,,
REPLACEMENT BATTERY | GALAXY Z FOLD,,,RP-513,,SAMSUNG,REPLACEMENT PARTS,BATTERY,,,Pieces,,1,,,,,,Active,New,,BATTERY | SAMSUNG GALAXY Z FOLD 5,,,,,,BAT-GAL-4068,,,,,,,
REPLACEMENT BATTERY | GALAXY Z FOLD,,,RP-513,,SAMSUNG,REPLACEMENT PARTS,BATTERY,,,Pieces,,1,,,,,,Active,New,,BATTERY | SAMSUNG GALAXY Z FOLD 6,,,,,,BAT-GAL-4069,,,,,,,
REPLACEMENT BATTERY | GOOGLE PIXEL,,,RP-514,,GOOGLE,REPLACEMENT PARTS,BATTERY,,,Pieces,,1,,,,,,Active,New,,BATTERY | GOOGLE PIXEL,,,,,,BAT-PIXEL-4070,,,,,,,
REPLACEMENT BATTERY | GOOGLE PIXEL,,,RP-514,,GOOGLE,REPLACEMENT PARTS,BATTERY,,,Pieces,,1,,,,,,Active,New,,BATTERY | GOOGLE PIXEL 2,,,,,,BAT-PIXEL-4071,,,,,,,
REPLACEMENT BATTERY | GOOGLE PIXEL,,,RP-514,,GOOGLE,REPLACEMENT PARTS,BATTERY,,,Pieces,,1,,,,,,Active,New,,BATTERY | GOOGLE PIXEL 2 XL,,,,,,BAT-PIXEL-4072,,,,,,,
REPLACEMENT BATTERY | GOOGLE PIXEL,,,RP-514,,GOOGLE,REPLACEMENT PARTS,BATTERY,,,Pieces,,1,,,,,,Active,New,,BATTERY | GOOGLE PIXEL 3,,,,,,BAT-PIXEL-4073,,,,,,,
REPLACEMENT BATTERY | GOOGLE PIXEL,,,RP-514,,GOOGLE,REPLACEMENT PARTS,BATTERY,,,Pieces,,1,,,,,,Active,New,,BATTERY | GOOGLE PIXEL 3 XL,,,,,,BAT-PIXEL-4074,,,,,,,
REPLACEMENT BATTERY | GOOGLE PIXEL,,,RP-514,,GOOGLE,REPLACEMENT PARTS,BATTERY,,,Pieces,,1,,,,,,Active,New,,BATTERY | GOOGLE PIXEL 3A,,,,,,BAT-PIXEL-4075,,,,,,,
REPLACEMENT BATTERY | GOOGLE PIXEL,,,RP-514,,GOOGLE,REPLACEMENT PARTS,BATTERY,,,Pieces,,1,,,,,,Active,New,,BATTERY | GOOGLE PIXEL 3A XL,,,,,,BAT-PIXEL-4076,,,,,,,
REPLACEMENT BATTERY | GOOGLE PIXEL,,,RP-514,,GOOGLE,REPLACEMENT PARTS,BATTERY,,,Pieces,,1,,,,,,Active,New,,BATTERY | GOOGLE PIXEL 4,,,,,,BAT-PIXEL-4077,,,,,,,
REPLACEMENT BATTERY | GOOGLE PIXEL,,,RP-514,,GOOGLE,REPLACEMENT PARTS,BATTERY,,,Pieces,,1,,,,,,Active,New,,BATTERY | GOOGLE PIXEL 4 XL,,,,,,BAT-PIXEL-4078,,,,,,,
REPLACEMENT BATTERY | GOOGLE PIXEL,,,RP-514,,GOOGLE,REPLACEMENT PARTS,BATTERY,,,Pieces,,1,,,,,,Active,New,,BATTERY | GOOGLE PIXEL 4A 4G,,,,,,BAT-PIXEL-4079,,,,,,,
REPLACEMENT BATTERY | GOOGLE PIXEL,,,RP-514,,GOOGLE,REPLACEMENT PARTS,BATTERY,,,Pieces,,1,,,,,,Active,New,,BATTERY | GOOGLE PIXEL 5,,,,,,BAT-PIXEL-4080,,,,,,,
REPLACEMENT BATTERY | GOOGLE PIXEL,,,RP-514,,GOOGLE,REPLACEMENT PARTS,BATTERY,,,Pieces,,1,,,,,,Active,New,,BATTERY | GOOGLE PIXEL 5A,,,,,,BAT-PIXEL-4081,,,,,,,
REPLACEMENT BATTERY | GOOGLE PIXEL,,,RP-514,,GOOGLE,REPLACEMENT PARTS,BATTERY,,,Pieces,,1,,,,,,Active,New,,BATTERY | GOOGLE PIXEL 6,,,,,,BAT-PIXEL-4082,,,,,,,
REPLACEMENT BATTERY | GOOGLE PIXEL,,,RP-514,,GOOGLE,REPLACEMENT PARTS,BATTERY,,,Pieces,,1,,,,,,Active,New,,BATTERY | GOOGLE PIXEL 6 PRO,,,,,,BAT-PIXEL-4083,,,,,,,
REPLACEMENT BATTERY | GOOGLE PIXEL,,,RP-514,,GOOGLE,REPLACEMENT PARTS,BATTERY,,,Pieces,,1,,,,,,Active,New,,BATTERY | GOOGLE PIXEL 6A,,,,,,BAT-PIXEL-4084,,,,,,,
REPLACEMENT BATTERY | GOOGLE PIXEL,,,RP-514,,GOOGLE,REPLACEMENT PARTS,BATTERY,,,Pieces,,1,,,,,,Active,New,,BATTERY | GOOGLE PIXEL 7,,,,,,BAT-PIXEL-4085,,,,,,,
REPLACEMENT BATTERY | GOOGLE PIXEL,,,RP-514,,GOOGLE,REPLACEMENT PARTS,BATTERY,,,Pieces,,1,,,,,,Active,New,,BATTERY | GOOGLE PIXEL 7 PRO,,,,,,BAT-PIXEL-4086,,,,,,,
REPLACEMENT BATTERY | GOOGLE PIXEL,,,RP-514,,GOOGLE,REPLACEMENT PARTS,BATTERY,,,Pieces,,1,,,,,,Active,New,,BATTERY | GOOGLE PIXEL 7A,,,,,,BAT-PIXEL-4087,,,,,,,
REPLACEMENT BATTERY | GOOGLE PIXEL,,,RP-514,,GOOGLE,REPLACEMENT PARTS,BATTERY,,,Pieces,,1,,,,,,Active,New,,BATTERY | GOOGLE PIXEL 8,,,,,,BAT-PIXEL-4088,,,,,,,
REPLACEMENT BATTERY | GOOGLE PIXEL,,,RP-514,,GOOGLE,REPLACEMENT PARTS,BATTERY,,,Pieces,,1,,,,,,Active,New,,BATTERY | GOOGLE PIXEL 8 PRO,,,,,,BAT-PIXEL-4089,,,,,,,
REPLACEMENT BATTERY | GOOGLE PIXEL,,,RP-514,,GOOGLE,REPLACEMENT PARTS,BATTERY,,,Pieces,,1,,,,,,Active,New,,BATTERY | GOOGLE PIXEL 8A,,,,,,BAT-PIXEL-4090,,,,,,,
REPLACEMENT BATTERY | GOOGLE PIXEL,,,RP-514,,GOOGLE,REPLACEMENT PARTS,BATTERY,,,Pieces,,1,,,,,,Active,New,,BATTERY | GOOGLE PIXEL 9 ,,,,,,BAT-PIXEL-4091,,,,,,,
REPLACEMENT BATTERY | GOOGLE PIXEL,,,RP-514,,GOOGLE,REPLACEMENT PARTS,BATTERY,,,Pieces,,1,,,,,,Active,New,,BATTERY | GOOGLE PIXEL 9 PRO,,,,,,BAT-PIXEL-4092,,,,,,,
REPLACEMENT BATTERY | GOOGLE PIXEL,,,RP-514,,GOOGLE,REPLACEMENT PARTS,BATTERY,,,Pieces,,1,,,,,,Active,New,,BATTERY | GOOGLE PIXEL 9 PRO FOLD,,,,,,BAT-PIXEL-4093,,,,,,,
REPLACEMENT BATTERY | GOOGLE PIXEL,,,RP-514,,GOOGLE,REPLACEMENT PARTS,BATTERY,,,Pieces,,1,,,,,,Active,New,,BATTERY | GOOGLE PIXEL 9 PRO XL,,,,,,BAT-PIXEL-4094,,,,,,,
REPLACEMENT BATTERY | GOOGLE PIXEL,,,RP-514,,GOOGLE,REPLACEMENT PARTS,BATTERY,,,Pieces,,1,,,,,,Active,New,,BATTERY | GOOGLE PIXEL FOLD,,,,,,BAT-PIXEL-4095,,,,,,,
REPLACEMENT BATTERY | GOOGLE PIXEL,,,RP-514,,GOOGLE,REPLACEMENT PARTS,BATTERY,,,Pieces,,1,,,,,,Active,New,,BATTERY | GOOGLE PIXEL XL,,,,,,BAT-PIXEL-4096,,,,,,,
REPLACEMENT BATTERY | HONOR,,,RP-515,,TECH HEAVEN,REPLACEMENT PARTS,BATTERY,,,Pieces,,1,,,,,,Active,New,,BATTERY | HONOR 10,,,,,,BAT-NOR-4097,,,,,,,
REPLACEMENT BATTERY | HONOR,,,RP-515,,TECH HEAVEN,REPLACEMENT PARTS,BATTERY,,,Pieces,,1,,,,,,Active,New,,BATTERY | HONOR 100,,,,,,BAT-NOR-4098,,,,,,,
REPLACEMENT BATTERY | HONOR,,,RP-515,,TECH HEAVEN,REPLACEMENT PARTS,BATTERY,,,Pieces,,1,,,,,,Active,New,,BATTERY | HONOR 20,,,,,,BAT-NOR-4099,,,,,,,
REPLACEMENT BATTERY | HONOR,,,RP-515,,TECH HEAVEN,REPLACEMENT PARTS,BATTERY,,,Pieces,,1,,,,,,Active,New,,BATTERY | HONOR 20 PRO,,,,,,BAT-NOR-4100,,,,,,,
REPLACEMENT BATTERY | HONOR,,,RP-515,,TECH HEAVEN,REPLACEMENT PARTS,BATTERY,,,Pieces,,1,,,,,,Active,New,,BATTERY | HONOR 200,,,,,,BAT-NOR-4101,,,,,,,
REPLACEMENT BATTERY | HONOR,,,RP-515,,TECH HEAVEN,REPLACEMENT PARTS,BATTERY,,,Pieces,,1,,,,,,Active,New,,BATTERY | HONOR 30,,,,,,BAT-NOR-4102,,,,,,,
REPLACEMENT BATTERY | HONOR,,,RP-515,,TECH HEAVEN,REPLACEMENT PARTS,BATTERY,,,Pieces,,1,,,,,,Active,New,,BATTERY | HONOR 30 PRO,,,,,,BAT-NOR-4103,,,,,,,
REPLACEMENT BATTERY | HONOR,,,RP-515,,TECH HEAVEN,REPLACEMENT PARTS,BATTERY,,,Pieces,,1,,,,,,Active,New,,BATTERY | HONOR 50,,,,,,BAT-NOR-4104,,,,,,,
REPLACEMENT BATTERY | HONOR,,,RP-515,,TECH HEAVEN,REPLACEMENT PARTS,BATTERY,,,Pieces,,1,,,,,,Active,New,,BATTERY | HONOR 50 LITE,,,,,,BAT-NOR-4105,,,,,,,
REPLACEMENT BATTERY | HONOR,,,RP-515,,TECH HEAVEN,REPLACEMENT PARTS,BATTERY,,,Pieces,,1,,,,,,Active,New,,BATTERY | HONOR 6,,,,,,BAT-NOR-4106,,,,,,,
REPLACEMENT BATTERY | HONOR,,,RP-515,,TECH HEAVEN,REPLACEMENT PARTS,BATTERY,,,Pieces,,1,,,,,,Active,New,,BATTERY | HONOR 60,,,,,,BAT-NOR-4107,,,,,,,
REPLACEMENT BATTERY | HONOR,,,RP-515,,TECH HEAVEN,REPLACEMENT PARTS,BATTERY,,,Pieces,,1,,,,,,Active,New,,BATTERY | HONOR 7,,,,,,BAT-NOR-4108,,,,,,,
REPLACEMENT BATTERY | HONOR,,,RP-515,,TECH HEAVEN,REPLACEMENT PARTS,BATTERY,,,Pieces,,1,,,,,,Active,New,,BATTERY | HONOR 70,,,,,,BAT-NOR-4109,,,,,,,
REPLACEMENT BATTERY | HONOR,,,RP-515,,TECH HEAVEN,REPLACEMENT PARTS,BATTERY,,,Pieces,,1,,,,,,Active,New,,BATTERY | HONOR 7A,,,,,,BAT-NOR-4110,,,,,,,
REPLACEMENT BATTERY | HONOR,,,RP-515,,TECH HEAVEN,REPLACEMENT PARTS,BATTERY,,,Pieces,,1,,,,,,Active,New,,BATTERY | HONOR 7C,,,,,,BAT-NOR-4111,,,,,,,
REPLACEMENT BATTERY | HONOR,,,RP-515,,TECH HEAVEN,REPLACEMENT PARTS,BATTERY,,,Pieces,,1,,,,,,Active,New,,BATTERY | HONOR 8,,,,,,BAT-NOR-4112,,,,,,,
REPLACEMENT BATTERY | HONOR,,,RP-515,,TECH HEAVEN,REPLACEMENT PARTS,BATTERY,,,Pieces,,1,,,,,,Active,New,,BATTERY | HONOR 80,,,,,,BAT-NOR-4113,,,,,,,
REPLACEMENT BATTERY | HONOR,,,RP-515,,TECH HEAVEN,REPLACEMENT PARTS,BATTERY,,,Pieces,,1,,,,,,Active,New,,BATTERY | HONOR 8A,,,,,,BAT-NOR-4114,,,,,,,
REPLACEMENT BATTERY | HONOR,,,RP-515,,TECH HEAVEN,REPLACEMENT PARTS,BATTERY,,,Pieces,,1,,,,,,Active,New,,BATTERY | HONOR 8C,,,,,,BAT-NOR-4115,,,,,,,
REPLACEMENT BATTERY | HONOR,,,RP-515,,TECH HEAVEN,REPLACEMENT PARTS,BATTERY,,,Pieces,,1,,,,,,Active,New,,BATTERY | HONOR 8S,,,,,,BAT-NOR-4116,,,,,,,
REPLACEMENT BATTERY | HONOR,,,RP-515,,TECH HEAVEN,REPLACEMENT PARTS,BATTERY,,,Pieces,,1,,,,,,Active,New,,BATTERY | HONOR 8X,,,,,,BAT-NOR-4117,,,,,,,
REPLACEMENT BATTERY | HONOR,,,RP-515,,TECH HEAVEN,REPLACEMENT PARTS,BATTERY,,,Pieces,,1,,,,,,Active,New,,BATTERY | HONOR 9,,,,,,BAT-NOR-4118,,,,,,,
REPLACEMENT BATTERY | HONOR,,,RP-515,,TECH HEAVEN,REPLACEMENT PARTS,BATTERY,,,Pieces,,1,,,,,,Active,New,,BATTERY | HONOR 90,,,,,,BAT-NOR-4119,,,,,,,
REPLACEMENT BATTERY | HONOR,,,RP-515,,TECH HEAVEN,REPLACEMENT PARTS,BATTERY,,,Pieces,,1,,,,,,Active,New,,BATTERY | HONOR 90A,,,,,,BAT-NOR-4120,,,,,,,
REPLACEMENT BATTERY | HONOR,,,RP-515,,TECH HEAVEN,REPLACEMENT PARTS,BATTERY,,,Pieces,,1,,,,,,Active,New,,BATTERY | HONOR 90C,,,,,,BAT-NOR-4121,,,,,,,
REPLACEMENT BATTERY | HONOR MAGIC,,,RP-516,,TECH HEAVEN,REPLACEMENT PARTS,BATTERY,,,Pieces,,1,,,,,,Active,New,,BATTERY | HONOR MAGIC,,,,,,BAT-NOR-4122,,,,,,,
REPLACEMENT BATTERY | HONOR MAGIC,,,RP-516,,TECH HEAVEN,REPLACEMENT PARTS,BATTERY,,,Pieces,,1,,,,,,Active,New,,BATTERY | HONOR MAGIC 2,,,,,,BAT-NOR-4123,,,,,,,
REPLACEMENT BATTERY | HONOR MAGIC,,,RP-516,,TECH HEAVEN,REPLACEMENT PARTS,BATTERY,,,Pieces,,1,,,,,,Active,New,,BATTERY | HONOR MAGIC 3,,,,,,BAT-NOR-4124,,,,,,,
REPLACEMENT BATTERY | HONOR MAGIC,,,RP-516,,TECH HEAVEN,REPLACEMENT PARTS,BATTERY,,,Pieces,,1,,,,,,Active,New,,BATTERY | HONOR MAGIC 4,,,,,,BAT-NOR-4125,,,,,,,
REPLACEMENT BATTERY | HONOR MAGIC,,,RP-516,,TECH HEAVEN,REPLACEMENT PARTS,BATTERY,,,Pieces,,1,,,,,,Active,New,,BATTERY | HONOR MAGIC 5,,,,,,BAT-NOR-4126,,,,,,,
REPLACEMENT BATTERY | HONOR MAGIC,,,RP-516,,TECH HEAVEN,REPLACEMENT PARTS,BATTERY,,,Pieces,,1,,,,,,Active,New,,BATTERY | HONOR MAGIC 6,,,,,,BAT-NOR-4127,,,,,,,
REPLACEMENT BATTERY | HONOR MAGIC,,,RP-516,,TECH HEAVEN,REPLACEMENT PARTS,BATTERY,,,Pieces,,1,,,,,,Active,New,,BATTERY | HONOR MAGIC 7,,,,,,BAT-NOR-4128,,,,,,,
REPLACEMENT BATTERY | HONOR MAGIC,,,RP-516,,TECH HEAVEN,REPLACEMENT PARTS,BATTERY,,,Pieces,,1,,,,,,Active,New,,BATTERY | HONOR MAGIC V,,,,,,BAT-NOR-4129,,,,,,,
REPLACEMENT BATTERY | HONOR MAGIC,,,RP-516,,TECH HEAVEN,REPLACEMENT PARTS,BATTERY,,,Pieces,,1,,,,,,Active,New,,BATTERY | HONOR MAGIC V2,,,,,,BAT-NOR-4130,,,,,,,
REPLACEMENT BATTERY | HONOR MAGIC,,,RP-516,,TECH HEAVEN,REPLACEMENT PARTS,BATTERY,,,Pieces,,1,,,,,,Active,New,,BATTERY | HONOR MAGIC V3,,,,,,BAT-NOR-4131,,,,,,,
REPLACEMENT BATTERY | HONOR MAGIC,,,RP-516,,TECH HEAVEN,REPLACEMENT PARTS,BATTERY,,,Pieces,,1,,,,,,Active,New,,BATTERY | HONOR MAGIC VS,,,,,,BAT-NOR-4132,,,,,,,
REPLACEMENT BATTERY | HONOR PLAY,,,RP-517,,TECH HEAVEN,REPLACEMENT PARTS,BATTERY,,,Pieces,,1,,,,,,Active,New,,BATTERY | HONOR PLAY,,,,,,BAT-NOR-4133,,,,,,,
REPLACEMENT BATTERY | HONOR PLAY,,,RP-517,,TECH HEAVEN,REPLACEMENT PARTS,BATTERY,,,Pieces,,1,,,,,,Active,New,,BATTERY | HONOR PLAY 3,,,,,,BAT-NOR-4134,,,,,,,
REPLACEMENT BATTERY | HONOR PLAY,,,RP-517,,TECH HEAVEN,REPLACEMENT PARTS,BATTERY,,,Pieces,,1,,,,,,Active,New,,BATTERY | HONOR PLAY 4,,,,,,BAT-NOR-4135,,,,,,,
REPLACEMENT BATTERY | HONOR PLAY,,,RP-517,,TECH HEAVEN,REPLACEMENT PARTS,BATTERY,,,Pieces,,1,,,,,,Active,New,,BATTERY | HONOR PLAY 5,,,,,,BAT-NOR-4136,,,,,,,
REPLACEMENT BATTERY | HONOR PLAY,,,RP-517,,TECH HEAVEN,REPLACEMENT PARTS,BATTERY,,,Pieces,,1,,,,,,Active,New,,BATTERY | HONOR PLAY 6,,,,,,BAT-NOR-4137,,,,,,,
REPLACEMENT BATTERY | HONOR V,,,RP-518,,TECH HEAVEN,REPLACEMENT PARTS,BATTERY,,,Pieces,,1,,,,,,Active,New,,BATTERY | HONOR V20,,,,,,BAT-NOR-4138,,,,,,,
REPLACEMENT BATTERY | HONOR V,,,RP-518,,TECH HEAVEN,REPLACEMENT PARTS,BATTERY,,,Pieces,,1,,,,,,Active,New,,BATTERY | HONOR V30,,,,,,BAT-NOR-4139,,,,,,,
REPLACEMENT BATTERY | HONOR V,,,RP-518,,TECH HEAVEN,REPLACEMENT PARTS,BATTERY,,,Pieces,,1,,,,,,Active,New,,BATTERY | HONOR V40,,,,,,BAT-NOR-4140,,,,,,,
REPLACEMENT BATTERY | HONOR V,,,RP-518,,TECH HEAVEN,REPLACEMENT PARTS,BATTERY,,,Pieces,,1,,,,,,Active,New,,BATTERY | HONOR VIEW 10,,,,,,BAT-NOR-4141,,,,,,,
REPLACEMENT BATTERY | HONOR V,,,RP-518,,TECH HEAVEN,REPLACEMENT PARTS,BATTERY,,,Pieces,,1,,,,,,Active,New,,BATTERY | HONOR VIEW 20,,,,,,BAT-NOR-4142,,,,,,,
REPLACEMENT BATTERY | HONOR X,,,RP-519,,TECH HEAVEN,REPLACEMENT PARTS,BATTERY,,,Pieces,,1,,,,,,Active,New,,BATTERY | HONOR X10,,,,,,BAT-NOR-4143,,,,,,,
REPLACEMENT BATTERY | HONOR X,,,RP-519,,TECH HEAVEN,REPLACEMENT PARTS,BATTERY,,,Pieces,,1,,,,,,Active,New,,BATTERY | HONOR X20,,,,,,BAT-NOR-4144,,,,,,,
REPLACEMENT BATTERY | HONOR X,,,RP-519,,TECH HEAVEN,REPLACEMENT PARTS,BATTERY,,,Pieces,,1,,,,,,Active,New,,BATTERY | HONOR X30,,,,,,BAT-NOR-4145,,,,,,,
REPLACEMENT BATTERY | HONOR X,,,RP-519,,TECH HEAVEN,REPLACEMENT PARTS,BATTERY,,,Pieces,,1,,,,,,Active,New,,BATTERY | HONOR X40,,,,,,BAT-NOR-4146,,,,,,,
REPLACEMENT BATTERY | HONOR X,,,RP-519,,TECH HEAVEN,REPLACEMENT PARTS,BATTERY,,,Pieces,,1,,,,,,Active,New,,BATTERY | HONOR X5,,,,,,BAT-NOR-4147,,,,,,,
REPLACEMENT BATTERY | HONOR X,,,RP-519,,TECH HEAVEN,REPLACEMENT PARTS,BATTERY,,,Pieces,,1,,,,,,Active,New,,BATTERY | HONOR X50,,,,,,BAT-NOR-4148,,,,,,,
REPLACEMENT BATTERY | HONOR X,,,RP-519,,TECH HEAVEN,REPLACEMENT PARTS,BATTERY,,,Pieces,,1,,,,,,Active,New,,BATTERY | HONOR X6,,,,,,BAT-NOR-4149,,,,,,,
REPLACEMENT BATTERY | HONOR X,,,RP-519,,TECH HEAVEN,REPLACEMENT PARTS,BATTERY,,,Pieces,,1,,,,,,Active,New,,BATTERY | HONOR X60,,,,,,BAT-NOR-4150,,,,,,,
REPLACEMENT BATTERY | HONOR X,,,RP-519,,TECH HEAVEN,REPLACEMENT PARTS,BATTERY,,,Pieces,,1,,,,,,Active,New,,BATTERY | HONOR X7,,,,,,BAT-NOR-4151,,,,,,,
REPLACEMENT BATTERY | HONOR X,,,RP-519,,TECH HEAVEN,REPLACEMENT PARTS,BATTERY,,,Pieces,,1,,,,,,Active,New,,BATTERY | HONOR X8,,,,,,BAT-NOR-4152,,,,,,,
REPLACEMENT BATTERY | HONOR X,,,RP-519,,TECH HEAVEN,REPLACEMENT PARTS,BATTERY,,,Pieces,,1,,,,,,Active,New,,BATTERY | HONOR X9,,,,,,BAT-NOR-4153,,,,,,,
REPLACEMENT BATTERY | HUAWEI ENJOY,,,RP-520,,HUAWEI,REPLACEMENT PARTS,BATTERY,,,Pieces,,1,,,,,,Active,New,,BATTERY | HUAWEI ENJOY 10,,,,,,BAT-HUA-4154,,,,,,,
REPLACEMENT BATTERY | HUAWEI ENJOY,,,RP-520,,HUAWEI,REPLACEMENT PARTS,BATTERY,,,Pieces,,1,,,,,,Active,New,,BATTERY | HUAWEI ENJOY 20,,,,,,BAT-HUA-4155,,,,,,,
REPLACEMENT BATTERY | HUAWEI ENJOY,,,RP-520,,HUAWEI,REPLACEMENT PARTS,BATTERY,,,Pieces,,1,,,,,,Active,New,,BATTERY | HUAWEI ENJOY 5,,,,,,BAT-HUA-4156,,,,,,,
REPLACEMENT BATTERY | HUAWEI ENJOY,,,RP-520,,HUAWEI,REPLACEMENT PARTS,BATTERY,,,Pieces,,1,,,,,,Active,New,,BATTERY | HUAWEI ENJOY 50,,,,,,BAT-HUA-4157,,,,,,,
REPLACEMENT BATTERY | HUAWEI ENJOY,,,RP-520,,HUAWEI,REPLACEMENT PARTS,BATTERY,,,Pieces,,1,,,,,,Active,New,,BATTERY | HUAWEI ENJOY 6,,,,,,BAT-HUA-4158,,,,,,,
REPLACEMENT BATTERY | HUAWEI ENJOY,,,RP-520,,HUAWEI,REPLACEMENT PARTS,BATTERY,,,Pieces,,1,,,,,,Active,New,,BATTERY | HUAWEI ENJOY 60,,,,,,BAT-HUA-4159,,,,,,,
REPLACEMENT BATTERY | HUAWEI ENJOY,,,RP-520,,HUAWEI,REPLACEMENT PARTS,BATTERY,,,Pieces,,1,,,,,,Active,New,,BATTERY | HUAWEI ENJOY 7,,,,,,BAT-HUA-4160,,,,,,,
REPLACEMENT BATTERY | HUAWEI ENJOY,,,RP-520,,HUAWEI,REPLACEMENT PARTS,BATTERY,,,Pieces,,1,,,,,,Active,New,,BATTERY | HUAWEI ENJOY 70,,,,,,BAT-HUA-4161,,,,,,,
REPLACEMENT BATTERY | HUAWEI ENJOY,,,RP-520,,HUAWEI,REPLACEMENT PARTS,BATTERY,,,Pieces,,1,,,,,,Active,New,,BATTERY | HUAWEI ENJOY 8,,,,,,BAT-HUA-4162,,,,,,,
REPLACEMENT BATTERY | HUAWEI ENJOY,,,RP-520,,HUAWEI,REPLACEMENT PARTS,BATTERY,,,Pieces,,1,,,,,,Active,New,,BATTERY | HUAWEI ENJOY 9,,,,,,BAT-HUA-4163,,,,,,,
REPLACEMENT BATTERY | HUAWEI MATE,,,RP-521,,HUAWEI,REPLACEMENT PARTS,BATTERY,,,Pieces,,1,,,,,,Active,New,,BATTERY | HUAWEI MATE 10,,,,,,BAT-HUA-4164,,,,,,,
REPLACEMENT BATTERY | HUAWEI MATE,,,RP-521,,HUAWEI,REPLACEMENT PARTS,BATTERY,,,Pieces,,1,,,,,,Active,New,,BATTERY | HUAWEI MATE 20,,,,,,BAT-HUA-4165,,,,,,,
REPLACEMENT BATTERY | HUAWEI MATE,,,RP-521,,HUAWEI,REPLACEMENT PARTS,BATTERY,,,Pieces,,1,,,,,,Active,New,,BATTERY | HUAWEI MATE 30,,,,,,BAT-HUA-4166,,,,,,,
REPLACEMENT BATTERY | HUAWEI MATE,,,RP-521,,HUAWEI,REPLACEMENT PARTS,BATTERY,,,Pieces,,1,,,,,,Active,New,,BATTERY | HUAWEI MATE 40,,,,,,BAT-HUA-4167,,,,,,,
REPLACEMENT BATTERY | HUAWEI MATE,,,RP-521,,HUAWEI,REPLACEMENT PARTS,BATTERY,,,Pieces,,1,,,,,,Active,New,,BATTERY | HUAWEI MATE 50,,,,,,BAT-HUA-4168,,,,,,,
REPLACEMENT BATTERY | HUAWEI MATE,,,RP-521,,HUAWEI,REPLACEMENT PARTS,BATTERY,,,Pieces,,1,,,,,,Active,New,,BATTERY | HUAWEI MATE 60,,,,,,BAT-HUA-4169,,,,,,,
REPLACEMENT BATTERY | HUAWEI MATE,,,RP-521,,HUAWEI,REPLACEMENT PARTS,BATTERY,,,Pieces,,1,,,,,,Active,New,,BATTERY | HUAWEI MATE 7,,,,,,BAT-HUA-4170,,,,,,,
REPLACEMENT BATTERY | HUAWEI MATE,,,RP-521,,HUAWEI,REPLACEMENT PARTS,BATTERY,,,Pieces,,1,,,,,,Active,New,,BATTERY | HUAWEI MATE 70,,,,,,BAT-HUA-4171,,,,,,,
REPLACEMENT BATTERY | HUAWEI MATE,,,RP-521,,HUAWEI,REPLACEMENT PARTS,BATTERY,,,Pieces,,1,,,,,,Active,New,,BATTERY | HUAWEI MATE 8,,,,,,BAT-HUA-4172,,,,,,,
REPLACEMENT BATTERY | HUAWEI MATE,,,RP-521,,HUAWEI,REPLACEMENT PARTS,BATTERY,,,Pieces,,1,,,,,,Active,New,,BATTERY | HUAWEI MATE 9,,,,,,BAT-HUA-4173,,,,,,,
REPLACEMENT BATTERY | HUAWEI MATE,,,RP-521,,HUAWEI,REPLACEMENT PARTS,BATTERY,,,Pieces,,1,,,,,,Active,New,,BATTERY | HUAWEI MATE X,,,,,,BAT-HUA-4174,,,,,,,
REPLACEMENT BATTERY | HUAWEI MATE,,,RP-521,,HUAWEI,REPLACEMENT PARTS,BATTERY,,,Pieces,,1,,,,,,Active,New,,BATTERY | HUAWEI MATE X2,,,,,,BAT-HUA-4175,,,,,,,
REPLACEMENT BATTERY | HUAWEI MATE,,,RP-521,,HUAWEI,REPLACEMENT PARTS,BATTERY,,,Pieces,,1,,,,,,Active,New,,BATTERY | HUAWEI MATE X3,,,,,,BAT-HUA-4176,,,,,,,
REPLACEMENT BATTERY | HUAWEI MATE,,,RP-521,,HUAWEI,REPLACEMENT PARTS,BATTERY,,,Pieces,,1,,,,,,Active,New,,BATTERY | HUAWEI MATE X5,,,,,,BAT-HUA-4177,,,,,,,
REPLACEMENT BATTERY | HUAWEI NOVA,,,RP-522,,HUAWEI,REPLACEMENT PARTS,BATTERY,,,Pieces,,1,,,,,,Active,New,,BATTERY | HUAWEI NOVA,,,,,,BAT-HUA-4178,,,,,,,
REPLACEMENT BATTERY | HUAWEI NOVA,,,RP-522,,HUAWEI,REPLACEMENT PARTS,BATTERY,,,Pieces,,1,,,,,,Active,New,,BATTERY | HUAWEI NOVA 10,,,,,,BAT-HUA-4179,,,,,,,
REPLACEMENT BATTERY | HUAWEI NOVA,,,RP-522,,HUAWEI,REPLACEMENT PARTS,BATTERY,,,Pieces,,1,,,,,,Active,New,,BATTERY | HUAWEI NOVA 11,,,,,,BAT-HUA-4180,,,,,,,
REPLACEMENT BATTERY | HUAWEI NOVA,,,RP-522,,HUAWEI,REPLACEMENT PARTS,BATTERY,,,Pieces,,1,,,,,,Active,New,,BATTERY | HUAWEI NOVA 12,,,,,,BAT-HUA-4181,,,,,,,
REPLACEMENT BATTERY | HUAWEI NOVA,,,RP-522,,HUAWEI,REPLACEMENT PARTS,BATTERY,,,Pieces,,1,,,,,,Active,New,,BATTERY | HUAWEI NOVA 2,,,,,,BAT-HUA-4182,,,,,,,
REPLACEMENT BATTERY | HUAWEI NOVA,,,RP-522,,HUAWEI,REPLACEMENT PARTS,BATTERY,,,Pieces,,1,,,,,,Active,New,,BATTERY | HUAWEI NOVA 3,,,,,,BAT-HUA-4183,,,,,,,
REPLACEMENT BATTERY | HUAWEI NOVA,,,RP-522,,HUAWEI,REPLACEMENT PARTS,BATTERY,,,Pieces,,1,,,,,,Active,New,,BATTERY | HUAWEI NOVA 4,,,,,,BAT-HUA-4184,,,,,,,
REPLACEMENT BATTERY | HUAWEI NOVA,,,RP-522,,HUAWEI,REPLACEMENT PARTS,BATTERY,,,Pieces,,1,,,,,,Active,New,,BATTERY | HUAWEI NOVA 5T,,,,,,BAT-HUA-4185,,,,,,,
REPLACEMENT BATTERY | HUAWEI NOVA,,,RP-522,,HUAWEI,REPLACEMENT PARTS,BATTERY,,,Pieces,,1,,,,,,Active,New,,BATTERY | HUAWEI NOVA 7,,,,,,BAT-HUA-4186,,,,,,,
REPLACEMENT BATTERY | HUAWEI NOVA,,,RP-522,,HUAWEI,REPLACEMENT PARTS,BATTERY,,,Pieces,,1,,,,,,Active,New,,BATTERY | HUAWEI NOVA 8,,,,,,BAT-HUA-4187,,,,,,,
REPLACEMENT BATTERY | HUAWEI NOVA,,,RP-522,,HUAWEI,REPLACEMENT PARTS,BATTERY,,,Pieces,,1,,,,,,Active,New,,BATTERY | HUAWEI NOVA 9,,,,,,BAT-HUA-4188,,,,,,,
REPLACEMENT BATTERY | HUAWEI P SERIES,,,RP-523,,HUAWEI,REPLACEMENT PARTS,BATTERY,,,Pieces,,1,,,,,,Active,New,,BATTERY | HUAWEI P10 ,,,,,,BAT-HUA-4189,,,,,,,
REPLACEMENT BATTERY | HUAWEI P SERIES,,,RP-523,,HUAWEI,REPLACEMENT PARTS,BATTERY,,,Pieces,,1,,,,,,Active,New,,BATTERY | HUAWEI P10 LITE,,,,,,BAT-HUA-4190,,,,,,,
REPLACEMENT BATTERY | HUAWEI P SERIES,,,RP-523,,HUAWEI,REPLACEMENT PARTS,BATTERY,,,Pieces,,1,,,,,,Active,New,,BATTERY | HUAWEI P20,,,,,,BAT-HUA-4191,,,,,,,
REPLACEMENT BATTERY | HUAWEI P SERIES,,,RP-523,,HUAWEI,REPLACEMENT PARTS,BATTERY,,,Pieces,,1,,,,,,Active,New,,BATTERY | HUAWEI P20 LITE,,,,,,BAT-HUA-4192,,,,,,,
REPLACEMENT BATTERY | HUAWEI P SERIES,,,RP-523,,HUAWEI,REPLACEMENT PARTS,BATTERY,,,Pieces,,1,,,,,,Active,New,,BATTERY | HUAWEI P20 PRO,,,,,,BAT-HUA-4193,,,,,,,
REPLACEMENT BATTERY | HUAWEI P SERIES,,,RP-523,,HUAWEI,REPLACEMENT PARTS,BATTERY,,,Pieces,,1,,,,,,Active,New,,BATTERY | HUAWEI P30,,,,,,BAT-HUA-4194,,,,,,,
REPLACEMENT BATTERY | HUAWEI P SERIES,,,RP-523,,HUAWEI,REPLACEMENT PARTS,BATTERY,,,Pieces,,1,,,,,,Active,New,,BATTERY | HUAWEI P30 LITE,,,,,,BAT-HUA-4195,,,,,,,
REPLACEMENT BATTERY | HUAWEI P SERIES,,,RP-523,,HUAWEI,REPLACEMENT PARTS,BATTERY,,,Pieces,,1,,,,,,Active,New,,BATTERY | HUAWEI P30 PRO,,,,,,BAT-HUA-4196,,,,,,,
REPLACEMENT BATTERY | HUAWEI P SERIES,,,RP-523,,HUAWEI,REPLACEMENT PARTS,BATTERY,,,Pieces,,1,,,,,,Active,New,,BATTERY | HUAWEI P40,,,,,,BAT-HUA-4197,,,,,,,
REPLACEMENT BATTERY | HUAWEI P SERIES,,,RP-523,,HUAWEI,REPLACEMENT PARTS,BATTERY,,,Pieces,,1,,,,,,Active,New,,BATTERY | HUAWEI P40 LITE,,,,,,BAT-HUA-4198,,,,,,,
REPLACEMENT BATTERY | HUAWEI P SERIES,,,RP-523,,HUAWEI,REPLACEMENT PARTS,BATTERY,,,Pieces,,1,,,,,,Active,New,,BATTERY | HUAWEI P40 PRO,,,,,,BAT-HUA-4199,,,,,,,
REPLACEMENT BATTERY | HUAWEI P SERIES,,,RP-523,,HUAWEI,REPLACEMENT PARTS,BATTERY,,,Pieces,,1,,,,,,Active,New,,BATTERY | HUAWEI P50,,,,,,BAT-HUA-4200,,,,,,,
REPLACEMENT BATTERY | HUAWEI P SERIES,,,RP-523,,HUAWEI,REPLACEMENT PARTS,BATTERY,,,Pieces,,1,,,,,,Active,New,,BATTERY | HUAWEI P50 PRO,,,,,,BAT-HUA-4201,,,,,,,
REPLACEMENT BATTERY | HUAWEI P SERIES,,,RP-523,,HUAWEI,REPLACEMENT PARTS,BATTERY,,,Pieces,,1,,,,,,Active,New,,BATTERY | HUAWEI P60,,,,,,BAT-HUA-4202,,,,,,,
REPLACEMENT BATTERY | HUAWEI P SERIES,,,RP-523,,HUAWEI,REPLACEMENT PARTS,BATTERY,,,Pieces,,1,,,,,,Active,New,,BATTERY | HUAWEI P60 PRO,,,,,,BAT-HUA-4203,,,,,,,
REPLACEMENT BATTERY | HUAWEI P SERIES,,,RP-523,,HUAWEI,REPLACEMENT PARTS,BATTERY,,,Pieces,,1,,,,,,Active,New,,BATTERY | HUAWEI P8,,,,,,BAT-HUA-4204,,,,,,,
REPLACEMENT BATTERY | HUAWEI P SERIES,,,RP-523,,HUAWEI,REPLACEMENT PARTS,BATTERY,,,Pieces,,1,,,,,,Active,New,,BATTERY | HUAWEI P8 LITE,,,,,,BAT-HUA-4205,,,,,,,
REPLACEMENT BATTERY | HUAWEI P SERIES,,,RP-523,,HUAWEI,REPLACEMENT PARTS,BATTERY,,,Pieces,,1,,,,,,Active,New,,BATTERY | HUAWEI P9,,,,,,BAT-HUA-4206,,,,,,,
REPLACEMENT BATTERY | HUAWEI P SERIES,,,RP-523,,HUAWEI,REPLACEMENT PARTS,BATTERY,,,Pieces,,1,,,,,,Active,New,,BATTERY | HUAWEI P9 LITE,,,,,,BAT-HUA-4207,,,,,,,
REPLACEMENT BATTERY | HUAWEI P SERIES,,,RP-523,,HUAWEI,REPLACEMENT PARTS,BATTERY,,,Pieces,,1,,,,,,Active,New,,BATTERY | HUAWEI PURA 70,,,,,,BAT-HUA-4208,,,,,,,
REPLACEMENT BATTERY | HUAWEI P SERIES,,,RP-523,,HUAWEI,REPLACEMENT PARTS,BATTERY,,,Pieces,,1,,,,,,Active,New,,BATTERY | HUAWEI PURA 70 PRO,,,,,,BAT-HUA-4209,,,,,,,
REPLACEMENT BATTERY | HUAWEI Y SERIES,,,RP-524,,HUAWEI,REPLACEMENT PARTS,BATTERY,,,Pieces,,1,,,,,,Active,New,,BATTERY | HUAWEI Y3,,,,,,BAT-HUA-4210,,,,,,,
REPLACEMENT BATTERY | HUAWEI Y SERIES,,,RP-524,,HUAWEI,REPLACEMENT PARTS,BATTERY,,,Pieces,,1,,,,,,Active,New,,BATTERY | HUAWEI Y5,,,,,,BAT-HUA-4211,,,,,,,
REPLACEMENT BATTERY | HUAWEI Y SERIES,,,RP-524,,HUAWEI,REPLACEMENT PARTS,BATTERY,,,Pieces,,1,,,,,,Active,New,,BATTERY | HUAWEI Y6,,,,,,BAT-HUA-4212,,,,,,,
REPLACEMENT BATTERY | HUAWEI Y SERIES,,,RP-524,,HUAWEI,REPLACEMENT PARTS,BATTERY,,,Pieces,,1,,,,,,Active,New,,BATTERY | HUAWEI Y7,,,,,,BAT-HUA-4213,,,,,,,
REPLACEMENT BATTERY | HUAWEI Y SERIES,,,RP-524,,HUAWEI,REPLACEMENT PARTS,BATTERY,,,Pieces,,1,,,,,,Active,New,,BATTERY | HUAWEI Y9,,,,,,BAT-HUA-4214,,,,,,,
REPLACEMENT BATTERY | MOTO ATRIX,,,RP-525,,MOTOROLA,REPLACEMENT PARTS,BATTERY,,,Pieces,,1,,,,,,Active,New,,BATTERY | MOTOROLA ATRIX 4G,,,,,,BAT-MOTO-4215,,,,,,,
REPLACEMENT BATTERY | MOTO AURA,,,RP-526,,MOTOROLA,REPLACEMENT PARTS,BATTERY,,,Pieces,,1,,,,,,Active,New,,BATTERY | MOTOROLA AURA,,,,,,BAT-MOTO-4216,,,,,,,
REPLACEMENT BATTERY | MOTO BACKFLIP,,,RP-527,,MOTOROLA,REPLACEMENT PARTS,BATTERY,,,Pieces,,1,,,,,,Active,New,,BATTERY | MOTOROLA BACKFLIP,,,,,,BAT-MOTO-4217,,,,,,,
REPLACEMENT BATTERY | MOTO C,,,RP-528,,MOTOROLA,REPLACEMENT PARTS,BATTERY,,,Pieces,,1,,,,,,Active,New,,BATTERY | MOTOROLA C200,,,,,,BAT-MOTO-4218,,,,,,,
REPLACEMENT BATTERY | MOTO C,,,RP-528,,MOTOROLA,REPLACEMENT PARTS,BATTERY,,,Pieces,,1,,,,,,Active,New,,BATTERY | MOTOROLA C350,,,,,,BAT-MOTO-4219,,,,,,,
REPLACEMENT BATTERY | MOTO DEFY,,,RP-529,,MOTOROLA,REPLACEMENT PARTS,BATTERY,,,Pieces,,1,,,,,,Active,New,,BATTERY | MOTOROLA DEFY,,,,,,BAT-MOTO-4220,,,,,,,
REPLACEMENT BATTERY | MOTO DROID,,,RP-530,,MOTOROLA,REPLACEMENT PARTS,BATTERY,,,Pieces,,1,,,,,,Active,New,,BATTERY | MOTOROLA DROID,,,,,,BAT-MOTO-4221,,,,,,,
REPLACEMENT BATTERY | MOTO DROID,,,RP-530,,MOTOROLA,REPLACEMENT PARTS,BATTERY,,,Pieces,,1,,,,,,Active,New,,BATTERY | MOTOROLA DROID BIONIC,,,,,,BAT-MOTO-4222,,,,,,,
REPLACEMENT BATTERY | MOTO DROID,,,RP-530,,MOTOROLA,REPLACEMENT PARTS,BATTERY,,,Pieces,,1,,,,,,Active,New,,BATTERY | MOTOROLA DROID RAZR,,,,,,BAT-MOTO-4223,,,,,,,
REPLACEMENT BATTERY | MOTO DROID,,,RP-530,,MOTOROLA,REPLACEMENT PARTS,BATTERY,,,Pieces,,1,,,,,,Active,New,,BATTERY | MOTOROLA DROID TURBO,,,,,,BAT-MOTO-4224,,,,,,,
REPLACEMENT BATTERY | MOTO E,,,RP-531,,MOTOROLA,REPLACEMENT PARTS,BATTERY,,,Pieces,,1,,,,,,Active,New,,BATTERY | MOTOROLA E398,,,,,,BAT-MOTO-4225,,,,,,,
REPLACEMENT BATTERY | MOTO E,,,RP-531,,MOTOROLA,REPLACEMENT PARTS,BATTERY,,,Pieces,,1,,,,,,Active,New,,BATTERY | MOTOROLA MOTO E,,,,,,BAT-MOTO-4226,,,,,,,
REPLACEMENT BATTERY | MOTO E,,,RP-531,,MOTOROLA,REPLACEMENT PARTS,BATTERY,,,Pieces,,1,,,,,,Active,New,,BATTERY | MOTOROLA MOTO E13,,,,,,BAT-MOTO-4227,,,,,,,
REPLACEMENT BATTERY | MOTO E,,,RP-531,,MOTOROLA,REPLACEMENT PARTS,BATTERY,,,Pieces,,1,,,,,,Active,New,,BATTERY | MOTOROLA MOTO E14,,,,,,BAT-MOTO-4228,,,,,,,
REPLACEMENT BATTERY | MOTO E,,,RP-531,,MOTOROLA,REPLACEMENT PARTS,BATTERY,,,Pieces,,1,,,,,,Active,New,,BATTERY | MOTOROLA MOTO E5,,,,,,BAT-MOTO-4229,,,,,,,
REPLACEMENT BATTERY | MOTO E,,,RP-531,,MOTOROLA,REPLACEMENT PARTS,BATTERY,,,Pieces,,1,,,,,,Active,New,,BATTERY | MOTOROLA MOTO E5 PLAY,,,,,,BAT-MOTO-4230,,,,,,,
REPLACEMENT BATTERY | MOTO E,,,RP-531,,MOTOROLA,REPLACEMENT PARTS,BATTERY,,,Pieces,,1,,,,,,Active,New,,BATTERY | MOTOROLA MOTO E5 PLUS,,,,,,BAT-MOTO-4231,,,,,,,
REPLACEMENT BATTERY | MOTO E,,,RP-531,,MOTOROLA,REPLACEMENT PARTS,BATTERY,,,Pieces,,1,,,,,,Active,New,,BATTERY | MOTOROLA MOTO E6,,,,,,BAT-MOTO-4232,,,,,,,
REPLACEMENT BATTERY | MOTO E,,,RP-531,,MOTOROLA,REPLACEMENT PARTS,BATTERY,,,Pieces,,1,,,,,,Active,New,,BATTERY | MOTOROLA MOTO E6 PLAY,,,,,,BAT-MOTO-4233,,,,,,,
REPLACEMENT BATTERY | MOTO E,,,RP-531,,MOTOROLA,REPLACEMENT PARTS,BATTERY,,,Pieces,,1,,,,,,Active,New,,BATTERY | MOTOROLA MOTO E6 PLUS,,,,,,BAT-MOTO-4234,,,,,,,
REPLACEMENT BATTERY | MOTO E,,,RP-531,,MOTOROLA,REPLACEMENT PARTS,BATTERY,,,Pieces,,1,,,,,,Active,New,,BATTERY | MOTOROLA MOTO E7,,,,,,BAT-MOTO-4235,,,,,,,
REPLACEMENT BATTERY | MOTO EDGE,,,RP-532,,MOTOROLA,REPLACEMENT PARTS,BATTERY,,,Pieces,,1,,,,,,Active,New,,BATTERY | MOTOROLA EDGE,,,,,,BAT-MOTO-4236,,,,,,,
REPLACEMENT BATTERY | MOTO EDGE,,,RP-532,,MOTOROLA,REPLACEMENT PARTS,BATTERY,,,Pieces,,1,,,,,,Active,New,,BATTERY | MOTOROLA EDGE 20,,,,,,BAT-MOTO-4237,,,,,,,
REPLACEMENT BATTERY | MOTO EDGE,,,RP-532,,MOTOROLA,REPLACEMENT PARTS,BATTERY,,,Pieces,,1,,,,,,Active,New,,BATTERY | MOTOROLA EDGE 20 FUSION,,,,,,BAT-MOTO-4238,,,,,,,
REPLACEMENT BATTERY | MOTO EDGE,,,RP-532,,MOTOROLA,REPLACEMENT PARTS,BATTERY,,,Pieces,,1,,,,,,Active,New,,BATTERY | MOTOROLA EDGE 20 PRO,,,,,,BAT-MOTO-4239,,,,,,,
REPLACEMENT BATTERY | MOTO EDGE,,,RP-532,,MOTOROLA,REPLACEMENT PARTS,BATTERY,,,Pieces,,1,,,,,,Active,New,,BATTERY | MOTOROLA EDGE 30,,,,,,BAT-MOTO-4240,,,,,,,
REPLACEMENT BATTERY | MOTO EDGE,,,RP-532,,MOTOROLA,REPLACEMENT PARTS,BATTERY,,,Pieces,,1,,,,,,Active,New,,BATTERY | MOTOROLA EDGE 30 NEO,,,,,,BAT-MOTO-4241,,,,,,,
REPLACEMENT BATTERY | MOTO EDGE,,,RP-532,,MOTOROLA,REPLACEMENT PARTS,BATTERY,,,Pieces,,1,,,,,,Active,New,,BATTERY | MOTOROLA EDGE 30 ULTRA,,,,,,BAT-MOTO-4242,,,,,,,
REPLACEMENT BATTERY | MOTO EDGE,,,RP-532,,MOTOROLA,REPLACEMENT PARTS,BATTERY,,,Pieces,,1,,,,,,Active,New,,BATTERY | MOTOROLA EDGE 40,,,,,,BAT-MOTO-4243,,,,,,,
REPLACEMENT BATTERY | MOTO EDGE,,,RP-532,,MOTOROLA,REPLACEMENT PARTS,BATTERY,,,Pieces,,1,,,,,,Active,New,,BATTERY | MOTOROLA EDGE 40 NEO,,,,,,BAT-MOTO-4244,,,,,,,
REPLACEMENT BATTERY | MOTO EDGE,,,RP-532,,MOTOROLA,REPLACEMENT PARTS,BATTERY,,,Pieces,,1,,,,,,Active,New,,BATTERY | MOTOROLA EDGE 40 PRO,,,,,,BAT-MOTO-4245,,,,,,,
REPLACEMENT BATTERY | MOTO EDGE,,,RP-532,,MOTOROLA,REPLACEMENT PARTS,BATTERY,,,Pieces,,1,,,,,,Active,New,,BATTERY | MOTOROLA EDGE 50 FUSION,,,,,,BAT-MOTO-4246,,,,,,,
REPLACEMENT BATTERY | MOTO EDGE,,,RP-532,,MOTOROLA,REPLACEMENT PARTS,BATTERY,,,Pieces,,1,,,,,,Active,New,,BATTERY | MOTOROLA EDGE 50 PRO,,,,,,BAT-MOTO-4247,,,,,,,
REPLACEMENT BATTERY | MOTO EDGE,,,RP-532,,MOTOROLA,REPLACEMENT PARTS,BATTERY,,,Pieces,,1,,,,,,Active,New,,BATTERY | MOTOROLA EDGE 50 ULTRA,,,,,,BAT-MOTO-4248,,,,,,,
REPLACEMENT BATTERY | MOTO EDGE,,,RP-532,,MOTOROLA,REPLACEMENT PARTS,BATTERY,,,Pieces,,1,,,,,,Active,New,,BATTERY | MOTOROLA EDGE PLUS,,,,,,BAT-MOTO-4249,,,,,,,
REPLACEMENT BATTERY | MOTO FLIPOUT,,,RP-533,,MOTOROLA,REPLACEMENT PARTS,BATTERY,,,Pieces,,1,,,,,,Active,New,,BATTERY | MOTOROLA FLIPOUT,,,,,,BAT-MOTO-4250,,,,,,,
REPLACEMENT BATTERY | MOTO G,,,RP-534,,MOTOROLA,REPLACEMENT PARTS,BATTERY,,,Pieces,,1,,,,,,Active,New,,BATTERY | MOTOROLA MOTO G,,,,,,BAT-MOTO-4251,,,,,,,
REPLACEMENT BATTERY | MOTO G,,,RP-534,,MOTOROLA,REPLACEMENT PARTS,BATTERY,,,Pieces,,1,,,,,,Active,New,,BATTERY | MOTOROLA MOTO G PLAY,,,,,,BAT-MOTO-4252,,,,,,,
REPLACEMENT BATTERY | MOTO G,,,RP-534,,MOTOROLA,REPLACEMENT PARTS,BATTERY,,,Pieces,,1,,,,,,Active,New,,BATTERY | MOTOROLA MOTO G POWER,,,,,,BAT-MOTO-4253,,,,,,,
REPLACEMENT BATTERY | MOTO G,,,RP-534,,MOTOROLA,REPLACEMENT PARTS,BATTERY,,,Pieces,,1,,,,,,Active,New,,BATTERY | MOTOROLA MOTO G PURE,,,,,,BAT-MOTO-4254,,,,,,,
REPLACEMENT BATTERY | MOTO G,,,RP-534,,MOTOROLA,REPLACEMENT PARTS,BATTERY,,,Pieces,,1,,,,,,Active,New,,BATTERY | MOTOROLA MOTO G STYLUS,,,,,,BAT-MOTO-4255,,,,,,,
REPLACEMENT BATTERY | MOTO G,,,RP-534,,MOTOROLA,REPLACEMENT PARTS,BATTERY,,,Pieces,,1,,,,,,Active,New,,BATTERY | MOTOROLA MOTO G STYLUS 5G,,,,,,BAT-MOTO-4256,,,,,,,
REPLACEMENT BATTERY | MOTO G,,,RP-534,,MOTOROLA,REPLACEMENT PARTS,BATTERY,,,Pieces,,1,,,,,,Active,New,,BATTERY | MOTOROLA MOTO G10,,,,,,BAT-MOTO-4257,,,,,,,
REPLACEMENT BATTERY | MOTO G,,,RP-534,,MOTOROLA,REPLACEMENT PARTS,BATTERY,,,Pieces,,1,,,,,,Active,New,,BATTERY | MOTOROLA MOTO G2,,,,,,BAT-MOTO-4258,,,,,,,
REPLACEMENT BATTERY | MOTO G,,,RP-534,,MOTOROLA,REPLACEMENT PARTS,BATTERY,,,Pieces,,1,,,,,,Active,New,,BATTERY | MOTOROLA MOTO G20,,,,,,BAT-MOTO-4259,,,,,,,
REPLACEMENT BATTERY | MOTO G,,,RP-534,,MOTOROLA,REPLACEMENT PARTS,BATTERY,,,Pieces,,1,,,,,,Active,New,,BATTERY | MOTOROLA MOTO G3,,,,,,BAT-MOTO-4260,,,,,,,
REPLACEMENT BATTERY | MOTO G,,,RP-534,,MOTOROLA,REPLACEMENT PARTS,BATTERY,,,Pieces,,1,,,,,,Active,New,,BATTERY | MOTOROLA MOTO G30,,,,,,BAT-MOTO-4261,,,,,,,
REPLACEMENT BATTERY | MOTO G,,,RP-534,,MOTOROLA,REPLACEMENT PARTS,BATTERY,,,Pieces,,1,,,,,,Active,New,,BATTERY | MOTOROLA MOTO G4,,,,,,BAT-MOTO-4262,,,,,,,
REPLACEMENT BATTERY | MOTO G,,,RP-534,,MOTOROLA,REPLACEMENT PARTS,BATTERY,,,Pieces,,1,,,,,,Active,New,,BATTERY | MOTOROLA MOTO G4 PLUS,,,,,,BAT-MOTO-4263,,,,,,,
REPLACEMENT BATTERY | MOTO G,,,RP-534,,MOTOROLA,REPLACEMENT PARTS,BATTERY,,,Pieces,,1,,,,,,Active,New,,BATTERY | MOTOROLA MOTO G40,,,,,,BAT-MOTO-4264,,,,,,,
REPLACEMENT BATTERY | MOTO G,,,RP-534,,MOTOROLA,REPLACEMENT PARTS,BATTERY,,,Pieces,,1,,,,,,Active,New,,BATTERY | MOTOROLA MOTO G40 FUSION,,,,,,BAT-MOTO-4265,,,,,,,
REPLACEMENT BATTERY | MOTO G,,,RP-534,,MOTOROLA,REPLACEMENT PARTS,BATTERY,,,Pieces,,1,,,,,,Active,New,,BATTERY | MOTOROLA MOTO G40 PLUS,,,,,,BAT-MOTO-4266,,,,,,,
REPLACEMENT BATTERY | MOTO G,,,RP-534,,MOTOROLA,REPLACEMENT PARTS,BATTERY,,,Pieces,,1,,,,,,Active,New,,BATTERY | MOTOROLA MOTO G50,,,,,,BAT-MOTO-4267,,,,,,,
REPLACEMENT BATTERY | MOTO G,,,RP-534,,MOTOROLA,REPLACEMENT PARTS,BATTERY,,,Pieces,,1,,,,,,Active,New,,BATTERY | MOTOROLA MOTO G5S,,,,,,BAT-MOTO-4268,,,,,,,
REPLACEMENT BATTERY | MOTO G,,,RP-534,,MOTOROLA,REPLACEMENT PARTS,BATTERY,,,Pieces,,1,,,,,,Active,New,,BATTERY | MOTOROLA MOTO G5S PLUS,,,,,,BAT-MOTO-4269,,,,,,,
REPLACEMENT BATTERY | MOTO G,,,RP-534,,MOTOROLA,REPLACEMENT PARTS,BATTERY,,,Pieces,,1,,,,,,Active,New,,BATTERY | MOTOROLA MOTO G6,,,,,,BAT-MOTO-4270,,,,,,,
REPLACEMENT BATTERY | MOTO G,,,RP-534,,MOTOROLA,REPLACEMENT PARTS,BATTERY,,,Pieces,,1,,,,,,Active,New,,BATTERY | MOTOROLA MOTO G6 PLAY,,,,,,BAT-MOTO-4271,,,,,,,
REPLACEMENT BATTERY | MOTO G,,,RP-534,,MOTOROLA,REPLACEMENT PARTS,BATTERY,,,Pieces,,1,,,,,,Active,New,,BATTERY | MOTOROLA MOTO G60,,,,,,BAT-MOTO-4272,,,,,,,
REPLACEMENT BATTERY | MOTO G,,,RP-534,,MOTOROLA,REPLACEMENT PARTS,BATTERY,,,Pieces,,1,,,,,,Active,New,,BATTERY | MOTOROLA MOTO G7,,,,,,BAT-MOTO-4273,,,,,,,
REPLACEMENT BATTERY | MOTO G,,,RP-534,,MOTOROLA,REPLACEMENT PARTS,BATTERY,,,Pieces,,1,,,,,,Active,New,,BATTERY | MOTOROLA MOTO G7 PLAY,,,,,,BAT-MOTO-4274,,,,,,,
REPLACEMENT BATTERY | MOTO G,,,RP-534,,MOTOROLA,REPLACEMENT PARTS,BATTERY,,,Pieces,,1,,,,,,Active,New,,BATTERY | MOTOROLA MOTO G7 PLUS,,,,,,BAT-MOTO-4275,,,,,,,
REPLACEMENT BATTERY | MOTO G,,,RP-534,,MOTOROLA,REPLACEMENT PARTS,BATTERY,,,Pieces,,1,,,,,,Active,New,,BATTERY | MOTOROLA MOTO G7 POWER,,,,,,BAT-MOTO-4276,,,,,,,
REPLACEMENT BATTERY | MOTO G,,,RP-534,,MOTOROLA,REPLACEMENT PARTS,BATTERY,,,Pieces,,1,,,,,,Active,New,,BATTERY | MOTOROLA MOTO G71,,,,,,BAT-MOTO-4277,,,,,,,
REPLACEMENT BATTERY | MOTO G,,,RP-534,,MOTOROLA,REPLACEMENT PARTS,BATTERY,,,Pieces,,1,,,,,,Active,New,,BATTERY | MOTOROLA MOTO G72,,,,,,BAT-MOTO-4278,,,,,,,
REPLACEMENT BATTERY | MOTO G,,,RP-534,,MOTOROLA,REPLACEMENT PARTS,BATTERY,,,Pieces,,1,,,,,,Active,New,,BATTERY | MOTOROLA MOTO G73,,,,,,BAT-MOTO-4279,,,,,,,
REPLACEMENT BATTERY | MOTO G,,,RP-534,,MOTOROLA,REPLACEMENT PARTS,BATTERY,,,Pieces,,1,,,,,,Active,New,,BATTERY | MOTOROLA MOTO G8,,,,,,BAT-MOTO-4280,,,,,,,
REPLACEMENT BATTERY | MOTO G,,,RP-534,,MOTOROLA,REPLACEMENT PARTS,BATTERY,,,Pieces,,1,,,,,,Active,New,,BATTERY | MOTOROLA MOTO G8 PLAY,,,,,,BAT-MOTO-4281,,,,,,,
REPLACEMENT BATTERY | MOTO G,,,RP-534,,MOTOROLA,REPLACEMENT PARTS,BATTERY,,,Pieces,,1,,,,,,Active,New,,BATTERY | MOTOROLA MOTO G8 POWER,,,,,,BAT-MOTO-4282,,,,,,,
REPLACEMENT BATTERY | MOTO G,,,RP-534,,MOTOROLA,REPLACEMENT PARTS,BATTERY,,,Pieces,,1,,,,,,Active,New,,BATTERY | MOTOROLA MOTO G84,,,,,,BAT-MOTO-4283,,,,,,,
REPLACEMENT BATTERY | MOTO G,,,RP-534,,MOTOROLA,REPLACEMENT PARTS,BATTERY,,,Pieces,,1,,,,,,Active,New,,BATTERY | MOTOROLA MOTO G85,,,,,,BAT-MOTO-4284,,,,,,,
REPLACEMENT BATTERY | MOTO G,,,RP-534,,MOTOROLA,REPLACEMENT PARTS,BATTERY,,,Pieces,,1,,,,,,Active,New,,BATTERY | MOTOROLA MOTO G9,,,,,,BAT-MOTO-4285,,,,,,,
REPLACEMENT BATTERY | MOTO G,,,RP-534,,MOTOROLA,REPLACEMENT PARTS,BATTERY,,,Pieces,,1,,,,,,Active,New,,BATTERY | MOTOROLA MOTO G9 PLAY,,,,,,BAT-MOTO-4286,,,,,,,
REPLACEMENT BATTERY | MOTO G,,,RP-534,,MOTOROLA,REPLACEMENT PARTS,BATTERY,,,Pieces,,1,,,,,,Active,New,,BATTERY | MOTOROLA MOTO G9 POWER,,,,,,BAT-MOTO-4287,,,,,,,
REPLACEMENT BATTERY | MOTO KRZR,,,RP-535,,MOTOROLA,REPLACEMENT PARTS,BATTERY,,,Pieces,,1,,,,,,Active,New,,BATTERY | MOTOROLA KRZR K1,,,,,,BAT-MOTO-4288,,,,,,,
REPLACEMENT BATTERY | MOTO MILESTONE,,,RP-536,,MOTOROLA,REPLACEMENT PARTS,BATTERY,,,Pieces,,1,,,,,,Active,New,,BATTERY | MOTOROLA MILESTONE,,,,,,BAT-MOTO-4289,,,,,,,
REPLACEMENT BATTERY | MOTO MING,,,RP-537,,MOTOROLA,REPLACEMENT PARTS,BATTERY,,,Pieces,,1,,,,,,Active,New,,BATTERY | MOTOROLA MING A1200,,,,,,BAT-MOTO-4290,,,,,,,
REPLACEMENT BATTERY | MOTO MODEL,,,RP-538,,MOTOROLA,REPLACEMENT PARTS,BATTERY,,,Pieces,,1,,,,,,Active,New,,BATTERY | MOTOROLA MODEL,,,,,,BAT-MOTO-4291,,,,,,,
REPLACEMENT BATTERY | MOTO ONE,,,RP-539,,MOTOROLA,REPLACEMENT PARTS,BATTERY,,,Pieces,,1,,,,,,Active,New,,BATTERY | MOTOROLA MOTO ONE,,,,,,BAT-MOTO-4292,,,,,,,
REPLACEMENT BATTERY | MOTO ONE,,,RP-539,,MOTOROLA,REPLACEMENT PARTS,BATTERY,,,Pieces,,1,,,,,,Active,New,,BATTERY | MOTOROLA ONE ACTION,,,,,,BAT-MOTO-4293,,,,,,,
REPLACEMENT BATTERY | MOTO ONE,,,RP-539,,MOTOROLA,REPLACEMENT PARTS,BATTERY,,,Pieces,,1,,,,,,Active,New,,BATTERY | MOTOROLA ONE FUSION,,,,,,BAT-MOTO-4294,,,,,,,
REPLACEMENT BATTERY | MOTO ONE,,,RP-539,,MOTOROLA,REPLACEMENT PARTS,BATTERY,,,Pieces,,1,,,,,,Active,New,,BATTERY | MOTOROLA ONE HYPER,,,,,,BAT-MOTO-4295,,,,,,,
REPLACEMENT BATTERY | MOTO ONE,,,RP-539,,MOTOROLA,REPLACEMENT PARTS,BATTERY,,,Pieces,,1,,,,,,Active,New,,BATTERY | MOTOROLA ONE POWER,,,,,,BAT-MOTO-4296,,,,,,,
REPLACEMENT BATTERY | MOTO ONE,,,RP-539,,MOTOROLA,REPLACEMENT PARTS,BATTERY,,,Pieces,,1,,,,,,Active,New,,BATTERY | MOTOROLA ONE VISION,,,,,,BAT-MOTO-4297,,,,,,,
REPLACEMENT BATTERY | MOTO PHOTON,,,RP-540,,MOTOROLA,REPLACEMENT PARTS,BATTERY,,,Pieces,,1,,,,,,Active,New,,BATTERY | MOTOROLA PHOTON,,,,,,BAT-MOTO-4298,,,,,,,
REPLACEMENT BATTERY | MOTO Q,,,RP-541,,MOTOROLA,REPLACEMENT PARTS,BATTERY,,,Pieces,,1,,,,,,Active,New,,BATTERY | MOTOROLA Q,,,,,,BAT-MOTO-4299,,,,,,,
REPLACEMENT BATTERY | MOTO RAZR,,,RP-542,,MOTOROLA,REPLACEMENT PARTS,BATTERY,,,Pieces,,1,,,,,,Active,New,,BATTERY | MOTOROLA RAZR 2019,,,,,,BAT-MOTO-4300,,,,,,,
REPLACEMENT BATTERY | MOTO RAZR,,,RP-542,,MOTOROLA,REPLACEMENT PARTS,BATTERY,,,Pieces,,1,,,,,,Active,New,,BATTERY | MOTOROLA RAZR 40,,,,,,BAT-MOTO-4301,,,,,,,
REPLACEMENT BATTERY | MOTO RAZR,,,RP-542,,MOTOROLA,REPLACEMENT PARTS,BATTERY,,,Pieces,,1,,,,,,Active,New,,BATTERY | MOTOROLA RAZR 50,,,,,,BAT-MOTO-4302,,,,,,,
REPLACEMENT BATTERY | MOTO RAZR,,,RP-542,,MOTOROLA,REPLACEMENT PARTS,BATTERY,,,Pieces,,1,,,,,,Active,New,,BATTERY | MOTOROLA RAZR 5G,,,,,,BAT-MOTO-4303,,,,,,,
REPLACEMENT BATTERY | MOTO RAZR,,,RP-542,,MOTOROLA,REPLACEMENT PARTS,BATTERY,,,Pieces,,1,,,,,,Active,New,,BATTERY | MOTOROLA RAZR MAXX,,,,,,BAT-MOTO-4304,,,,,,,
REPLACEMENT BATTERY | MOTO RAZR,,,RP-542,,MOTOROLA,REPLACEMENT PARTS,BATTERY,,,Pieces,,1,,,,,,Active,New,,BATTERY | MOTOROLA RAZR V3,,,,,,BAT-MOTO-4305,,,,,,,
REPLACEMENT BATTERY | MOTO RAZR,,,RP-542,,MOTOROLA,REPLACEMENT PARTS,BATTERY,,,Pieces,,1,,,,,,Active,New,,BATTERY | MOTOROLA RAZR2 V8,,,,,,BAT-MOTO-4306,,,,,,,
REPLACEMENT BATTERY | MOTO RIZR,,,RP-543,,MOTOROLA,REPLACEMENT PARTS,BATTERY,,,Pieces,,1,,,,,,Active,New,,BATTERY | MOTOROLA RIZR Z3,,,,,,BAT-MOTO-4307,,,,,,,
REPLACEMENT BATTERY | MOTO ROKR,,,RP-544,,MOTOROLA,REPLACEMENT PARTS,BATTERY,,,Pieces,,1,,,,,,Active,New,,BATTERY | MOTOROLA ROKR E1,,,,,,BAT-MOTO-4308,,,,,,,
REPLACEMENT BATTERY | MOTO SLVR,,,RP-545,,MOTOROLA,REPLACEMENT PARTS,BATTERY,,,Pieces,,1,,,,,,Active,New,,BATTERY | MOTOROLA SLVR L7,,,,,,BAT-MOTO-4309,,,,,,,
REPLACEMENT BATTERY | MOTO THINKPHONE,,,RP-546,,MOTOROLA,REPLACEMENT PARTS,BATTERY,,,Pieces,,1,,,,,,Active,New,,BATTERY | MOTOROLA THINKPHONE,,,,,,BAT-MOTO-4310,,,,,,,
REPLACEMENT BATTERY | MOTO V,,,RP-547,,MOTOROLA,REPLACEMENT PARTS,BATTERY,,,Pieces,,1,,,,,,Active,New,,BATTERY | MOTOROLA V50,,,,,,BAT-MOTO-4311,,,,,,,
REPLACEMENT BATTERY | MOTO V,,,RP-547,,MOTOROLA,REPLACEMENT PARTS,BATTERY,,,Pieces,,1,,,,,,Active,New,,BATTERY | MOTOROLA V60,,,,,,BAT-MOTO-4312,,,,,,,
REPLACEMENT BATTERY | MOTO V,,,RP-547,,MOTOROLA,REPLACEMENT PARTS,BATTERY,,,Pieces,,1,,,,,,Active,New,,BATTERY | MOTOROLA V70,,,,,,BAT-MOTO-4313,,,,,,,
REPLACEMENT BATTERY | MOTO X,,,RP-548,,MOTOROLA,REPLACEMENT PARTS,BATTERY,,,Pieces,,1,,,,,,Active,New,,BATTERY | MOTOROLA MOTO X,,,,,,BAT-MOTO-4314,,,,,,,
REPLACEMENT BATTERY | MOTO X,,,RP-548,,MOTOROLA,REPLACEMENT PARTS,BATTERY,,,Pieces,,1,,,,,,Active,New,,BATTERY | MOTOROLA MOTO X PLAY,,,,,,BAT-MOTO-4315,,,,,,,
REPLACEMENT BATTERY | MOTO X,,,RP-548,,MOTOROLA,REPLACEMENT PARTS,BATTERY,,,Pieces,,1,,,,,,Active,New,,BATTERY | MOTOROLA MOTO X STYLE,,,,,,BAT-MOTO-4316,,,,,,,
REPLACEMENT BATTERY | MOTO Z,,,RP-549,,MOTOROLA,REPLACEMENT PARTS,BATTERY,,,Pieces,,1,,,,,,Active,New,,BATTERY | LENOVO MOTO Z,,,,,,BAT-MOTO-4317,,,,,,,
REPLACEMENT BATTERY | MOTO Z,,,RP-549,,MOTOROLA,REPLACEMENT PARTS,BATTERY,,,Pieces,,1,,,,,,Active,New,,BATTERY | MOTO Z PLAY,,,,,,BAT-MOTO-4318,,,,,,,
REPLACEMENT BATTERY | MOTO Z,,,RP-549,,MOTOROLA,REPLACEMENT PARTS,BATTERY,,,Pieces,,1,,,,,,Active,New,,BATTERY | MOTO Z2 FORCE,,,,,,BAT-MOTO-4319,,,,,,,
REPLACEMENT BATTERY | MOTO Z,,,RP-549,,MOTOROLA,REPLACEMENT PARTS,BATTERY,,,Pieces,,1,,,,,,Active,New,,BATTERY | MOTO Z2 PLAY,,,,,,BAT-MOTO-4320,,,,,,,
REPLACEMENT BATTERY | MOTO Z,,,RP-549,,MOTOROLA,REPLACEMENT PARTS,BATTERY,,,Pieces,,1,,,,,,Active,New,,BATTERY | MOTO Z3,,,,,,BAT-MOTO-4321,,,,,,,
REPLACEMENT BATTERY | MOTO Z,,,RP-549,,MOTOROLA,REPLACEMENT PARTS,BATTERY,,,Pieces,,1,,,,,,Active,New,,BATTERY | MOTO Z4,,,,,,BAT-MOTO-4322,,,,,,,
REPLACEMENT BATTERY | MOTO Z,,,RP-549,,MOTOROLA,REPLACEMENT PARTS,BATTERY,,,Pieces,,1,,,,,,Active,New,,BATTERY | MOTOROLA Z8,,,,,,BAT-MOTO-4323,,,,,,,
REPLACEMENT BATTERY | NOKIA,,,RP-550,,TECH HEAVEN,REPLACEMENT PARTS,BATTERY,,,Pieces,,1,,,,,,Active,New,,BATTERY | NOKIA ,,,,,,BAT-NOK-4324,,,,,,,
REPLACEMENT BATTERY | NOKIA,,,RP-550,,TECH HEAVEN,REPLACEMENT PARTS,BATTERY,,,Pieces,,1,,,,,,Active,New,,BATTERY | NOKIA 1,,,,,,BAT-NOK-4325,,,,,,,
REPLACEMENT BATTERY | NOKIA,,,RP-550,,TECH HEAVEN,REPLACEMENT PARTS,BATTERY,,,Pieces,,1,,,,,,Active,New,,BATTERY | NOKIA 1 PLUS,,,,,,BAT-NOK-4326,,,,,,,
REPLACEMENT BATTERY | NOKIA,,,RP-550,,TECH HEAVEN,REPLACEMENT PARTS,BATTERY,,,Pieces,,1,,,,,,Active,New,,BATTERY | NOKIA 2,,,,,,BAT-NOK-4327,,,,,,,
REPLACEMENT BATTERY | NOKIA,,,RP-550,,TECH HEAVEN,REPLACEMENT PARTS,BATTERY,,,Pieces,,1,,,,,,Active,New,,BATTERY | NOKIA 2.1,,,,,,BAT-NOK-4328,,,,,,,
REPLACEMENT BATTERY | NOKIA,,,RP-550,,TECH HEAVEN,REPLACEMENT PARTS,BATTERY,,,Pieces,,1,,,,,,Active,New,,BATTERY | NOKIA 2.2,,,,,,BAT-NOK-4329,,,,,,,
REPLACEMENT BATTERY | NOKIA,,,RP-550,,TECH HEAVEN,REPLACEMENT PARTS,BATTERY,,,Pieces,,1,,,,,,Active,New,,BATTERY | NOKIA 2.3,,,,,,BAT-NOK-4330,,,,,,,
REPLACEMENT BATTERY | NOKIA,,,RP-550,,TECH HEAVEN,REPLACEMENT PARTS,BATTERY,,,Pieces,,1,,,,,,Active,New,,BATTERY | NOKIA 3,,,,,,BAT-NOK-4331,,,,,,,
REPLACEMENT BATTERY | NOKIA,,,RP-550,,TECH HEAVEN,REPLACEMENT PARTS,BATTERY,,,Pieces,,1,,,,,,Active,New,,BATTERY | NOKIA 3.1,,,,,,BAT-NOK-4332,,,,,,,
REPLACEMENT BATTERY | NOKIA,,,RP-550,,TECH HEAVEN,REPLACEMENT PARTS,BATTERY,,,Pieces,,1,,,,,,Active,New,,BATTERY | NOKIA 3.2,,,,,,BAT-NOK-4333,,,,,,,
REPLACEMENT BATTERY | NOKIA,,,RP-550,,TECH HEAVEN,REPLACEMENT PARTS,BATTERY,,,Pieces,,1,,,,,,Active,New,,BATTERY | NOKIA 4.2,,,,,,BAT-NOK-4334,,,,,,,
REPLACEMENT BATTERY | NOKIA,,,RP-550,,TECH HEAVEN,REPLACEMENT PARTS,BATTERY,,,Pieces,,1,,,,,,Active,New,,BATTERY | NOKIA 5,,,,,,BAT-NOK-4335,,,,,,,
REPLACEMENT BATTERY | NOKIA,,,RP-550,,TECH HEAVEN,REPLACEMENT PARTS,BATTERY,,,Pieces,,1,,,,,,Active,New,,BATTERY | NOKIA 5.1,,,,,,BAT-NOK-4336,,,,,,,
REPLACEMENT BATTERY | NOKIA,,,RP-550,,TECH HEAVEN,REPLACEMENT PARTS,BATTERY,,,Pieces,,1,,,,,,Active,New,,BATTERY | NOKIA 5.3,,,,,,BAT-NOK-4337,,,,,,,
REPLACEMENT BATTERY | NOKIA,,,RP-550,,TECH HEAVEN,REPLACEMENT PARTS,BATTERY,,,Pieces,,1,,,,,,Active,New,,BATTERY | NOKIA 5.4,,,,,,BAT-NOK-4338,,,,,,,
REPLACEMENT BATTERY | NOKIA,,,RP-550,,TECH HEAVEN,REPLACEMENT PARTS,BATTERY,,,Pieces,,1,,,,,,Active,New,,BATTERY | NOKIA 6,,,,,,BAT-NOK-4339,,,,,,,
REPLACEMENT BATTERY | NOKIA,,,RP-550,,TECH HEAVEN,REPLACEMENT PARTS,BATTERY,,,Pieces,,1,,,,,,Active,New,,BATTERY | NOKIA 6.1,,,,,,BAT-NOK-4340,,,,,,,
REPLACEMENT BATTERY | NOKIA,,,RP-550,,TECH HEAVEN,REPLACEMENT PARTS,BATTERY,,,Pieces,,1,,,,,,Active,New,,BATTERY | NOKIA 6.2,,,,,,BAT-NOK-4341,,,,,,,
REPLACEMENT BATTERY | NOKIA,,,RP-550,,TECH HEAVEN,REPLACEMENT PARTS,BATTERY,,,Pieces,,1,,,,,,Active,New,,BATTERY | NOKIA 7,,,,,,BAT-NOK-4342,,,,,,,
REPLACEMENT BATTERY | NOKIA,,,RP-550,,TECH HEAVEN,REPLACEMENT PARTS,BATTERY,,,Pieces,,1,,,,,,Active,New,,BATTERY | NOKIA 7 PLUS,,,,,,BAT-NOK-4343,,,,,,,
REPLACEMENT BATTERY | NOKIA,,,RP-550,,TECH HEAVEN,REPLACEMENT PARTS,BATTERY,,,Pieces,,1,,,,,,Active,New,,BATTERY | NOKIA 7.1,,,,,,BAT-NOK-4344,,,,,,,
REPLACEMENT BATTERY | NOKIA,,,RP-550,,TECH HEAVEN,REPLACEMENT PARTS,BATTERY,,,Pieces,,1,,,,,,Active,New,,BATTERY | NOKIA 7.2,,,,,,BAT-NOK-4345,,,,,,,
REPLACEMENT BATTERY | NOKIA,,,RP-550,,TECH HEAVEN,REPLACEMENT PARTS,BATTERY,,,Pieces,,1,,,,,,Active,New,,BATTERY | NOKIA 8,,,,,,BAT-NOK-4346,,,,,,,
REPLACEMENT BATTERY | NOKIA,,,RP-550,,TECH HEAVEN,REPLACEMENT PARTS,BATTERY,,,Pieces,,1,,,,,,Active,New,,BATTERY | NOKIA 8 SIROCCO,,,,,,BAT-NOK-4347,,,,,,,
REPLACEMENT BATTERY | NOKIA,,,RP-550,,TECH HEAVEN,REPLACEMENT PARTS,BATTERY,,,Pieces,,1,,,,,,Active,New,,BATTERY | NOKIA 8.1,,,,,,BAT-NOK-4348,,,,,,,
REPLACEMENT BATTERY | NOKIA,,,RP-550,,TECH HEAVEN,REPLACEMENT PARTS,BATTERY,,,Pieces,,1,,,,,,Active,New,,BATTERY | NOKIA 8.3 5G,,,,,,BAT-NOK-4349,,,,,,,
REPLACEMENT BATTERY | NOKIA,,,RP-550,,TECH HEAVEN,REPLACEMENT PARTS,BATTERY,,,Pieces,,1,,,,,,Active,New,,BATTERY | NOKIA 9 PUREVIEW,,,,,,BAT-NOK-4350,,,,,,,
REPLACEMENT BATTERY | NOKIA C SERIES,,,RP-551,,TECH HEAVEN,REPLACEMENT PARTS,BATTERY,,,Pieces,,1,,,,,,Active,New,,BATTERY | NOKIA C1,,,,,,BAT-NOK-4351,,,,,,,
REPLACEMENT BATTERY | NOKIA C SERIES,,,RP-551,,TECH HEAVEN,REPLACEMENT PARTS,BATTERY,,,Pieces,,1,,,,,,Active,New,,BATTERY | NOKIA C10,,,,,,BAT-NOK-4352,,,,,,,
REPLACEMENT BATTERY | NOKIA C SERIES,,,RP-551,,TECH HEAVEN,REPLACEMENT PARTS,BATTERY,,,Pieces,,1,,,,,,Active,New,,BATTERY | NOKIA C20,,,,,,BAT-NOK-4353,,,,,,,
REPLACEMENT BATTERY | NOKIA C SERIES,,,RP-551,,TECH HEAVEN,REPLACEMENT PARTS,BATTERY,,,Pieces,,1,,,,,,Active,New,,BATTERY | NOKIA C21,,,,,,BAT-NOK-4354,,,,,,,
REPLACEMENT BATTERY | NOKIA C SERIES,,,RP-551,,TECH HEAVEN,REPLACEMENT PARTS,BATTERY,,,Pieces,,1,,,,,,Active,New,,BATTERY | NOKIA C22,,,,,,BAT-NOK-4355,,,,,,,
REPLACEMENT BATTERY | NOKIA C SERIES,,,RP-551,,TECH HEAVEN,REPLACEMENT PARTS,BATTERY,,,Pieces,,1,,,,,,Active,New,,BATTERY | NOKIA C30,,,,,,BAT-NOK-4356,,,,,,,
REPLACEMENT BATTERY | NOKIA C SERIES,,,RP-551,,TECH HEAVEN,REPLACEMENT PARTS,BATTERY,,,Pieces,,1,,,,,,Active,New,,BATTERY | NOKIA C31,,,,,,BAT-NOK-4357,,,,,,,
REPLACEMENT BATTERY | NOKIA C SERIES,,,RP-551,,TECH HEAVEN,REPLACEMENT PARTS,BATTERY,,,Pieces,,1,,,,,,Active,New,,BATTERY | NOKIA C32,,,,,,BAT-NOK-4358,,,,,,,
REPLACEMENT BATTERY | NOKIA G SERIES,,,RP-552,,TECH HEAVEN,REPLACEMENT PARTS,BATTERY,,,Pieces,,1,,,,,,Active,New,,BATTERY | NOKIA G10,,,,,,BAT-NOK-4359,,,,,,,
REPLACEMENT BATTERY | NOKIA G SERIES,,,RP-552,,TECH HEAVEN,REPLACEMENT PARTS,BATTERY,,,Pieces,,1,,,,,,Active,New,,BATTERY | NOKIA G11,,,,,,BAT-NOK-4360,,,,,,,
REPLACEMENT BATTERY | NOKIA G SERIES,,,RP-552,,TECH HEAVEN,REPLACEMENT PARTS,BATTERY,,,Pieces,,1,,,,,,Active,New,,BATTERY | NOKIA G20,,,,,,BAT-NOK-4361,,,,,,,
REPLACEMENT BATTERY | NOKIA G SERIES,,,RP-552,,TECH HEAVEN,REPLACEMENT PARTS,BATTERY,,,Pieces,,1,,,,,,Active,New,,BATTERY | NOKIA G21,,,,,,BAT-NOK-4362,,,,,,,
REPLACEMENT BATTERY | NOKIA G SERIES,,,RP-552,,TECH HEAVEN,REPLACEMENT PARTS,BATTERY,,,Pieces,,1,,,,,,Active,New,,BATTERY | NOKIA G22,,,,,,BAT-NOK-4363,,,,,,,
REPLACEMENT BATTERY | NOKIA G SERIES,,,RP-552,,TECH HEAVEN,REPLACEMENT PARTS,BATTERY,,,Pieces,,1,,,,,,Active,New,,BATTERY | NOKIA G42,,,,,,BAT-NOK-4364,,,,,,,
REPLACEMENT BATTERY | NOKIA G SERIES,,,RP-552,,TECH HEAVEN,REPLACEMENT PARTS,BATTERY,,,Pieces,,1,,,,,,Active,New,,BATTERY | NOKIA G50,,,,,,BAT-NOK-4365,,,,,,,
REPLACEMENT BATTERY | NOKIA G SERIES,,,RP-552,,TECH HEAVEN,REPLACEMENT PARTS,BATTERY,,,Pieces,,1,,,,,,Active,New,,BATTERY | NOKIA G60,,,,,,BAT-NOK-4366,,,,,,,
REPLACEMENT BATTERY | NOKIA X SERIES,,,RP-553,,TECH HEAVEN,REPLACEMENT PARTS,BATTERY,,,Pieces,,1,,,,,,Active,New,,BATTERY | NOKIA X,,,,,,BAT-NOK-4367,,,,,,,
REPLACEMENT BATTERY | NOKIA X SERIES,,,RP-553,,TECH HEAVEN,REPLACEMENT PARTS,BATTERY,,,Pieces,,1,,,,,,Active,New,,BATTERY | NOKIA X10,,,,,,BAT-NOK-4368,,,,,,,
REPLACEMENT BATTERY | NOKIA X SERIES,,,RP-553,,TECH HEAVEN,REPLACEMENT PARTS,BATTERY,,,Pieces,,1,,,,,,Active,New,,BATTERY | NOKIA X2,,,,,,BAT-NOK-4369,,,,,,,
REPLACEMENT BATTERY | NOKIA X SERIES,,,RP-553,,TECH HEAVEN,REPLACEMENT PARTS,BATTERY,,,Pieces,,1,,,,,,Active,New,,BATTERY | NOKIA X20,,,,,,BAT-NOK-4370,,,,,,,
REPLACEMENT BATTERY | NOKIA X SERIES,,,RP-553,,TECH HEAVEN,REPLACEMENT PARTS,BATTERY,,,Pieces,,1,,,,,,Active,New,,BATTERY | NOKIA X30,,,,,,BAT-NOK-4371,,,,,,,
REPLACEMENT BATTERY | NOKIA X SERIES,,,RP-553,,TECH HEAVEN,REPLACEMENT PARTS,BATTERY,,,Pieces,,1,,,,,,Active,New,,BATTERY | NOKIA XL,,,,,,BAT-NOK-4372,,,,,,,
REPLACEMENT BATTERY | NOKIA X SERIES,,,RP-553,,TECH HEAVEN,REPLACEMENT PARTS,BATTERY,,,Pieces,,1,,,,,,Active,New,,BATTERY | NOKIA XR20,,,,,,BAT-NOK-4373,,,,,,,
REPLACEMENT BATTERY | NOKIA X SERIES,,,RP-553,,TECH HEAVEN,REPLACEMENT PARTS,BATTERY,,,Pieces,,1,,,,,,Active,New,,BATTERY | NOKIA XR21,,,,,,BAT-NOK-4374,,,,,,,
REPLACEMENT BATTERY | ONEPLUS,,,RP-554,,ONEPLUS,REPLACEMENT PARTS,BATTERY,,,Pieces,,1,,,,,,Active,New,,BATTERY | ONEPLUS 10 PRO,,,,,,BAT-OP-4375,,,,,,,
REPLACEMENT BATTERY | ONEPLUS,,,RP-554,,ONEPLUS,REPLACEMENT PARTS,BATTERY,,,Pieces,,1,,,,,,Active,New,,BATTERY | ONEPLUS 10R,,,,,,BAT-OP-4376,,,,,,,
REPLACEMENT BATTERY | ONEPLUS,,,RP-554,,ONEPLUS,REPLACEMENT PARTS,BATTERY,,,Pieces,,1,,,,,,Active,New,,BATTERY | ONEPLUS 10R 150W,,,,,,BAT-OP-4377,,,,,,,
REPLACEMENT BATTERY | ONEPLUS,,,RP-554,,ONEPLUS,REPLACEMENT PARTS,BATTERY,,,Pieces,,1,,,,,,Active,New,,BATTERY | ONEPLUS 10T,,,,,,BAT-OP-4378,,,,,,,
REPLACEMENT BATTERY | ONEPLUS,,,RP-554,,ONEPLUS,REPLACEMENT PARTS,BATTERY,,,Pieces,,1,,,,,,Active,New,,BATTERY | ONEPLUS 11,,,,,,BAT-OP-4379,,,,,,,
REPLACEMENT BATTERY | ONEPLUS,,,RP-554,,ONEPLUS,REPLACEMENT PARTS,BATTERY,,,Pieces,,1,,,,,,Active,New,,BATTERY | ONEPLUS 11R,,,,,,BAT-OP-4380,,,,,,,
REPLACEMENT BATTERY | ONEPLUS,,,RP-554,,ONEPLUS,REPLACEMENT PARTS,BATTERY,,,Pieces,,1,,,,,,Active,New,,BATTERY | ONEPLUS 12,,,,,,BAT-OP-4381,,,,,,,
REPLACEMENT BATTERY | ONEPLUS,,,RP-554,,ONEPLUS,REPLACEMENT PARTS,BATTERY,,,Pieces,,1,,,,,,Active,New,,BATTERY | ONEPLUS 12R,,,,,,BAT-OP-4382,,,,,,,
REPLACEMENT BATTERY | ONEPLUS,,,RP-554,,ONEPLUS,REPLACEMENT PARTS,BATTERY,,,Pieces,,1,,,,,,Active,New,,BATTERY | ONEPLUS 13,,,,,,BAT-OP-4383,,,,,,,
REPLACEMENT BATTERY | ONEPLUS,,,RP-554,,ONEPLUS,REPLACEMENT PARTS,BATTERY,,,Pieces,,1,,,,,,Active,New,,BATTERY | ONEPLUS 13R,,,,,,BAT-OP-4384,,,,,,,
REPLACEMENT BATTERY | ONEPLUS,,,RP-554,,ONEPLUS,REPLACEMENT PARTS,BATTERY,,,Pieces,,1,,,,,,Active,New,,BATTERY | ONEPLUS 2,,,,,,BAT-OP-4385,,,,,,,
REPLACEMENT BATTERY | ONEPLUS,,,RP-554,,ONEPLUS,REPLACEMENT PARTS,BATTERY,,,Pieces,,1,,,,,,Active,New,,BATTERY | ONEPLUS 3,,,,,,BAT-OP-4386,,,,,,,
REPLACEMENT BATTERY | ONEPLUS,,,RP-554,,ONEPLUS,REPLACEMENT PARTS,BATTERY,,,Pieces,,1,,,,,,Active,New,,BATTERY | ONEPLUS 3T,,,,,,BAT-OP-4387,,,,,,,
REPLACEMENT BATTERY | ONEPLUS,,,RP-554,,ONEPLUS,REPLACEMENT PARTS,BATTERY,,,Pieces,,1,,,,,,Active,New,,BATTERY | ONEPLUS 5,,,,,,BAT-OP-4388,,,,,,,
REPLACEMENT BATTERY | ONEPLUS,,,RP-554,,ONEPLUS,REPLACEMENT PARTS,BATTERY,,,Pieces,,1,,,,,,Active,New,,BATTERY | ONEPLUS 5T,,,,,,BAT-OP-4389,,,,,,,
REPLACEMENT BATTERY | ONEPLUS,,,RP-554,,ONEPLUS,REPLACEMENT PARTS,BATTERY,,,Pieces,,1,,,,,,Active,New,,BATTERY | ONEPLUS 6,,,,,,BAT-OP-4390,,,,,,,
REPLACEMENT BATTERY | ONEPLUS,,,RP-554,,ONEPLUS,REPLACEMENT PARTS,BATTERY,,,Pieces,,1,,,,,,Active,New,,BATTERY | ONEPLUS 6T,,,,,,BAT-OP-4391,,,,,,,
REPLACEMENT BATTERY | ONEPLUS,,,RP-554,,ONEPLUS,REPLACEMENT PARTS,BATTERY,,,Pieces,,1,,,,,,Active,New,,BATTERY | ONEPLUS 6T MCLAREN EDITION,,,,,,BAT-OP-4392,,,,,,,
REPLACEMENT BATTERY | ONEPLUS,,,RP-554,,ONEPLUS,REPLACEMENT PARTS,BATTERY,,,Pieces,,1,,,,,,Active,New,,BATTERY | ONEPLUS 7,,,,,,BAT-OP-4393,,,,,,,
REPLACEMENT BATTERY | ONEPLUS,,,RP-554,,ONEPLUS,REPLACEMENT PARTS,BATTERY,,,Pieces,,1,,,,,,Active,New,,BATTERY | ONEPLUS 7 PRO,,,,,,BAT-OP-4394,,,,,,,
REPLACEMENT BATTERY | ONEPLUS,,,RP-554,,ONEPLUS,REPLACEMENT PARTS,BATTERY,,,Pieces,,1,,,,,,Active,New,,BATTERY | ONEPLUS 7 PRO 5G,,,,,,BAT-OP-4395,,,,,,,
REPLACEMENT BATTERY | ONEPLUS,,,RP-554,,ONEPLUS,REPLACEMENT PARTS,BATTERY,,,Pieces,,1,,,,,,Active,New,,BATTERY | ONEPLUS 7T,,,,,,BAT-OP-4396,,,,,,,
REPLACEMENT BATTERY | ONEPLUS,,,RP-554,,ONEPLUS,REPLACEMENT PARTS,BATTERY,,,Pieces,,1,,,,,,Active,New,,BATTERY | ONEPLUS 7T PRO,,,,,,BAT-OP-4397,,,,,,,
REPLACEMENT BATTERY | ONEPLUS,,,RP-554,,ONEPLUS,REPLACEMENT PARTS,BATTERY,,,Pieces,,1,,,,,,Active,New,,BATTERY | ONEPLUS 7T PRO MCLAREN EDITION,,,,,,BAT-OP-4398,,,,,,,
REPLACEMENT BATTERY | ONEPLUS,,,RP-554,,ONEPLUS,REPLACEMENT PARTS,BATTERY,,,Pieces,,1,,,,,,Active,New,,BATTERY | ONEPLUS 8 ,,,,,,BAT-OP-4399,,,,,,,
REPLACEMENT BATTERY | ONEPLUS,,,RP-554,,ONEPLUS,REPLACEMENT PARTS,BATTERY,,,Pieces,,1,,,,,,Active,New,,BATTERY | ONEPLUS 8 PRO,,,,,,BAT-OP-4400,,,,,,,
REPLACEMENT BATTERY | ONEPLUS,,,RP-554,,ONEPLUS,REPLACEMENT PARTS,BATTERY,,,Pieces,,1,,,,,,Active,New,,BATTERY | ONEPLUS 8T,,,,,,BAT-OP-4401,,,,,,,
REPLACEMENT BATTERY | ONEPLUS,,,RP-554,,ONEPLUS,REPLACEMENT PARTS,BATTERY,,,Pieces,,1,,,,,,Active,New,,BATTERY | ONEPLUS 9 ,,,,,,BAT-OP-4402,,,,,,,
REPLACEMENT BATTERY | ONEPLUS,,,RP-554,,ONEPLUS,REPLACEMENT PARTS,BATTERY,,,Pieces,,1,,,,,,Active,New,,BATTERY | ONEPLUS 9 PRO,,,,,,BAT-OP-4403,,,,,,,
REPLACEMENT BATTERY | ONEPLUS,,,RP-554,,ONEPLUS,REPLACEMENT PARTS,BATTERY,,,Pieces,,1,,,,,,Active,New,,BATTERY | ONEPLUS 9R,,,,,,BAT-OP-4404,,,,,,,
REPLACEMENT BATTERY | ONEPLUS,,,RP-554,,ONEPLUS,REPLACEMENT PARTS,BATTERY,,,Pieces,,1,,,,,,Active,New,,BATTERY | ONEPLUS 9RT,,,,,,BAT-OP-4405,,,,,,,
REPLACEMENT BATTERY | ONEPLUS,,,RP-554,,TECH HEAVEN,REPLACEMENT PARTS,BATTERY,,,Pieces,,1,,,,,,Active,New,,BATTERY | ONEPLUS MODEL,,,,,,BAT-OP-4406,,,,,,,
REPLACEMENT BATTERY | ONEPLUS,,,RP-554,,ONEPLUS,REPLACEMENT PARTS,BATTERY,,,Pieces,,1,,,,,,Active,New,,BATTERY | ONEPLUS ONE,,,,,,BAT-OP-4407,,,,,,,
REPLACEMENT BATTERY | ONEPLUS,,,RP-554,,ONEPLUS,REPLACEMENT PARTS,BATTERY,,,Pieces,,1,,,,,,Active,New,,BATTERY | ONEPLUS OPEN,,,,,,BAT-OP-4408,,,,,,,
REPLACEMENT BATTERY | ONEPLUS,,,RP-554,,ONEPLUS,REPLACEMENT PARTS,BATTERY,,,Pieces,,1,,,,,,Active,New,,BATTERY | ONEPLUS X,,,,,,BAT-OP-4409,,,,,,,
REPLACEMENT BATTERY | ONEPLUS ACE,,,RP-555,,ONEPLUS,REPLACEMENT PARTS,BATTERY,,,Pieces,,1,,,,,,Active,New,,BATTERY | ONEPLUS ACE,,,,,,BAT-ACE-4410,,,,,,,
REPLACEMENT BATTERY | ONEPLUS ACE,,,RP-555,,ONEPLUS,REPLACEMENT PARTS,BATTERY,,,Pieces,,1,,,,,,Active,New,,BATTERY | ONEPLUS ACE 2,,,,,,BAT-ACE-4411,,,,,,,
REPLACEMENT BATTERY | ONEPLUS ACE,,,RP-555,,ONEPLUS,REPLACEMENT PARTS,BATTERY,,,Pieces,,1,,,,,,Active,New,,BATTERY | ONEPLUS ACE 2 PRO,,,,,,BAT-ACE-4412,,,,,,,
REPLACEMENT BATTERY | ONEPLUS ACE,,,RP-555,,ONEPLUS,REPLACEMENT PARTS,BATTERY,,,Pieces,,1,,,,,,Active,New,,BATTERY | ONEPLUS ACE 2V,,,,,,BAT-ACE-4413,,,,,,,
REPLACEMENT BATTERY | ONEPLUS ACE,,,RP-555,,ONEPLUS,REPLACEMENT PARTS,BATTERY,,,Pieces,,1,,,,,,Active,New,,BATTERY | ONEPLUS ACE 3,,,,,,BAT-ACE-4414,,,,,,,
REPLACEMENT BATTERY | ONEPLUS ACE,,,RP-555,,ONEPLUS,REPLACEMENT PARTS,BATTERY,,,Pieces,,1,,,,,,Active,New,,BATTERY | ONEPLUS ACE 3 PRO,,,,,,BAT-ACE-4415,,,,,,,
REPLACEMENT BATTERY | ONEPLUS ACE,,,RP-555,,ONEPLUS,REPLACEMENT PARTS,BATTERY,,,Pieces,,1,,,,,,Active,New,,BATTERY | ONEPLUS ACE 3V,,,,,,BAT-ACE-4416,,,,,,,
REPLACEMENT BATTERY | ONEPLUS ACE,,,RP-555,,ONEPLUS,REPLACEMENT PARTS,BATTERY,,,Pieces,,1,,,,,,Active,New,,BATTERY | ONEPLUS ACE PRO,,,,,,BAT-ACE-4417,,,,,,,
REPLACEMENT BATTERY | ONEPLUS ACE,,,RP-555,,ONEPLUS,REPLACEMENT PARTS,BATTERY,,,Pieces,,1,,,,,,Active,New,,BATTERY | ONEPLUS ACE RACING EDITION,,,,,,BAT-ACE-4418,,,,,,,
REPLACEMENT BATTERY | ONEPLUS NORD,,,RP-556,,ONEPLUS,REPLACEMENT PARTS,BATTERY,,,Pieces,,1,,,,,,Active,New,,BATTERY | ONEPLUS NORD ,,,,,,BAT-OP-4419,,,,,,,
REPLACEMENT BATTERY | ONEPLUS NORD,,,RP-556,,ONEPLUS,REPLACEMENT PARTS,BATTERY,,,Pieces,,1,,,,,,Active,New,,BATTERY | ONEPLUS NORD 2,,,,,,BAT-OP-4420,,,,,,,
REPLACEMENT BATTERY | ONEPLUS NORD,,,RP-556,,ONEPLUS,REPLACEMENT PARTS,BATTERY,,,Pieces,,1,,,,,,Active,New,,BATTERY | ONEPLUS NORD 2T,,,,,,BAT-OP-4421,,,,,,,
REPLACEMENT BATTERY | ONEPLUS NORD,,,RP-556,,ONEPLUS,REPLACEMENT PARTS,BATTERY,,,Pieces,,1,,,,,,Active,New,,BATTERY | ONEPLUS NORD 3,,,,,,BAT-OP-4422,,,,,,,
REPLACEMENT BATTERY | ONEPLUS NORD,,,RP-556,,ONEPLUS,REPLACEMENT PARTS,BATTERY,,,Pieces,,1,,,,,,Active,New,,BATTERY | ONEPLUS NORD 4,,,,,,BAT-OP-4423,,,,,,,
REPLACEMENT BATTERY | ONEPLUS NORD,,,RP-556,,ONEPLUS,REPLACEMENT PARTS,BATTERY,,,Pieces,,1,,,,,,Active,New,,BATTERY | ONEPLUS NORD 4 CE,,,,,,BAT-OP-4424,,,,,,,
REPLACEMENT BATTERY | ONEPLUS NORD,,,RP-556,,ONEPLUS,REPLACEMENT PARTS,BATTERY,,,Pieces,,1,,,,,,Active,New,,BATTERY | ONEPLUS NORD CE 2,,,,,,BAT-OP-4425,,,,,,,
REPLACEMENT BATTERY | ONEPLUS NORD,,,RP-556,,ONEPLUS,REPLACEMENT PARTS,BATTERY,,,Pieces,,1,,,,,,Active,New,,BATTERY | ONEPLUS NORD CE 2 ,,,,,,BAT-OP-4426,,,,,,,
REPLACEMENT BATTERY | ONEPLUS NORD,,,RP-556,,ONEPLUS,REPLACEMENT PARTS,BATTERY,,,Pieces,,1,,,,,,Active,New,,BATTERY | ONEPLUS NORD CE 3 ,,,,,,BAT-OP-4427,,,,,,,
REPLACEMENT BATTERY | ONEPLUS NORD,,,RP-556,,ONEPLUS,REPLACEMENT PARTS,BATTERY,,,Pieces,,1,,,,,,Active,New,,BATTERY | ONEPLUS NORD CE 3 LITE 5G,,,,,,BAT-OP-4428,,,,,,,
REPLACEMENT BATTERY | ONEPLUS NORD,,,RP-556,,ONEPLUS,REPLACEMENT PARTS,BATTERY,,,Pieces,,1,,,,,,Active,New,,BATTERY | ONEPLUS NORD CE 5G,,,,,,BAT-OP-4429,,,,,,,
REPLACEMENT BATTERY | ONEPLUS NORD,,,RP-556,,ONEPLUS,REPLACEMENT PARTS,BATTERY,,,Pieces,,1,,,,,,Active,New,,BATTERY | ONEPLUS NORD N10 5G,,,,,,BAT-OP-4430,,,,,,,
REPLACEMENT BATTERY | ONEPLUS NORD,,,RP-556,,ONEPLUS,REPLACEMENT PARTS,BATTERY,,,Pieces,,1,,,,,,Active,New,,BATTERY | ONEPLUS NORD N100,,,,,,BAT-OP-4431,,,,,,,
REPLACEMENT BATTERY | ONEPLUS NORD,,,RP-556,,ONEPLUS,REPLACEMENT PARTS,BATTERY,,,Pieces,,1,,,,,,Active,New,,BATTERY | ONEPLUS NORD N200 5G,,,,,,BAT-OP-4432,,,,,,,
REPLACEMENT CHARGING FLEX | GALAXY A SERIES,,,RP-557,,SAMSUNG,REPLACEMENT PARTS,Charging flex,,,Pieces,,1,,,,,,Active,New,,CHARGING FLEX | SAMSUNG GALAXY A01 ,,,,,,CF-GAL-4433,,,,,,,
REPLACEMENT CHARGING FLEX | GALAXY A SERIES,,,RP-557,,SAMSUNG,REPLACEMENT PARTS,Charging flex,,,Pieces,,1,,,,,,Active,New,,CHARGING FLEX | SAMSUNG GALAXY A01 CORE,,,,,,CF-GAL-4434,,,,,,,
REPLACEMENT CHARGING FLEX | GALAXY A SERIES,,,RP-557,,SAMSUNG,REPLACEMENT PARTS,Charging flex,,,Pieces,,1,,,,,,Active,New,,CHARGING FLEX | SAMSUNG GALAXY A02,,,,,,CF-GAL-4435,,,,,,,
REPLACEMENT CHARGING FLEX | GALAXY A SERIES,,,RP-557,,SAMSUNG,REPLACEMENT PARTS,Charging flex,,,Pieces,,1,,,,,,Active,New,,CHARGING FLEX | SAMSUNG GALAXY A02S ,,,,,,CF-GAL-4436,,,,,,,
REPLACEMENT CHARGING FLEX | GALAXY A SERIES,,,RP-557,,SAMSUNG,REPLACEMENT PARTS,Charging flex,,,Pieces,,1,,,,,,Active,New,,CHARGING FLEX | SAMSUNG GALAXY A03,,,,,,CF-GAL-4437,,,,,,,
REPLACEMENT CHARGING FLEX | GALAXY A SERIES,,,RP-557,,SAMSUNG,REPLACEMENT PARTS,Charging flex,,,Pieces,,1,,,,,,Active,New,,CHARGING FLEX | SAMSUNG GALAXY A03 CORE ,,,,,,CF-GAL-4438,,,,,,,
REPLACEMENT CHARGING FLEX | GALAXY A SERIES,,,RP-557,,SAMSUNG,REPLACEMENT PARTS,Charging flex,,,Pieces,,1,,,,,,Active,New,,CHARGING FLEX | SAMSUNG GALAXY A03S ,,,,,,CF-GAL-4439,,,,,,,
REPLACEMENT CHARGING FLEX | GALAXY A SERIES,,,RP-557,,SAMSUNG,REPLACEMENT PARTS,Charging flex,,,Pieces,,1,,,,,,Active,New,,CHARGING FLEX | SAMSUNG GALAXY A04,,,,,,CF-GAL-4440,,,,,,,
REPLACEMENT CHARGING FLEX | GALAXY A SERIES,,,RP-557,,SAMSUNG,REPLACEMENT PARTS,Charging flex,,,Pieces,,1,,,,,,Active,New,,CHARGING FLEX | SAMSUNG GALAXY A04E,,,,,,CF-GAL-4441,,,,,,,
REPLACEMENT CHARGING FLEX | GALAXY A SERIES,,,RP-557,,SAMSUNG,REPLACEMENT PARTS,Charging flex,,,Pieces,,1,,,,,,Active,New,,CHARGING FLEX | SAMSUNG GALAXY A04S,,,,,,CF-GAL-4442,,,,,,,
REPLACEMENT CHARGING FLEX | GALAXY A SERIES,,,RP-557,,SAMSUNG,REPLACEMENT PARTS,Charging flex,,,Pieces,,1,,,,,,Active,New,,CHARGING FLEX | SAMSUNG GALAXY A05,,,,,,CF-GAL-4443,,,,,,,
REPLACEMENT CHARGING FLEX | GALAXY A SERIES,,,RP-557,,SAMSUNG,REPLACEMENT PARTS,Charging flex,,,Pieces,,1,,,,,,Active,New,,CHARGING FLEX | SAMSUNG GALAXY A05S,,,,,,CF-GAL-4444,,,,,,,
REPLACEMENT CHARGING FLEX | GALAXY A SERIES,,,RP-557,,SAMSUNG,REPLACEMENT PARTS,Charging flex,,,Pieces,,1,,,,,,Active,New,,CHARGING FLEX | SAMSUNG GALAXY A06,,,,,,CF-GAL-4445,,,,,,,
REPLACEMENT CHARGING FLEX | GALAXY A SERIES,,,RP-557,,SAMSUNG,REPLACEMENT PARTS,Charging flex,,,Pieces,,1,,,,,,Active,New,,CHARGING FLEX | SAMSUNG GALAXY A10 ,,,,,,CF-GAL-4446,,,,,,,
REPLACEMENT CHARGING FLEX | GALAXY A SERIES,,,RP-557,,SAMSUNG,REPLACEMENT PARTS,Charging flex,,,Pieces,,1,,,,,,Active,New,,CHARGING FLEX | SAMSUNG GALAXY A10 E,,,,,,CF-GAL-4447,,,,,,,
REPLACEMENT CHARGING FLEX | GALAXY A SERIES,,,RP-557,,SAMSUNG,REPLACEMENT PARTS,Charging flex,,,Pieces,,1,,,,,,Active,New,,CHARGING FLEX | SAMSUNG GALAXY A10 S,,,,,,CF-GAL-4448,,,,,,,
REPLACEMENT CHARGING FLEX | GALAXY A SERIES,,,RP-557,,SAMSUNG,REPLACEMENT PARTS,Charging flex,,,Pieces,,1,,,,,,Active,New,,CHARGING FLEX | SAMSUNG GALAXY A11,,,,,,CF-GAL-4449,,,,,,,
REPLACEMENT CHARGING FLEX | GALAXY A SERIES,,,RP-557,,SAMSUNG,REPLACEMENT PARTS,Charging flex,,,Pieces,,1,,,,,,Active,New,,CHARGING FLEX | SAMSUNG GALAXY A12,,,,,,CF-GAL-4450,,,,,,,
REPLACEMENT CHARGING FLEX | GALAXY A SERIES,,,RP-557,,SAMSUNG,REPLACEMENT PARTS,Charging flex,,,Pieces,,1,,,,,,Active,New,,CHARGING FLEX | SAMSUNG GALAXY A13 4G,,,,,,CF-GAL-4451,,,,,,,
REPLACEMENT CHARGING FLEX | GALAXY A SERIES,,,RP-557,,SAMSUNG,REPLACEMENT PARTS,Charging flex,,,Pieces,,1,,,,,,Active,New,,CHARGING FLEX | SAMSUNG GALAXY A14 4G,,,,,,CF-GAL-4452,,,,,,,
REPLACEMENT CHARGING FLEX | GALAXY A SERIES,,,RP-557,,SAMSUNG,REPLACEMENT PARTS,Charging flex,,,Pieces,,1,,,,,,Active,New,,CHARGING FLEX | SAMSUNG GALAXY A14 5G,,,,,,CF-GAL-4453,,,,,,,
REPLACEMENT CHARGING FLEX | GALAXY A SERIES,,,RP-557,,SAMSUNG,REPLACEMENT PARTS,Charging flex,,,Pieces,,1,,,,,,Active,New,,CHARGING FLEX | SAMSUNG GALAXY A15 4G,,,,,,CF-GAL-4454,,,,,,,
REPLACEMENT CHARGING FLEX | GALAXY A SERIES,,,RP-557,,SAMSUNG,REPLACEMENT PARTS,Charging flex,,,Pieces,,1,,,,,,Active,New,,CHARGING FLEX | SAMSUNG GALAXY A15 5G,,,,,,CF-GAL-4455,,,,,,,
REPLACEMENT CHARGING FLEX | GALAXY A SERIES,,,RP-557,,SAMSUNG,REPLACEMENT PARTS,Charging flex,,,Pieces,,1,,,,,,Active,New,,CHARGING FLEX | SAMSUNG GALAXY A16 5G,,,,,,CF-GAL-4456,,,,,,,
REPLACEMENT CHARGING FLEX | GALAXY A SERIES,,,RP-557,,SAMSUNG,REPLACEMENT PARTS,Charging flex,,,Pieces,,1,,,,,,Active,New,,CHARGING FLEX | SAMSUNG GALAXY A20,,,,,,CF-GAL-4457,,,,,,,
REPLACEMENT CHARGING FLEX | GALAXY A SERIES,,,RP-557,,SAMSUNG,REPLACEMENT PARTS,Charging flex,,,Pieces,,1,,,,,,Active,New,,CHARGING FLEX | SAMSUNG GALAXY A20E,,,,,,CF-GAL-4458,,,,,,,
REPLACEMENT CHARGING FLEX | GALAXY A SERIES,,,RP-557,,SAMSUNG,REPLACEMENT PARTS,Charging flex,,,Pieces,,1,,,,,,Active,New,,CHARGING FLEX | SAMSUNG GALAXY A20S,,,,,,CF-GAL-4459,,,,,,,
REPLACEMENT CHARGING FLEX | GALAXY A SERIES,,,RP-557,,SAMSUNG,REPLACEMENT PARTS,Charging flex,,,Pieces,,1,,,,,,Active,New,,CHARGING FLEX | SAMSUNG GALAXY A21,,,,,,CF-GAL-4460,,,,,,,
REPLACEMENT CHARGING FLEX | GALAXY A SERIES,,,RP-557,,SAMSUNG,REPLACEMENT PARTS,Charging flex,,,Pieces,,1,,,,,,Active,New,,CHARGING FLEX | SAMSUNG GALAXY A21S,,,,,,CF-GAL-4461,,,,,,,
REPLACEMENT CHARGING FLEX | GALAXY A SERIES,,,RP-557,,SAMSUNG,REPLACEMENT PARTS,Charging flex,,,Pieces,,1,,,,,,Active,New,,CHARGING FLEX | SAMSUNG GALAXY A22 4G,,,,,,CF-GAL-4462,,,,,,,
REPLACEMENT CHARGING FLEX | GALAXY A SERIES,,,RP-557,,SAMSUNG,REPLACEMENT PARTS,Charging flex,,,Pieces,,1,,,,,,Active,New,,CHARGING FLEX | SAMSUNG GALAXY A22 5G,,,,,,CF-GAL-4463,,,,,,,
REPLACEMENT CHARGING FLEX | GALAXY A SERIES,,,RP-557,,SAMSUNG,REPLACEMENT PARTS,Charging flex,,,Pieces,,1,,,,,,Active,New,,CHARGING FLEX | SAMSUNG GALAXY A23 4G,,,,,,CF-GAL-4464,,,,,,,
REPLACEMENT CHARGING FLEX | GALAXY A SERIES,,,RP-557,,SAMSUNG,REPLACEMENT PARTS,Charging flex,,,Pieces,,1,,,,,,Active,New,,CHARGING FLEX | SAMSUNG GALAXY A24,,,,,,CF-GAL-4465,,,,,,,
REPLACEMENT CHARGING FLEX | GALAXY A SERIES,,,RP-557,,SAMSUNG,REPLACEMENT PARTS,Charging flex,,,Pieces,,1,,,,,,Active,New,,CHARGING FLEX | SAMSUNG GALAXY A25 5G,,,,,,CF-GAL-4466,,,,,,,
REPLACEMENT CHARGING FLEX | GALAXY A SERIES,,,RP-557,,SAMSUNG,REPLACEMENT PARTS,Charging flex,,,Pieces,,1,,,,,,Active,New,,CHARGING FLEX | SAMSUNG GALAXY A30,,,,,,CF-GAL-4467,,,,,,,
REPLACEMENT CHARGING FLEX | GALAXY A SERIES,,,RP-557,,SAMSUNG,REPLACEMENT PARTS,Charging flex,,,Pieces,,1,,,,,,Active,New,,CHARGING FLEX | SAMSUNG GALAXY A30S,,,,,,CF-GAL-4468,,,,,,,
REPLACEMENT CHARGING FLEX | GALAXY A SERIES,,,RP-557,,SAMSUNG,REPLACEMENT PARTS,Charging flex,,,Pieces,,1,,,,,,Active,New,,CHARGING FLEX | SAMSUNG GALAXY A31,,,,,,CF-GAL-4469,,,,,,,
REPLACEMENT CHARGING FLEX | GALAXY A SERIES,,,RP-557,,SAMSUNG,REPLACEMENT PARTS,Charging flex,,,Pieces,,1,,,,,,Active,New,,CHARGING FLEX | SAMSUNG GALAXY A32 4G,,,,,,CF-GAL-4470,,,,,,,
REPLACEMENT CHARGING FLEX | GALAXY A SERIES,,,RP-557,,SAMSUNG,REPLACEMENT PARTS,Charging flex,,,Pieces,,1,,,,,,Active,New,,CHARGING FLEX | SAMSUNG GALAXY A32 5G,,,,,,CF-GAL-4471,,,,,,,
REPLACEMENT CHARGING FLEX | GALAXY A SERIES,,,RP-557,,SAMSUNG,REPLACEMENT PARTS,Charging flex,,,Pieces,,1,,,,,,Active,New,,CHARGING FLEX | SAMSUNG GALAXY A33 5G,,,,,,CF-GAL-4472,,,,,,,
REPLACEMENT CHARGING FLEX | GALAXY A SERIES,,,RP-557,,SAMSUNG,REPLACEMENT PARTS,Charging flex,,,Pieces,,1,,,,,,Active,New,,CHARGING FLEX | SAMSUNG GALAXY A34 5G,,,,,,CF-GAL-4473,,,,,,,
REPLACEMENT CHARGING FLEX | GALAXY A SERIES,,,RP-557,,SAMSUNG,REPLACEMENT PARTS,Charging flex,,,Pieces,,1,,,,,,Active,New,,CHARGING FLEX | SAMSUNG GALAXY A35 5G,,,,,,CF-GAL-4474,,,,,,,
REPLACEMENT CHARGING FLEX | GALAXY A SERIES,,,RP-557,,SAMSUNG,REPLACEMENT PARTS,Charging flex,,,Pieces,,1,,,,,,Active,New,,CHARGING FLEX | SAMSUNG GALAXY A36 5G,,,,,,CF-GAL-4475,,,,,,,
REPLACEMENT CHARGING FLEX | GALAXY A SERIES,,,RP-557,,SAMSUNG,REPLACEMENT PARTS,Charging flex,,,Pieces,,1,,,,,,Active,New,,CHARGING FLEX | SAMSUNG GALAXY A40,,,,,,CF-GAL-4476,,,,,,,
REPLACEMENT CHARGING FLEX | GALAXY A SERIES,,,RP-557,,SAMSUNG,REPLACEMENT PARTS,Charging flex,,,Pieces,,1,,,,,,Active,New,,CHARGING FLEX | SAMSUNG GALAXY A41,,,,,,CF-GAL-4477,,,,,,,
REPLACEMENT CHARGING FLEX | GALAXY A SERIES,,,RP-557,,SAMSUNG,REPLACEMENT PARTS,Charging flex,,,Pieces,,1,,,,,,Active,New,,CHARGING FLEX | SAMSUNG GALAXY A42 5G,,,,,,CF-GAL-4478,,,,,,,
REPLACEMENT CHARGING FLEX | GALAXY A SERIES,,,RP-557,,SAMSUNG,REPLACEMENT PARTS,Charging flex,,,Pieces,,1,,,,,,Active,New,,CHARGING FLEX | SAMSUNG GALAXY A50,,,,,,CF-GAL-4479,,,,,,,
REPLACEMENT CHARGING FLEX | GALAXY A SERIES,,,RP-557,,SAMSUNG,REPLACEMENT PARTS,Charging flex,,,Pieces,,1,,,,,,Active,New,,CHARGING FLEX | SAMSUNG GALAXY A50S,,,,,,CF-GAL-4480,,,,,,,
REPLACEMENT CHARGING FLEX | GALAXY A SERIES,,,RP-557,,SAMSUNG,REPLACEMENT PARTS,Charging flex,,,Pieces,,1,,,,,,Active,New,,CHARGING FLEX | SAMSUNG GALAXY A51,,,,,,CF-GAL-4481,,,,,,,
REPLACEMENT CHARGING FLEX | GALAXY A SERIES,,,RP-557,,SAMSUNG,REPLACEMENT PARTS,Charging flex,,,Pieces,,1,,,,,,Active,New,,CHARGING FLEX | SAMSUNG GALAXY A51 5G,,,,,,CF-GAL-4482,,,,,,,
REPLACEMENT CHARGING FLEX | GALAXY A SERIES,,,RP-557,,SAMSUNG,REPLACEMENT PARTS,Charging flex,,,Pieces,,1,,,,,,Active,New,,CHARGING FLEX | SAMSUNG GALAXY A52,,,,,,CF-GAL-4483,,,,,,,
REPLACEMENT CHARGING FLEX | GALAXY A SERIES,,,RP-557,,SAMSUNG,REPLACEMENT PARTS,Charging flex,,,Pieces,,1,,,,,,Active,New,,CHARGING FLEX | SAMSUNG GALAXY A52 5G,,,,,,CF-GAL-4484,,,,,,,
REPLACEMENT CHARGING FLEX | GALAXY A SERIES,,,RP-557,,SAMSUNG,REPLACEMENT PARTS,Charging flex,,,Pieces,,1,,,,,,Active,New,,CHARGING FLEX | SAMSUNG GALAXY A52S 5,,,,,,CF-GAL-4485,,,,,,,
REPLACEMENT CHARGING FLEX | GALAXY A SERIES,,,RP-557,,SAMSUNG,REPLACEMENT PARTS,Charging flex,,,Pieces,,1,,,,,,Active,New,,CHARGING FLEX | SAMSUNG GALAXY A53 5G,,,,,,CF-GAL-4486,,,,,,,
REPLACEMENT CHARGING FLEX | GALAXY A SERIES,,,RP-557,,SAMSUNG,REPLACEMENT PARTS,Charging flex,,,Pieces,,1,,,,,,Active,New,,CHARGING FLEX | SAMSUNG GALAXY A54 5G,,,,,,CF-GAL-4487,,,,,,,
REPLACEMENT CHARGING FLEX | GALAXY A SERIES,,,RP-557,,SAMSUNG,REPLACEMENT PARTS,Charging flex,,,Pieces,,1,,,,,,Active,New,,CHARGING FLEX | SAMSUNG GALAXY A55 5G,,,,,,CF-GAL-4488,,,,,,,
REPLACEMENT CHARGING FLEX | GALAXY A SERIES,,,RP-557,,SAMSUNG,REPLACEMENT PARTS,Charging flex,,,Pieces,,1,,,,,,Active,New,,CHARGING FLEX | SAMSUNG GALAXY A56 5G,,,,,,CF-GAL-4489,,,,,,,
REPLACEMENT CHARGING FLEX | GALAXY A SERIES,,,RP-557,,SAMSUNG,REPLACEMENT PARTS,Charging flex,,,Pieces,,1,,,,,,Active,New,,CHARGING FLEX | SAMSUNG GALAXY A70,,,,,,CF-GAL-4490,,,,,,,
REPLACEMENT CHARGING FLEX | GALAXY A SERIES,,,RP-557,,SAMSUNG,REPLACEMENT PARTS,Charging flex,,,Pieces,,1,,,,,,Active,New,,CHARGING FLEX | SAMSUNG GALAXY A70S,,,,,,CF-GAL-4491,,,,,,,
REPLACEMENT CHARGING FLEX | GALAXY A SERIES,,,RP-557,,SAMSUNG,REPLACEMENT PARTS,Charging flex,,,Pieces,,1,,,,,,Active,New,,CHARGING FLEX | SAMSUNG GALAXY A71,,,,,,CF-GAL-4492,,,,,,,
REPLACEMENT CHARGING FLEX | GALAXY A SERIES,,,RP-557,,SAMSUNG,REPLACEMENT PARTS,Charging flex,,,Pieces,,1,,,,,,Active,New,,CHARGING FLEX | SAMSUNG GALAXY A71 5G,,,,,,CF-GAL-4493,,,,,,,
REPLACEMENT CHARGING FLEX | GALAXY A SERIES,,,RP-557,,SAMSUNG,REPLACEMENT PARTS,Charging flex,,,Pieces,,1,,,,,,Active,New,,CHARGING FLEX | SAMSUNG GALAXY A72,,,,,,CF-GAL-4494,,,,,,,
REPLACEMENT CHARGING FLEX | GALAXY A SERIES,,,RP-557,,SAMSUNG,REPLACEMENT PARTS,Charging flex,,,Pieces,,1,,,,,,Active,New,,CHARGING FLEX | SAMSUNG GALAXY A73 5G,,,,,,CF-GAL-4495,,,,,,,
REPLACEMENT CHARGING FLEX | GALAXY A SERIES,,,RP-557,,SAMSUNG,REPLACEMENT PARTS,Charging flex,,,Pieces,,1,,,,,,Active,New,,CHARGING FLEX | SAMSUNG GALAXY A80,,,,,,CF-GAL-4496,,,,,,,
REPLACEMENT CHARGING FLEX | GALAXY A SERIES,,,RP-557,,SAMSUNG,REPLACEMENT PARTS,Charging flex,,,Pieces,,1,,,,,,Active,New,,CHARGING FLEX | SAMSUNG GALAXY A90 5G,,,,,,CF-GAL-4497,,,,,,,
REPLACEMENT CHARGING FLEX | GALAXY S SERIES,,,RP-558,,TECH HEAVEN,REPLACEMENT PARTS,Charging flex,,,Pieces,,1,,,,,,Active,New,,CHARGING FLEX | GALAXY S10 ,,,,,,CF-GAL-4498,,,,,,,
REPLACEMENT CHARGING FLEX | GALAXY S SERIES,,,RP-558,,TECH HEAVEN,REPLACEMENT PARTS,Charging flex,,,Pieces,,1,,,,,,Active,New,,CHARGING FLEX | GALAXY S10 5G,,,,,,CF-GAL-4499,,,,,,,
REPLACEMENT CHARGING FLEX | GALAXY S SERIES,,,RP-558,,SAMSUNG,REPLACEMENT PARTS,Charging flex,,,Pieces,,1,,,,,,Active,New,,CHARGING FLEX | GALAXY S10+,,,,,,CF-GAL-4500,,,,,,,
REPLACEMENT CHARGING FLEX | GALAXY S SERIES,,,RP-558,,SAMSUNG,REPLACEMENT PARTS,Charging flex,,,Pieces,,1,,,,,,Active,New,,CHARGING FLEX | GALAXY S10E,,,,,,CF-GAL-4501,,,,,,,
REPLACEMENT CHARGING FLEX | GALAXY S SERIES,,,RP-558,,SAMSUNG,REPLACEMENT PARTS,Charging flex,,,Pieces,,1,,,,,,Active,New,,CHARGING FLEX | GALAXY S20,,,,,,CF-GAL-4502,,,,,,,
REPLACEMENT CHARGING FLEX | GALAXY S SERIES,,,RP-558,,TECH HEAVEN,REPLACEMENT PARTS,Charging flex,,,Pieces,,1,,,,,,Active,New,,CHARGING FLEX | GALAXY S20 FE,,,,,,CF-GAL-4503,,,,,,,
REPLACEMENT CHARGING FLEX | GALAXY S SERIES,,,RP-558,,SAMSUNG,REPLACEMENT PARTS,Charging flex,,,Pieces,,1,,,,,,Active,New,,CHARGING FLEX | GALAXY S20 ULTRA,,,,,,CF-GAL-4504,,,,,,,
REPLACEMENT CHARGING FLEX | GALAXY S SERIES,,,RP-558,,SAMSUNG,REPLACEMENT PARTS,Charging flex,,,Pieces,,1,,,,,,Active,New,,CHARGING FLEX | GALAXY S20+,,,,,,CF-GAL-4505,,,,,,,
REPLACEMENT CHARGING FLEX | GALAXY S SERIES,,,RP-558,,SAMSUNG,REPLACEMENT PARTS,Charging flex,,,Pieces,,1,,,,,,Active,New,,CHARGING FLEX | GALAXY S21,,,,,,CF-GAL-4506,,,,,,,
REPLACEMENT CHARGING FLEX | GALAXY S SERIES,,,RP-558,,SAMSUNG,REPLACEMENT PARTS,Charging flex,,,Pieces,,1,,,,,,Active,New,,CHARGING FLEX | GALAXY S21 FE,,,,,,CF-GAL-4507,,,,,,,
REPLACEMENT CHARGING FLEX | GALAXY S SERIES,,,RP-558,,SAMSUNG,REPLACEMENT PARTS,Charging flex,,,Pieces,,1,,,,,,Active,New,,CHARGING FLEX | GALAXY S21 ULTRA,,,,,,CF-GAL-4508,,,,,,,
REPLACEMENT CHARGING FLEX | GALAXY S SERIES,,,RP-558,,SAMSUNG,REPLACEMENT PARTS,Charging flex,,,Pieces,,1,,,,,,Active,New,,CHARGING FLEX | GALAXY S21+,,,,,,CF-GAL-4509,,,,,,,
REPLACEMENT CHARGING FLEX | GALAXY S SERIES,,,RP-558,,SAMSUNG,REPLACEMENT PARTS,Charging flex,,,Pieces,,1,,,,,,Active,New,,CHARGING FLEX | GALAXY S22,,,,,,CF-GAL-4510,,,,,,,
REPLACEMENT CHARGING FLEX | GALAXY S SERIES,,,RP-558,,SAMSUNG,REPLACEMENT PARTS,Charging flex,,,Pieces,,1,,,,,,Active,New,,CHARGING FLEX | GALAXY S22 ULTRA,,,,,,CF-GAL-4511,,,,,,,
REPLACEMENT CHARGING FLEX | GALAXY S SERIES,,,RP-558,,SAMSUNG,REPLACEMENT PARTS,Charging flex,,,Pieces,,1,,,,,,Active,New,,CHARGING FLEX | GALAXY S22+,,,,,,CF-GAL-4512,,,,,,,
REPLACEMENT CHARGING FLEX | GALAXY S SERIES,,,RP-558,,SAMSUNG,REPLACEMENT PARTS,Charging flex,,,Pieces,,1,,,,,,Active,New,,CHARGING FLEX | GALAXY S23,,,,,,CF-GAL-4513,,,,,,,
REPLACEMENT CHARGING FLEX | GALAXY S SERIES,,,RP-558,,SAMSUNG,REPLACEMENT PARTS,Charging flex,,,Pieces,,1,,,,,,Active,New,,CHARGING FLEX | GALAXY S23 FE,,,,,,CF-GAL-4514,,,,,,,
REPLACEMENT CHARGING FLEX | GALAXY S SERIES,,,RP-558,,SAMSUNG,REPLACEMENT PARTS,Charging flex,,,Pieces,,1,,,,,,Active,New,,CHARGING FLEX | GALAXY S23 ULTRA,,,,,,CF-GAL-4515,,,,,,,
REPLACEMENT CHARGING FLEX | GALAXY S SERIES,,,RP-558,,SAMSUNG,REPLACEMENT PARTS,Charging flex,,,Pieces,,1,,,,,,Active,New,,CHARGING FLEX | GALAXY S23+,,,,,,CF-GAL-4516,,,,,,,
REPLACEMENT CHARGING FLEX | GALAXY S SERIES,,,RP-558,,SAMSUNG,REPLACEMENT PARTS,Charging flex,,,Pieces,,1,,,,,,Active,New,,CHARGING FLEX | GALAXY S24,,,,,,CF-GAL-4517,,,,,,,
REPLACEMENT CHARGING FLEX | GALAXY S SERIES,,,RP-558,,SAMSUNG,REPLACEMENT PARTS,Charging flex,,,Pieces,,1,,,,,,Active,New,,CHARGING FLEX | GALAXY S24 ULTRA,,,,,,CF-GAL-4518,,,,,,,
REPLACEMENT CHARGING FLEX | GALAXY S SERIES,,,RP-558,,SAMSUNG,REPLACEMENT PARTS,Charging flex,,,Pieces,,1,,,,,,Active,New,,CHARGING FLEX | GALAXY S24+,,,,,,CF-GAL-4519,,,,,,,
REPLACEMENT CHARGING FLEX | GALAXY S SERIES,,,RP-558,,SAMSUNG,REPLACEMENT PARTS,Charging flex,,,Pieces,,1,,,,,,Active,New,,CHARGING FLEX | GALAXY S25,,,,,,CF-GAL-4520,,,,,,,
REPLACEMENT CHARGING FLEX | GALAXY S SERIES,,,RP-558,,SAMSUNG,REPLACEMENT PARTS,Charging flex,,,Pieces,,1,,,,,,Active,New,,CHARGING FLEX | GALAXY S25 ULTRA,,,,,,CF-GAL-4521,,,,,,,
REPLACEMENT CHARGING FLEX | GALAXY S SERIES,,,RP-558,,SAMSUNG,REPLACEMENT PARTS,Charging flex,,,Pieces,,1,,,,,,Active,New,,CHARGING FLEX | GALAXY S25+,,,,,,CF-GAL-4522,,,,,,,
REPLACEMENT CHARGING FLEX | GALAXY S SERIES,,,RP-558,,SAMSUNG,REPLACEMENT PARTS,Charging flex,,,Pieces,,1,,,,,,Active,New,,CHARGING FLEX | GALAXY S26,,,,,,CF-GAL-4523,,,,,,,
REPLACEMENT CHARGING FLEX | GALAXY S SERIES,,,RP-558,,SAMSUNG,REPLACEMENT PARTS,Charging flex,,,Pieces,,1,,,,,,Active,New,,CHARGING FLEX | GALAXY S26 ULTRA,,,,,,CF-GAL-4524,,,,,,,
REPLACEMENT CHARGING FLEX | GALAXY S SERIES,,,RP-558,,SAMSUNG,REPLACEMENT PARTS,Charging flex,,,Pieces,,1,,,,,,Active,New,,CHARGING FLEX | GALAXY S26 ULTRA+,,,,,,CF-GAL-4525,,,,,,,
REPLACEMENT CHARGING FLEX | GALAXY S SERIES,,,RP-558,,SAMSUNG,REPLACEMENT PARTS,Charging flex,,,Pieces,,1,,,,,,Active,New,,CHARGING FLEX | GALAXY S7,,,,,,CF-GAL-4526,,,,,,,
REPLACEMENT CHARGING FLEX | GALAXY S SERIES,,,RP-558,,SAMSUNG,REPLACEMENT PARTS,Charging flex,,,Pieces,,1,,,,,,Active,New,,CHARGING FLEX | GALAXY S7 EDGE,,,,,,CF-GAL-4527,,,,,,,
REPLACEMENT CHARGING FLEX | GALAXY S SERIES,,,RP-558,,SAMSUNG,REPLACEMENT PARTS,Charging flex,,,Pieces,,1,,,,,,Active,New,,CHARGING FLEX | GALAXY S8,,,,,,CF-GAL-4528,,,,,,,
REPLACEMENT CHARGING FLEX | GALAXY S SERIES,,,RP-558,,SAMSUNG,REPLACEMENT PARTS,Charging flex,,,Pieces,,1,,,,,,Active,New,,CHARGING FLEX | GALAXY S8+,,,,,,CF-GAL-4529,,,,,,,
REPLACEMENT CHARGING FLEX | GALAXY S SERIES,,,RP-558,,SAMSUNG,REPLACEMENT PARTS,Charging flex,,,Pieces,,1,,,,,,Active,New,,CHARGING FLEX | GALAXY S9,,,,,,CF-GAL-4530,,,,,,,
REPLACEMENT CHARGING FLEX | GALAXY S SERIES,,,RP-558,,SAMSUNG,REPLACEMENT PARTS,Charging flex,,,Pieces,,1,,,,,,Active,New,,CHARGING FLEX | GALAXY S9+,,,,,,CF-GAL-4531,,,,,,,
REPLACEMENT CHARGING FLEX | GALAXY TAB,,,RP-559,,SAMSUNG,REPLACEMENT PARTS,Charging flex,,,Pieces,,1,,,,,,Active,New,,CHARGING FLEX | GALAXY TAB 2 7.0,,,,,,CF-GAL-4532,,,,,,,
REPLACEMENT CHARGING FLEX | GALAXY TAB,,,RP-559,,SAMSUNG,REPLACEMENT PARTS,Charging flex,,,Pieces,,1,,,,,,Active,New,,CHARGING FLEX | GALAXY TAB 3 7.0,,,,,,CF-GAL-4533,,,,,,,
REPLACEMENT CHARGING FLEX | GALAXY TAB,,,RP-559,,SAMSUNG,REPLACEMENT PARTS,Charging flex,,,Pieces,,1,,,,,,Active,New,,CHARGING FLEX | GALAXY TAB 4 10.1,,,,,,CF-GAL-4534,,,,,,,
REPLACEMENT CHARGING FLEX | GALAXY TAB,,,RP-559,,SAMSUNG,REPLACEMENT PARTS,Charging flex,,,Pieces,,1,,,,,,Active,New,,CHARGING FLEX | GALAXY TAB 7.0,,,,,,CF-GAL-4535,,,,,,,
REPLACEMENT CHARGING FLEX | GALAXY TAB,,,RP-559,,SAMSUNG,REPLACEMENT PARTS,Charging flex,,,Pieces,,1,,,,,,Active,New,,CHARGING FLEX | GALAXY TAB A 10.1,,,,,,CF-GAL-4536,,,,,,,
REPLACEMENT CHARGING FLEX | GALAXY TAB,,,RP-559,,SAMSUNG,REPLACEMENT PARTS,Charging flex,,,Pieces,,1,,,,,,Active,New,,CHARGING FLEX | GALAXY TAB A7 ,,,,,,CF-GAL-4537,,,,,,,
REPLACEMENT CHARGING FLEX | GALAXY TAB,,,RP-559,,SAMSUNG,REPLACEMENT PARTS,Charging flex,,,Pieces,,1,,,,,,Active,New,,CHARGING FLEX | GALAXY TAB A7 LITE,,,,,,CF-GAL-4538,,,,,,,
REPLACEMENT CHARGING FLEX | GALAXY TAB,,,RP-559,,SAMSUNG,REPLACEMENT PARTS,Charging flex,,,Pieces,,1,,,,,,Active,New,,CHARGING FLEX | GALAXY TAB A8,,,,,,CF-GAL-4539,,,,,,,
REPLACEMENT CHARGING FLEX | GALAXY TAB,,,RP-559,,SAMSUNG,REPLACEMENT PARTS,Charging flex,,,Pieces,,1,,,,,,Active,New,,CHARGING FLEX | GALAXY TAB A9,,,,,,CF-GAL-4540,,,,,,,
REPLACEMENT CHARGING FLEX | GALAXY TAB,,,RP-559,,SAMSUNG,REPLACEMENT PARTS,Charging flex,,,Pieces,,1,,,,,,Active,New,,CHARGING FLEX | GALAXY TAB A9+,,,,,,CF-GAL-4541,,,,,,,
REPLACEMENT CHARGING FLEX | GALAXY TAB,,,RP-559,,SAMSUNG,REPLACEMENT PARTS,Charging flex,,,Pieces,,1,,,,,,Active,New,,CHARGING FLEX | GALAXY TAB S,,,,,,CF-GAL-4542,,,,,,,
REPLACEMENT CHARGING FLEX | GALAXY TAB,,,RP-559,,SAMSUNG,REPLACEMENT PARTS,Charging flex,,,Pieces,,1,,,,,,Active,New,,CHARGING FLEX | GALAXY TAB S10,,,,,,CF-GAL-4543,,,,,,,
REPLACEMENT CHARGING FLEX | GALAXY TAB,,,RP-559,,SAMSUNG,REPLACEMENT PARTS,Charging flex,,,Pieces,,1,,,,,,Active,New,,CHARGING FLEX | GALAXY TAB S10+,,,,,,CF-GAL-4544,,,,,,,
REPLACEMENT CHARGING FLEX | GALAXY TAB,,,RP-559,,SAMSUNG,REPLACEMENT PARTS,Charging flex,,,Pieces,,1,,,,,,Active,New,,CHARGING FLEX | GALAXY TAB S2,,,,,,CF-GAL-4545,,,,,,,
REPLACEMENT CHARGING FLEX | GALAXY TAB,,,RP-559,,SAMSUNG,REPLACEMENT PARTS,Charging flex,,,Pieces,,1,,,,,,Active,New,,CHARGING FLEX | GALAXY TAB S3,,,,,,CF-GAL-4546,,,,,,,
REPLACEMENT CHARGING FLEX | GALAXY TAB,,,RP-559,,SAMSUNG,REPLACEMENT PARTS,Charging flex,,,Pieces,,1,,,,,,Active,New,,CHARGING FLEX | GALAXY TAB S4,,,,,,CF-GAL-4547,,,,,,,
REPLACEMENT CHARGING FLEX | GALAXY TAB,,,RP-559,,SAMSUNG,REPLACEMENT PARTS,Charging flex,,,Pieces,,1,,,,,,Active,New,,CHARGING FLEX | GALAXY TAB S5E,,,,,,CF-GAL-4548,,,,,,,
REPLACEMENT CHARGING FLEX | GALAXY TAB,,,RP-559,,SAMSUNG,REPLACEMENT PARTS,Charging flex,,,Pieces,,1,,,,,,Active,New,,CHARGING FLEX | GALAXY TAB S6,,,,,,CF-GAL-4549,,,,,,,
REPLACEMENT CHARGING FLEX | GALAXY TAB,,,RP-559,,SAMSUNG,REPLACEMENT PARTS,Charging flex,,,Pieces,,1,,,,,,Active,New,,CHARGING FLEX | GALAXY TAB S7,,,,,,CF-GAL-4550,,,,,,,
REPLACEMENT CHARGING FLEX | GALAXY TAB,,,RP-559,,SAMSUNG,REPLACEMENT PARTS,Charging flex,,,Pieces,,1,,,,,,Active,New,,CHARGING FLEX | GALAXY TAB S7+,,,,,,CF-GAL-4551,,,,,,,
REPLACEMENT CHARGING FLEX | GALAXY TAB,,,RP-559,,SAMSUNG,REPLACEMENT PARTS,Charging flex,,,Pieces,,1,,,,,,Active,New,,CHARGING FLEX | GALAXY TAB S8,,,,,,CF-GAL-4552,,,,,,,
REPLACEMENT CHARGING FLEX | GALAXY TAB,,,RP-559,,SAMSUNG,REPLACEMENT PARTS,Charging flex,,,Pieces,,1,,,,,,Active,New,,CHARGING FLEX | GALAXY TAB S8 ULTRA,,,,,,CF-GAL-4553,,,,,,,
REPLACEMENT CHARGING FLEX | GALAXY TAB,,,RP-559,,SAMSUNG,REPLACEMENT PARTS,Charging flex,,,Pieces,,1,,,,,,Active,New,,CHARGING FLEX | GALAXY TAB S8+,,,,,,CF-GAL-4554,,,,,,,
REPLACEMENT CHARGING FLEX | GALAXY TAB,,,RP-559,,SAMSUNG,REPLACEMENT PARTS,Charging flex,,,Pieces,,1,,,,,,Active,New,,CHARGING FLEX | GALAXY TAB S9,,,,,,CF-GAL-4555,,,,,,,
REPLACEMENT CHARGING FLEX | GALAXY TAB,,,RP-559,,SAMSUNG,REPLACEMENT PARTS,Charging flex,,,Pieces,,1,,,,,,Active,New,,CHARGING FLEX | GALAXY TAB S9 FE,,,,,,CF-GAL-4556,,,,,,,
REPLACEMENT CHARGING FLEX | GALAXY TAB,,,RP-559,,SAMSUNG,REPLACEMENT PARTS,Charging flex,,,Pieces,,1,,,,,,Active,New,,CHARGING FLEX | GALAXY TAB S9 ULTA,,,,,,CF-GAL-4557,,,,,,,
REPLACEMENT CHARGING FLEX | GALAXY TAB,,,RP-559,,SAMSUNG,REPLACEMENT PARTS,Charging flex,,,Pieces,,1,,,,,,Active,New,,CHARGING FLEX | GALAXY TAB S9+,,,,,,CF-GAL-4558,,,,,,,
REPLACEMENT CHARGING FLEX | GALAXY Z FLIP,,,RP-560,,SAMSUNG,REPLACEMENT PARTS,Charging flex,,,Pieces,,1,,,,,,Active,New,,CHARGING FLEX | SAMSUNG GALAXY Z FLIP ,,,,,,CF-GAL-4559,,,,,,,
REPLACEMENT CHARGING FLEX | GALAXY Z FLIP,,,RP-560,,SAMSUNG,REPLACEMENT PARTS,Charging flex,,,Pieces,,1,,,,,,Active,New,,CHARGING FLEX | SAMSUNG GALAXY Z FLIP 3 ,,,,,,CF-GAL-4560,,,,,,,
REPLACEMENT CHARGING FLEX | GALAXY Z FLIP,,,RP-560,,SAMSUNG,REPLACEMENT PARTS,Charging flex,,,Pieces,,1,,,,,,Active,New,,CHARGING FLEX | SAMSUNG GALAXY Z FLIP 4 ,,,,,,CF-GAL-4561,,,,,,,
REPLACEMENT CHARGING FLEX | GALAXY Z FLIP,,,RP-560,,SAMSUNG,REPLACEMENT PARTS,Charging flex,,,Pieces,,1,,,,,,Active,New,,CHARGING FLEX | SAMSUNG GALAXY Z FLIP 5 ,,,,,,CF-GAL-4562,,,,,,,
REPLACEMENT CHARGING FLEX | GALAXY Z FLIP,,,RP-560,,SAMSUNG,REPLACEMENT PARTS,Charging flex,,,Pieces,,1,,,,,,Active,New,,CHARGING FLEX | SAMSUNG GALAXY Z FLIP 6,,,,,,CF-GAL-4563,,,,,,,
REPLACEMENT CHARGING FLEX | GALAXY Z FOLD,,,RP-561,,SAMSUNG,REPLACEMENT PARTS,Charging flex,,,Pieces,,1,,,,,,Active,New,,CHARGING FLEX | SAMSUNG GALAXY Z FOLD 2 ,,,,,,CF-GAL-4564,,,,,,,
REPLACEMENT CHARGING FLEX | GALAXY Z FOLD,,,RP-561,,SAMSUNG,REPLACEMENT PARTS,Charging flex,,,Pieces,,1,,,,,,Active,New,,CHARGING FLEX | SAMSUNG GALAXY Z FOLD 3 ,,,,,,CF-GAL-4565,,,,,,,
REPLACEMENT CHARGING FLEX | GALAXY Z FOLD,,,RP-561,,SAMSUNG,REPLACEMENT PARTS,Charging flex,,,Pieces,,1,,,,,,Active,New,,CHARGING FLEX | SAMSUNG GALAXY Z FOLD 4 ,,,,,,CF-GAL-4566,,,,,,,
REPLACEMENT CHARGING FLEX | GALAXY Z FOLD,,,RP-561,,SAMSUNG,REPLACEMENT PARTS,Charging flex,,,Pieces,,1,,,,,,Active,New,,CHARGING FLEX | SAMSUNG GALAXY Z FOLD 5 ,,,,,,CF-GAL-4567,,,,,,,
REPLACEMENT CHARGING FLEX | GALAXY Z FOLD,,,RP-561,,SAMSUNG,REPLACEMENT PARTS,Charging flex,,,Pieces,,1,,,,,,Active,New,,CHARGING FLEX | SAMSUNG GALAXY Z FOLD 6 ,,,,,,CF-GAL-4568,,,,,,,
REPLACEMENT CHARGING FLEX | NOTE,,,RP-562,,SAMSUNG,REPLACEMENT PARTS,Charging flex,,,Pieces,,1,,,,,,Active,New,,CHARGING FLEX | SAMSUNG GALAXY NOTE 20,,,,,,CF-NOTE-4569,,,,,,,
REPLACEMENT CHARGING PORT FLEX | IPAD,,,RP-563,,TECH HEAVEN,REPLACEMENT PARTS,CHARGING PORT FLEX,,,Pieces,,1,,,,,,Active,New,,"CHARGING PORT FLEX | IPAD (10TH) 10.9"" – A2696 (WI-FI)",,,,,,CPF-IPAD-4570,,,,,,,
REPLACEMENT CHARGING PORT FLEX | IPAD,,,RP-563,,TECH HEAVEN,REPLACEMENT PARTS,,,,Pieces,,1,,,,,,Active,New,,"CHARGING PORT FLEX | IPAD (10TH) 10.9"" – A2757 (WI-FI + CELLULAR)",,,,,,CPF-IPAD-4571,,,,,,,
REPLACEMENT CHARGING PORT FLEX | IPAD,,,RP-563,,TECH HEAVEN,REPLACEMENT PARTS,,,,Pieces,,1,,,,,,Active,New,,CHARGING PORT FLEX | IPAD (5TH) – A1823 (WI-FI + CELLULAR),,,,,,CPF-IPAD-4572,,,,,,,
REPLACEMENT CHARGING PORT FLEX | IPAD,,,RP-563,,TECH HEAVEN,REPLACEMENT PARTS,,,,Pieces,,1,,,,,,Active,New,,CHARGING PORT FLEX | IPAD (6TH) – A1893 (WI-FI),,,,,,CPF-IPAD-4573,,,,,,,
REPLACEMENT CHARGING PORT FLEX | IPAD,,,RP-563,,TECH HEAVEN,REPLACEMENT PARTS,CHARGING PORT FLEX,,,Pieces,,1,,,,,,Active,New,,"CHARGING PORT FLEX | IPAD (7TH) 10.2"" – A2197 (WI-FI)",,,,,,CPF-IPAD-4574,,,,,,,
REPLACEMENT CHARGING PORT FLEX | IPAD,,,RP-563,,TECH HEAVEN,REPLACEMENT PARTS,,,,Pieces,,1,,,,,,Active,New,,"CHARGING PORT FLEX | IPAD (7TH) 10.2"" – A2198 (WI-FI + CELLULAR)",,,,,,CPF-IPAD-4575,,,,,,,
REPLACEMENT CHARGING PORT FLEX | IPAD,,,RP-563,,TECH HEAVEN,REPLACEMENT PARTS,,,,Pieces,,1,,,,,,Active,New,,"CHARGING PORT FLEX | IPAD (7TH) 10.2"" – A2200 (WI-FI + CELLULAR)",,,,,,CPF-IPAD-4576,,,,,,,
REPLACEMENT CHARGING PORT FLEX | IPAD,,,RP-563,,TECH HEAVEN,REPLACEMENT PARTS,,,,Pieces,,1,,,,,,Active,New,,"CHARGING PORT FLEX | IPAD 11"" (11TH) – A3354",,,,,,CPF-IPAD-4577,,,,,,,
REPLACEMENT CHARGING PORT FLEX | IPAD,,,RP-563,,TECH HEAVEN,REPLACEMENT PARTS,CHARGING PORT FLEX,,,Pieces,,1,,,,,,Active,New,,"CHARGING PORT FLEX | IPAD 11"" (11TH) – A3355",,,,,,CPF-IPAD-4578,,,,,,,
REPLACEMENT CHARGING PORT FLEX | IPAD,,,RP-563,,TECH HEAVEN,REPLACEMENT PARTS,,,,Pieces,,1,,,,,,Active,New,,"CHARGING PORT FLEX | IPAD 11"" (11TH) – A3356",,,,,,CPF-IPAD-4579,,,,,,,
REPLACEMENT CHARGING PORT FLEX | IPAD,,,RP-563,,TECH HEAVEN,REPLACEMENT PARTS,CHARGING PORT FLEX,,,Pieces,,1,,,,,,Active,New,,CHARGING PORT FLEX | IPAD 8TH GEN,,,,,,CPF-IPAD-4580,,,,,,,
REPLACEMENT CHARGING PORT FLEX | IPAD,,,RP-563,,TECH HEAVEN,REPLACEMENT PARTS,CHARGING PORT FLEX,,,Pieces,,1,,,,,,Active,New,,CHARGING PORT FLEX | IPAD 9TH GEN,,,,,,CPF-IPAD-4581,,,,,,,
REPLACEMENT CHARGING PORT FLEX | IPAD AIR,,,RP-564,,TECH HEAVEN,REPLACEMENT PARTS,CHARGING PORT FLEX,,,Pieces,,1,,,,,,Active,New,,CHARGING PORT FLEX | IPAD AIR (1ST) – A1474 (WI-FI),,,,,,CPF-IPAD-4582,,,,,,,
REPLACEMENT CHARGING PORT FLEX | IPAD AIR,,,RP-564,,TECH HEAVEN,REPLACEMENT PARTS,CHARGING PORT FLEX,,,Pieces,,1,,,,,,Active,New,,"CHARGING PORT FLEX | IPAD AIR (2ND) 9.7"" – A1566 (WI-FI)",,,,,,CPF-IPAD-4583,,,,,,,
REPLACEMENT CHARGING PORT FLEX | IPAD AIR,,,RP-564,,TECH HEAVEN,REPLACEMENT PARTS,,,,Pieces,,1,,,,,,Active,New,,"CHARGING PORT FLEX | IPAD AIR (2ND) 9.7"" – A1567 (WI-FI + CELLULAR)",,,,,,CPF-IPAD-4584,,,,,,,
REPLACEMENT CHARGING PORT FLEX | IPAD AIR,,,RP-564,,TECH HEAVEN,REPLACEMENT PARTS,CHARGING PORT FLEX,,,Pieces,,1,,,,,,Active,New,,"CHARGING PORT FLEX | IPAD AIR (4TH) 10.9"" – A2316 (WI-FI)",,,,,,CPF-IPAD-4585,,,,,,,
REPLACEMENT CHARGING PORT FLEX | IPAD AIR,,,RP-564,,TECH HEAVEN,REPLACEMENT PARTS,,,,Pieces,,1,,,,,,Active,New,,"CHARGING PORT FLEX | IPAD AIR (4TH) 10.9"" – A2324 (WI-FI + CELLULAR)",,,,,,CPF-IPAD-4586,,,,,,,
REPLACEMENT CHARGING PORT FLEX | IPAD AIR,,,RP-564,,TECH HEAVEN,REPLACEMENT PARTS,CHARGING PORT FLEX,,,Pieces,,1,,,,,,Active,New,,"CHARGING PORT FLEX | IPAD AIR 11"" (M2) – A2902 (WI-FI)",,,,,,CPF-IPAD-4587,,,,,,,
REPLACEMENT CHARGING PORT FLEX | IPAD AIR,,,RP-564,,TECH HEAVEN,REPLACEMENT PARTS,,,,Pieces,,1,,,,,,Active,New,,"CHARGING PORT FLEX | IPAD AIR 11"" (M2) – A2903 (WI-FI + CELLULAR)",,,,,,CPF-IPAD-4588,,,,,,,
REPLACEMENT CHARGING PORT FLEX | IPAD AIR,,,RP-564,,TECH HEAVEN,REPLACEMENT PARTS,,,,Pieces,,1,,,,,,Active,New,,"CHARGING PORT FLEX | IPAD AIR 11"" (M2) – A2904 (WI-FI + CELLULAR)",,,,,,CPF-IPAD-4589,,,,,,,
REPLACEMENT CHARGING PORT FLEX | IPAD AIR,,,RP-564,,TECH HEAVEN,REPLACEMENT PARTS,CHARGING PORT FLEX,,,Pieces,,1,,,,,,Active,New,,CHARGING PORT FLEX | IPAD AIR 11? 2025A3267,,,,,,CPF-IPAD-4590,,,,,,,
REPLACEMENT CHARGING PORT FLEX | IPAD AIR,,,RP-564,,TECH HEAVEN,REPLACEMENT PARTS,CHARGING PORT FLEX,,,Pieces,,1,,,,,,Active,New,,"CHARGING PORT FLEX | IPAD AIR 13"" (M2) – A2898 (WI-FI)",,,,,,CPF-IPAD-4591,,,,,,,
REPLACEMENT CHARGING PORT FLEX | IPAD AIR,,,RP-564,,TECH HEAVEN,REPLACEMENT PARTS,,,,Pieces,,1,,,,,,Active,New,,"CHARGING PORT FLEX | IPAD AIR 13"" (M2) – A2899 (WI-FI + CELLULAR)",,,,,,CPF-IPAD-4592,,,,,,,
REPLACEMENT CHARGING PORT FLEX | IPAD AIR,,,RP-564,,TECH HEAVEN,REPLACEMENT PARTS,CHARGING PORT FLEX,,,Pieces,,1,,,,,,Active,New,,CHARGING PORT FLEX | IPAD AIR 13? 2025A3269,,,,,,CPF-IPAD-4593,,,,,,,
REPLACEMENT CHARGING PORT FLEX | IPAD AIR,,,RP-564,,TECH HEAVEN,REPLACEMENT PARTS,CHARGING PORT FLEX,,,Pieces,,1,,,,,,Active,New,,CHARGING PORT FLEX | IPAD AIR 3 10.5” 2019,,,,,,CPF-IPAD-4594,,,,,,,
REPLACEMENT CHARGING PORT FLEX | IPAD AIR,,,RP-564,,TECH HEAVEN,REPLACEMENT PARTS,CHARGING PORT FLEX,,,Pieces,,1,,,,,,Active,New,,CHARGING PORT FLEX | IPAD AIR 5 10.9” 2022,,,,,,CPF-IPAD-4595,,,,,,,
REPLACEMENT CHARGING PORT FLEX | IPAD AIR,,,RP-564,,TECH HEAVEN,REPLACEMENT PARTS,CHARGING PORT FLEX,,,Pieces,,1,,,,,,Active,New,,CHARGING PORT FLEX | IPAD AIR 9.7? 2013A1474,,,,,,CPF-IPAD-4596,,,,,,,
REPLACEMENT CHARGING PORT FLEX | IPAD MINI,,,RP-565,,TECH HEAVEN,REPLACEMENT PARTS,CHARGING PORT FLEX,,,Pieces,,1,,,,,,Active,New,,CHARGING PORT FLEX | IPAD MINI (1ST),,,,,,CPF-IPAD-4597,,,,,,,
REPLACEMENT CHARGING PORT FLEX | IPAD MINI,,,RP-565,,TECH HEAVEN,REPLACEMENT PARTS,,,,Pieces,,1,,,,,,Active,New,,CHARGING PORT FLEX | IPAD MINI (2ND),,,,,,CPF-IPAD-4598,,,,,,,
REPLACEMENT CHARGING PORT FLEX | IPAD MINI,,,RP-565,,TECH HEAVEN,REPLACEMENT PARTS,,,,Pieces,,1,,,,,,Active,New,,CHARGING PORT FLEX | IPAD MINI (3RD),,,,,,CPF-IPAD-4599,,,,,,,
REPLACEMENT CHARGING PORT FLEX | IPAD MINI,,,RP-565,,TECH HEAVEN,REPLACEMENT PARTS,,,,Pieces,,1,,,,,,Active,New,,CHARGING PORT FLEX | IPAD MINI (5TH) – A2124 (WI-FI + CELLULAR),,,,,,CPF-IPAD-4600,,,,,,,
REPLACEMENT CHARGING PORT FLEX | IPAD MINI,,,RP-565,,TECH HEAVEN,REPLACEMENT PARTS,,,,Pieces,,1,,,,,,Active,New,,CHARGING PORT FLEX | IPAD MINI (5TH) – A2126 (WI-FI + CELLULAR),,,,,,CPF-IPAD-4601,,,,,,,
REPLACEMENT CHARGING PORT FLEX | IPAD MINI,,,RP-565,,TECH HEAVEN,REPLACEMENT PARTS,CHARGING PORT FLEX,,,Pieces,,1,,,,,,Active,New,,CHARGING PORT FLEX | IPAD MINI (5TH) – A2133 (WI-FI),,,,,,CPF-IPAD-4602,,,,,,,
REPLACEMENT CHARGING PORT FLEX | IPAD MINI,,,RP-565,,TECH HEAVEN,REPLACEMENT PARTS,CHARGING PORT FLEX,,,Pieces,,1,,,,,,Active,New,,CHARGING PORT FLEX | IPAD MINI (6TH) – A2567 (WI-FI),,,,,,CPF-IPAD-4603,,,,,,,
REPLACEMENT CHARGING PORT FLEX | IPAD MINI,,,RP-565,,TECH HEAVEN,REPLACEMENT PARTS,,,,Pieces,,1,,,,,,Active,New,,CHARGING PORT FLEX | IPAD MINI (6TH) – A2568 (WI-FI + CELLULAR),,,,,,CPF-IPAD-4604,,,,,,,
REPLACEMENT CHARGING PORT FLEX | IPAD MINI,,,RP-565,,TECH HEAVEN,REPLACEMENT PARTS,CHARGING PORT FLEX,,,Pieces,,1,,,,,,Active,New,,CHARGING PORT FLEX | IPAD MINI 4,,,,,,CPF-IPAD-4605,,,,,,,
REPLACEMENT CHARGING PORT FLEX | IPAD PRO,,,RP-566,,TECH HEAVEN,REPLACEMENT PARTS,CHARGING PORT FLEX,,,Pieces,,1,,,,,,Active,New,,"CHARGING PORT FLEX | IPAD PRO 10.5"" – A1701 (WI-FI)",,,,,,CPF-IPAD-4606,,,,,,,
REPLACEMENT CHARGING PORT FLEX | IPAD PRO,,,RP-566,,TECH HEAVEN,REPLACEMENT PARTS,,,,Pieces,,1,,,,,,Active,New,,"CHARGING PORT FLEX | IPAD PRO 10.5"" – A1709 (WI-FI + CELLULAR)",,,,,,CPF-IPAD-4607,,,,,,,
REPLACEMENT CHARGING PORT FLEX | IPAD PRO,,,RP-566,,TECH HEAVEN,REPLACEMENT PARTS,CHARGING PORT FLEX,,,Pieces,,1,,,,,,Active,New,,"CHARGING PORT FLEX | IPAD PRO 11"" (1ST) – 2018",,,,,,CPF-IPAD-4608,,,,,,,
REPLACEMENT CHARGING PORT FLEX | IPAD PRO,,,RP-566,,TECH HEAVEN,REPLACEMENT PARTS,,,,Pieces,,1,,,,,,Active,New,,"CHARGING PORT FLEX | IPAD PRO 11"" (2ND) – 2020",,,,,,CPF-IPAD-4609,,,,,,,
REPLACEMENT CHARGING PORT FLEX | IPAD PRO,,,RP-566,,TECH HEAVEN,REPLACEMENT PARTS,CHARGING PORT FLEX,,,Pieces,,1,,,,,,Active,New,,"CHARGING PORT FLEX | IPAD PRO 11"" (3RD) – A2301",,,,,,CPF-IPAD-4610,,,,,,,
REPLACEMENT CHARGING PORT FLEX | IPAD PRO,,,RP-566,,TECH HEAVEN,REPLACEMENT PARTS,,,,Pieces,,1,,,,,,Active,New,,"CHARGING PORT FLEX | IPAD PRO 11"" (4TH) – A2435",,,,,,CPF-IPAD-4611,,,,,,,
REPLACEMENT CHARGING PORT FLEX | IPAD PRO,,,RP-566,,TECH HEAVEN,REPLACEMENT PARTS,CHARGING PORT FLEX,,,Pieces,,1,,,,,,Active,New,,"CHARGING PORT FLEX | IPAD PRO 11"" (5TH) – A2836 (WI-FI)",,,,,,CPF-IPAD-4612,,,,,,,
REPLACEMENT CHARGING PORT FLEX | IPAD PRO,,,RP-566,,TECH HEAVEN,REPLACEMENT PARTS,,,,Pieces,,1,,,,,,Active,New,,"CHARGING PORT FLEX | IPAD PRO 11"" (5TH) – A2837 (WI-FI + CELLULAR)",,,,,,CPF-IPAD-4613,,,,,,,
REPLACEMENT CHARGING PORT FLEX | IPAD PRO,,,RP-566,,TECH HEAVEN,REPLACEMENT PARTS,,,,Pieces,,1,,,,,,Active,New,,"CHARGING PORT FLEX | IPAD PRO 12.9"" (3RD) – 2018",,,,,,CPF-IPAD-4614,,,,,,,
REPLACEMENT CHARGING PORT FLEX | IPAD PRO,,,RP-566,,TECH HEAVEN,REPLACEMENT PARTS,,,,Pieces,,1,,,,,,Active,New,,"CHARGING PORT FLEX | IPAD PRO 12.9"" (4TH) – 2020",,,,,,CPF-IPAD-4615,,,,,,,
REPLACEMENT CHARGING PORT FLEX | IPAD PRO,,,RP-566,,TECH HEAVEN,REPLACEMENT PARTS,CHARGING PORT FLEX,,,Pieces,,1,,,,,,Active,New,,"CHARGING PORT FLEX | IPAD PRO 12.9"" (4TH) – A2229 (WI-FI)",,,,,,CPF-IPAD-4616,,,,,,,
REPLACEMENT CHARGING PORT FLEX | IPAD PRO,,,RP-566,,TECH HEAVEN,REPLACEMENT PARTS,,,,Pieces,,1,,,,,,Active,New,,"CHARGING PORT FLEX | IPAD PRO 12.9"" (4TH) – A2232 (WI-FI + CELLULAR)",,,,,,CPF-IPAD-4617,,,,,,,
REPLACEMENT CHARGING PORT FLEX | IPAD PRO,,,RP-566,,TECH HEAVEN,REPLACEMENT PARTS,,,,Pieces,,1,,,,,,Active,New,,"CHARGING PORT FLEX | IPAD PRO 12.9"" (5TH) – A2379",,,,,,CPF-IPAD-4618,,,,,,,
REPLACEMENT CHARGING PORT FLEX | IPAD PRO,,,RP-566,,TECH HEAVEN,REPLACEMENT PARTS,,,,Pieces,,1,,,,,,Active,New,,"CHARGING PORT FLEX | IPAD PRO 12.9"" (6TH) – A2764",,,,,,CPF-IPAD-4619,,,,,,,
REPLACEMENT CHARGING PORT FLEX | IPAD PRO,,,RP-566,,TECH HEAVEN,REPLACEMENT PARTS,CHARGING PORT FLEX,,,Pieces,,1,,,,,,Active,New,,CHARGING PORT FLEX | IPAD PRO 12.9” 1ST GEN 2015,,,,,,CPF-IPAD-4620,,,,,,,
REPLACEMENT CHARGING PORT FLEX | IPAD PRO,,,RP-566,,TECH HEAVEN,REPLACEMENT PARTS,CHARGING PORT FLEX,,,Pieces,,1,,,,,,Active,New,,CHARGING PORT FLEX | IPAD PRO 12.9” 2ND GEN 2017,,,,,,CPF-IPAD-4621,,,,,,,
REPLACEMENT CHARGING PORT FLEX | IPAD PRO,,,RP-566,,TECH HEAVEN,REPLACEMENT PARTS,CHARGING PORT FLEX,,,Pieces,,1,,,,,,Active,New,,CHARGING PORT FLEX | IPAD PRO 12.9” 3RD GEN 2018 ,,,,,,CPF-IPAD-4622,,,,,,,
REPLACEMENT CHARGING PORT FLEX | IPAD PRO,,,RP-566,,TECH HEAVEN,REPLACEMENT PARTS,CHARGING PORT FLEX,,,Pieces,,1,,,,,,Active,New,,CHARGING PORT FLEX | IPAD PRO 12.9” 4TH GEN 2020,,,,,,CPF-IPAD-4623,,,,,,,
REPLACEMENT CHARGING PORT FLEX | IPAD PRO,,,RP-566,,TECH HEAVEN,REPLACEMENT PARTS,CHARGING PORT FLEX,,,Pieces,,1,,,,,,Active,New,,"CHARGING PORT FLEX | IPAD PRO 13"" (M4) – A2925 (WI-FI)",,,,,,CPF-IPAD-4624,,,,,,,
REPLACEMENT CHARGING PORT FLEX | IPAD PRO,,,RP-566,,TECH HEAVEN,REPLACEMENT PARTS,,,,Pieces,,1,,,,,,Active,New,,"CHARGING PORT FLEX | IPAD PRO 13"" (M4) – A2926 (WI-FI + CELLULAR)",,,,,,CPF-IPAD-4625,,,,,,,
REPLACEMENT CHARGING PORT FLEX | IPAD PRO,,,RP-566,,TECH HEAVEN,REPLACEMENT PARTS,CHARGING PORT FLEX,,,Pieces,,1,,,,,,Active,New,,CHARGING PORT FLEX | IPAD PRO 9.7” 2016,,,,,,CPF-IPAD-4626,,,,,,,
REPLACEMENT COMPLETE LCD SCREEN | GALAXY TAB,,,RP-567,,SAMSUNG,REPLACEMENT PARTS,LCD,,,Pieces,,1,,,,,,Active,New,,LCD SCREEN | GALAXY TAB 2 7.0,,,,,,LCD-GAL-4627,,,,,,,
REPLACEMENT COMPLETE LCD SCREEN | GALAXY TAB,,,RP-567,,SAMSUNG,REPLACEMENT PARTS,LCD,,,Pieces,,1,,,,,,Active,New,,LCD SCREEN | GALAXY TAB 3 7.0,,,,,,LCD-GAL-4628,,,,,,,
REPLACEMENT COMPLETE LCD SCREEN | GALAXY TAB,,,RP-567,,SAMSUNG,REPLACEMENT PARTS,LCD,,,Pieces,,1,,,,,,Active,New,,LCD SCREEN | GALAXY TAB 4 10.1,,,,,,LCD-GAL-4629,,,,,,,
REPLACEMENT COMPLETE LCD SCREEN | GALAXY TAB,,,RP-567,,SAMSUNG,REPLACEMENT PARTS,LCD,,,Pieces,,1,,,,,,Active,New,,LCD SCREEN | GALAXY TAB 7.0,,,,,,LCD-GAL-4630,,,,,,,
REPLACEMENT COMPLETE LCD SCREEN | GALAXY TAB,,,RP-567,,SAMSUNG,REPLACEMENT PARTS,LCD,,,Pieces,,1,,,,,,Active,New,,LCD SCREEN | GALAXY TAB A 10.1,,,,,,LCD-GAL-4631,,,,,,,
REPLACEMENT COMPLETE LCD SCREEN | GALAXY TAB,,,RP-567,,SAMSUNG,REPLACEMENT PARTS,LCD,,,Pieces,,1,,,,,,Active,New,,LCD SCREEN | GALAXY TAB A7 ,,,,,,LCD-GAL-4632,,,,,,,
REPLACEMENT COMPLETE LCD SCREEN | GALAXY TAB,,,RP-567,,SAMSUNG,REPLACEMENT PARTS,LCD,,,Pieces,,1,,,,,,Active,New,,LCD SCREEN | GALAXY TAB A7 LITE,,,,,,LCD-GAL-4633,,,,,,,
REPLACEMENT COMPLETE LCD SCREEN | GALAXY TAB,,,RP-567,,SAMSUNG,REPLACEMENT PARTS,LCD,,,Pieces,,1,,,,,,Active,New,,LCD SCREEN | GALAXY TAB A8,,,,,,LCD-GAL-4634,,,,,,,
REPLACEMENT COMPLETE LCD SCREEN | GALAXY TAB,,,RP-567,,SAMSUNG,REPLACEMENT PARTS,LCD,,,Pieces,,1,,,,,,Active,New,,LCD SCREEN | GALAXY TAB A9,,,,,,LCD-GAL-4635,,,,,,,
REPLACEMENT COMPLETE LCD SCREEN | GALAXY TAB,,,RP-567,,SAMSUNG,REPLACEMENT PARTS,LCD,,,Pieces,,1,,,,,,Active,New,,LCD SCREEN | GALAXY TAB A9+,,,,,,LCD-GAL-4636,,,,,,,
REPLACEMENT COMPLETE LCD SCREEN | GALAXY TAB,,,RP-567,,SAMSUNG,REPLACEMENT PARTS,LCD,,,Pieces,,1,,,,,,Active,New,,LCD SCREEN | GALAXY TAB S,,,,,,LCD-GAL-4637,,,,,,,
REPLACEMENT COMPLETE LCD SCREEN | GALAXY TAB,,,RP-567,,SAMSUNG,REPLACEMENT PARTS,LCD,,,Pieces,,1,,,,,,Active,New,,LCD SCREEN | GALAXY TAB S10,,,,,,LCD-GAL-4638,,,,,,,
REPLACEMENT COMPLETE LCD SCREEN | GALAXY TAB,,,RP-567,,SAMSUNG,REPLACEMENT PARTS,LCD,,,Pieces,,1,,,,,,Active,New,,LCD SCREEN | GALAXY TAB S10+,,,,,,LCD-GAL-4639,,,,,,,
REPLACEMENT COMPLETE LCD SCREEN | GALAXY TAB,,,RP-567,,SAMSUNG,REPLACEMENT PARTS,LCD,,,Pieces,,1,,,,,,Active,New,,LCD SCREEN | GALAXY TAB S2,,,,,,LCD-GAL-4640,,,,,,,
REPLACEMENT COMPLETE LCD SCREEN | GALAXY TAB,,,RP-567,,SAMSUNG,REPLACEMENT PARTS,LCD,,,Pieces,,1,,,,,,Active,New,,LCD SCREEN | GALAXY TAB S3,,,,,,LCD-GAL-4641,,,,,,,
REPLACEMENT COMPLETE LCD SCREEN | GALAXY TAB,,,RP-567,,SAMSUNG,REPLACEMENT PARTS,LCD,,,Pieces,,1,,,,,,Active,New,,LCD SCREEN | GALAXY TAB S4,,,,,,LCD-GAL-4642,,,,,,,
REPLACEMENT COMPLETE LCD SCREEN | GALAXY TAB,,,RP-567,,SAMSUNG,REPLACEMENT PARTS,LCD,,,Pieces,,1,,,,,,Active,New,,LCD SCREEN | GALAXY TAB S5E,,,,,,LCD-GAL-4643,,,,,,,
REPLACEMENT COMPLETE LCD SCREEN | GALAXY TAB,,,RP-567,,SAMSUNG,REPLACEMENT PARTS,LCD,,,Pieces,,1,,,,,,Active,New,,LCD SCREEN | GALAXY TAB S6,,,,,,LCD-GAL-4644,,,,,,,
REPLACEMENT COMPLETE LCD SCREEN | GALAXY TAB,,,RP-567,,SAMSUNG,REPLACEMENT PARTS,LCD,,,Pieces,,1,,,,,,Active,New,,LCD SCREEN | GALAXY TAB S7,,,,,,LCD-GAL-4645,,,,,,,
REPLACEMENT COMPLETE LCD SCREEN | GALAXY TAB,,,RP-567,,SAMSUNG,REPLACEMENT PARTS,LCD,,,Pieces,,1,,,,,,Active,New,,LCD SCREEN | GALAXY TAB S7+,,,,,,LCD-GAL-4646,,,,,,,
REPLACEMENT COMPLETE LCD SCREEN | GALAXY TAB,,,RP-567,,SAMSUNG,REPLACEMENT PARTS,LCD,,,Pieces,,1,,,,,,Active,New,,LCD SCREEN | GALAXY TAB S8,,,,,,LCD-GAL-4647,,,,,,,
REPLACEMENT COMPLETE LCD SCREEN | GALAXY TAB,,,RP-567,,SAMSUNG,REPLACEMENT PARTS,LCD,,,Pieces,,1,,,,,,Active,New,,LCD SCREEN | GALAXY TAB S8 ULTRA,,,,,,LCD-GAL-4648,,,,,,,
REPLACEMENT COMPLETE LCD SCREEN | GALAXY TAB,,,RP-567,,SAMSUNG,REPLACEMENT PARTS,LCD,,,Pieces,,1,,,,,,Active,New,,LCD SCREEN | GALAXY TAB S8+,,,,,,LCD-GAL-4649,,,,,,,
REPLACEMENT COMPLETE LCD SCREEN | GALAXY TAB,,,RP-567,,SAMSUNG,REPLACEMENT PARTS,LCD,,,Pieces,,1,,,,,,Active,New,,LCD SCREEN | GALAXY TAB S9,,,,,,LCD-GAL-4650,,,,,,,
REPLACEMENT COMPLETE LCD SCREEN | GALAXY TAB,,,RP-567,,SAMSUNG,REPLACEMENT PARTS,LCD,,,Pieces,,1,,,,,,Active,New,,LCD SCREEN | GALAXY TAB S9 FE,,,,,,LCD-GAL-4651,,,,,,,
REPLACEMENT COMPLETE LCD SCREEN | GALAXY TAB,,,RP-567,,SAMSUNG,REPLACEMENT PARTS,LCD,,,Pieces,,1,,,,,,Active,New,,LCD SCREEN | GALAXY TAB S9 ULTA,,,,,,LCD-GAL-4652,,,,,,,
REPLACEMENT COMPLETE LCD SCREEN | GALAXY TAB,,,RP-567,,SAMSUNG,REPLACEMENT PARTS,LCD,,,Pieces,,1,,,,,,Active,New,,LCD SCREEN | GALAXY TAB S9+,,,,,,LCD-GAL-4653,,,,,,,
REPLACEMENT OLED NO FRAME LCD,,,RP-568,,GOOGLE,REPLACEMENT PARTS,LCD,,,Pieces,,1,,,,,,Active,New,,OLED NO FRAME LCD | GOOGLE PIXEL,,,,,,LCD-OLED-4654,,,,,,,
REPLACEMENT OLED NO FRAME LCD,,,RP-568,,GOOGLE,REPLACEMENT PARTS,LCD,,,Pieces,,1,,,,,,Active,New,,OLED NO FRAME LCD | GOOGLE PIXEL 2,,,,,,LCD-OLED-4655,,,,,,,
REPLACEMENT OLED NO FRAME LCD,,,RP-568,,GOOGLE,REPLACEMENT PARTS,LCD,,,Pieces,,1,,,,,,Active,New,,OLED NO FRAME LCD | GOOGLE PIXEL 2 XL,,,,,,LCD-OLED-4656,,,,,,,
REPLACEMENT OLED NO FRAME LCD,,,RP-568,,GOOGLE,REPLACEMENT PARTS,LCD,,,Pieces,,1,,,,,,Active,New,,OLED NO FRAME LCD | GOOGLE PIXEL 3,,,,,,LCD-OLED-4657,,,,,,,
REPLACEMENT OLED NO FRAME LCD,,,RP-568,,GOOGLE,REPLACEMENT PARTS,LCD,,,Pieces,,1,,,,,,Active,New,,OLED NO FRAME LCD | GOOGLE PIXEL 3 XL,,,,,,LCD-OLED-4658,,,,,,,
REPLACEMENT OLED NO FRAME LCD,,,RP-568,,GOOGLE,REPLACEMENT PARTS,LCD,,,Pieces,,1,,,,,,Active,New,,OLED NO FRAME LCD | GOOGLE PIXEL 3A,,,,,,LCD-OLED-4659,,,,,,,
REPLACEMENT OLED NO FRAME LCD,,,RP-568,,GOOGLE,REPLACEMENT PARTS,LCD,,,Pieces,,1,,,,,,Active,New,,OLED NO FRAME LCD | GOOGLE PIXEL 3A XL,,,,,,LCD-OLED-4660,,,,,,,
REPLACEMENT OLED NO FRAME LCD,,,RP-568,,GOOGLE,REPLACEMENT PARTS,LCD,,,Pieces,,1,,,,,,Active,New,,OLED NO FRAME LCD | GOOGLE PIXEL 4,,,,,,LCD-OLED-4661,,,,,,,
REPLACEMENT OLED NO FRAME LCD,,,RP-568,,GOOGLE,REPLACEMENT PARTS,LCD,,,Pieces,,1,,,,,,Active,New,,OLED NO FRAME LCD | GOOGLE PIXEL 4 XL,,,,,,LCD-OLED-4662,,,,,,,
REPLACEMENT OLED NO FRAME LCD,,,RP-568,,GOOGLE,REPLACEMENT PARTS,LCD,,,Pieces,,1,,,,,,Active,New,,OLED NO FRAME LCD | GOOGLE PIXEL 4A 4G,,,,,,LCD-OLED-4663,,,,,,,
REPLACEMENT OLED NO FRAME LCD,,,RP-568,,GOOGLE,REPLACEMENT PARTS,LCD,,,Pieces,,1,,,,,,Active,New,,OLED NO FRAME LCD | GOOGLE PIXEL 5,,,,,,LCD-OLED-4664,,,,,,,
REPLACEMENT OLED NO FRAME LCD,,,RP-568,,GOOGLE,REPLACEMENT PARTS,LCD,,,Pieces,,1,,,,,,Active,New,,OLED NO FRAME LCD | GOOGLE PIXEL 5A,,,,,,LCD-OLED-4665,,,,,,,
REPLACEMENT OLED NO FRAME LCD,,,RP-568,,GOOGLE,REPLACEMENT PARTS,LCD,,,Pieces,,1,,,,,,Active,New,,OLED NO FRAME LCD | GOOGLE PIXEL 6,,,,,,LCD-OLED-4666,,,,,,,
REPLACEMENT OLED NO FRAME LCD,,,RP-568,,GOOGLE,REPLACEMENT PARTS,LCD,,,Pieces,,1,,,,,,Active,New,,OLED NO FRAME LCD | GOOGLE PIXEL 6 PRO,,,,,,LCD-OLED-4667,,,,,,,
REPLACEMENT OLED NO FRAME LCD,,,RP-568,,GOOGLE,REPLACEMENT PARTS,LCD,,,Pieces,,1,,,,,,Active,New,,OLED NO FRAME LCD | GOOGLE PIXEL 6A,,,,,,LCD-OLED-4668,,,,,,,
REPLACEMENT OLED NO FRAME LCD,,,RP-568,,GOOGLE,REPLACEMENT PARTS,LCD,,,Pieces,,1,,,,,,Active,New,,OLED NO FRAME LCD | GOOGLE PIXEL 7,,,,,,LCD-OLED-4669,,,,,,,
REPLACEMENT OLED NO FRAME LCD,,,RP-568,,GOOGLE,REPLACEMENT PARTS,LCD,,,Pieces,,1,,,,,,Active,New,,OLED NO FRAME LCD | GOOGLE PIXEL 7 PRO,,,,,,LCD-OLED-4670,,,,,,,
REPLACEMENT OLED NO FRAME LCD,,,RP-568,,GOOGLE,REPLACEMENT PARTS,LCD,,,Pieces,,1,,,,,,Active,New,,OLED NO FRAME LCD | GOOGLE PIXEL 7A,,,,,,LCD-OLED-4671,,,,,,,
REPLACEMENT OLED NO FRAME LCD,,,RP-568,,GOOGLE,REPLACEMENT PARTS,LCD,,,Pieces,,1,,,,,,Active,New,,OLED NO FRAME LCD | GOOGLE PIXEL 8,,,,,,LCD-OLED-4672,,,,,,,
REPLACEMENT OLED NO FRAME LCD,,,RP-568,,GOOGLE,REPLACEMENT PARTS,LCD,,,Pieces,,1,,,,,,Active,New,,OLED NO FRAME LCD | GOOGLE PIXEL 8 PRO,,,,,,LCD-OLED-4673,,,,,,,
REPLACEMENT OLED NO FRAME LCD,,,RP-568,,GOOGLE,REPLACEMENT PARTS,LCD,,,Pieces,,1,,,,,,Active,New,,OLED NO FRAME LCD | GOOGLE PIXEL 8A,,,,,,LCD-OLED-4674,,,,,,,
REPLACEMENT OLED NO FRAME LCD,,,RP-568,,GOOGLE,REPLACEMENT PARTS,LCD,,,Pieces,,1,,,,,,Active,New,,OLED NO FRAME LCD | GOOGLE PIXEL 9 ,,,,,,LCD-OLED-4675,,,,,,,
REPLACEMENT OLED NO FRAME LCD,,,RP-568,,GOOGLE,REPLACEMENT PARTS,LCD,,,Pieces,,1,,,,,,Active,New,,OLED NO FRAME LCD | GOOGLE PIXEL 9 PRO,,,,,,LCD-OLED-4676,,,,,,,
REPLACEMENT OLED NO FRAME LCD,,,RP-568,,GOOGLE,REPLACEMENT PARTS,LCD,,,Pieces,,1,,,,,,Active,New,,OLED NO FRAME LCD | GOOGLE PIXEL 9 PRO FOLD,,,,,,LCD-OLED-4677,,,,,,,
REPLACEMENT OLED NO FRAME LCD,,,RP-568,,GOOGLE,REPLACEMENT PARTS,LCD,,,Pieces,,1,,,,,,Active,New,,OLED NO FRAME LCD | GOOGLE PIXEL 9 PRO XL,,,,,,LCD-OLED-4678,,,,,,,
REPLACEMENT OLED NO FRAME LCD,,,RP-568,,GOOGLE,REPLACEMENT PARTS,LCD,,,Pieces,,1,,,,,,Active,New,,OLED NO FRAME LCD | GOOGLE PIXEL FOLD,,,,,,LCD-OLED-4679,,,,,,,
REPLACEMENT OLED NO FRAME LCD,,,RP-568,,GOOGLE,REPLACEMENT PARTS,LCD,,,Pieces,,1,,,,,,Active,New,,OLED NO FRAME LCD | GOOGLE PIXEL XL,,,,,,LCD-OLED-4680,,,,,,,
