name,localName,sku,barcode,brand,category,subcategory,unit,purchasePrice,costPrice,retailPrice,wholesalePrice,openingStock,stockAlertQty,commissionPct,status,condition,description
PHONE HOLDER,,ACC-PHONE-NON-73,,NON-BRANDED,ACCESSORIES,PHONE ACCESSORIES,Pieces,0.00,0.00,5.00,,0.0,,,Active,New,
IP 14 WHITE BACK GLASS NFC,,REP-NFC-NON-374,,NON-BRANDED,REPLACEMENT / REPAIR PARTS,GLASS NFC,Pieces,12.00,12.00,0.00,,1.0,,,Active,New,
REPAIR SERVICE,,SER--NON-683,,NON-BRANDED,SERVICES,REPAIR,Pieces,4.00,4.00,29.00,,1.0,,,Active,New,
"XBOX ONE S ALL-DIGITAL EDITION 1TB CONSOLE, DISCOUNTED (NO DLC)",,GAM-CONS-XBOX-208,,XBOX,GAMES,CONSOLE,Pieces,35.00,35.00,69.00,,1.0,,,Active,New,
11 PRO GOLD 64 GB,,DEV-IPHONE-APPLE-105,,APPLE,DEVICES,IPHONE,Pieces,90.00,90.00,160.00,,1.0,,,Active,New,
A 16 CASE BLAK CASE,,SCR-GLASS-NON-592,,NON-BRANDED,SCREEN / DEVICE PROTECTION,CASE AND GLASS,Pieces,1.00,1.00,5.00,,0.0,,,Active,New,
14 PLUS BODY CASE,,SCR-GLASS-NON-591,,NON-BRANDED,SCREEN / DEVICE PROTECTION,CASE AND GLASS,Pieces,20.00,20.00,70.00,,1.0,,,Active,New,
REPAIR SERVICE,,SER--NON-684,,NON-BRANDED,SERVICES,,Pieces,12.99,12.99,35.00,,0.0,,,Active,New,
A16 CASE,,SCR-CASE-NON-588,,NON-BRANDED,SCREEN / DEVICE PROTECTION,PHONE CASE,Pieces,1.00,1.00,5.00,,0.0,,,Active,New,
12 PRO 128GB BLUE,,DEV-IPHONE-APPLE-106,,APPLE,DEVICES,IPHONE,Pieces,140.00,140.00,175.00,,0.0,,,Active,New,
CHROMEBOOK REPAIR LCD,,SER--CHROM-685,,CHROMEBOOK,SERVICES,REPAIR,Pieces,24.00,24.00,49.00,,0.0,,,Active,New,
SMA32 128GB,,DEV-PHONE-SAMS-176,,SAMSUNG,DEVICES,PHONE,Pieces,45.00,45.00,70.00,,2.0,,,Active,New,
SAMSUNG GLAXY A6 32GB  ANDROID 10,,DEV-PHONE-SAMS-164,,SAMSUNG,DEVICES,PHONE,Pieces,28.00,28.00,59.00,,4.0,,,Active,New,
SAMSUNG S8  32GB,,DEV-PHONE-SAMS-168,,SAMSUNG,DEVICES,PHONE,Pieces,28.00,28.00,49.00,,1.0,,,Active,New,
SAMSUNG J7 16GB,,DEV-PHONE-SAMS-165,,SAMSUNG,DEVICES,PHONE,Pieces,28.00,28.00,59.00,,2.0,,,Active,New,
SAMSUNG A40 64GB,,DEV-PHONE-SAMS-162,,SAMSUNG,DEVICES,PHONE,Pieces,45.00,45.00,70.00,,4.0,,,Active,New,
SAMSUNG A41 64GB,,DEV-PHONE-SAMS-163,,SAMSUNG,DEVICES,PHONE,Pieces,50.00,50.00,89.00,,1.0,,,Active,New,
A 10,,DEV-PHONE-SAMS-177,,SAMSUNG,DEVICES,PHONE,Pieces,28.00,28.00,37.00,,1.0,,,Active,New,
HUAWEI BUDGET PHONE,,DEV-PHONE-HUAW-123,,HUAWEI,DEVICES,PHONE,Pieces,28.00,28.00,35.00,,7.0,,,Active,New,
HUAWEI LX1,,DEV-PHONE-HUAW-124,,HUAWEI,DEVICES,PHONE,Pieces,28.00,28.00,39.00,,3.0,,,Active,New,
SAMSUNG J7 2016 16GB,,DEV-PHONE-SAMS-166,,SAMSUNG,DEVICES,PHONE,Pieces,28.00,28.00,47.00,,5.0,,,Active,New,
SAMSUNG X COVER 4 16GB,,DEV-PHONE-SAMS-173,,SAMSUNG,DEVICES,PHONE,Pieces,28.00,28.00,35.00,,1.0,,,Active,New,
MOTO G(7) PLAY 32GB,,DEV-PHONE-MOTO-131,,MOTOROLA,DEVICES,PHONE,Pieces,28.00,28.00,65.00,,2.0,,,Active,New,
64GB,,DEV-PHONE-MOTO-129,,MOTOROLA,DEVICES,PHONE,Pieces,42.00,42.00,75.00,,1.0,,,Active,New,
MOTO G (5S) PLUS 26GB,,DEV-PHONE-MOTO-130,,MOTOROLA,DEVICES,PHONE,Pieces,28.00,28.00,38.00,,1.0,,,Active,New,
SONY E2303,,DEV-PHONE-SONY-186,,SONY,DEVICES,PHONE,Pieces,28.00,28.00,39.00,,1.0,,,Active,New,
HONER 64GB,,DEV-PHONE-HONER-118,,HONER,DEVICES,PHONE,Pieces,35.00,35.00,80.00,,1.0,,,Active,New,
SAM TAB SM-585,,DEV-TAB-SAMS-180,,SAMSUNG,DEVICES,TABLET,Pieces,45.00,45.00,75.00,,1.0,,,Active,New,
SAMSUNG TAB SM-T500,,DEV-TAB-SAMS-184,,SAMSUNG,DEVICES,TABLET,Pieces,40.00,40.00,95.00,,1.0,,,Active,New,
APPLE IPAD 9GEN,,DEV-IPAD-APPLE-104,,APPLE,DEVICES,IPAD,Pieces,75.00,75.00,140.00,,1.0,,,Active,New,
SAMSUNG TAB A,,DEV-TAB-SAMS-181,,SAMSUNG,DEVICES,TABLET,Pieces,50.00,50.00,85.00,,0.0,,,Active,New,
SAMSUNG A32 5GB 128GB STORAGE,,DEV-PHONE-SAMS-161,,SAMSUNG,DEVICES,PHONE,Pieces,58.00,58.00,98.00,,0.0,,,Active,New,
BROKEN PHONES NOT FOR SELLING,,SCR-SCRAB-NON-471,,NON-BRANDED,SCRAB / BROKEN,SCRAB / BROKEN,Pieces,28.00,28.00,84.00,,3.0,,,Active,New,
SAMSUNG TAB SM-T585,,DEV-TAB-SAMS-185,,SAMSUNG,DEVICES,TABLET,Pieces,15.00,15.00,18.75,,1.0,,,Active,New,
SM GLAXY Z FOLD 2 256GB,,DEV-PHONE-SAMS-175,,SAMSUNG,DEVICES,PHONE,Pieces,25.00,25.00,31.25,,1.0,,,Active,New,
GOOGLE PIXEL 81,,DEV-PHONE-GOOGLE-117,,GOOGLE,DEVICES,PHONE,Pieces,170.00,170.00,220.00,,0.0,,,Active,New,
IPHONE 16 PLUS LCD,,REP-SCR-JCID-239,,JCID,REPLACEMENT / REPAIR PARTS,SCREEN,Pieces,30.00,30.00,30.00,,1.0,,,Active,New,
IPHONE 16 E LCD,,REP-SCR-JCID-238,,JCID,REPLACEMENT / REPAIR PARTS,SCREEN,Pieces,25.00,25.00,31.25,,1.0,,,Active,New,
IPHONE 16 PRO LCD,,REP-SCR-JCID-240,,JCID,REPLACEMENT / REPAIR PARTS,SCREEN,Pieces,40.00,40.00,50.00,,1.0,,,Active,New,
HONER CASE AND GLASS,,SCR-GLASS-NON-597,,NON-BRANDED,SCREEN / DEVICE PROTECTION,CASE AND GLASS,Pieces,6.99,6.99,12.00,,0.0,,,Active,New,
ADDED 2TB SSD DRIVE,,ROM-DRIVE-WD-470,,WD,ROM,DRIVE,Pieces,180.00,180.00,180.00,,0.0,,,Active,New,
ADDED 1TB SSD DRIVE,,ROM-DRIVE-SAMS-466,,SAMSUNG,ROM,DRIVE,Pieces,120.00,120.00,129.00,,0.0,,,Active,New,
HONER 400 SMART GLASS AND CASE,,SCR-GLASS-NON-596,,NON-BRANDED,SCREEN / DEVICE PROTECTION,CASE AND GLASS,Pieces,7.00,7.00,15.00,,0.0,,,Active,New,
MOPHIE CHARGE STREAM DESK STAND,,ACC-CABLE-MOPH-54,,MOPHIE,ACCESSORIES,CHARGING / DATA CABLES,Pieces,0.00,0.00,29.00,,2.0,,,Active,New,
IPHONE X 64GB BLACK,,DEV-IPHONE-APPLE-114,,APPLE,DEVICES,IPHONE,Pieces,45.00,45.00,95.00,,0.0,,,Active,New,
DISPLY IP 11 PRO,,REP-SCR-NON-425,,NON-BRANDED,REPLACEMENT / REPAIR PARTS,SCREEN,Pieces,13.00,13.00,0.00,,2.0,,,Active,New,
DISPLY IP 8 PLUS WHITE,,REP-SCR-NON-430,,NON-BRANDED,REPLACEMENT / REPAIR PARTS,SCREEN,Pieces,8.00,8.00,0.00,,1.0,,,Active,New,
DISPLY IP XS MAX,,REP-SCR-NON-433,,NON-BRANDED,REPLACEMENT / REPAIR PARTS,SCREEN,Pieces,12.00,12.00,0.00,,2.0,,,Active,New,
APPLE MAGIC MOUSE,,ACC-MK-APPLE-27,,APPLE,ACCESSORIES,MOUSE / KEYPAD,Pieces,40.00,40.00,65.00,,1.0,,,Active,New,
APPLE WATCH SERIES 7 45MM,,GAD-WATCH-APPLE-996,,APPLE,WATCH,SMART WATCH,Pieces,70.00,70.00,129.00,,0.0,,,Active,New,
APPLE IPAD AIR 5TH GEN 10.9&QUOT; 64GB UNLOCKED WIFI/CELLULAR,,DEV-IPAD-APPLE-103,,APPLE,DEVICES,IPAD,Pieces,170.00,170.00,329.00,,0.0,,,Active,New,
APPLE IPAD 11 GENERATION A16 2025 WIFI ONLY 128GB PINK,,DEV-IPAD-APPLE-98,,APPLE,DEVICES,IPAD,Pieces,170.00,170.00,279.00,,0.0,,,Active,New,
LENOVO IDEAD PAD SLIM 5 ABYSS_BLUE,,DEV-LAP-LENO-128,,LENOVO,DEVICES,LAPTOP,Pieces,380.00,380.00,495.00,,0.0,,,Active,New,
24 HEMP 101 HEMP CONNOISSEUR KING SIZE SLIM ROLLING PAPRES WITH TIPS,,VAP-ROLPAP-HEMP-843,,HEMP 101,VAPES,ROLLING PAPERS,Pieces,1.27,1.27,2.54,,12.,,,Active,New,
HEMP 101 KING SIZE 100% HEMP SLIM ROLLING PAPERS CLASSIC WHITE,,VAP-ROLPAP-HEMP-844,,HEMP 101,VAPES,ROLLING PAPERS,Pieces,0.42,0.42,0.84,,25.,,,Active,New,
SANDISK 32GB SD CARD,,ROM-SDCARD-SAND-467,,SANDISK,ROM,SD CARD,Pieces,10.00,10.00,15.00,,3.0,,,Active,New,
50 RAW CLASSIC WIDE ROLLING PAPERS,,VAP-ROLPAP-CLAS-743,,CLASSIC RAW,VAPES,ROLLING PAPERS,Pieces,0.47,0.47,0.94,,25.,,,Active,New,
24 RAW CLASSIC CONNOISSEUR KING SIZE SLIM ROLLING PAPERS + PRE-ROLLED TIPS,,VAP-ROLPAP-CLAS-742,,CLASSIC RAW,VAPES,ROLLING PAPERS,Pieces,1.70,1.70,3.40,,11.,,,Active,New,
VENTEV INTERNATINOL ADAPTER,,ACC-CABLE-VENT-91,,VENTEV,ACCESSORIES,CHARGING / DATA CABLES,Pieces,10.00,10.00,19.50,,3.0,,,Active,New,
0MG PIXIE JUICE VOLUME 2 100ML SHORTFILL (70VG/30PG) - FUJI APPLE &AMP; STRAWBERRY,,VAP-JUICE-PIXI-949,,PIXIE JUICE,VAPES,JUICE,Pieces,6.19,6.19,12.38,,1.0,,,Active,New,
KINGSTON 16GB SD CARD,,ROM-SDCARD-KING-465,,KINGSTON,ROM,SD CARD,Pieces,4.00,4.00,9.50,,3.0,,,Active,New,
CORSAIR RM850Z,,REP-PBANK-CORS-222,,CORSAIR,REPLACEMENT / REPAIR PARTS,PC POWER SUPPLY,Pieces,80.00,80.00,120.00,,1.0,,,Active,New,
CORSAIR  CM SERIES CX750,,REP-PBANK-CORS-221,,CORSAIR,REPLACEMENT / REPAIR PARTS,PC POWER SUPPLY,Pieces,40.00,40.00,80.00,,0.0,,,Active,New,
ALIEN PUFF 1.25 SIZE MIXED FRUIT FLAVOUR ROLLING PAPERS 20 BOOKLETS (HP7901),,VAP-ROLPAP-ALIE-732,,ALIEN PUFF,VAPES,ROLLING PAPERS,Pieces,0.73,0.73,1.46,,20.,,,Active,New,
24 ALIEN PUFF BLACK &AMP; GOLD KING SIZE $100 NOTE ROLLING PAPERS ( HP176AP ),,VAP-ROLPAP-ALIE-729,,ALIEN PUFF,VAPES,ROLLING PAPERS,Pieces,1.53,1.53,3.06,,11.,,,Active,New,
ALIEN PUFF 1.25 SIZE LUMINOUS GLOW IN THE DARK ROLLING PAPERS 24 BOOKLETS (HP2110),,VAP-ROLPAP-ALIE-731,,ALIEN PUFF,VAPES,ROLLING PAPERS,Pieces,0.45,0.45,0.90,,24.,,,Active,New,
ALIEN PUFF 1 1/4 SIZE BLACK ROLLING PAPERS 25 BOOKLETS (HP2125),,VAP-ROLPAP-ALIE-730,,ALIEN PUFF,VAPES,ROLLING PAPERS,Pieces,0.61,0.61,1.22,,25.,,,Active,New,
SONY HEADPHONES,,SOU-HEADPH-SONY-715,,SONY,SOUNDS,HEADPHONE,Pieces,110.00,110.00,159.00,,0.0,,,Active,New,
ADATA 32GB USB FLASH DRIVE,,ROM-USB-ADAT-463,,ADATA,ROM,USB,Pieces,6.00,6.00,12.00,,1.0,,,Active,New,
ADATA 64GB USB FLASH DRIVE,,ROM-USB-ADAT-464,,ADATA,ROM,USB,Pieces,6.00,6.00,15.00,,1.0,,,Active,New,
10MG MARYLIQ NIC SALT BY LOST MARY 10ML (50VG/50PG) - STOPTOBER SPECIAL OFFER!  CHERRY ICE,,VAP-SALT-MARY-933,,MARYLIQ,VAPES,NIC SALT,Pieces,0.94,0.94,1.88,,7.0,,,Active,New,
10MG MARYLIQ NIC SALT BY LOST MARY 10ML (50VG/50PG) - STOPTOBER SPECIAL OFFER!  PEACH ICE,,VAP-SALT-MARY-934,,MARYLIQ,VAPES,NIC SALT,Pieces,0.94,0.94,1.88,,5.0,,,Active,New,
10MG MARYLIQ NIC SALT BY LOST MARY 10ML (50VG/50PG) - STOPTOBER SPECIAL OFFER!  PINEAPPLE MANGO,,VAP-SALT-MARY-935,,MARYLIQ,VAPES,NIC SALT,Pieces,0.94,0.94,1.18,,2.0,,,Active,New,
ANG HDMI CABLE 1.5,,ACC-CABLE-ANG-6,,ANG,ACCESSORIES,CHARGING / DATA CABLES,Pieces,3.00,3.00,8.50,,0.0,,,Active,New,
20MG RIOT SQUAD BAR EDTN 10ML NIC SALTS (50VG/50PG) - TROPICAL PUNCH,,VAP-SALT-RIOT-974,,RIOT,VAPES,NIC SALT,Pieces,1.53,1.53,3.06,,5.0,,,Active,New,
20MG RIOT SQUAD BAR EDTN 10ML NIC SALTS (50VG/50PG) - PINEAPPLE ICE,,VAP-SALT-RIOT-973,,RIOT,VAPES,NIC SALT,Pieces,1.53,1.53,3.06,,5.0,,,Active,New,
20MG RIOT SQUAD BAR EDTN 10ML NIC SALTS (50VG/50PG) - BANANA KIWI ICE,,VAP-SALT-RIOT-971,,RIOT,VAPES,NIC SALT,Pieces,1.53,1.53,3.06,,5.0,,,Active,New,
20MG RIOT SQUAD BAR EDTN 10ML NIC SALTS (50VG/50PG) - WATERMELON ICE,,VAP-SALT-RIOT-975,,RIOT,VAPES,NIC SALT,Pieces,1.53,1.53,3.06,,5.0,,,Active,New,
20MG RIOT SQUAD BAR EDTN 10ML NIC SALTS (50VG/50PG) - GRAPE ICE,,VAP-SALT-RIOT-972,,RIOT,VAPES,NIC SALT,Pieces,1.53,1.53,3.06,,5.0,,,Active,New,
CORE USB TO LIGHTINING CABLE 1M,,ACC-CABLE-CORE-32,,CORE,ACCESSORIES,CHARGING / DATA CABLES,Pieces,0.00,0.00,0.00,,0.0,,,Active,New,
CORE USB TO TYPE CABLE 1M,,ACC-CABLE-CORE-33,,CORE,ACCESSORIES,CHARGING / DATA CABLES,Pieces,0.00,0.00,5.00,,5.0,,,Active,New,
DISPLY IP 6 BLAC,,REP-SCR-NON-427,,NON-BRANDED,REPLACEMENT / REPAIR PARTS,SCREEN,Pieces,7.00,7.00,0.00,,1.0,,,Active,New,
DISPLY IP 6 WHITE,,REP-SCR-NON-428,,NON-BRANDED,REPLACEMENT / REPAIR PARTS,SCREEN,Pieces,7.00,7.00,0.00,,1.0,,,Active,New,
DISPLY IP 6 PLUS BLACK,,REP-SCR-DISP-223,,DISPLY,REPLACEMENT / REPAIR PARTS,SCREEN,Pieces,7.00,7.00,0.00,,1.0,,,Active,New,
DISPLY IP 6 PLUS WHITE,,REP-SCR-DISP-224,,DISPLY,REPLACEMENT / REPAIR PARTS,SCREEN,Pieces,7.00,7.00,0.00,,1.0,,,Active,New,
DISPLY IP 8 PLUS BLACK,,REP-SCR-NON-429,,NON-BRANDED,REPLACEMENT / REPAIR PARTS,SCREEN,Pieces,8.00,8.00,0.00,,2.0,,,Active,New,
11MG POD SALT CORE 10ML NIC SALTS (50VG/50PG) - CHERRY ICE,,VAP-SALT-POD -952,,POD SALT,VAPES,NIC SALT,Pieces,1.53,1.53,3.06,,2.0,,,Active,New,
11MG POD SALT CORE 10ML NIC SALTS (50VG/50PG) - BLUE ICE,,VAP-SALT-POD -951,,POD SALT,VAPES,NIC SALT,Pieces,1.53,1.53,3.06,,2.0,,,Active,New,
11MG POD SALT CORE 10ML NIC SALTS (50VG/50PG) - ICE MENTHOL,,VAP-SALT-POD -954,,POD SALT,VAPES,NIC SALT,Pieces,1.53,1.53,3.06,,4.0,,,Active,New,
11MG POD SALT CORE 10ML NIC SALTS (50VG/50PG) - MANGO ICE,,VAP-SALT-POD -955,,POD SALT,VAPES,NIC SALT,Pieces,1.53,1.53,3.06,,2.0,,,Active,New,
11MG POD SALT CORE 10ML NIC SALTS (50VG/50PG) - BANANA ICE,,VAP-SALT-POD -950,,POD SALT,VAPES,NIC SALT,Pieces,1.53,1.53,3.06,,2.0,,,Active,New,
DISPLY IP X,,REP-SCR-NON-431,,NON-BRANDED,REPLACEMENT / REPAIR PARTS,SCREEN,Pieces,11.00,11.00,0.00,,1.0,,,Active,New,
DISPLY IP XS,,REP-SCR-NON-432,,NON-BRANDED,REPLACEMENT / REPAIR PARTS,SCREEN,Pieces,12.00,12.00,0.00,,1.0,,,Active,New,
11MG POD SALT CORE 10ML NIC SALTS (50VG/50PG) - GRAPE ICE,,VAP-SALT-POD -953,,POD SALT,VAPES,NIC SALT,Pieces,1.53,1.53,3.06,,2.0,,,Active,New,
11MG POD SALT CORE 10ML NIC SALTS (50VG/50PG) - PINEAPPLE ICE,,VAP-SALT-POD -957,,POD SALT,VAPES,NIC SALT,Pieces,1.53,1.53,3.06,,2.0,,,Active,New,
11MG POD SALT CORE 10ML NIC SALTS (50VG/50PG) - PEACH ICE,,VAP-SALT-POD -956,,POD SALT,VAPES,NIC SALT,Pieces,1.53,1.53,3.06,,2.0,,,Active,New,
12MG MUSE NICOTINE POUCHES (UK MADE) - 20 POUCHES - COOL MINT,,NIC-POUCH-MUSE-213,,MUSE,NICOTINE,NICOTINE POUCHES,Pieces,2.36,2.36,4.72,,2.0,,,Active,New,
12MG MUSE NICOTINE POUCHES (UK MADE) - 20 POUCHES - LIQUORICE,,NIC-POUCH-MUSE-217,,MUSE,NICOTINE,NICOTINE POUCHES,Pieces,2.36,2.36,4.72,,2.0,,,Active,New,
12MG MUSE NICOTINE POUCHES (UK MADE) - 20 POUCHES - CREAMY COFFEE,,NIC-POUCH-MUSE-214,,MUSE,NICOTINE,NICOTINE POUCHES,Pieces,2.36,2.36,4.72,,1.0,,,Active,New,
12MG MUSE NICOTINE POUCHES (UK MADE) - 20 POUCHES - IRON BREW,,NIC-POUCH-MUSE-215,,MUSE,NICOTINE,NICOTINE POUCHES,Pieces,2.36,2.36,4.72,,1.0,,,Active,New,
12MG MUSE NICOTINE POUCHES (UK MADE) - 20 POUCHES - TROPICA,,NIC-POUCH-MUSE-220,,MUSE,NICOTINE,NICOTINE POUCHES,Pieces,2.36,2.36,4.72,,2.0,,,Active,New,
12MG MUSE NICOTINE POUCHES (UK MADE) - 20 POUCHES - KIWI PASSION GUAVA,,NIC-POUCH-MUSE-216,,MUSE,NICOTINE,NICOTINE POUCHES,Pieces,2.36,2.36,4.72,,2.0,,,Active,New,
12MG MUSE NICOTINE POUCHES (UK MADE) - 20 POUCHES - BLUE RAZZ LEMONADE,,NIC-POUCH-MUSE-212,,MUSE,NICOTINE,NICOTINE POUCHES,Pieces,2.36,2.36,4.72,,1.0,,,Active,New,
12MG MUSE NICOTINE POUCHES (UK MADE) - 20 POUCHES - ORANGE MANGO,,NIC-POUCH-MUSE-218,,MUSE,NICOTINE,NICOTINE POUCHES,Pieces,2.36,2.36,4.72,,2.0,,,Active,New,
12MG MUSE NICOTINE POUCHES (UK MADE) - 20 POUCHES - STRAWBERRY RASPBERRY  CHERRY,,NIC-POUCH-MUSE-219,,MUSE,NICOTINE,NICOTINE POUCHES,Pieces,2.36,2.36,4.72,,2.0,,,Active,New,
0MG FANTASI BAR JUICE 100ML SHORTFILL (50VG/50PG) - GUMMY BEARS ICE,,VAP-JUICE-FANT-812,,FANTASI,VAPES,JUICE,Pieces,4.13,4.13,8.26,,2.0,,,Active,New,
0MG FANTASI BAR JUICE 100ML SHORTFILL (50VG/50PG) - RED GRAPE ICE,,VAP-JUICE-FANT-813,,FANTASI,VAPES,JUICE,Pieces,4.13,4.13,5.16,,2.0,,,Active,New,
0MG FANTASI BAR JUICE 100ML SHORTFILL (50VG/50PG) - TROPICAL PUNCH ICE,,VAP-JUICE-FANT-814,,FANTASI,VAPES,JUICE,Pieces,4.13,4.13,5.16,,2.0,,,Active,New,
0MG FANTASI BAR JUICE 100ML SHORTFILL (50VG/50PG) - WATERMELON CHERRY ICE,,VAP-JUICE-FANT-815,,FANTASI,VAPES,JUICE,Pieces,4.13,4.13,8.26,,2.0,,,Active,New,
20MG IVG PRO 12 PREFILLED POD VAPE KIT 10000 PUFFS - BLUE RASPBERRY ICE,,VAP-KIT-IVG-846,,IVG,VAPES,REFILLABLE VAPE KIT,Pieces,5.84,5.84,11.68,,1.0,,,Active,New,
20MG IVG PRO 12 PREFILLED POD VAPE KIT 10000 PUFFS - CLASSIC MENTHOL,,VAP-KIT-IVG -871,,IVG PRO,VAPES,REFILLABLE VAPE KIT,Pieces,5.84,5.84,11.68,,2.0,,,Active,New,
20MG IVG PRO 12 PREFILLED POD VAPE KIT 10000 PUFFS - FIZZY CHERRY,,VAP-KIT-IVG -874,,IVG PRO,VAPES,REFILLABLE VAPE KIT,Pieces,5.84,5.84,11.68,,0.0,,,Active,New,
20MG IVG PRO 12 PREFILLED POD VAPE KIT 10000 PUFFS - LEMON LIME,,VAP-KIT-IVG -854,,IVG PRO,VAPES,PREFILLED VAPE KIT,Pieces,5.84,5.84,11.68,,2.0,,,Active,New,
20MG IVG PRO 12 PREFILLED POD VAPE KIT 10000 PUFFS - PINEAPPLE ICE,,VAP-KIT-IVG-845,,IVG,VAPES,PREFILLED VAPE KIT,Pieces,5.84,5.84,11.68,,2.0,,,Active,New,
20MG IVG PRO 12 PREFILLED POD VAPE KIT 10000 PUFFS - STRAWBERRY WATERMELON,,VAP-KIT-IVG -864,,IVG PRO,VAPES,PREFILLED VAPE KIT,Pieces,5.84,5.84,11.68,,1.0,,,Active,New,
20MG IVG PRO 12 PREFILLED POD VAPE KIT 10000 PUFFS - DOUBLE MANGO,,VAP-KIT-IVG -873,,IVG PRO,VAPES,REFILLABLE VAPE KIT,Pieces,5.84,5.84,11.68,,2.0,,,Active,New,
20MG IVG PRO 12 PREFILLED POD VAPE KIT 10000 PUFFS - RED SOUR RASPBERRY,,VAP-KIT-IVG -859,,IVG PRO,VAPES,PREFILLED VAPE KIT,Pieces,5.84,5.84,11.68,,2.0,,,Active,New,
20MG IVG PRO 12 PREFILLED POD VAPE KIT 10000 PUFFS - STRAWBERRY ICE,,VAP-KIT-IVG -861,,IVG PRO,VAPES,PREFILLED VAPE KIT,Pieces,5.84,5.84,11.68,,2.0,,,Active,New,
20MG IVG PRO 12 PREFILLED POD VAPE KIT 10000 PUFFS - BLUE SOUR RASPBERRY,,VAP-KIT-IVG -868,,IVG PRO,VAPES,REFILLABLE VAPE KIT,Pieces,5.84,5.84,11.68,,2.0,,,Active,New,
20MG IVG PRO 12 PREFILLED POD VAPE KIT 10000 PUFFS - FIZZY STRAWBERRY,,VAP-KIT-IVG -848,,IVG PRO,VAPES,PREFILLED VAPE KIT,Pieces,5.84,5.84,11.68,,2.0,,,Active,New,
20MG IVG PRO 12 PREFILLED POD VAPE KIT 10000 PUFFS - STRAWBERRY RASPBERRY CHERRY,,VAP-KIT-IVG -863,,IVG PRO,VAPES,PREFILLED VAPE KIT,Pieces,5.84,5.84,11.68,,2.0,,,Active,New,
20MG IVG PRO 12 PREFILLED POD VAPE KIT 10000 PUFFS - KIWI PASSIONFRUIT GUAVA,,VAP-KIT-IVG -853,,IVG PRO,VAPES,PREFILLED VAPE KIT,Pieces,5.84,5.84,11.68,,2.0,,,Active,New,
20MG IVG PRO 12 PREFILLED POD VAPE KIT 10000 PUFFS - PINK LEMONADE,,VAP-KIT-IVG -857,,IVG PRO,VAPES,PREFILLED VAPE KIT,Pieces,5.84,5.84,11.68,,2.0,,,Active,New,
20MG IVG PRO 12 REFILL POD PACK 10000 PUFFS - BLUE RASPBERRY ICE,,VAP-REFIL-IVG -875,,IVG PRO,VAPES,REFILL,Pieces,3.88,3.88,7.76,,0.0,,,Active,New,
20MG IVG PRO 12 REFILL POD PACK 10000 PUFFS - CLASSIC MENTHOL,,VAP-REFIL-IVG -877,,IVG PRO,VAPES,REFILL,Pieces,3.88,3.88,7.76,,1.0,,,Active,New,
20MG IVG PRO 12 REFILL POD PACK 10000 PUFFS - PINEAPPLE ICE,,VAP-REFIL-IVG -878,,IVG PRO,VAPES,REFILL,Pieces,3.88,3.88,7.76,,2.0,,,Active,New,
20MG IVG PRO 12 REFILL POD PACK 10000 PUFFS - BLUE SOUR RASPBERRY,,VAP-REFIL-IVG -876,,IVG PRO,VAPES,REFILL,Pieces,3.88,3.88,7.76,,0.0,,,Active,New,
20MG IVG PRO 12 PREFILLED POD VAPE KIT 10000 PUFFS - FRESH MENTHOL MOJITO,,VAP-KIT-IVG -849,,IVG PRO,VAPES,PREFILLED VAPE KIT,Pieces,5.84,5.84,11.68,,2.0,,,Active,New,
10MG IVG INTENSE 10ML NIC SALT (50VG/50PG) - FOREST BERRIES ICE,,VAP-SALT-IVG -880,,IVG PRO,VAPES,NIC SALT,Pieces,1.90,1.90,3.80,,4.0,,,Active,New,
10MG IVG INTENSE 10ML NIC SALT (50VG/50PG) - BANANA ICE,,VAP-SALT-IVG -879,,IVG PRO,VAPES,NIC SALT,Pieces,1.90,1.90,3.80,,5.0,,,Active,New,
10MG IVG INTENSE 10ML NIC SALT (50VG/50PG) - PINEAPPLE ICE,,VAP-SALT-IVG -881,,IVG PRO,VAPES,NIC SALT,Pieces,1.90,1.90,3.80,,5.0,,,Active,New,
10MG IVG INTENSE 10ML NIC SALT (50VG/50PG) - STRAWBERRY ICE,,VAP-SALT-IVG -882,,IVG PRO,VAPES,NIC SALT,Pieces,1.90,1.90,3.80,,5.0,,,Active,New,
10MG IVG INTENSE 10ML NIC SALT (50VG/50PG) - TRIPLE MANGO,,VAP-SALT-IVG -883,,IVG PRO,VAPES,NIC SALT,Pieces,1.90,1.90,3.80,,5.0,,,Active,New,
10MG IVG INTENSE 10ML NIC SALT (50VG/50PG) - WATERMELON ICE,,VAP-SALT-IVG -884,,IVG PRO,VAPES,NIC SALT,Pieces,1.90,1.90,3.80,,5.0,,,Active,New,
20MG IVG INTENSE 10ML NIC SALT (50VG/50PG) - BANANA ICE,,VAP-SALT-IVG -885,,IVG PRO,VAPES,NIC SALT,Pieces,1.90,1.90,3.80,,5.0,,,Active,New,
20MG IVG INTENSE 10ML NIC SALT (50VG/50PG) - PINEAPPLE ICE,,VAP-SALT-IVG -886,,IVG PRO,VAPES,NIC SALT,Pieces,1.90,1.90,3.80,,5.0,,,Active,New,
20MG IVG INTENSE 10ML NIC SALT (50VG/50PG) - STRAWBERRY ICE,,VAP-SALT-IVG -887,,IVG PRO,VAPES,NIC SALT,Pieces,1.90,1.90,3.80,,4.0,,,Active,New,
20MG IVG INTENSE 10ML NIC SALT (50VG/50PG) - WATERMELON ICE,,VAP-SALT-NON-980,,NON-BRANDED,VAPES,NIC SALT,Pieces,1.90,1.90,3.80,,4.0,,,Active,New,
20MG IVG PRO 12 PREFILLED POD VAPE KIT 10000 PUFFS - BANANA ICE,,VAP-KIT-IVG -866,,IVG PRO,VAPES,REFILLABLE VAPE KIT,Pieces,5.00,5.00,10.00,,2.0,,,Active,New,
20MG IVG PRO 12 PREFILLED POD VAPE KIT 10000 PUFFS - BLUE RAZZ RETRO,,VAP-KIT-IVG -867,,IVG PRO,VAPES,REFILLABLE VAPE KIT,Pieces,5.84,5.84,11.68,,2.0,,,Active,New,
20MG IVG PRO 12 PREFILLED POD VAPE KIT 10000 PUFFS - CHERRY ICE,,VAP-KIT-IVG -870,,IVG PRO,VAPES,REFILLABLE VAPE KIT,Pieces,5.84,5.84,11.68,,2.0,,,Active,New,
20MG IVG PRO 12 PREFILLED POD VAPE KIT 10000 PUFFS - DOUBLE APPLE,,VAP-KIT-IVG -872,,IVG PRO,VAPES,REFILLABLE VAPE KIT,Pieces,5.84,5.84,11.68,,2.0,,,Active,New,
20MG IVG PRO 12 PREFILLED POD VAPE KIT 10000 PUFFS - FIZZY ORANGE,,VAP-KIT-IVG -847,,IVG PRO,VAPES,PREFILLED VAPE KIT,Pieces,5.84,5.84,11.68,,2.0,,,Active,New,
20MG IVG PRO 12 PREFILLED POD VAPE KIT 10000 PUFFS - FRESH MINT,,VAP-KIT-IVG -850,,IVG PRO,VAPES,PREFILLED VAPE KIT,Pieces,5.84,5.84,11.68,,2.0,,,Active,New,
20MG IVG PRO 12 PREFILLED POD VAPE KIT 10000 PUFFS - GRAPE ICE,,VAP-KIT-IVG -851,,IVG PRO,VAPES,PREFILLED VAPE KIT,Pieces,5.84,5.84,11.68,,2.0,,,Active,New,
20MG IVG PRO 12 PREFILLED POD VAPE KIT 10000 PUFFS - MIXED BERRY,,VAP-KIT-IVG -855,,IVG PRO,VAPES,PREFILLED VAPE KIT,Pieces,5.84,5.84,11.68,,1.0,,,Active,New,
20MG IVG PRO 12 PREFILLED POD VAPE KIT 10000 PUFFS - PEACH ICE,,VAP-KIT-IVG -856,,IVG PRO,VAPES,PREFILLED VAPE KIT,Pieces,5.84,5.84,11.68,,2.0,,,Active,New,
20MG IVG PRO 12 PREFILLED POD VAPE KIT 10000 PUFFS - RASPBERRY BLAST,,VAP-KIT-IVG -858,,IVG PRO,VAPES,PREFILLED VAPE KIT,Pieces,5.84,5.84,11.68,,1.0,,,Active,New,
20MG IVG PRO 12 PREFILLED POD VAPE KIT 10000 PUFFS - TOBACCO,,VAP-KIT-IVG -865,,IVG PRO,VAPES,PREFILLED VAPE KIT,Pieces,5.84,5.84,11.68,,2.0,,,Active,New,
20MG IVG PRO 12 PREFILLED POD VAPE KIT 10000 PUFFS - GREEN FRUITS,,VAP-KIT-IVG -852,,IVG PRO,VAPES,PREFILLED VAPE KIT,Pieces,5.84,5.84,11.68,,2.0,,,Active,New,
20MG IVG PRO 12 PREFILLED POD VAPE KIT 10000 PUFFS - SOUR CHERRY WATERMELON,,VAP-KIT-IVG -860,,IVG PRO,VAPES,PREFILLED VAPE KIT,Pieces,5.84,5.84,11.68,,2.0,,,Active,New,
20MG IVG PRO 12 PREFILLED POD VAPE KIT 10000 PUFFS - STRAWBERRY KIWI,,VAP-KIT-IVG -862,,IVG PRO,VAPES,PREFILLED VAPE KIT,Pieces,5.84,5.84,11.68,,2.0,,,Active,New,
20MG IVG PRO 12 PREFILLED POD VAPE KIT 10000 PUFFS - BLUEBERRY MINT,,VAP-KIT-IVG -869,,IVG PRO,VAPES,REFILLABLE VAPE KIT,Pieces,5.84,5.84,11.68,,2.0,,,Active,New,
DONUT KING 100ML SHORTFILL 0MG (70VG/30PG) - DELIGHTFUL LEMON,,VAP-JUICE-DONU-780,,DONUT KING,VAPES,JUICE,Pieces,2.95,2.95,5.90,,2.0,,,Active,New,
DONUT KING 100ML SHORTFILL 0MG (70VG/30PG) - RASPBERRY COCONUT,,VAP-JUICE-DONU-781,,DONUT KING,VAPES,JUICE,Pieces,2.95,2.95,5.90,,2.0,,,Active,New,
WOW THAT&#039;S WHAT I CALL ICE 100ML SHORTFILL 0MG (70VG/30PG) - BLACK ICE,,VAP-JUICE-WOW -993,,WOW ICE,VAPES,JUICE,Pieces,1.59,1.59,3.18,,3.0,,,Active,New,
WOW THAT&#039;S WHAT I CALL ICE 100ML SHORTFILL 0MG (70VG/30PG) - ULTRA ICE,,VAP-JUICE-WOW -994,,WOW ICE,VAPES,JUICE,Pieces,3.48,3.48,4.35,,3.0,,,Active,New,
WOW THAT&#039;S WHAT I CALL ICE 100ML SHORTFILL 0MG (70VG/30PG) - WATERMELON ICE,,VAP-JUICE-WOW -995,,WOW ICE,VAPES,JUICE,Pieces,3.48,3.48,6.96,,3.0,,,Active,New,
20MG ELUX LEGEND 10ML NIC SALTS (50VG/50PG) - STOPTOBER SPECIAL OFFER! - CHERRY ICE,,VAP-SALT-ELUX-783,,ELUX LEGEND,VAPES,NIC SALT,Pieces,1.32,1.32,2.64,,1.0,,,Active,New,
20MG ELUX LEGEND 10ML NIC SALTS (50VG/50PG) - STOPTOBER SPECIAL OFFER!  STRAWBERRY ICE CREAM,,VAP-SALT-ELUX-785,,ELUX LEGEND,VAPES,NIC SALT,Pieces,1.32,1.32,2.64,,5.0,,,Active,New,
20MG ELUX LEGEND 10ML NIC SALTS (50VG/50PG) - STOPTOBER SPECIAL OFFER!  WATERMELON ICE,,VAP-SALT-ELUX-786,,ELUX LEGEND,VAPES,NIC SALT,Pieces,1.32,1.32,2.64,,6.0,,,Active,New,
ULTIMATE PUFF ON ICE RASPBERRY 0MG,,VAP-JUICE-ULTI-979,,ULTIMATE PUFF,VAPES,JUICE,Pieces,2.28,2.28,4.56,,1.0,,,Active,New,
MAJOR FLAVOR 100ML SHORTFILL 0MG (70VG/30PG) - TROPIC-THUNDA,,VAP-JUICE-MAJO-932,,MAJOR FLAVOR,VAPES,JUICE,Pieces,4.95,4.95,9.90,,2.0,,,Active,New,
MAJOR FLAVOR 100ML SHORTFILL 0MG (70VG/30PG) - BEETLE-JUICE,,VAP-JUICE-MAJO-928,,MAJOR FLAVOR,VAPES,JUICE,Pieces,4.95,4.95,9.90,,2.0,,,Active,New,
MAJOR FLAVOR 100ML SHORTFILL 0MG (70VG/30PG) - PANGO ICE,,VAP-JUICE-MAJO-930,,MAJOR FLAVOR,VAPES,JUICE,Pieces,4.95,4.95,9.90,,2.0,,,Active,New,
MAJOR FLAVOR 100ML SHORTFILL 0MG (70VG/30PG) - STRAWB-ICE,,VAP-JUICE-MAJO-931,,MAJOR FLAVOR,VAPES,JUICE,Pieces,4.95,4.95,9.90,,2.0,,,Active,New,
MAJOR FLAVOR 100ML SHORTFILL 0MG (70VG/30PG) - ENERGI-ICE,,VAP-JUICE-MAJO-929,,MAJOR FLAVOR,VAPES,JUICE,Pieces,4.95,4.95,9.90,,2.0,,,Active,New,
0MG FANTASI 100ML ICE REMIX SERIES (50VG/50PG) - BLUE RASPBERRY X CHERRY,,VAP-JUICE-FANT-810,,FANTASI,VAPES,JUICE,Pieces,4.13,4.13,5.16,,2.0,,,Active,New,
FROOTY KING 100ML SHORTFILL 0MG (70VG/30PG) - STOPTOBER SPECIAL OFFER! - BLUE  RASPBERRY,,VAP-JUICE-FROOTY-817,,FROOTY KING,VAPES,JUICE,Pieces,2.36,2.36,4.72,,2.0,,,Active,New,
FROOTY KING 100ML SHORTFILL 0MG (70VG/30PG) - STOPTOBER SPECIAL OFFER! - STRAWBERRY  PINEAPPLE,,VAP-JUICE-FROOTY-818,,FROOTY KING,VAPES,JUICE,Pieces,2.36,2.36,4.72,,2.0,,,Active,New,
FROOTY KING 100ML SHORTFILL 0MG (70VG/30PG) - STOPTOBER SPECIAL OFFER! - TOOTY  FROOTY,,VAP-JUICE-FROOTY-819,,FROOTY KING,VAPES,JUICE,Pieces,2.36,2.36,4.72,,2.0,,,Active,New,
FROOTY KING 100ML SHORTFILL 0MG (70VG/30PG) - STOPTOBER SPECIAL OFFER! - WATERMELON  RASPBERRY,,VAP-JUICE-FROOTY-820,,FROOTY KING,VAPES,JUICE,Pieces,2.36,2.36,2.95,,2.0,,,Active,New,
FROOTY KING 100ML SHORTFILL 0MG (70VG/30PG) - STOPTOBER SPECIAL OFFER! - WILD  BERRIE,,VAP-JUICE-FROOTY-821,,FROOTY KING,VAPES,JUICE,Pieces,4.95,4.95,9.90,,1.0,,,Active,New,
0MG FANTASI 100ML ICE REMIX SERIES (50VG/50PG) - FRUIT X TWIST,,VAP-JUICE-FANT-811,,FANTASI,VAPES,JUICE,Pieces,4.13,4.13,8.26,,0.0,,,Active,New,
BERRY BANG BY ELUX FIREROSE 5000 10ML SALTS 20MG (SALT),,VAP-SALT-ELUX-788,,ELUX LEGEND,VAPES,NIC SALT,Pieces,1.32,1.32,2.64,,9.0,,,Active,New,
BLUEBERRY POMEGRANATE BY ELUX FIREROSE 5000 10ML SALTS 20MG (SALT),,VAP-SALT-ELUX-791,,ELUX LEGEND,VAPES,NIC SALT,Pieces,1.32,1.32,2.64,,8.0,,,Active,New,
BUBBLEGUM AIRWAYS BY ELUX FIREROSE 5000 10ML SALTS 20MG (SALT),,VAP-SALT-ELUX-792,,ELUX LEGEND,VAPES,NIC SALT,Pieces,1.32,1.32,2.64,,9.0,,,Active,New,
CHERRY COLA BY ELUX FIREROSE 5000 10ML SALTS 20MG (SALT),,VAP-SALT-ELUX-795,,ELUX LEGEND,VAPES,NIC SALT,Pieces,1.32,1.32,2.64,,5.0,,,Active,New,
HUBBLA BUBBLA BY ELUX FIREROSE 5000 10ML SALTS 20MG (SALT),,VAP-SALT-ELUX-797,,ELUX LEGEND,VAPES,NIC SALT,Pieces,1.32,1.32,2.64,,10.,,,Active,New,
LEMON AND LIME BY ELUX FIREROSE 5000 10ML SALTS 20MG (SALT),,VAP-SALT-ELUX-799,,ELUX LEGEND,VAPES,NIC SALT,Pieces,1.32,1.32,2.64,,10.,,,Active,New,
PINEAPPLE PEACH MANGO BY ELUX FIREROSE 5000 10ML SALTS 20MG (SALT),,VAP-SALT-ELUX-804,,ELUX LEGEND,VAPES,NIC SALT,Pieces,1.32,1.32,2.64,,10.,,,Active,New,
STRAWBERRY RASPBERRY BY ELUX FIREROSE 5000 10ML SALTS 20MG (SALT),,VAP-SALT-ELUX-807,,ELUX LEGEND,VAPES,NIC SALT,Pieces,1.32,1.32,2.64,,6.0,,,Active,New,
APPLE BERRY BLAST BY ELUX FIREROSE 5000 10ML SALTS 20MG (SALT),,VAP-SALT-ELUX-787,,ELUX LEGEND,VAPES,NIC SALT,Pieces,1.32,1.32,2.64,,9.0,,,Active,New,
BLACK CURRANT LEMONADE,,VAP-SALT-ELUX-789,,ELUX LEGEND,VAPES,NIC SALT,Pieces,1.32,1.32,2.64,,7.0,,,Active,New,
BLUE RAZZ LEMONADE BY ELUX FIREROSE 5000 10ML SALTS 20MG (SALT),,VAP-SALT-ELUX-790,,ELUX LEGEND,VAPES,NIC SALT,Pieces,1.32,1.32,2.64,,10.,,,Active,New,
FIZZY GUMMY BY ELUX FIREROSE 5000 10ML SALTS 20MG (SALT),,VAP-SALT-ELUX-796,,ELUX LEGEND,VAPES,NIC SALT,Pieces,1.32,1.32,2.64,,9.0,,,Active,New,
ICE POP BY ELUX FIREROSE 5000 10ML SALTS 20MG (SALT),,VAP-SALT-ELUX-798,,ELUX LEGEND,VAPES,NIC SALT,Pieces,1.32,1.32,2.64,,10.,,,Active,New,
STRAWBERRY WATERMELON BUBBLEGUM BY ELUX FIREROSE 5000 10ML SALTS 20MG (SALT),,VAP-SALT-ELUX-808,,ELUX LEGEND,VAPES,NIC SALT,Pieces,1.32,1.32,2.64,,10.,,,Active,New,
VIM TRU BY ELUX FIREROSE 5000 10ML SALTS 20MG (SALT)5061026750626,,VAP-SALT-NON-981,,NON-BRANDED,VAPES,NIC SALT,Pieces,1.32,1.32,2.64,,10.,,,Active,New,
WHITE GUMMY BY ELUX FIREROSE 5000 10ML SALTS 20MG (SALT),,VAP-SALT-ELUX-809,,ELUX LEGEND,VAPES,NIC SALT,Pieces,1.32,1.32,2.64,,10.,,,Active,New,
20MG ELUX LEGEND 10ML NIC SALTS (50VG/50PG) - STOPTOBER SPECIAL OFFER! - PINEAPPLE  ICE5061026751630,,VAP-SALT-ELUX-784,,ELUX LEGEND,VAPES,NIC SALT,Pieces,1.32,1.32,2.64,,4.0,,,Active,New,
10MG SKE CRYSTAL ORIGINAL 10ML NIC SALTS (50VG/50PG) - PINEAPPLE ICE,,VAP-SALT-SKE-977,,SKE,VAPES,NIC SALT,Pieces,1.65,1.65,3.30,,3.0,,,Active,New,
10MG SKE CRYSTAL ORIGINAL 10ML NIC SALTS (50VG/50PG) - WATERMELON ICE,,VAP-SALT-SKE-978,,SKE,VAPES,NIC SALT,Pieces,1.65,1.65,3.30,,7.0,,,Active,New,
10MG SKE CRYSTAL ORIGINAL 10ML NIC SALTS (50VG/50PG) - BANANA ICE,,VAP-SALT-SKE-976,,SKE,VAPES,NIC SALT,Pieces,1.65,1.65,3.30,,6.0,,,Active,New,
20MG ELUX LEGEND 10ML NIC SALTS (50VG/50PG) - STOPTOBER SPECIAL OFFER!  BLACKBERRY ICE,,VAP-SALT-ELUX-782,,ELUX LEGEND,VAPES,NIC SALT,Pieces,1.32,1.32,2.64,,0.0,,,Active,New,
PASSIONFRUIT ORANGE GUAVA BY ELUX FIREROSE 5000 10ML SALTS 20MG (SALT),,VAP-SALT-ELUX-802,,ELUX LEGEND,VAPES,NIC SALT,Pieces,1.32,1.32,2.64,,8.0,,,Active,New,
SPEARMINT BY ELUX FIREROSE 5000 10ML SALTS 20MG (SALT),,VAP-SALT-ELUX-805,,ELUX LEGEND,VAPES,NIC SALT,Pieces,1.32,1.32,2.64,,9.0,,,Active,New,
CARIBBEAN BY ELUX FIREROSE 5000 10ML SALTS 20MG (SALT),,VAP-SALT-ELUX-794,,ELUX LEGEND,VAPES,NIC SALT,Pieces,1.32,1.32,2.64,,9.0,,,Active,New,
MIXED BERRIES BY ELUX FIREROSE 5000 10ML SALTS 20MG (SALT),,VAP-SALT-ELUX-800,,ELUX LEGEND,VAPES,NIC SALT,Pieces,1.32,1.32,2.64,,8.0,,,Active,New,
BUTTERMINTS BY ELUX FIREROSE 5000 10ML SALTS 20MG (SALT),,VAP-SALT-ELUX-793,,ELUX LEGEND,VAPES,NIC SALT,Pieces,1.23,1.23,2.46,,8.0,,,Active,New,
STRAWBERRY BANANA BY ELUX FIREROSE 5000 10ML SALTS 20MG (SALT),,VAP-SALT-ELUX-806,,ELUX LEGEND,VAPES,NIC SALT,Pieces,1.32,1.32,2.64,,7.0,,,Active,New,
PINEAPPLE LEMONADE BY ELUX FIREROSE 5000 10ML SALTS 20MG (SALT),,VAP-SALT-ELUX-803,,ELUX LEGEND,VAPES,NIC SALT,Pieces,1.32,1.32,2.64,,10.,,,Active,New,
ORANGE ZEST BY ELUX FIREROSE 5000 10ML SALTS 20MG (SALT),,VAP-SALT-ELUX-801,,ELUX LEGEND,VAPES,NIC SALT,Pieces,1.32,1.32,2.64,,8.0,,,Active,New,
0MG AU GOLD BY KINGSTON 100ML SHORTFILL E-LIQUID (70VG/30PG) - BANANA ICE,,VAP-JUICE-AU-737,,AU GOLD BY KINGSTON,VAPES,JUICE,Pieces,4.13,4.13,8.26,,2.0,,,Active,New,
0MG AU GOLD BY KINGSTON 100ML SHORTFILL E-LIQUID (70VG/30PG) - PINEAPPLE ICE,,VAP-JUICE-AU-738,,AU GOLD BY KINGSTON,VAPES,JUICE,Pieces,4.13,4.13,8.26,,2.0,,,Active,New,
UR DEMAND 30GAN W CHARGER,,ACC-CHARG-UR D-86,,UR DEMAND,ACCESSORIES,PHONE CHARGER,Pieces,4.50,4.50,15.00,,28.,,,Active,New,
NOKIA 106,,DEV-PHONE-NOKIA-137,,NOKIA,DEVICES,PHONE,Pieces,7.00,7.00,20.00,,10.,,,Active,New,
NOKIA 105,,DEV-PHONE-NOKIA-136,,NOKIA,DEVICES,PHONE,Pieces,8.50,8.50,20.00,,10.,,,Active,New,
OXVA VPRIME VAPE POD KIT 2ML 60W - BLACK LEATHER,,VAP-ECIG-OXVA-945,,OXVA,VAPES,E-CIGERETTE,Pieces,21.10,21.10,42.20,,2.0,,,Active,New,
OXVA VPRIME VAPE POD KIT 2ML 60W - BROWN LEATHER,,VAP-ECIG-OXVA-948,,OXVA,VAPES,E-CIGERETTE,Pieces,21.10,21.10,42.20,,2.0,,,Active,New,
OXVA VPRIME VAPE POD KIT 2ML 60W - AURORAL PURPLE,,VAP-ECIG-OXVA-944,,OXVA,VAPES,E-CIGERETTE,Pieces,21.10,21.10,42.20,,1.0,,,Active,New,
OXVA VPRIME VAPE POD KIT 2ML 60W - NATURAL GREEN,,VAP-ECIG-OXVA-947,,OXVA,VAPES,E-CIGERETTE,Pieces,21.10,21.10,42.20,,1.0,,,Active,New,
OXVA VPRIME VAPE POD KIT 2ML 60W - GLORIOUS GOLD,,VAP-ECIG-OXVA-946,,OXVA,VAPES,E-CIGERETTE,Pieces,19.41,19.41,38.82,,2.0,,,Active,New,
OXVA NEXLIM POD VAPE KIT 40W - BLACK WARRIOR,,VAP-ECIG-OXVA-937,,OXVA,VAPES,E-CIGERETTE,Pieces,18.82,18.82,37.64,,1.0,,,Active,New,
OXVA NEXLIM POD VAPE KIT 40W - DARK BROWN,,VAP-ECIG-OXVA-940,,OXVA,VAPES,E-CIGERETTE,Pieces,18.82,18.82,37.64,,1.0,,,Active,New,
OXVA NEXLIM POD VAPE KIT 40W - DARK GREY,,VAP-ECIG-OXVA-941,,OXVA,VAPES,E-CIGERETTE,Pieces,18.82,18.82,37.64,,2.0,,,Active,New,
OXVA NEXLIM POD VAPE KIT 40W - PEARL PINK,,VAP-ECIG-OXVA-943,,OXVA,VAPES,E-CIGERETTE,Pieces,18.82,18.82,37.64,,0.0,,,Active,New,
OXVA NEXLIM POD VAPE KIT 40W - CORAL ORANGE,,VAP-ECIG-OXVA-938,,OXVA,VAPES,E-CIGERETTE,Pieces,18.82,18.82,37.64,,0.0,,,Active,New,
OXVA NEXLIM POD VAPE KIT 40W - DARK BLUE,,VAP-ECIG-OXVA-939,,OXVA,VAPES,E-CIGERETTE,Pieces,18.82,18.82,37.64,,1.0,,,Active,New,
OXVA NEXLIM POD VAPE KIT 40W - GLORY RED,,VAP-ECIG-OXVA-942,,OXVA,VAPES,E-CIGERETTE,Pieces,18.82,18.82,37.64,,2.0,,,Active,New,
20MG LOST MARY NERA 30K MULTI EDITION PREFILLED POD VAPE KIT - 30000 PUFFS - BLUE  EDITION,,VAP-KIT-LOST-890,,LOST MARY,VAPES,PREFILLED VAPE KIT,Pieces,7.67,7.67,15.34,,2.0,,,Active,New,
20MG LOST MARY NERA 30K MULTI EDITION PREFILLED POD VAPE KIT - 30000 PUFFS  BLUEBERRY EDITION,,VAP-KIT-LOST-891,,LOST MARY,VAPES,PREFILLED VAPE KIT,Pieces,7.67,7.67,15.34,,2.0,,,Active,New,
20MG LOST MARY NERA 30K MULTI EDITION PREFILLED POD VAPE KIT - 30000 PUFFS - BERRY  EDITION,,VAP-KIT-LOST-889,,LOST MARY,VAPES,PREFILLED VAPE KIT,Pieces,7.67,7.67,15.34,,1.0,,,Active,New,
20MG LOST MARY NERA 30K MULTI EDITION PREFILLED POD VAPE KIT - 30000 PUFFS  CHERRY EDITION,,VAP-KIT-LOST-892,,LOST MARY,VAPES,PREFILLED VAPE KIT,Pieces,7.67,7.67,15.34,,2.0,,,Active,New,
20MG LOST MARY NERA 30K MULTI EDITION PREFILLED POD VAPE KIT - 30000 PUFFS  DRINKS EDITION,,VAP-KIT-LOST-893,,LOST MARY,VAPES,PREFILLED VAPE KIT,Pieces,7.67,7.67,15.34,,2.0,,,Active,New,
20MG LOST MARY NERA 30K MULTI EDITION PREFILLED POD VAPE KIT - 30000 PUFFS - GREEN  EDITION,,VAP-KIT-LOST-894,,LOST MARY,VAPES,PREFILLED VAPE KIT,Pieces,7.67,7.67,15.34,,2.0,,,Active,New,
20MG LOST MARY NERA 30K MULTI EDITION PREFILLED POD VAPE KIT - 30000 PUFFS  PURPLE EDITION,,VAP-KIT-LOST-895,,LOST MARY,VAPES,PREFILLED VAPE KIT,Pieces,7.67,7.67,15.34,,3.0,,,Active,New,
20MG LOST MARY NERA 30K MULTI EDITION PREFILLED POD VAPE KIT - 30000 PUFFS - RED  EDITION,,VAP-KIT-LOST-896,,LOST MARY,VAPES,PREFILLED VAPE KIT,Pieces,7.67,7.67,15.34,,2.0,,,Active,New,
20MG LOST MARY NERA 30K MULTI EDITION PREFILLED POD VAPE KIT - 30000 PUFFS  WATERMELON EDITION,,VAP-KIT-LOST-897,,LOST MARY,VAPES,PREFILLED VAPE KIT,Pieces,7.67,7.67,15.34,,15.,,,Active,New,
20MG LOST MARY NERA 30K PREFILLED POD VAPE KIT - 30000 PUFFS - BLUEBERRY SOUR  RASPBERR,,VAP-KIT-LOST-898,,LOST MARY,VAPES,PREFILLED VAPE KIT,Pieces,7.67,7.67,15.34,,2.0,,,Active,New,
20MG LOST MARY NERA 30K PREFILLED POD VAPE KIT - 30000 PUFFS - CHERRY ICE,,VAP-KIT-LOST-899,,LOST MARY,VAPES,PREFILLED VAPE KIT,Pieces,7.67,7.67,15.34,,2.0,,,Active,New,
20MG LOST MARY NERA 30K PREFILLED POD VAPE KIT - 30000 PUFFS - LEMON LIME,,VAP-KIT-LOST-900,,LOST MARY,VAPES,PREFILLED VAPE KIT,Pieces,7.67,7.67,15.34,,2.0,,,Active,New,
20MG LOST MARY NERA 30K PREFILLED POD VAPE KIT - 30000 PUFFS - PINEAPPLE ICE,,VAP-KIT-LOST-901,,LOST MARY,VAPES,PREFILLED VAPE KIT,Pieces,7.67,7.67,15.34,,2.0,,,Active,New,
20MG LOST MARY NERA 30K PREFILLED POD VAPE KIT - 30000 PUFFS - STRAWBERRY ICE,,VAP-KIT-LOST-902,,LOST MARY,VAPES,PREFILLED VAPE KIT,Pieces,7.67,7.67,15.34,,2.0,,,Active,New,
20MG LOST MARY NERA 30K PREFILLED POD VAPE KIT - 30000 PUFFS - TRIPLE MANGO,,VAP-KIT-LOST-903,,LOST MARY,VAPES,PREFILLED VAPE KIT,Pieces,7.67,7.67,15.34,,2.0,,,Active,New,
20MG LOST MARY BM600 PREFILLED REPLACEMENT PODS 1200 PUFFS - 2 PCS - CHERRY ICE,,VAP-REFIL-LOST-916,,LOST MARY,VAPES,REFILL,Pieces,2.95,2.95,5.90,,2.0,,,Active,New,
20MG LOST MARY BM600 PREFILLED REPLACEMENT PODS 1200 PUFFS - 2 PCS - DOUBLE  APPLE,,VAP-REFIL-LOST-917,,LOST MARY,VAPES,REFILL,Pieces,2.95,2.95,5.90,,2.0,,,Active,New,
20MG LOST MARY BM600 PREFILLED REPLACEMENT PODS 1200 PUFFS - 2 PCS - PEACH ICE,,VAP-REFIL-LOST-918,,LOST MARY,VAPES,REFILL,Pieces,2.95,2.95,5.90,,2.0,,,Active,New,
20MG LOST MARY BM600 PREFILLED REPLACEMENT PODS 1200 PUFFS - 2 PCS - PINEAPPLE  ICE,,VAP-REFIL-LOST-919,,LOST MARY,VAPES,REFILL,Pieces,2.95,2.95,5.90,,2.0,,,Active,New,
20MG LOST MARY BM600 PREFILLED REPLACEMENT PODS 1200 PUFFS - 2 PCS - STRAWBERRY  ICE6932570129970,,VAP-REFIL-LOST-920,,LOST MARY,VAPES,REFILL,Pieces,2.95,2.95,3.69,,2.0,,,Active,New,
20MG LOST MARY BM600 PREFILLED REPLACEMENT PODS 1200 PUFFS - 2 PCS - TRIPLE MANGO,,VAP-REFIL-LOST-921,,LOST MARY,VAPES,REFILL,Pieces,2.95,2.95,5.90,,2.0,,,Active,New,
20MG LOST MARY BM600 PREFILLED REPLACEMENT PODS 1200 PUFFS - 2 PCS - WATERMELON  ICE,,VAP-REFIL-LOST-922,,LOST MARY,VAPES,REFILL,Pieces,2.95,2.95,5.90,,2.0,,,Active,New,
20MG LOST MARY BM6000 Refill POD 6000 PUFFS - CHERRY ICE,,VAP-REFIL-LOST-925,,LOST MARY,VAPES,REFILL,Pieces,4.13,4.13,8.26,,2.0,,,Active,New,
20MG LOST MARRAY BM600 CHERRY COLA,,VAP-REFIL-LOST-913,,LOST MARY,VAPES,REFILL,Pieces,4.20,4.20,8.40,,5.0,,,Active,New,
20MG LOST MARRAY BM600 BANANA VOLCABO,,VAP-REFIL-LOST-911,,LOST MARY,VAPES,REFILL,Pieces,4.20,4.20,8.40,,5.0,,,Active,New,
20MG LOST MARY BM6000 Refill POD 6000 PUFFS - STRAWBERRY ICE,,VAP-REFIL-LOST-926,,LOST MARY,VAPES,REFILL,Pieces,4.13,4.13,8.26,,10.,,,Active,New,
20MG LOST MARY BM6000 Refill POD 6000 PUFFS - BLACKBERRY ICE,,VAP-REFIL-LOST-924,,LOST MARY,VAPES,REFILL,Pieces,4.13,4.13,8.26,,2.0,,,Active,New,
20MG LOST MARY BM6000 PREFILLED POD 6000 PUFFS - PINEAPPLE ICE,,VAP-REFIL-LOST-923,,LOST MARY,VAPES,REFILL,Pieces,4.13,4.13,8.26,,0.0,,,Active,New,
20MG LOST MARRAY BM600 TRIPLE BERRY,,VAP-REFIL-LOST-914,,LOST MARY,VAPES,REFILL,Pieces,4.20,4.20,8.40,,5.0,,,Active,New,
20MG LOST MARY BM6000 Refill POD 6000 PUFFS - WATERMELON ICE,,VAP-REFIL-LOST-927,,LOST MARY,VAPES,REFILL,Pieces,4.13,4.13,8.26,,5.0,,,Active,New,
20MG LOST MARY BM6000 REFILLABLE POD KIT - 6000 PUFFS - STOPTOBER SPECIAL OFFER  CHERRY ICE,,VAP-KIT-LOST-906,,LOST MARY,VAPES,REFILLABLE VAPE KIT,Pieces,5.25,5.25,10.50,,4.0,,,Active,New,
20MG LOST MARY BM6000 REFILLABLE POD KIT - 6000 PUFFS - STOPTOBER SPECIAL OFFER  BLACKBERRY ICE,,VAP-KIT-LOST-888,,LOST MARY,VAPES,PREFILLED VAPE KIT,Pieces,5.25,5.25,10.50,,2.0,,,Active,New,
20MG LOST MARY BM6000 REFILLABLE POD KIT - 6000 PUFFS - STOPTOBER SPECIAL OFFER  DOUBLE APPLE,,VAP-KIT-LOST-908,,LOST MARY,VAPES,REFILLABLE VAPE KIT,Pieces,5.25,5.25,10.50,,5.0,,,Active,New,
20MG LOST MARY BM6000 REFILLABLE POD KIT - 6000 PUFFS - STOPTOBER SPECIAL OFFER  COLA,,VAP-KIT-LOST-907,,LOST MARY,VAPES,REFILLABLE VAPE KIT,Pieces,5.25,5.25,10.50,,5.0,,,Active,New,
20MG LOST MARY BM6000 REFILLABLE POD KIT - 6000 PUFFS - STOPTOBER SPECIAL OFFER  TRIPLE MANGO,,VAP-KIT-LOST-910,,LOST MARY,VAPES,REFILLABLE VAPE KIT,Pieces,5.25,5.25,10.50,,5.0,,,Active,New,
20MG LOST MARY BM6000 REFILLABLE POD KIT - 6000 PUFFS - STOPTOBER SPECIAL OFFER  LEMON LIME,,VAP-KIT-LOST-909,,LOST MARY,VAPES,REFILLABLE VAPE KIT,Pieces,5.25,5.25,10.50,,5.0,,,Active,New,
20MG LOST MARY BM6000 REFILLABLE POD KIT - 6000 PUFFS - STOPTOBER SPECIAL OFFER  BLUEBERRY SOUR RASPBERRY,,VAP-KIT-LOST-905,,LOST MARY,VAPES,REFILLABLE VAPE KIT,Pieces,5.25,5.25,10.50,,5.0,,,Active,New,
20MG LOST MARY BM6000 REFILLABLE POD KIT - 6000 PUFFS - STOPTOBER SPECIAL OFFER  BLUEBERRY,,VAP-KIT-LOST-904,,LOST MARY,VAPES,REFILLABLE VAPE KIT,Pieces,5.25,5.25,10.50,,4.0,,,Active,New,
20MG LOST MARRAY BM600 BLACK CURRANT,,VAP-REFIL-LOST-912,,LOST MARY,VAPES,REFILL,Pieces,4.20,4.20,8.40,,3.0,,,Active,New,
20MG LOST MARRAY BM600 TRIPLE MELON,,VAP-REFIL-LOST-915,,LOST MARY,VAPES,REFILL,Pieces,4.20,4.20,8.40,,5.0,,,Active,New,
VOOPOO ARGUS PRO 2 80W POD VAPE KIT - MODERN RED,,VAP-ECIG-VOOP-991,,VOOPOO,VAPES,E-CIGERETTE,Pieces,24.84,24.84,49.68,,1.0,,,Active,New,
VOOPOO ARGUS PRO 2 80W POD VAPE KIT - LAKE BLUE,,VAP-ECIG-VOOP-990,,VOOPOO,VAPES,E-CIGERETTE,Pieces,24.84,24.84,49.68,,1.0,,,Active,New,
VOOPOO ARGUS PRO 2 80W POD VAPE KIT - SKY PURPLE,,VAP-ECIG-VOOP-992,,VOOPOO,VAPES,E-CIGERETTE,Pieces,24.84,24.84,49.68,,1.0,,,Active,New,
VOOPOO ARGUS E40 POD VAPE KIT 40W - STARLIGHT PURPLE,,VAP-ECIG-VOOP-989,,VOOPOO,VAPES,E-CIGERETTE,Pieces,17.11,17.11,34.22,,2.0,,,Active,New,
VOOPOO ARGUS E40 POD VAPE KIT 40W - SKY BLUE,,VAP-ECIG-VOOP-988,,VOOPOO,VAPES,E-CIGERETTE,Pieces,17.11,17.11,34.22,,2.0,,,Active,New,
VOOPOO ARGUS E40 POD VAPE KIT 40W - MODERN RED,,VAP-ECIG-VOOP-987,,VOOPOO,VAPES,E-CIGERETTE,Pieces,17.11,17.11,34.22,,2.0,,,Active,New,
VOOPOO ARGUS E40 POD VAPE KIT 40W - LAKE GREEN,,VAP-ECIG-VOOP-986,,VOOPOO,VAPES,E-CIGERETTE,Pieces,17.11,17.11,34.22,,2.0,,,Active,New,
20MG VAPORESSO DOJO BLAST 10K PREFILLED POD VAPE KIT - SOUR BERRY,,VAP-KIT-DOJO-754,,DOJO,VAPES,PREFILLED VAPE KIT,Pieces,4.54,4.54,10.00,,4.0,,,Active,New,
20MG VAPORESSO DOJO BLAST 10K PREFILLED POD VAPE KIT - SOUR PEACH GUMMY,,VAP-KIT-DOJO-755,,DOJO,VAPES,PREFILLED VAPE KIT,Pieces,4.54,4.54,10.00,,5.0,,,Active,New,
20MG VAPORESSO DOJO BLAST 10K PREFILLED POD VAPE KIT - LIME POMEGRANATE,,VAP-KIT-DOJO-750,,DOJO,VAPES,PREFILLED VAPE KIT,Pieces,4.54,4.54,10.00,,5.0,,,Active,New,
20MG VAPORESSO DOJO BLAST 10K PREFILLED POD VAPE KIT - STRAWBERRY ICE,,VAP-KIT-DOJO-756,,DOJO,VAPES,PREFILLED VAPE KIT,Pieces,4.54,4.54,10.00,,4.0,,,Active,New,
20MG VAPORESSO DOJO BLAST 10K PREFILLED POD VAPE KIT - BANANA ICE,,VAP-KIT-DOJO-744,,DOJO,VAPES,PREFILLED VAPE KIT,Pieces,4.54,4.54,10.00,,4.0,,,Active,New,
20MG VAPORESSO DOJO BLAST 10K PREFILLED POD VAPE KIT - LYCHEE ICE,,VAP-KIT-DOJO-751,,DOJO,VAPES,PREFILLED VAPE KIT,Pieces,4.54,4.54,10.00,,5.0,,,Active,New,
20MG VAPORESSO DOJO BLAST 10K PREFILLED PODS - CLASSIC TOBACCO,,VAP-REFIL-DOJO-768,,DOJO,VAPES,REFILL,Pieces,2.77,2.77,5.00,,5.0,,,Active,New,
20MG VAPORESSO DOJO BLAST 10K PREFILLED PODS - TEN TANGERINES,,VAP-REFIL-DOJO-778,,DOJO,VAPES,REFILL,Pieces,2.77,2.77,5.00,,10.,,,Active,New,
20MG VAPORESSO DOJO BLAST 10K PREFILLED POD VAPE KIT - CLASSIC TOBACCO,,VAP-KIT-DOJO-762,,DOJO,VAPES,PREFILLED VAPE KIT,Pieces,4.54,4.54,10.00,,4.0,,,Active,New,
20MG VAPORESSO DOJO BLAST 10K PREFILLED POD VAPE KIT - TEN TANGERINES,,VAP-KIT-DOJO-758,,DOJO,VAPES,PREFILLED VAPE KIT,Pieces,4.54,4.54,10.00,,3.0,,,Active,New,
20MG VAPORESSO DOJO BLAST 10K PREFILLED POD VAPE KIT - STRAW-RASPBERRY CHERRY ICE,,VAP-KIT-DOJO-757,,DOJO,VAPES,PREFILLED VAPE KIT,Pieces,4.54,4.54,10.00,,5.0,,,Active,New,
20MG VAPORESSO DOJO BLAST 10K PREFILLED POD VAPE KIT - FIZZY CHERRY,,VAP-KIT-DOJO-749,,DOJO,VAPES,PREFILLED VAPE KIT,Pieces,4.54,4.54,10.00,,5.0,,,Active,New,
20MG VAPORESSO DOJO BLAST 10K PREFILLED POD VAPE KIT - LEMON LIME,,VAP-KIT-DOJO-765,,DOJO,VAPES,PREFILLED VAPE KIT,Pieces,4.54,4.54,10.00,,5.0,,,Active,New,
20MG VAPORESSO DOJO BLAST 10K PREFILLED POD VAPE KIT - WATERMELON ICE,,VAP-KIT-DOJO-760,,DOJO,VAPES,PREFILLED VAPE KIT,Pieces,4.54,4.54,10.00,,5.0,,,Active,New,
20MG VAPORESSO DOJO BLAST 10K PREFILLED POD VAPE KIT - DOUBLE APPLE,,VAP-KIT-DOJO-748,,DOJO,VAPES,PREFILLED VAPE KIT,Pieces,4.54,4.54,10.00,,3.0,,,Active,New,
20MG VAPORESSO DOJO BLAST 10K PREFILLED POD VAPE KIT - COOL MENTHOL,,VAP-KIT-DOJO-747,,DOJO,VAPES,PREFILLED VAPE KIT,Pieces,4.64,4.64,10.00,,3.0,,,Active,New,
20MG VAPORESSO DOJO BLAST 10K PREFILLED POD VAPE KIT - BLUEBERRY SOUR RASPBERRY,,VAP-KIT-DOJO-761,,DOJO,VAPES,PREFILLED VAPE KIT,Pieces,4.54,4.54,10.00,,3.0,,,Active,New,
20MG VAPORESSO DOJO BLAST 10K PREFILLED POD VAPE KIT - PINEAPPLE ICE,,VAP-KIT-DOJO-752,,DOJO,VAPES,PREFILLED VAPE KIT,Pieces,4.54,4.54,10.00,,4.0,,,Active,New,
20MG VAPORESSO DOJO BLAST 10K PREFILLED POD VAPE KIT - BLUE RAZZ LEMONADE,,VAP-KIT-DOJO-746,,DOJO,VAPES,PREFILLED VAPE KIT,Pieces,4.54,4.54,10.00,,0.0,,,Active,New,
20MG VAPORESSO DOJO BLAST 10K PREFILLED POD VAPE KIT - KIWI PASSIONFRUIT GUAVA,,VAP-KIT-DOJO-764,,DOJO,VAPES,PREFILLED VAPE KIT,Pieces,4.54,4.54,10.00,,3.0,,,Active,New,
20MG VAPORESSO DOJO BLAST 10K PREFILLED POD VAPE KIT - JUICY PEACH,,VAP-KIT-DOJO-763,,DOJO,VAPES,PREFILLED VAPE KIT,Pieces,4.54,4.54,10.00,,5.0,,,Active,New,
20MG VAPORESSO DOJO BLAST 10K PREFILLED POD VAPE KIT - TRIPLE MANGO,,VAP-KIT-DOJO-759,,DOJO,VAPES,PREFILLED VAPE KIT,Pieces,4.54,4.54,10.00,,3.0,,,Active,New,
20MG VAPORESSO DOJO BLAST 10K PREFILLED POD VAPE KIT - BLACK GRAPE,,VAP-KIT-DOJO-745,,DOJO,VAPES,PREFILLED VAPE KIT,Pieces,4.54,4.54,10.00,,4.0,,,Active,New,
20MG VAPORESSO DOJO BLAST 10K PREFILLED PODS - STRAW-RASPBERRY CHERRY ICE,,VAP-REFIL-DOJO-777,,DOJO,VAPES,REFILL,Pieces,2.77,2.77,5.00,,14.,,,Active,New,
20MG VAPORESSO DOJO BLAST 10K PREFILLED PODS - FIZZY CHERRY,,VAP-REFIL-DOJO-771,,DOJO,VAPES,REFILL,Pieces,2.77,2.77,5.00,,9.0,,,Active,New,
20MG VAPORESSO DOJO BLAST 10K PREFILLED PODS - LEMON LIME,,VAP-REFIL-DOJO-774,,DOJO,VAPES,REFILL,Pieces,2.77,2.77,5.00,,6.0,,,Active,New,
20MG VAPORESSO DOJO BLAST 10K PREFILLED PODS - DOUBLE APPLE,,VAP-REFIL-DOJO-770,,DOJO,VAPES,REFILL,Pieces,2.77,2.77,5.00,,10.,,,Active,New,
20MG VAPORESSO DOJO BLAST 10K PREFILLED PODS - COOL MENTHOL,,VAP-REFIL-DOJO-769,,DOJO,VAPES,REFILL,Pieces,2.77,2.77,5.00,,8.0,,,Active,New,
20MG VAPORESSO DOJO BLAST 10K PREFILLED PODS - BLUEBERRY SOUR RASPBERRY,,VAP-REFIL-DOJO-779,,DOJO,VAPES,REFILL,Pieces,2.77,2.77,5.00,,3.0,,,Active,New,
20MG VAPORESSO DOJO BLAST 10K PREFILLED PODS - PINEAPPLE ICE,,VAP-REFIL-DOJO-775,,DOJO,VAPES,REFILL,Pieces,2.77,2.77,5.00,,7.0,,,Active,New,
20MG VAPORESSO DOJO BLAST 10K PREFILLED PODS - BLUE RAZZ LEMONADE,,VAP-REFIL-DOJO-767,,DOJO,VAPES,REFILL,Pieces,2.77,2.77,5.00,,9.0,,,Active,New,
20MG VAPORESSO DOJO BLAST 10K PREFILLED PODS - KIWI PASSIONFRUIT GUAVA,,VAP-REFIL-DOJO-773,,DOJO,VAPES,REFILL,Pieces,2.77,2.77,5.00,,10.,,,Active,New,
20MG VAPORESSO DOJO BLAST 10K PREFILLED PODS - JUICY PEACH,,VAP-REFIL-DOJO-772,,DOJO,VAPES,REFILL,Pieces,2.77,2.77,5.00,,11.,,,Active,New,
20MG VAPORESSO DOJO BLAST 10K PREFILLED PODS - BLACK GRAPE,,VAP-REFIL-DOJO-766,,DOJO,VAPES,REFILL,Pieces,2.77,2.77,5.00,,9.0,,,Active,New,
20MG VAPORESSO DOJO BLAST 10K PREFILLED POD VAPE KIT - POMELO SODA,,VAP-KIT-DOJO-753,,DOJO,VAPES,PREFILLED VAPE KIT,Pieces,4.54,4.54,10.00,,5.0,,,Active,New,
20MG VAPORESSO DOJO BLAST 10K PREFILLED PODS - POMELO SODA,,VAP-REFIL-DOJO-776,,DOJO,VAPES,REFILL,Pieces,2.77,2.77,5.00,,10.,,,Active,New,
OPPO  ENCO FREE 2 AIRBUDS,,SOU-EARPH-OPPO-710,,OPPO,SOUNDS,EARPHONES,Pieces,27.00,27.00,48.50,,4.0,,,Active,New,
ASPIRE ZELOS M80 VAPE KIT - FULL BLACK,,VAP-ECIG-ASP-733,,ASPIRE,VAPES,E-CIGERETTE,Pieces,33.45,33.45,66.90,,1.0,,,Active,New,
ASPIRE ZELOS M80 VAPE KIT - GREEN; GUN METAL,,VAP-ECIG-ASP-736,,ASPIRE,VAPES,E-CIGERETTE,Pieces,33.45,33.45,66.90,,1.0,,,Active,New,
ASPIRE ZELOS M80 VAPE KIT - GUN METAL,,VAP-ECIG-ASP-735,,ASPIRE,VAPES,E-CIGERETTE,Pieces,33.45,33.45,66.90,,0.0,,,Active,New,
ASPIRE ZELOS M80 VAPE KIT - GOLD AND SILVER,,VAP-ECIG-ASP-734,,ASPIRE,VAPES,E-CIGERETTE,Pieces,33.45,33.45,66.90,,1.0,,,Active,New,
VAPCELL K25 18650 2500MAH BATTERY,,VAP-CELL-VAPC-984,,VAPCELL,VAPES,VAP CELL | BATTERY,Pieces,2.77,2.77,5.54,,4.0,,,Active,New,
VAPCELL 21700 4200MAH 30A BATTERY,,VAP-CELL-VAPC-982,,VAPCELL,VAPES,VAP CELL | BATTERY,Pieces,5.31,5.31,10.62,,5.0,,,Active,New,
VAPCELL A30 18650 3000MAH BATTERY,,VAP-CELL-VAPC-983,,VAPCELL,VAPES,VAP CELL | BATTERY,Pieces,4.30,4.30,8.60,,5.0,,,Active,New,
VAPCELL M35A 18650 3500MAH BATTERY,,VAP-CELL-VAPC-985,,VAPCELL,VAPES,VAP CELL | BATTERY,Pieces,4.30,4.30,8.60,,4.0,,,Active,New,
REYMONT PURA MINI PRO POD VAPE KIT 30W - PURPLE,,VAP-ECIG-REYM-969,,REYMONT,VAPES,E-CIGERETTE,Pieces,14.75,14.75,29.50,,2.0,,,Active,New,
REYMONT PURA MINI PRO POD VAPE KIT 30W - SILVER,,VAP-ECIG-REYM-970,,REYMONT,VAPES,E-CIGERETTE,Pieces,14.75,14.75,29.50,,2.0,,,Active,New,
REYMONT PURA MINI PRO POD VAPE KIT 30W - GUNMENTAL BLACK,,VAP-ECIG-REYM-968,,REYMONT,VAPES,E-CIGERETTE,Pieces,14.75,14.75,29.50,,0.0,,,Active,New,
REYMONT PURA MINI PRO POD VAPE KIT 30W - GOLD,,VAP-ECIG-REYM-967,,REYMONT,VAPES,E-CIGERETTE,Pieces,14.75,14.75,29.50,,2.0,,,Active,New,
AIRBUDS PRO 2,,SOU-EARPH-KFSE-708,,KFSENIOR,SOUNDS,EARPHONES,Pieces,13.00,13.00,26.00,,9.0,,,Active,New,
SMART AIR FRESHENER FOR CAR AND HOME,,ACC-CAR-KFSE-50,,KFSENIOR,ACCESSORIES,CAR ACCESSORIES,Pieces,10.00,10.00,25.00,,4.0,,,Active,New,
KFSENIOR 10000MAH POWER BANK,,GAD-PBANK-KFSE-194,,KFSENIOR,GADGETS,POWER BANK,Pieces,14.00,14.00,28.00,,8.0,,,Active,New,
KFSENIOR WIRELESS HEADPHONE 2 IN 1 HD-90,,SOU-HEADPH-KFSE-709,,KFSENIOR,SOUNDS,HEADPHONE,Pieces,25.00,25.00,48.00,,0.0,,,Active,New,
MAGNETIC CAR PHONE HOLDER,,ACC-CAR-KFSE-49,,KFSENIOR,ACCESSORIES,CAR ACCESSORIES,Pieces,7.00,7.00,14.00,,5.0,,,Active,New,
AIR BUDS 3D SURROUND SOUND,,SOU-EARPH-KFSE-707,,KFSENIOR,SOUNDS,EARPHONES,Pieces,13.00,13.00,26.00,,8.0,,,Active,New,
20MG HAYATI PRO MAX NIC SALTS 10ML - BANANA ICE,,VAP-SALT-HAYATI-822,,HAYATI,VAPES,NIC SALT,Pieces,1.29,1.29,2.58,,14.,,,Active,New,
BLUE FUSION BY HAYATI 10ML NIC SALT 20MG (SALT),,VAP-SALT-HAYATI-829,,HAYATI,VAPES,NIC SALT,Pieces,1.14,1.14,2.28,,8.0,,,Active,New,
BLUE RAZZ CHERRY BY HAYATI 10ML NIC SALT 20MG (SALT),,VAP-SALT-HAYATI-830,,HAYATI,VAPES,NIC SALT,Pieces,1.14,1.14,2.28,,10.,,,Active,New,
BLUEBERRY CHERRY CRANBERRY BY HAYATI 10ML NIC SALT 20MG (SALT),,VAP-SALT-HAYATI-832,,HAYATI,VAPES,NIC SALT,Pieces,1.14,1.14,2.28,,9.0,,,Active,New,
CHERRY COLA BY HAYATI 10ML NIC SALT 20MG (SALT),,VAP-SALT-HAYATI-833,,HAYATI,VAPES,NIC SALT,Pieces,1.14,1.14,2.28,,8.0,,,Active,New,
COLA LIME BY HAYATI 10ML NIC SALT 20MG (SALT),,VAP-SALT-HAYATI-834,,HAYATI,VAPES,NIC SALT,Pieces,1.14,1.14,2.28,,10.,,,Active,New,
6976133162455FIZZY CHERRY BY HAYATI 10ML NIC SALT 20MG (SALT),,VAP-SALT-HAYATI-827,,HAYATI,VAPES,NIC SALT,Pieces,1.14,1.14,2.28,,8.0,,,Active,New,
JUICY PEACH BY HAYATI 10ML NIC SALT 20MG (SALT),,VAP-SALT-HAYATI-836,,HAYATI,VAPES,NIC SALT,Pieces,1.14,1.14,2.28,,10.,,,Active,New,
BERRY LEMONADE BY HAYATI 10ML NIC SALT 20MG (SALT),,VAP-SALT-HAYATI-828,,HAYATI,VAPES,NIC SALT,Pieces,1.14,1.14,2.28,,10.,,,Active,New,
BLUE SOUR RASPBERRY BY HAYATI 10ML NIC SALT 20MG (SALT),,VAP-SALT-HAYATI-831,,HAYATI,VAPES,NIC SALT,Pieces,1.14,1.14,2.28,,9.0,,,Active,New,
FRESH MENTHOL MOJITO BY HAYATI 10ML NIC SALT 20MG (SALT)6976133162653,,VAP-SALT-HAYATI-835,,HAYATI,VAPES,NIC SALT,Pieces,1.14,1.14,2.28,,7.0,,,Active,New,
STRAWBERRY MOJITO BY HAYATI 10ML NIC SALT 20MG (SALT),,VAP-SALT-HAYATI-841,,HAYATI,VAPES,NIC SALT,Pieces,1.14,1.14,2.28,,10.,,,Active,New,
LEMON PEACH PASSIONFRUIT BY HAYATI 10ML NIC SALT 20MG (SALT),,VAP-SALT-HAYATI-837,,HAYATI,VAPES,NIC SALT,Pieces,1.14,1.14,2.28,,10.,,,Active,New,
STRAWBERRY WATERMELON BY HAYATI 10ML NIC SALT 20MG (SALT),,VAP-SALT-HAYATI-842,,HAYATI,VAPES,NIC SALT,Pieces,1.14,1.14,2.28,,10.,,,Active,New,
STRAWBERRY KIWI BY HAYATI 10ML NIC SALT 20MG (SALT),,VAP-SALT-HAYATI-840,,HAYATI,VAPES,NIC SALT,Pieces,1.14,1.14,2.28,,10.,,,Active,New,
RAINBOW BY HAYATI 10ML NIC SALT 20MG (SALT),,VAP-SALT-HAYATI-839,,HAYATI,VAPES,NIC SALT,Pieces,1.14,1.14,2.28,,10.,,,Active,New,
MR BLUE BY HAYATI 10ML NIC SALT 20MG (SALT),,VAP-SALT-HAYATI-838,,HAYATI,VAPES,NIC SALT,Pieces,1.14,1.14,2.28,,0.0,,,Active,New,
UR USB TO LIGHTINING CABLE 1M,,ACC-CABLE-UR-79,,UR,ACCESSORIES,CHARGING / DATA CABLES,Pieces,1.10,1.10,5.00,,9.0,,,Active,New,
20MG HAYATI PRO MAX NIC SALTS 10ML - CHERRY ICE,,VAP-SALT-HAYATI-823,,HAYATI,VAPES,NIC SALT,Pieces,1.29,1.29,2.58,,4.0,,,Active,New,
20MG HAYATI PRO MAX NIC SALTS 10ML - WATERMELON ICE,,VAP-SALT-HAYATI-826,,HAYATI,VAPES,NIC SALT,Pieces,1.29,1.29,2.58,,3.0,,,Active,New,
20MG HAYATI PRO MAX NIC SALTS 10ML - PINEAPPLE ICE,,VAP-SALT-HAYATI-824,,HAYATI,VAPES,NIC SALT,Pieces,1.29,1.29,2.58,,3.0,,,Active,New,
20MG HAYATI PRO MAX NIC SALTS 10ML - TRIPLE MANGO,,VAP-SALT-HAYATI-825,,HAYATI,VAPES,NIC SALT,Pieces,1.29,1.29,2.58,,3.0,,,Active,New,
20MG PYNE POD CLICK 50K PREFILLED POD VAPE KIT - BLUE EDITION,,VAP-KIT-PYNE-958,,PYNE,VAPES,PREFILLED VAPE KIT,Pieces,7.37,7.37,14.74,,3.0,,,Active,New,
20MG PYNE POD CLICK 50K PREFILLED POD VAPE KIT - CHERRY EDITION,,VAP-KIT-PYNE-959,,PYNE,VAPES,PREFILLED VAPE KIT,Pieces,7.37,7.37,14.74,,4.0,,,Active,New,
20MG PYNE POD CLICK 50K PREFILLED POD VAPE KIT - DRINKS EDITION,,VAP-KIT-PYNE-961,,PYNE,VAPES,PREFILLED VAPE KIT,Pieces,7.37,7.37,14.74,,3.0,,,Active,New,
20MG PYNE POD CLICK 50K PREFILLED POD VAPE KIT - LEMONADE EDITION,,VAP-KIT-PYNE-963,,PYNE,VAPES,PREFILLED VAPE KIT,Pieces,7.37,7.37,14.74,,6.0,,,Active,New,
20MG PYNE POD CLICK 50K PREFILLED POD VAPE KIT - LIME EDITION,,VAP-KIT-PYNE-964,,PYNE,VAPES,PREFILLED VAPE KIT,Pieces,7.37,7.37,14.74,,5.0,,,Active,New,
20MG PYNE POD CLICK 50K PREFILLED POD VAPE KIT - RASPBERRY EDITION,,VAP-KIT-PYNE-966,,PYNE,VAPES,PREFILLED VAPE KIT,Pieces,7.37,7.37,14.74,,5.0,,,Active,New,
20MG PYNE POD CLICK 50K PREFILLED POD VAPE KIT - MANGO EDITION,,VAP-KIT-PYNE-965,,PYNE,VAPES,PREFILLED VAPE KIT,Pieces,7.37,7.37,14.74,,0.0,,,Active,New,
20MG PYNE POD CLICK 50K PREFILLED POD VAPE KIT - GREEN EDITION,,VAP-KIT-PYNE-962,,PYNE,VAPES,PREFILLED VAPE KIT,Pieces,7.37,7.37,14.74,,5.0,,,Active,New,
20MG PYNE POD CLICK 50K PREFILLED POD VAPE KIT - CLASSIC EDITION,,VAP-KIT-PYNE-960,,PYNE,VAPES,PREFILLED VAPE KIT,Pieces,7.37,7.37,14.74,,6.0,,,Active,New,
JCID IP12 MINI BATTERY,,REP-BATT-JCID-235,,JCID,REPLACEMENT / REPAIR PARTS,IPHONE BATTERY,Pieces,9.00,9.00,0.00,,2.0,,,Active,New,
JCID BATTERY IP12 PRO MAX,,REP-BATT-JCID-227,,JCID,REPLACEMENT / REPAIR PARTS,IPHONE BATTERY,Pieces,10.00,10.00,0.00,,2.0,,,Active,New,
JCID BATTERY IP13,,REP-BATT-JCID-228,,JCID,REPLACEMENT / REPAIR PARTS,IPHONE BATTERY,Pieces,10.00,10.00,0.00,,2.0,,,Active,New,
JCID BATTERY IP 13MINI,,REP-BATT-JCID-226,,JCID,REPLACEMENT / REPAIR PARTS,IPHONE BATTERY,Pieces,9.50,9.50,0.00,,1.0,,,Active,New,
JCID BATTERY IP13 PRO,,REP-BATT-JCID-229,,JCID,REPLACEMENT / REPAIR PARTS,IPHONE BATTERY,Pieces,10.00,10.00,0.00,,2.0,,,Active,New,
JCID BATTERY IP13 PRO MAX,,REP-BATT-JCID-230,,JCID,REPLACEMENT / REPAIR PARTS,IPHONE BATTERY,Pieces,12.00,12.00,0.00,,2.0,,,Active,New,
JCID BATTERY IP14,,REP-BATT-JCID-231,,JCID,REPLACEMENT / REPAIR PARTS,IPHONE BATTERY,Pieces,10.00,10.00,0.00,,2.0,,,Active,New,
JCID BATTERY IP14 PLUS,,REP-BATT-JCID-232,,JCID,REPLACEMENT / REPAIR PARTS,IPHONE BATTERY,Pieces,12.00,12.00,0.00,,1.0,,,Active,New,
JCID BATTERY IP14 PRO,,REP-BATT-JCID-233,,JCID,REPLACEMENT / REPAIR PARTS,IPHONE BATTERY,Pieces,12.00,12.00,0.00,,1.0,,,Active,New,
SAMSUNG 45W PD POWER ADAPTER WITH CABLE,,ACC-CABLE-SAMS-58,,SAMSUNG,ACCESSORIES,CHARGING / DATA CABLES,Pieces,13.00,13.00,25.00,,7.0,,,Active,New,
GLAXY WATCH 5 44MM,,GAD-WATCH-SAMS-62,,SAMSUNG,ACCESSORIES,SMART WATCH,Pieces,15.00,15.00,18.75,,0.0,,,Active,New,
GLAXY FIT BIT 3,,GAD-WATCH-SAMS-61,,SAMSUNG,ACCESSORIES,SMART WATCH,Pieces,5.00,5.00,6.25,,1.0,,,Active,New,
A06 128GB LIGHT BLUE,,DEV-PHONE-SAMS-147,,SAMSUNG,DEVICES,PHONE,Pieces,64.00,64.00,94.00,,2.0,,,Active,New,
A06 128GB BLACK,,DEV-PHONE-SAMS-146,,SAMSUNG,DEVICES,PHONE,Pieces,64.00,64.00,94.00,,0.0,,,Active,New,
A06 64GB BLACK,,DEV-PHONE-SAMS-148,,SAMSUNG,DEVICES,PHONE,Pieces,54.00,54.00,84.00,,1.0,,,Active,New,
A16 128GB BLACK,,DEV-PHONE-SAMS-153,,SAMSUNG,DEVICES,PHONE,Pieces,82.00,82.00,112.00,,0.0,,,Active,New,
A16 128GB GRAY,,DEV-PHONE-SAMS-154,,SAMSUNG,DEVICES,PHONE,Pieces,82.00,82.00,112.00,,0.0,,,Active,New,
A 56 5G 256GB AWESOME BLACK,,DEV-PHONE-SAMS-144,,SAMSUNG,DEVICES,PHONE,Pieces,229.00,229.00,259.50,,0.0,,,Active,New,
A 36 256GB AWESOME BLACK,,DEV-PHONE-SAMS-142,,SAMSUNG,DEVICES,PHONE,Pieces,188.00,188.00,218.00,,0.0,,,Active,New,
A 56 5G 256GB AWESOME PINK,,DEV-PHONE-SAMS-145,,SAMSUNG,DEVICES,PHONE,Pieces,229.00,229.00,259.50,,0.0,,,Active,New,
A 36 256GB AWESOME LIME,,DEV-PHONE-SAMS-143,,SAMSUNG,DEVICES,PHONE,Pieces,188.00,188.00,218.00,,0.0,,,Active,New,
A 26 5G 256GB BLACK,,DEV-PHONE-SAMS-141,,SAMSUNG,DEVICES,PHONE,Pieces,150.00,150.00,179.50,,0.0,,,Active,New,
A 26 5G 128GB BLACK,,DEV-PHONE-SAMS-140,,SAMSUNG,DEVICES,PHONE,Pieces,129.00,129.00,159.00,,0.0,,,Active,New,
A07 64GB BLACK,,DEV-PHONE-SAMS-150,,SAMSUNG,DEVICES,PHONE,Pieces,56.00,56.00,86.00,,1.0,,,Active,New,
A07 64GB GREEN,,DEV-PHONE-SAMS-151,,SAMSUNG,DEVICES,PHONE,Pieces,56.00,56.00,86.00,,1.0,,,Active,New,
A17  128GB BLACK,,DEV-PHONE-SAMS-155,,SAMSUNG,DEVICES,PHONE,Pieces,99.00,99.00,129.00,,0.0,,,Active,New,
A07 128GB GREEN,,DEV-PHONE-SAMS-149,,SAMSUNG,DEVICES,PHONE,Pieces,77.00,77.00,107.00,,1.0,,,Active,New,
A17 128GB LIGHT BLUE,,DEV-PHONE-SAMS-156,,SAMSUNG,DEVICES,PHONE,Pieces,99.00,99.00,129.00,,0.0,,,Active,New,
A17 5G 128GB BLACK,,DEV-PHONE-SAMS-157,,SAMSUNG,DEVICES,PHONE,Pieces,120.00,120.00,149.00,,0.0,,,Active,New,
A17 5G 128GB GRAY,,DEV-PHONE-SAMS-158,,SAMSUNG,DEVICES,PHONE,Pieces,120.00,120.00,149.00,,0.0,,,Active,New,
DATA TRANSFER,,SER--NON-681,,NON-BRANDED,SERVICES,DATA / SOFTWARE,Pieces,0.00,0.00,20.00,,0.0,,,Active,New,
RING DOORBELL 2ND GEN,,SEC-BELL-RING-679,,RING,SECURITY,BELL,Pieces,50.00,50.00,69.00,,1.0,,,Active,New,
RING VIDEO DOORBELL ELITE,,SEC-BELL-RING-680,,RING,SECURITY,BELL,Pieces,130.00,130.00,162.50,,1.0,,,Active,New,
RAZER GAMING BUNDLE 3IN1,,GAM-ACC-RAZER-204,,RAZER,GAMES,GAMING ACCESSORIES,Pieces,50.00,50.00,62.50,,0.0,,,Active,New,
PDP NINTENDO SWITECH CASE,,SCR-CASE-PDP-472,,PDP,SCREEN / DEVICE PROTECTION,GAME CASE,Pieces,5.00,5.00,9.00,,1.0,,,Active,New,
INTEK LAPTOP BAG 15.6* BLACK,,BAG-BAG-INTE-94,,INTEK,BAGS,LAPTOP BAGS,Pieces,15.00,15.00,30.00,,2.0,,,Active,New,
INTEK LAPTOP BAG 15.6* NAVY BLUE,,BAG-BAG-INTE-96,,INTEK,BAGS,LAPTOP BAGS,Pieces,15.00,15.00,30.00,,1.0,,,Active,New,
INTEK LAPTOP BAG 15.6* LIGHT BROWN,,BAG-BAG-INTE-95,,INTEK,BAGS,LAPTOP BAGS,Pieces,15.00,15.00,30.00,,1.0,,,Active,New,
ZAGG LAPTOP CASE 11.6* BLACK,,BAG-BAG-ZAGG-97,,ZAGG,BAGS,LAPTOP BAGS,Pieces,10.00,10.00,25.00,,1.0,,,Active,New,
AUKEY WIRELESS SPEAKER,,GAD-SPEAK-AUK-694,,AUKEY,SOUNDS,SPEAKER,Pieces,12.00,12.00,25.00,,1.0,,,Active,New,
ANG OUTDOOR INDOOR WIRELESS SPECKERS,,GAD-SPEAK-ANG-690,,ANG,SOUNDS,SPEAKER,Pieces,12.00,12.00,28.00,,1.0,,,Active,New,
APPLE 45W POWER ADAPTER,,ACC-CABLE-APPLE-23,,APPLE,ACCESSORIES,CHARGING / DATA CABLES,Pieces,18.00,18.00,30.00,,1.0,,,Active,New,
APPLE 60W POWER ADAPTER,,ACC-CABLE-APPLE-24,,APPLE,ACCESSORIES,CHARGING / DATA CABLES,Pieces,18.00,18.00,35.00,,1.0,,,Active,New,
IPHONE 14 PRO MAX  20W  USB-C ADP AND CABLE,,ACC-CABLE-APPLE-16,,APPLE,ACCESSORIES,CHARGING / DATA CABLES,Pieces,6.50,6.50,10.00,,0.0,,,Active,New,
IPHONE 15 PRO MAX 35W USB-C TO USB-C CABLE,,ACC-CABLE-APPLE-17,,APPLE,ACCESSORIES,CHARGING / DATA CABLES,Pieces,6.50,6.50,10.00,,2.0,,,Active,New,
AKG WIRE EARPHONES TYPE C,,SOU-EARPH-AKG-687,,AKG,SOUNDS,EARPHONES,Pieces,2.50,2.50,10.00,,9.0,,,Active,New,
AKG JACK EARPHONES,,SOU-EARPH-AKG-686,,AKG,SOUNDS,EARPHONES,Pieces,2.00,2.00,5.00,,10.,,,Active,New,
SAMSUNG C TO C CHARGING CABLE 1.8M,,ACC-CABLE-SAMS-59,,SAMSUNG,ACCESSORIES,CHARGING / DATA CABLES,Pieces,3.50,3.50,11.00,,9.0,,,Active,New,
"IPHONE 15,16,17 CHARING CABLE 1M",,ACC-CABLE-APPLE-18,,APPLE,ACCESSORIES,CHARGING / DATA CABLES,Pieces,0.90,0.90,5.00,,24.,,,Active,New,
IPHONE USB TO LIGHTNING CABLE,,ACC-CABLE-APPLE-20,,APPLE,ACCESSORIES,CHARGING / DATA CABLES,Pieces,0.65,0.65,5.00,,40.,,,Active,New,
IPHONE CABLE USB C TO LIGHTNING,,ACC-CABLE-APPLE-19,,APPLE,ACCESSORIES,CHARGING / DATA CABLES,Pieces,0.80,0.80,5.00,,32.,,,Active,New,
IKF R1 HEADPHONES,,SOU-HEADPH-IKF-704,,IKF,SOUNDS,HEADPHONE,Pieces,20.00,20.00,40.00,,1.0,,,Active,New,
PURE CAR CAMERA,,ACC-CAR-PURE-56,,PURE,ACCESSORIES,CAR ACCESSORIES,Pieces,0.00,0.00,25.00,,1.0,,,Active,New,
IP 11 PRO MAX SILICONE CASE,,SCR-CASE-RTECH-473,,R TECH,SCREEN / DEVICE PROTECTION,IPHONE CASE,Pieces,1.50,1.50,9.50,,12.,,,Active,New,
IP X/XS SILICONE CASE,,SCR-CASE-NON-542,,NON-BRANDED,SCREEN / DEVICE PROTECTION,IPHONE CASE,Pieces,1.50,1.50,9.50,,9.0,,,Active,New,
IP XS MAX SILICONE CASE,,SCR-CASE-NON-545,,NON-BRANDED,SCREEN / DEVICE PROTECTION,IPHONE CASE,Pieces,1.50,1.50,9.50,,10.,,,Active,New,
IP XR SILICONE COVER,,SCR-CASE-NON-547,,NON-BRANDED,SCREEN / DEVICE PROTECTION,IPHONE CASE,Pieces,1.50,1.50,9.50,,4.0,,,Active,New,
IP 11 SILICONE CASE,,SCR-CASE-NON-483,,NON-BRANDED,SCREEN / DEVICE PROTECTION,IPHONE CASE,Pieces,1.50,1.50,9.50,,7.0,,,Active,New,
IP 11 PRO SILICONE CASE,,SCR-CASE-NON-482,,NON-BRANDED,SCREEN / DEVICE PROTECTION,IPHONE CASE,Pieces,1.50,1.50,9.50,,10.,,,Active,New,
IP 12/ 12PRO SILICONE CASE,,SCR-CASE-NON-488,,NON-BRANDED,SCREEN / DEVICE PROTECTION,IPHONE CASE,Pieces,1.50,1.50,9.50,,4.0,,,Active,New,
IP 12 PRO SILICONE CASE,,SCR-CASE-NON-486,,NON-BRANDED,SCREEN / DEVICE PROTECTION,IPHONE CASE,Pieces,1.50,1.50,9.50,,5.0,,,Active,New,
IP 12 PRO MAX SILICONE CASE,,SCR-CASE-NON-485,,NON-BRANDED,SCREEN / DEVICE PROTECTION,IPHONE CASE,Pieces,1.50,1.50,9.50,,6.0,,,Active,New,
IP 13 PRO SILICONE CASE,,SCR-CASE-NON-499,,NON-BRANDED,SCREEN / DEVICE PROTECTION,IPHONE CASE,Pieces,1.50,1.50,9.50,,5.0,,,Active,New,
IP 13 PRO MAX SILICONE CASE,,SCR-CASE-NON-498,,NON-BRANDED,SCREEN / DEVICE PROTECTION,IPHONE CASE,Pieces,1.50,1.50,9.50,,5.0,,,Active,New,
TCL TAB,,DEV-TAB-TCL-189,,TCL,DEVICES,TABLET,Pieces,15.00,15.00,65.00,,0.0,,,Active,New,
IP 13 SILICONE CASE,,SCR-CASE-NON-500,,NON-BRANDED,SCREEN / DEVICE PROTECTION,IPHONE CASE,Pieces,1.50,1.50,9.50,,2.0,,,Active,New,
IP 14 SILICONE CASE,,SCR-CASE-NON-508,,NON-BRANDED,SCREEN / DEVICE PROTECTION,IPHONE CASE,Pieces,1.50,1.50,9.50,,7.0,,,Active,New,
IP 14 PLUS SILICONE CASE,,SCR-CASE-NON-503,,NON-BRANDED,SCREEN / DEVICE PROTECTION,IPHONE CASE,Pieces,1.50,1.50,14.00,,8.0,,,Active,New,
IP 14 PRO MAX SELICONE CASE,,SCR-CASE-NON-506,,NON-BRANDED,SCREEN / DEVICE PROTECTION,IPHONE CASE,Pieces,1.50,1.50,9.50,,1.0,,,Active,New,
IP 14 PRO SILICONE CASE,,SCR-CASE-NON-507,,NON-BRANDED,SCREEN / DEVICE PROTECTION,IPHONE CASE,Pieces,1.50,1.50,9.50,,9.0,,,Active,New,
IP 15 PRO SILICONE CASE,,SCR-CASE-NON-518,,NON-BRANDED,SCREEN / DEVICE PROTECTION,IPHONE CASE,Pieces,1.50,1.50,14.99,,5.0,,,Active,New,
IP 15 PRO MAX SILICONE CASE,,SCR-CASE-NON-517,,NON-BRANDED,SCREEN / DEVICE PROTECTION,IPHONE CASE,Pieces,1.50,1.50,14.99,,6.0,,,Active,New,
IP 16 SILICONE CASE,,SCR-CASE-NON-528,,NON-BRANDED,SCREEN / DEVICE PROTECTION,IPHONE CASE,Pieces,1.50,1.50,14.99,,6.0,,,Active,New,
IP 16 PRO SILICONE CASE,,SCR-CASE-NON-527,,NON-BRANDED,SCREEN / DEVICE PROTECTION,IPHONE CASE,Pieces,1.50,1.50,14.99,,8.0,,,Active,New,
IP 16 PRO MAX SILICONE CASE,,SCR-CASE-NON-526,,NON-BRANDED,SCREEN / DEVICE PROTECTION,IPHONE CASE,Pieces,1.50,1.50,14.99,,3.0,,,Active,New,
IP 17 AIR SILCONE CASE,,SCR-CASE-NON-530,,NON-BRANDED,SCREEN / DEVICE PROTECTION,IPHONE CASE,Pieces,1.50,1.50,14.99,,10.,,,Active,New,
IP 17 SILICONE CASE,,SCR-CASE-NON-538,,NON-BRANDED,SCREEN / DEVICE PROTECTION,IPHONE CASE,Pieces,1.50,1.50,14.99,,12.,,,Active,New,
IP 17 PRO SILICONE CASE,,SCR-CASE-NON-537,,NON-BRANDED,SCREEN / DEVICE PROTECTION,IPHONE CASE,Pieces,1.50,1.50,14.99,,6.0,,,Active,New,
IP 17 PRO MAX SILICONE CASE,,SCR-CASE-NON-536,,NON-BRANDED,SCREEN / DEVICE PROTECTION,IPHONE CASE,Pieces,1.50,1.50,14.99,,10.,,,Active,New,
IP 11 MAG SAFE CASE,,SCR-CASE-NON-479,,NON-BRANDED,SCREEN / DEVICE PROTECTION,IPHONE CASE,Pieces,2.00,2.00,11.99,,3.0,,,Active,New,
IP 12/12PRO MAG SAFE CASE,,SCR-CASE-NON-489,,NON-BRANDED,SCREEN / DEVICE PROTECTION,IPHONE CASE,Pieces,2.00,2.00,11.99,,2.0,,,Active,New,
IP 12PRO MAX MAG SAFE CASE,,SCR-CASE-NON-490,,NON-BRANDED,SCREEN / DEVICE PROTECTION,IPHONE CASE,Pieces,2.00,2.00,11.99,,4.0,,,Active,New,
IP 13 MAG SAFE CASE,,SCR-CASE-NON-492,,NON-BRANDED,SCREEN / DEVICE PROTECTION,IPHONE CASE,Pieces,2.00,2.00,11.99,,2.0,,,Active,New,
IP 13 PEO MAG SAFE CASE,,SCR-CASE-NON-494,,NON-BRANDED,SCREEN / DEVICE PROTECTION,IPHONE CASE,Pieces,2.00,2.00,11.99,,3.0,,,Active,New,
IP 13 PRO MAX MAG SAFE CASE,,SCR-CASE-NON-497,,NON-BRANDED,SCREEN / DEVICE PROTECTION,IPHONE CASE,Pieces,2.00,2.00,11.99,,4.0,,,Active,New,
IP 14  PRO MAG SAFE CASE,,SCR-CASE-NON-501,,NON-BRANDED,SCREEN / DEVICE PROTECTION,IPHONE CASE,Pieces,2.00,2.00,11.99,,3.0,,,Active,New,
IP 14 PRO MAX MAG SAFE CASE,,SCR-CASE-NON-505,,NON-BRANDED,SCREEN / DEVICE PROTECTION,IPHONE CASE,Pieces,2.00,2.00,11.99,,2.0,,,Active,New,
IP 15 MAG SAFE CASE,,SCR-CASE-NON-510,,NON-BRANDED,SCREEN / DEVICE PROTECTION,IPHONE CASE,Pieces,2.00,2.00,15.99,,1.0,,,Active,New,
IP 15 PLUS MAG SAFE CASE,,SCR-CASE-NON-512,,NON-BRANDED,SCREEN / DEVICE PROTECTION,IPHONE CASE,Pieces,2.00,2.00,15.99,,0.0,,,Active,New,
IP 15 PRO MAG SAFE CASE,,SCR-CASE-NON-514,,NON-BRANDED,SCREEN / DEVICE PROTECTION,IPHONE CASE,Pieces,2.00,2.00,15.99,,3.0,,,Active,New,
IP 15 PRO MAX MAG SAFE CASE,,SCR-CASE-NON-516,,NON-BRANDED,SCREEN / DEVICE PROTECTION,IPHONE CASE,Pieces,2.00,2.00,15.99,,1.0,,,Active,New,
IP 16 MAG SAFE CASE,,SCR-CASE-NON-519,,NON-BRANDED,SCREEN / DEVICE PROTECTION,IPHONE CASE,Pieces,2.00,2.00,15.99,,2.0,,,Active,New,
IP 16 PLUS MAG SAFE CASE,,SCR-CASE-NON-521,,NON-BRANDED,SCREEN / DEVICE PROTECTION,IPHONE CASE,Pieces,2.00,2.00,15.99,,3.0,,,Active,New,
IP 16 PRO MAG SAFE CASE,,SCR-CASE-NON-523,,NON-BRANDED,SCREEN / DEVICE PROTECTION,IPHONE CASE,Pieces,2.00,2.00,15.99,,4.0,,,Active,New,
IP 16 PRO MAX MAG SAFE CASE,,SCR-CASE-NON-525,,NON-BRANDED,SCREEN / DEVICE PROTECTION,IPHONE CASE,Pieces,2.00,2.00,15.99,,3.0,,,Active,New,
IP 17 MAG SAFE CASE,,SCR-CASE-NON-532,,NON-BRANDED,SCREEN / DEVICE PROTECTION,IPHONE CASE,Pieces,2.00,2.00,15.99,,4.0,,,Active,New,
IP 17 AIR MAG SAFE CASE,,SCR-CASE-NON-529,,NON-BRANDED,SCREEN / DEVICE PROTECTION,IPHONE CASE,Pieces,2.00,2.00,15.99,,3.0,,,Active,New,
IP 17 PRO MAX MAG SAFE CASE,,SCR-CASE-NON-535,,NON-BRANDED,SCREEN / DEVICE PROTECTION,IPHONE CASE,Pieces,2.00,2.00,15.99,,2.0,,,Active,New,
IP 17 PRO MAG SAFE CASE,,SCR-CASE-NON-534,,NON-BRANDED,SCREEN / DEVICE PROTECTION,IPHONE CASE,Pieces,2.00,2.00,15.99,,3.0,,,Active,New,
IP 17 ANTI SHOCK CASE,,SCR-CASE-NON-531,,NON-BRANDED,SCREEN / DEVICE PROTECTION,IPHONE CASE,Pieces,1.50,1.50,14.99,,0.0,,,Active,New,
IP 17 PRO ANTI SHOCK CASE,,SCR-CASE-NON-533,,NON-BRANDED,SCREEN / DEVICE PROTECTION,IPHONE CASE,Pieces,1.50,1.50,14.99,,1.0,,,Active,New,
IP 17 AIR ANTI SHOCK CASE,,SCR-GLASS-NON-599,,NON-BRANDED,SCREEN / DEVICE PROTECTION,CASE AND GLASS,Pieces,1.50,1.50,14.99,,2.0,,,Active,New,
IP 16 PRO MAX ANTI SHOCK CASE,,SCR-CASE-NON-524,,NON-BRANDED,SCREEN / DEVICE PROTECTION,IPHONE CASE,Pieces,1.50,1.50,14.99,,2.0,,,Active,New,
IP 16 PRO ANTO SHOCK CASE,,SCR-CASE-NON-522,,NON-BRANDED,SCREEN / DEVICE PROTECTION,IPHONE CASE,Pieces,1.50,1.50,14.99,,2.0,,,Active,New,
IPHONE 16 ANTI SHOCK CASE,,SCR-CASE-NON-546,,NON-BRANDED,SCREEN / DEVICE PROTECTION,IPHONE CASE,Pieces,1.50,1.50,14.99,,2.0,,,Active,New,
IP 16 PLUS ANTI SHOCK CASE,,SCR-CASE-NON-520,,NON-BRANDED,SCREEN / DEVICE PROTECTION,IPHONE CASE,Pieces,1.50,1.50,14.99,,0.0,,,Active,New,
IP 15 PRO MAX ANTI SHOCK CASE,,SCR-CASE-NON-515,,NON-BRANDED,SCREEN / DEVICE PROTECTION,IPHONE CASE,Pieces,1.50,1.50,9.99,,1.0,,,Active,New,
IP 15 PRO ANTI SHOCK CASE,,SCR-CASE-NON-513,,NON-BRANDED,SCREEN / DEVICE PROTECTION,IPHONE CASE,Pieces,1.50,1.50,9.99,,1.0,,,Active,New,
IP 15 ANTI SHOCK CASE,,SCR-CASE-NON-509,,NON-BRANDED,SCREEN / DEVICE PROTECTION,IPHONE CASE,Pieces,1.50,1.50,9.99,,1.0,,,Active,New,
IP 15 PLUS ANTI SHOCK CASE,,SCR-CASE-NON-511,,NON-BRANDED,SCREEN / DEVICE PROTECTION,IPHONE CASE,Pieces,1.50,1.50,9.99,,2.0,,,Active,New,
IP 14 PLUS ANTI SHOCK CASE,,SCR-CASE-NON-502,,NON-BRANDED,SCREEN / DEVICE PROTECTION,IPHONE CASE,Pieces,1.50,1.50,9.50,,2.0,,,Active,New,
IP 14 PRO ANTI SHOCK CASE,,SCR-CASE-NON-504,,NON-BRANDED,SCREEN / DEVICE PROTECTION,IPHONE CASE,Pieces,1.50,1.50,9.50,,2.0,,,Active,New,
14 PRO MAX ANTI SHOCK CASE,,SCR-CASE-NON-477,,NON-BRANDED,SCREEN / DEVICE PROTECTION,IPHONE CASE,Pieces,1.50,1.50,9.50,,0.0,,,Active,New,
IP 13 MINI ANTI SHOCK CASE,,SCR-CASE-NON-493,,NON-BRANDED,SCREEN / DEVICE PROTECTION,IPHONE CASE,Pieces,1.50,1.50,9.50,,2.0,,,Active,New,
IP 13 ANTI SHOCK CASE,,SCR-CASE-NON-491,,NON-BRANDED,SCREEN / DEVICE PROTECTION,IPHONE CASE,Pieces,1.50,1.50,9.50,,2.0,,,Active,New,
IP 13 PRO MAX ANTI SHOCK CASE,,SCR-CASE-NON-496,,NON-BRANDED,SCREEN / DEVICE PROTECTION,IPHONE CASE,Pieces,1.50,1.50,9.50,,2.0,,,Active,New,
IP 13 PRO ANTI SHOCKED CASE,,SCR-CASE-NON-495,,NON-BRANDED,SCREEN / DEVICE PROTECTION,IPHONE CASE,Pieces,1.50,1.50,9.50,,2.0,,,Active,New,
12 MINI ANTI SHOCK CASE,,SCR-CASE-NON-476,,NON-BRANDED,SCREEN / DEVICE PROTECTION,IPHONE CASE,Pieces,1.50,1.50,9.50,,1.0,,,Active,New,
IP 12 PRO MAX ANTI SHOCK CASE,,SCR-CASE-NON-484,,NON-BRANDED,SCREEN / DEVICE PROTECTION,IPHONE CASE,Pieces,1.50,1.50,9.50,,2.0,,,Active,New,
IP 12/ 12 PRO ANTI SHOCK CASE,,SCR-CASE-NON-487,,NON-BRANDED,SCREEN / DEVICE PROTECTION,IPHONE CASE,Pieces,1.50,1.50,9.50,,2.0,,,Active,New,
IP 11 PRO MAX ANTI SHOCK CASE,,SCR-CASE-NON-481,,NON-BRANDED,SCREEN / DEVICE PROTECTION,IPHONE CASE,Pieces,1.50,1.50,9.50,,2.0,,,Active,New,
IP 11 ANTI SHOCK CASE,,SCR-CASE-NON-478,,NON-BRANDED,SCREEN / DEVICE PROTECTION,IPHONE CASE,Pieces,1.50,1.50,9.50,,1.0,,,Active,New,
IP 11 PRO ANTI SHOCK CASE,,SCR-CASE-NON-480,,NON-BRANDED,SCREEN / DEVICE PROTECTION,IPHONE CASE,Pieces,1.50,1.50,9.50,,2.0,,,Active,New,
IP XR ANTI SHOCK CASE,,SCR-CASE-NON-543,,NON-BRANDED,SCREEN / DEVICE PROTECTION,IPHONE CASE,Pieces,1.50,1.50,9.50,,2.0,,,Active,New,
IP XS MAX ANTI SHOCK CASE,,SCR-CASE-NON-544,,NON-BRANDED,SCREEN / DEVICE PROTECTION,IPHONE CASE,Pieces,1.50,1.50,9.50,,2.0,,,Active,New,
IP X/ XS ANTI SHOCK CASE,,SCR-CASE-NON-541,,NON-BRANDED,SCREEN / DEVICE PROTECTION,IPHONE CASE,Pieces,1.50,1.50,9.50,,2.0,,,Active,New,
IP 6G/7G/8G/SE2 ANTI SHOCK CASE,,SCR-CASE-NON-539,,NON-BRANDED,SCREEN / DEVICE PROTECTION,IPHONE CASE,Pieces,1.50,1.50,9.50,,2.0,,,Active,New,
IP 7/8 PLUS ANTO SHOCK CASE,,SCR-CASE-NON-540,,NON-BRANDED,SCREEN / DEVICE PROTECTION,IPHONE CASE,Pieces,1.50,1.50,9.50,,2.0,,,Active,New,
S 25 ULTRA MAG SAFE CASE,,SCR-CASE-NON-552,,NON-BRANDED,SCREEN / DEVICE PROTECTION,PHONE CASE,Pieces,2.00,2.00,14.99,,1.0,,,Active,New,
S24 ULTRA MAG SAFE CASE,,SCR-CASE-NON-590,,NON-BRANDED,SCREEN / DEVICE PROTECTION,PHONE CASE,Pieces,2.00,2.00,14.99,,3.0,,,Active,New,
S23 ULTRA MAG SAFE CASE,,SCR-CASE-NON-556,,NON-BRANDED,SCREEN / DEVICE PROTECTION,PHONE CASE,Pieces,2.00,2.00,9.99,,5.0,,,Active,New,
S22 ULTRA MAG SAFE CASE,,SCR-CASE-NON-554,,NON-BRANDED,SCREEN / DEVICE PROTECTION,PHONE CASE,Pieces,2.00,2.00,9.99,,4.0,,,Active,New,
S25 PLUS MAG SAFE CASE,,SCR-CASE-NON-558,,NON-BRANDED,SCREEN / DEVICE PROTECTION,PHONE CASE,Pieces,2.00,2.00,14.99,,3.0,,,Active,New,
S25 MAG SAFE CASE,,SCR-CASE-NON-557,,NON-BRANDED,SCREEN / DEVICE PROTECTION,PHONE CASE,Pieces,2.00,2.00,14.99,,3.0,,,Active,New,
S24  MAG SAFE CASE,,SCR-CASE-NON-589,,NON-BRANDED,SCREEN / DEVICE PROTECTION,PHONE CASE,Pieces,2.00,2.00,14.99,,4.0,,,Active,New,
S23  MAG SAFE CASE,,SCR-CASE-NON-555,,NON-BRANDED,SCREEN / DEVICE PROTECTION,PHONE CASE,Pieces,2.00,2.00,9.99,,2.0,,,Active,New,
S22 MAG SAFE CASE,,SCR-CASE-NON-553,,NON-BRANDED,SCREEN / DEVICE PROTECTION,PHONE CASE,Pieces,2.00,2.00,9.99,,3.0,,,Active,New,
FROOTY KING 100ML SHORTFILL 0MG (70VG/30PG) - STOPTOBER SPECIAL OFFER!  BLACKCURRANT HONEYDEW,,VAP-JUICE-FROOTY-816,,FROOTY KING,VAPES,JUICE,Pieces,2.36,2.36,4.72,,2.0,,,Active,New,
BAR JUICE 100ML SHORTFILL 0MG (50VG/50PG) - APPLE PEACH,,VAP-JUICE-BAR -739,,BAR JUICE,VAPES,JUICE,Pieces,2.95,2.95,5.90,,2.0,,,Active,New,
BAR JUICE 100ML SHORTFILL 0MG (50VG/50PG) - MANGO,,VAP-JUICE-BAR -741,,BAR JUICE,VAPES,JUICE,Pieces,2.95,2.95,5.90,,2.0,,,Active,New,
BAR JUICE 100ML SHORTFILL 0MG (50VG/50PG) - ENERGY ICE,,VAP-JUICE-BAR -740,,BAR JUICE,VAPES,JUICE,Pieces,2.95,2.95,5.90,,2.0,,,Active,New,
JCID LCD IP XR,,REP-SCR-JCID-254,,JCID,REPLACEMENT / REPAIR PARTS,SCREEN,Pieces,10.00,10.00,0.00,,3.0,,,Active,New,
JCID LCD IP11,,REP-SCR-JCID-255,,JCID,REPLACEMENT / REPAIR PARTS,SCREEN,Pieces,10.00,10.00,0.00,,1.0,,,Active,New,
JCID LCD IP12 MINI,,REP-SCR-JCID-256,,JCID,REPLACEMENT / REPAIR PARTS,SCREEN,Pieces,14.00,14.00,0.00,,1.0,,,Active,New,
JCID LCD IP12/12PRO,,REP-SCR-JCID-257,,JCID,REPLACEMENT / REPAIR PARTS,SCREEN,Pieces,14.00,14.00,0.00,,2.0,,,Active,New,
JCID LCD 12 PRO MAX,,REP-SCR-JCID-241,,JCID,REPLACEMENT / REPAIR PARTS,SCREEN,Pieces,19.00,19.00,0.00,,2.0,,,Active,New,
JCID LCD 13 MINI,,REP-SCR-JCID-243,,JCID,REPLACEMENT / REPAIR PARTS,SCREEN,Pieces,20.00,20.00,0.00,,1.0,,,Active,New,
JCID LCD 13,,REP-SCR-JCID-242,,JCID,REPLACEMENT / REPAIR PARTS,SCREEN,Pieces,18.00,18.00,0.00,,2.0,,,Active,New,
JCID LCD 13 PRO,,REP-SCR-JCID-244,,JCID,REPLACEMENT / REPAIR PARTS,SCREEN,Pieces,21.50,21.50,0.00,,3.0,,,Active,New,
JCID LCD 13 PRO MAX,,REP-SCR-JCID-245,,JCID,REPLACEMENT / REPAIR PARTS,SCREEN,Pieces,24.00,24.00,0.00,,2.0,,,Active,New,
JCID LCD 14,,REP-SCR-JCID-246,,JCID,REPLACEMENT / REPAIR PARTS,SCREEN,Pieces,19.00,19.00,0.00,,2.0,,,Active,New,
JCID LCD 14 PRO,,REP-SCR-JCID-248,,JCID,REPLACEMENT / REPAIR PARTS,SCREEN,Pieces,29.00,29.00,0.00,,2.0,,,Active,New,
JCID LCD 14 PLUS,,REP-SCR-JCID-247,,JCID,REPLACEMENT / REPAIR PARTS,SCREEN,Pieces,20.00,20.00,0.00,,1.0,,,Active,New,
JCID LCD 14 PRO MAX,,REP-SCR-JCID-249,,JCID,REPLACEMENT / REPAIR PARTS,SCREEN,Pieces,32.00,32.00,0.00,,2.0,,,Active,New,
JCID LCD 15,,REP-SCR-JCID-250,,JCID,REPLACEMENT / REPAIR PARTS,SCREEN,Pieces,22.00,22.00,0.00,,1.0,,,Active,New,
JCID LCD 15PLUS,,REP-SCR-JCID-253,,JCID,REPLACEMENT / REPAIR PARTS,SCREEN,Pieces,23.00,23.00,0.00,,1.0,,,Active,New,
JCID LCD 15 PRO,,REP-SCR-JCID-251,,JCID,REPLACEMENT / REPAIR PARTS,SCREEN,Pieces,25.00,25.00,31.25,,2.0,,,Active,New,
JCID LCD 15 PRO MAX,,REP-SCR-JCID-252,,JCID,REPLACEMENT / REPAIR PARTS,SCREEN,Pieces,34.00,34.00,0.00,,4.0,,,Active,New,
JCID BATTERY IP14 PRO MAX,,REP-BATT-JCID-234,,JCID,REPLACEMENT / REPAIR PARTS,IPHONE BATTERY,Pieces,13.00,13.00,0.00,,1.0,,,Active,New,
HIGH CAMPACITY BATTERY IP 7G,,REP-BATT-ZERO-457,,ZERO CYCLE,REPLACEMENT / REPAIR PARTS,IPHONE BATTERY,Pieces,4.50,4.50,0.00,,3.0,,,Active,New,
HIGH CAMPACITY BATTERY IP 8G,,REP-BATT-ZERO-458,,ZERO CYCLE,REPLACEMENT / REPAIR PARTS,IPHONE BATTERY,Pieces,5.50,5.50,0.00,,3.0,,,Active,New,
HIGH CAMPACITY BATTERY IP XS,,REP-BATT-ZERO-462,,ZERO CYCLE,REPLACEMENT / REPAIR PARTS,IPHONE BATTERY,Pieces,10.50,10.50,0.00,,2.0,,,Active,New,
HIGH CAMPACITY BATTERY IP SE 2020,,REP-BATT-ZERO-459,,ZERO CYCLE,REPLACEMENT / REPAIR PARTS,IPHONE BATTERY,Pieces,6.50,6.50,0.00,,2.0,,,Active,New,
HIGH CAMPACITY BATTERY IP XR,,REP-BATT-ZERO-461,,ZERO CYCLE,REPLACEMENT / REPAIR PARTS,IPHONE BATTERY,Pieces,7.50,7.50,0.00,,3.0,,,Active,New,
HIGH CAMPACITY BATTERY IP X,,REP-BATT-ZERO-460,,ZERO CYCLE,REPLACEMENT / REPAIR PARTS,IPHONE BATTERY,Pieces,10.50,10.50,0.00,,2.0,,,Active,New,
HIGH CAMPACITY BATTERY IP 11,,REP-BATT-ZERO-453,,ZERO CYCLE,REPLACEMENT / REPAIR PARTS,IPHONE BATTERY,Pieces,11.00,11.00,0.00,,3.0,,,Active,New,
HIGH CAMPACITY BATTERY IP 11 PRO,,REP-BATT-ZERO-454,,ZERO CYCLE,REPLACEMENT / REPAIR PARTS,IPHONE BATTERY,Pieces,11.00,11.00,0.00,,1.0,,,Active,New,
HIGH CAMPACITY BATTERY IP 11 PRO MAX,,REP-BATT-ZERO-455,,ZERO CYCLE,REPLACEMENT / REPAIR PARTS,IPHONE BATTERY,Pieces,12.00,12.00,0.00,,2.0,,,Active,New,
HIGH CAMPACITY BATTERY IP 12/12 PRO,,REP-BATT-ZERO-456,,ZERO CYCLE,REPLACEMENT / REPAIR PARTS,IPHONE BATTERY,Pieces,12.00,12.00,0.00,,4.0,,,Active,New,
BATTERY IP SE 2022,,REP-BATT-VEN -452,,VEN DENS,REPLACEMENT / REPAIR PARTS,IPHONE BATTERY,Pieces,7.00,7.00,0.00,,2.0,,,Active,New,
HP BLUE PIN LAPTOP CHARGER,,ACC-CHARG-HP-43,,HP,ACCESSORIES,LAPTOP CHARGER,Pieces,10.00,10.00,20.00,,3.0,,,Active,New,
TOSHIBA LAPTOP CHARGER COMMON PIN,,ACC-CHARG-TOSH-63,,TOSHIBA,ACCESSORIES,LAPTOP CHARGER,Pieces,10.00,10.00,20.00,,1.0,,,Active,New,
ACER YELLOW PIN LAPTOP CHARGER,,ACC-CHARG-ACER-4,,ACER,ACCESSORIES,LAPTOP CHARGER,Pieces,10.00,10.00,20.00,,1.0,,,Active,New,
HP YELLOW PIN LAPTOP CHARGER,,ACC-CHARG-HP-45,,HP,ACCESSORIES,LAPTOP CHARGER,Pieces,10.00,10.00,20.00,,1.0,,,Active,New,
LENOVO YELLOW USB TYPE PIN CHARGER,,ACC-CHARG-LENO-52,,LENOVO,ACCESSORIES,LAPTOP CHARGER,Pieces,10.00,10.00,20.00,,0.0,,,Active,New,
IBM ROUND PIN LAPTOP CHARGER,,ACC-CHARG-IBM-47,,IBM,ACCESSORIES,LAPTOP CHARGER,Pieces,10.00,10.00,20.00,,1.0,,,Active,New,
DELL BIG ROUND PIN LAPTOP CHARGER,,ACC-CHARG-DELL-35,,DELL,ACCESSORIES,LAPTOP CHARGER,Pieces,10.00,10.00,20.00,,1.0,,,Active,New,
TING PIN 19W UNIVERSAL LAPTOP CHARGER,,ACC-CHARG-NON-77,,NON-BRANDED,ACCESSORIES,LAPTOP CHARGER,Pieces,18.00,18.00,30.00,,1.0,,,Active,New,
WD SSD DRIVE 1TB,,ROM-DRIVE-WD-469,,WD,ROM,DRIVE,Pieces,35.00,35.00,49.68,,1.0,,,Active,New,
SEAGATE BASIC 2TB HHD DRIVE,,ROM-DRIVE-SEAG-468,,SEAGATE,ROM,DRIVE,Pieces,50.00,50.00,70.00,,0.0,,,Active,New,
65W ACER TINY PIN LAPTOP CHARGER,,ACC-CHARG-ACER-1,,ACER,ACCESSORIES,LAPTOP CHARGER,Pieces,18.00,18.00,30.00,,1.0,,,Active,New,
TEMPERED GLASS 13 PRO MAX/14 PLUS,,SCR-TEMPGLASS-NON-661,,NON-BRANDED,SCREEN / DEVICE PROTECTION,TEMPERED GLASS,Pieces,0.70,0.70,5.00,,10.,,,Active,New,
TEMPERED GLASS IP X/ 11PRO,,SCR-TEMPGLASS-NON-677,,NON-BRANDED,SCREEN / DEVICE PROTECTION,TEMPERED GLASS,Pieces,0.70,0.70,5.00,,8.0,,,Active,New,
TEMPERED GLASS IP 12 PRO MAX,,SCR-TEMPGLASS-NON-663,,NON-BRANDED,SCREEN / DEVICE PROTECTION,TEMPERED GLASS,Pieces,0.70,0.70,5.00,,9.0,,,Active,New,
TEMPERED GLASS IP 12 MINI,,SCR-TEMPGLASS-NON-662,,NON-BRANDED,SCREEN / DEVICE PROTECTION,TEMPERED GLASS,Pieces,0.70,0.70,5.00,,10.,,,Active,New,
TEMPERED GLASS IP 13 MINI,,SCR-TEMPGLASS-NON-665,,NON-BRANDED,SCREEN / DEVICE PROTECTION,TEMPERED GLASS,Pieces,0.70,0.70,5.00,,10.,,,Active,New,
TEMPERED GLASS IP 15 PLUS,,SCR-TEMPGLASS-NON-669,,NON-BRANDED,SCREEN / DEVICE PROTECTION,TEMPERED GLASS,Pieces,0.70,0.70,5.00,,10.,,,Active,New,
TEMPERED GLASS IP 14 PRO MAX,,SCR-TEMPGLASS-NON-667,,NON-BRANDED,SCREEN / DEVICE PROTECTION,TEMPERED GLASS,Pieces,0.70,0.70,5.00,,9.0,,,Active,New,
TEMPERED GLASS IP 12/12PRO,,SCR-TEMPGLASS-NON-664,,NON-BRANDED,SCREEN / DEVICE PROTECTION,TEMPERED GLASS,Pieces,0.70,0.70,5.00,,8.0,,,Active,New,
TEMPERED GLASS IP 13/13PRO/14,,SCR-TEMPGLASS-NON-666,,NON-BRANDED,SCREEN / DEVICE PROTECTION,TEMPERED GLASS,Pieces,0.70,0.70,5.00,,8.0,,,Active,New,
TEMPERED GLASS IP XS MAX/ 11 PRO MAX,,SCR-TEMPGLASS-NON-678,,NON-BRANDED,SCREEN / DEVICE PROTECTION,TEMPERED GLASS,Pieces,0.70,0.70,5.00,,9.0,,,Active,New,
TEMPERED GLASS IP 15/ 15 PRO,,SCR-TEMPGLASS-NON-671,,NON-BRANDED,SCREEN / DEVICE PROTECTION,TEMPERED GLASS,Pieces,0.70,0.70,5.00,,9.0,,,Active,New,
CLEAR SCREEN PROTECTOR IP 6G/7G/8G,,SCR-PROT-NON-657,,NON-BRANDED,SCREEN / DEVICE PROTECTION,SCREEN PROTECTOR,Pieces,0.40,0.40,5.00,,10.,,,Active,New,
CLEAR SCREEN PROTECTOR IP 7PLUS/8PLUS,,SCR-PROT-NON-658,,NON-BRANDED,SCREEN / DEVICE PROTECTION,SCREEN PROTECTOR,Pieces,0.40,0.40,5.00,,10.,,,Active,New,
CLEAR SCREEN PROTECTOR IP XR/11,,SCR-PROT-NON-659,,NON-BRANDED,SCREEN / DEVICE PROTECTION,SCREEN PROTECTOR,Pieces,0.40,0.40,5.00,,5.0,,,Active,New,
PRIVACY SCREEN PROTECTOR IP 14 PRO,,SCR-PRI-NON-651,,NON-BRANDED,SCREEN / DEVICE PROTECTION,PRIVACY SCREEN,Pieces,0.90,0.90,5.00,,18.,,,Active,New,
PRIVACY SCREEN PROTECTOR IP XS MAX/11 PRO MAX,,SCR-PRI-NON-655,,NON-BRANDED,SCREEN / DEVICE PROTECTION,PRIVACY SCREEN,Pieces,0.90,0.90,5.00,,10.,,,Active,New,
PRIVACY SCREEN PROTECTOR IP 12/12 PRO,,SCR-PRI-NON-647,,NON-BRANDED,SCREEN / DEVICE PROTECTION,PRIVACY SCREEN,Pieces,0.90,0.90,5.00,,8.0,,,Active,New,
PRIVACY SCREEN PROTECTOR IP 13 MINI,,SCR-PRI-NON-648,,NON-BRANDED,SCREEN / DEVICE PROTECTION,PRIVACY SCREEN,Pieces,0.90,0.90,5.00,,10.,,,Active,New,
PRIVACY SCREEN PROTECTOR IP 12 PRO MAX,,SCR-PRI-NON-646,,NON-BRANDED,SCREEN / DEVICE PROTECTION,PRIVACY SCREEN,Pieces,0.90,0.90,5.00,,9.0,,,Active,New,
PRIVACY SCREEN PROTECTOR IP 12 MINI,,SCR-PRI-NON-645,,NON-BRANDED,SCREEN / DEVICE PROTECTION,PRIVACY SCREEN,Pieces,0.90,0.90,5.00,,10.,,,Active,New,
PRIVACY SCREEN PROTECTOR IP 15/15 PRO,,SCR-PRI-NON-654,,NON-BRANDED,SCREEN / DEVICE PROTECTION,PRIVACY SCREEN,Pieces,0.90,0.90,5.00,,18.,,,Active,New,
PRIVACY SCREEN PROTECTOR IP 14 PRO MAX,,SCR-PRI-NON-652,,NON-BRANDED,SCREEN / DEVICE PROTECTION,PRIVACY SCREEN,Pieces,0.90,0.90,5.00,,6.0,,,Active,New,
PRIVACY SCREEN PROTECTOR IP 13 PRO MAX/14 PLUS,,SCR-PRI-NON-649,,NON-BRANDED,SCREEN / DEVICE PROTECTION,PRIVACY SCREEN,Pieces,0.90,0.90,5.00,,9.0,,,Active,New,
PRIVACY SCREEN PROTECTOR IP 15 PRO MAX/15 PLUS,,SCR-PRI-NON-653,,NON-BRANDED,SCREEN / DEVICE PROTECTION,PRIVACY SCREEN,Pieces,0.90,0.90,5.00,,9.0,,,Active,New,
A325F/ A32 4G CHARGING PORT,,REP-PORT-SAMS-296,,SAMSUNG,REPLACEMENT / REPAIR PARTS,CHARGING PORT,Pieces,4.00,4.00,0.00,,2.0,,,Active,New,
A115F/M115F CHARGING PORT,,REP-PORT-SAMS-271,,SAMSUNG,REPLACEMENT / REPAIR PARTS,CHARGING PORT,Pieces,4.00,4.00,0.00,,2.0,,,Active,New,
A226B-5G CHARGING PORT,,REP-PORT-SAMS-288,,SAMSUNG,REPLACEMENT / REPAIR PARTS,CHARGING PORT,Pieces,4.00,4.00,0.00,,2.0,,,Active,New,
A032/ A03 CORE CHARGING PORT,,REP-PORT-SAMS-261,,SAMSUNG,REPLACEMENT / REPAIR PARTS,CHARGING PORT,Pieces,4.00,4.00,0.00,,2.0,,,Active,New,
A025F/A02S/A03S/A037 CHARGING PORT,,REP-PORT-SAMS-260,,SAMSUNG,REPLACEMENT / REPAIR PARTS,CHARGING PORT,Pieces,4.00,4.00,0.00,,2.0,,,Active,New,
A055F CHARGING PORT,,REP-PORT-SAMS-266,,SAMSUNG,REPLACEMENT / REPAIR PARTS,CHARGING PORT,Pieces,4.00,4.00,0.00,,2.0,,,Active,New,
A515F CHARGING PORT,,REP-PORT-SAMS-301,,SAMSUNG,REPLACEMENT / REPAIR PARTS,CHARGING PORT,Pieces,4.00,4.00,0.00,,2.0,,,Active,New,
A217F /A21S CHARGING PORT,,REP-PORT-SAMS-286,,SAMSUNG,REPLACEMENT / REPAIR PARTS,CHARGING PORT,Pieces,4.00,4.00,0.00,,2.0,,,Active,New,
A14-5G/ {A146P}CHARGING PORT,,REP-PORT-SAMS-277,,SAMSUNG,REPLACEMENT / REPAIR PARTS,CHARGING PORT,Pieces,4.00,4.00,0.00,,2.0,,,Active,New,
A34-5G /A346 CHARGING PORT,,REP-PORT-SAMS-299,,SAMSUNG,REPLACEMENT / REPAIR PARTS,CHARGING PORT,Pieces,4.00,4.00,0.00,,2.0,,,Active,New,
M325F/225F CHARGING PORT,,REP-PORT-NON-388,,NON-BRANDED,REPLACEMENT / REPAIR PARTS,CHARGING PORT,Pieces,4.00,4.00,0.00,,2.0,,,Active,New,
A30S/ A307 CHARGING PORT,,REP-PORT-SAMS-294,,SAMSUNG,REPLACEMENT / REPAIR PARTS,CHARGING PORT,Pieces,4.00,4.00,0.00,,2.0,,,Active,New,
A04E /A042F/M04CHARGING PORT,,REP-PORT-SAMS-264,,SAMSUNG,REPLACEMENT / REPAIR PARTS,CHARGING PORT,Pieces,4.00,4.00,0.00,,2.0,,,Active,New,
A166P-5G / [A16-5G] CHARGING PORT,,REP-PORT-SAMS-282,,SAMSUNG,REPLACEMENT / REPAIR PARTS,CHARGING PORT,Pieces,4.00,4.00,0.00,,2.0,,,Active,New,
A54-5G CHARGING PORT,,REP-PORT-SAMS-303,,SAMSUNG,REPLACEMENT / REPAIR PARTS,CHARGING PORT,Pieces,4.00,4.00,0.00,,2.0,,,Active,New,
T295 CHARGING PORT,,REP-PORT-NON-424,,NON-BRANDED,REPLACEMENT / REPAIR PARTS,CHARGING PORT,Pieces,6.00,6.00,0.00,,2.0,,,Active,New,
A125F/M12/A127F  CHARGING PORT,,REP-PORT-SAMS-272,,SAMSUNG,REPLACEMENT / REPAIR PARTS,CHARGING PORT,Pieces,4.00,4.00,0.00,,2.0,,,Active,New,
A135F/M135F CHARGING PORT,,REP-PORT-SAMS-274,,SAMSUNG,REPLACEMENT / REPAIR PARTS,CHARGING PORT,Pieces,4.00,4.00,0.00,,2.0,,,Active,New,
A315F CHARGING PORT,,REP-PORT-SAMS-295,,SAMSUNG,REPLACEMENT / REPAIR PARTS,CHARGING PORT,Pieces,4.00,4.00,0.00,,2.0,,,Active,New,
A35-5G  CHARGING PORT,,REP-PORT-SAMS-300,,SAMSUNG,REPLACEMENT / REPAIR PARTS,CHARGING PORT,Pieces,4.00,4.00,0.00,,2.0,,,Active,New,
A225F/ A22 4G CHARGING PORT,,REP-PORT-SAMS-287,,SAMSUNG,REPLACEMENT / REPAIR PARTS,CHARGING PORT,Pieces,4.00,4.00,0.00,,2.0,,,Active,New,
A13 CHARGING PORT,,REP-PORT-SAMS-273,,SAMSUNG,REPLACEMENT / REPAIR PARTS,CHARGING PORT,Pieces,4.00,4.00,0.00,,2.0,,,Active,New,
A235F /A23 4G CHARGING PORT,,REP-PORT-SAMS-289,,SAMSUNG,REPLACEMENT / REPAIR PARTS,CHARGING PORT,Pieces,4.00,4.00,0.00,,2.0,,,Active,New,
A53-5G CHARGING PORT,,REP-PORT-SAMS-302,,SAMSUNG,REPLACEMENT / REPAIR PARTS,CHARGING PORT,Pieces,4.00,4.00,0.00,,2.0,,,Active,New,
A06 [A065F] CHARGING PORT,,REP-PORT-SAMS-267,,SAMSUNG,REPLACEMENT / REPAIR PARTS,CHARGING PORT,Pieces,4.00,4.00,0.00,,2.0,,,Active,New,
A145P CHARGING PORT,,REP-PORT-SAMS-278,,SAMSUNG,REPLACEMENT / REPAIR PARTS,CHARGING PORT,Pieces,4.00,4.00,0.00,,2.0,,,Active,New,
A06-5G CHARGING PORT,,REP-PORT-SAMS-268,,SAMSUNG,REPLACEMENT / REPAIR PARTS,CHARGING PORT,Pieces,4.00,4.00,0.00,,2.0,,,Active,New,
A01/M01 CHARGING PORT,,REP-PORT-SAMS-259,,SAMSUNG,REPLACEMENT / REPAIR PARTS,CHARGING PORT,Pieces,4.00,4.00,0.00,,2.0,,,Active,New,
A136U-5G CHARGING PORT,,REP-PORT-SAMS-275,,SAMSUNG,REPLACEMENT / REPAIR PARTS,CHARGING PORT,Pieces,4.00,4.00,0.00,,2.0,,,Active,New,
M54-5G CHARGING PORT,,REP-PORT-NON-389,,NON-BRANDED,REPLACEMENT / REPAIR PARTS,CHARGING PORT,Pieces,4.00,4.00,0.00,,2.0,,,Active,New,
M14-4G/A145F  CHARGING PORT,,REP-PORT-NON-386,,NON-BRANDED,REPLACEMENT / REPAIR PARTS,CHARGING PORT,Pieces,4.00,4.00,0.00,,2.0,,,Active,New,
A16-5G[A166E/A166B] M36-56[M366B CHARGING PORT,,REP-PORT-SAMS-281,,SAMSUNG,REPLACEMENT / REPAIR PARTS,CHARGING PORT,Pieces,4.00,4.00,0.00,,2.0,,,Active,New,
A04S  CHARGING PORT,,REP-PORT-SAMS-265,,SAMSUNG,REPLACEMENT / REPAIR PARTS,CHARGING PORT,Pieces,4.00,4.00,0.00,,2.0,,,Active,New,
A16-4G [A165F] CHARGING PORT,,REP-PORT-SAMS-280,,SAMSUNG,REPLACEMENT / REPAIR PARTS,CHARGING PORT,Pieces,4.00,4.00,0.00,,2.0,,,Active,New,
A15-5G/A15-4G/M15-5G CHARGING PORT,,REP-PORT-SAMS-279,,SAMSUNG,REPLACEMENT / REPAIR PARTS,CHARGING PORT,Pieces,4.00,4.00,0.00,,2.0,,,Active,New,
A10S/M16 CHARGING PORT,,REP-PORT-SAMS-270,,SAMSUNG,REPLACEMENT / REPAIR PARTS,CHARGING PORT,Pieces,4.00,4.00,0.00,,2.0,,,Active,New,
A750F/ A7 [2018] CHARGING PORT,,REP-PORT-SAMS-306,,SAMSUNG,REPLACEMENT / REPAIR PARTS,CHARGING PORT,Pieces,4.00,4.00,0.00,,2.0,,,Active,New,
M205F/ M20 CHARGING PORT,,REP-PORT-NON-387,,NON-BRANDED,REPLACEMENT / REPAIR PARTS,CHARGING PORT,Pieces,4.00,4.00,0.00,,2.0,,,Active,New,
A035F/ A03 CHARGING PORT,,REP-PORT-SAMS-262,,SAMSUNG,REPLACEMENT / REPAIR PARTS,CHARGING PORT,Pieces,4.00,4.00,0.00,,2.0,,,Active,New,
A25-5G CHARGING PORT,,REP-PORT-SAMS-291,,SAMSUNG,REPLACEMENT / REPAIR PARTS,CHARGING PORT,Pieces,4.00,4.00,0.00,,2.0,,,Active,New,
A305/A30 CHARGING PORT,,REP-PORT-SAMS-293,,SAMSUNG,REPLACEMENT / REPAIR PARTS,CHARGING PORT,Pieces,4.00,4.00,0.00,,2.0,,,Active,New,
A205F/ A20/M10S CHARGING PORT,,REP-PORT-SAMS-283,,SAMSUNG,REPLACEMENT / REPAIR PARTS,CHARGING PORT,Pieces,4.00,4.00,0.00,,2.0,,,Active,New,
A326-5G CHARGING PORT,,REP-PORT-SAMS-297,,SAMSUNG,REPLACEMENT / REPAIR PARTS,CHARGING PORT,Pieces,4.00,4.00,0.00,,2.0,,,Active,New,
T290  CHARGING PORT,,REP-PORT-NON-423,,NON-BRANDED,REPLACEMENT / REPAIR PARTS,CHARGING PORT,Pieces,6.00,6.00,0.00,,2.0,,,Active,New,
M105F/ M10 CHARGING PORT,,REP-PORT-NON-385,,NON-BRANDED,REPLACEMENT / REPAIR PARTS,CHARGING PORT,Pieces,4.00,4.00,0.00,,2.0,,,Active,New,
A33-5G CHARGING PORT,,REP-PORT-SAMS-298,,SAMSUNG,REPLACEMENT / REPAIR PARTS,CHARGING PORT,Pieces,4.00,4.00,0.00,,2.0,,,Active,New,
A71 CHARGING PORT,,REP-PORT-SAMS-305,,SAMSUNG,REPLACEMENT / REPAIR PARTS,CHARGING PORT,Pieces,4.00,4.00,0.00,,2.0,,,Active,New,
A56-5G CHARGING PORT,,REP-PORT-SAMS-304,,SAMSUNG,REPLACEMENT / REPAIR PARTS,CHARGING PORT,Pieces,4.00,4.00,0.00,,2.0,,,Active,New,
A10S/A107F CHARGING PORT,,REP-PORT-SAMS-269,,SAMSUNG,REPLACEMENT / REPAIR PARTS,CHARGING PORT,Pieces,4.00,4.00,0.00,,2.0,,,Active,New,
A045F CHARGING PORT,,REP-PORT-SAMS-263,,SAMSUNG,REPLACEMENT / REPAIR PARTS,CHARGING PORT,Pieces,4.00,4.00,0.00,,2.0,,,Active,New,
A245F/ A24-4G CHARGING PORT,,REP-PORT-SAMS-290,,SAMSUNG,REPLACEMENT / REPAIR PARTS,CHARGING PORT,Pieces,4.00,4.00,0.00,,2.0,,,Active,New,
A20S/ M14  CHARGING PORT,,REP-PORT-SAMS-285,,SAMSUNG,REPLACEMENT / REPAIR PARTS,CHARGING PORT,Pieces,4.00,4.00,0.00,,2.0,,,Active,New,
A137F CHARGING PORT,,REP-PORT-SAMS-276,,SAMSUNG,REPLACEMENT / REPAIR PARTS,CHARGING PORT,Pieces,4.00,4.00,0.00,,2.0,,,Active,New,
A26-5G CHARGING PORT,,REP-PORT-SAMS-292,,SAMSUNG,REPLACEMENT / REPAIR PARTS,CHARGING PORT,Pieces,4.00,4.00,0.00,,2.0,,,Active,New,
A20S/ M12  CHARGING PORT,,REP-PORT-SAMS-284,,SAMSUNG,REPLACEMENT / REPAIR PARTS,CHARGING PORT,Pieces,4.00,4.00,0.00,,2.0,,,Active,New,
S8 PLUS-4G/G955 CHARGING PORT,,REP-PORT-NON-417,,NON-BRANDED,REPLACEMENT / REPAIR PARTS,CHARGING PORT,Pieces,8.00,8.00,0.00,,2.0,,,Active,New,
S25 EDGE CHARGING PORT,,REP-PORT-NON-414,,NON-BRANDED,REPLACEMENT / REPAIR PARTS,CHARGING PORT,Pieces,8.00,8.00,0.00,,2.0,,,Active,New,
S23FE CHARGING PORT,,REP-PORT-NON-407,,NON-BRANDED,REPLACEMENT / REPAIR PARTS,CHARGING PORT,Pieces,8.00,8.00,0.00,,2.0,,,Active,New,
S21- PLUS 5G/ G996B CHARGING PORT,,REP-PORT-NON-401,,NON-BRANDED,REPLACEMENT / REPAIR PARTS,CHARGING PORT,Pieces,8.00,8.00,0.00,,2.0,,,Active,New,
S23 5G/S911 CHARGING PORT,,REP-PORT-NON-405,,NON-BRANDED,REPLACEMENT / REPAIR PARTS,CHARGING PORT,Pieces,8.00,8.00,0.00,,2.0,,,Active,New,
NOTE 20 CHARGING PORT,,REP-PORT-NON-392,,NON-BRANDED,REPLACEMENT / REPAIR PARTS,CHARGING PORT,Pieces,8.00,8.00,0.00,,2.0,,,Active,New,
NOTE 20 ULTRA CHARGING PORT,,REP-PORT-NON-393,,NON-BRANDED,REPLACEMENT / REPAIR PARTS,CHARGING PORT,Pieces,4.00,4.00,0.00,,2.0,,,Active,New,
NOTE 9 CHARGING PORT,,REP-PORT-NON-395,,NON-BRANDED,REPLACEMENT / REPAIR PARTS,CHARGING PORT,Pieces,8.00,8.00,0.00,,2.0,,,Active,New,
S24U 5G CHARGING PORT,,REP-PORT-NON-412,,NON-BRANDED,REPLACEMENT / REPAIR PARTS,CHARGING PORT,Pieces,8.00,8.00,0.00,,2.0,,,Active,New,
S22-PLUS 5G/ S906 CHARGING PORT,,REP-PORT-NON-404,,NON-BRANDED,REPLACEMENT / REPAIR PARTS,CHARGING PORT,Pieces,8.00,8.00,0.00,,2.0,,,Active,New,
S23U 5G/S918 CHARGING PORT,,REP-PORT-NON-408,,NON-BRANDED,REPLACEMENT / REPAIR PARTS,CHARGING PORT,Pieces,8.00,8.00,0.00,,2.0,,,Active,New,
S25 CHARGING PORT,,REP-PORT-NON-413,,NON-BRANDED,REPLACEMENT / REPAIR PARTS,CHARGING PORT,Pieces,8.00,8.00,0.00,,2.0,,,Active,New,
S21 5G CHARGING PORT,,REP-PORT-NON-400,,NON-BRANDED,REPLACEMENT / REPAIR PARTS,CHARGING PORT,Pieces,8.00,8.00,0.00,,2.0,,,Active,New,
S20U 5G CHARGING PORT,,REP-PORT-NON-398,,NON-BRANDED,REPLACEMENT / REPAIR PARTS,CHARGING PORT,Pieces,8.00,8.00,0.00,,2.0,,,Active,New,
S25U 5G CHARGING PORT,,REP-PORT-NON-416,,NON-BRANDED,REPLACEMENT / REPAIR PARTS,CHARGING PORT,Pieces,8.00,8.00,0.00,,2.0,,,Active,New,
S20FE/G780-4G/781-5G CHARGING PORT,,REP-PORT-NON-397,,NON-BRANDED,REPLACEMENT / REPAIR PARTS,CHARGING PORT,Pieces,8.00,8.00,0.00,,2.0,,,Active,New,
NOTE 10 4G 5G /N970/N971 CHARGING PORT,,REP-PORT-NON-390,,NON-BRANDED,REPLACEMENT / REPAIR PARTS,CHARGING PORT,Pieces,8.00,8.00,0.00,,2.0,,,Active,New,
S24+5G  CHARGING PORT,,REP-PORT-NON-411,,NON-BRANDED,REPLACEMENT / REPAIR PARTS,CHARGING PORT,Pieces,8.00,8.00,0.00,,2.0,,,Active,New,
NOTE 10PRO 4G CHARGING PORT,,REP-PORT-NON-391,,NON-BRANDED,REPLACEMENT / REPAIR PARTS,CHARGING PORT,Pieces,8.00,8.00,0.00,,2.0,,,Active,New,
S24 CHARGING PORT,,REP-PORT-NON-409,,NON-BRANDED,REPLACEMENT / REPAIR PARTS,CHARGING PORT,Pieces,8.00,8.00,0.00,,2.0,,,Active,New,
S9PLUS 4G/G965 CHARGING PORT,,REP-PORT-NON-420,,NON-BRANDED,REPLACEMENT / REPAIR PARTS,CHARGING PORT,Pieces,8.00,8.00,0.00,,2.0,,,Active,New,
S22 5G CHARGING PORT,,REP-PORT-NON-402,,NON-BRANDED,REPLACEMENT / REPAIR PARTS,CHARGING PORT,Pieces,8.00,8.00,0.00,,2.0,,,Active,New,
NOTE 8 CHARGING PORT,,REP-PORT-NON-394,,NON-BRANDED,REPLACEMENT / REPAIR PARTS,CHARGING PORT,Pieces,8.00,8.00,0.00,,2.0,,,Active,New,
S23 PLUS 5G CHARGING PORT,,REP-PORT-NON-406,,NON-BRANDED,REPLACEMENT / REPAIR PARTS,CHARGING PORT,Pieces,8.00,8.00,0.00,,2.0,,,Active,New,
S9 CHARGING PORT,,REP-PORT-NON-419,,NON-BRANDED,REPLACEMENT / REPAIR PARTS,CHARGING PORT,Pieces,8.00,8.00,0.00,,2.0,,,Active,New,
S25 PLUS 5G  CHARGING PORT,,REP-PORT-NON-415,,NON-BRANDED,REPLACEMENT / REPAIR PARTS,CHARGING PORT,Pieces,8.00,8.00,0.00,,2.0,,,Active,New,
S22 U 5G CHARGING PORT,,REP-PORT-NON-403,,NON-BRANDED,REPLACEMENT / REPAIR PARTS,CHARGING PORT,Pieces,8.00,8.00,0.00,,2.0,,,Active,New,
S24 FE CHARGING PORT,,REP-PORT-NON-410,,NON-BRANDED,REPLACEMENT / REPAIR PARTS,CHARGING PORT,Pieces,8.00,8.00,0.00,,2.0,,,Active,New,
S21 5G  CHARGING PORT,,REP-PORT-NON-399,,NON-BRANDED,REPLACEMENT / REPAIR PARTS,CHARGING PORT,Pieces,8.00,8.00,0.00,,2.0,,,Active,New,
S8/ G950 CHARGING PORT,,REP-PORT-NON-418,,NON-BRANDED,REPLACEMENT / REPAIR PARTS,CHARGING PORT,Pieces,8.00,8.00,0.00,,2.0,,,Active,New,
S20 PLUS 4G5G/ G985/G986 CHARGING PORT,,REP-PORT-NON-396,,NON-BRANDED,REPLACEMENT / REPAIR PARTS,CHARGING PORT,Pieces,8.00,8.00,0.00,,2.0,,,Active,New,
"APPLE IPHONE 11 64GB,GREEN",,DEV-IPHONE-APPLE-110,,APPLE,DEVICES,IPHONE,Pieces,130.00,130.00,169.00,,0.0,,,Active,New,
"APPLE IPHONE 11 64GB, PURPLE",,DEV-IPHONE-APPLE-109,,APPLE,DEVICES,IPHONE,Pieces,130.00,130.00,169.00,,0.0,,,Active,New,
"HUAWEI P30, 128GB",,DEV-PHONE-HUAW-125,,HUAWEI,DEVICES,PHONE,Pieces,75.00,75.00,97.50,,0.0,,,Active,New,
SONY L4 64GB BLACK,,DEV-PHONE-SONY-187,,SONY,DEVICES,PHONE,Pieces,45.00,45.00,83.50,,1.0,,,Active,New,
"XIAOMI MIX 3 5G 128GB, SAPPHIRE BLUE",,DEV-PHONE-XIAOMI-192,,XIAOMI,DEVICES,PHONE,Pieces,55.00,55.00,94.00,,0.0,,,Active,New,
"IMO Q4 PRO, 2021 BLUE",,DEV-PHONE-IMO-126,,IMO,DEVICES,PHONE,Pieces,20.00,20.00,29.00,,1.0,,,Active,New,
"MOTOROLA G50 64GB, STEEL GRAY",,DEV-PHONE-MOTO-135,,MOTOROLA,DEVICES,PHONE,Pieces,65.00,65.00,99.00,,2.0,,,Active,New,
"MOTOROLA EDGE 20 LITE 128GB, BLACK",,DEV-PHONE-MOTO-132,,MOTOROLA,DEVICES,PHONE,Pieces,65.00,65.00,99.00,,1.0,,,Active,New,
"SAMSUNG X COVER PRO 64GB, BLACK",,DEV-PHONE-SAMS-174,,SAMSUNG,DEVICES,PHONE,Pieces,45.00,45.00,85.00,,0.0,,,Active,New,
"SAMSUNG S22 5G 128GB, BLACK",,DEV-PHONE-SAMS-167,,SAMSUNG,DEVICES,PHONE,Pieces,140.00,140.00,179.00,,1.0,,,Active,New,
"MOTOROLA G32 64GB, SATIN SILVER",,DEV-PHONE-MOTO-134,,MOTOROLA,DEVICES,PHONE,Pieces,45.00,45.00,84.00,,0.0,,,Active,New,
TCL 40R 5G 64GB STARLIGHT BLACK,,DEV-PHONE-TCL-188,,TCL,DEVICES,PHONE,Pieces,55.00,55.00,95.00,,4.0,,,Active,New,
"IMO Q5, MIDNIGHT BLUE",,DEV-PHONE-IMO-127,,IMO,DEVICES,PHONE,Pieces,20.00,20.00,29.00,,1.0,,,Active,New,
"MOTOROLA EDGE 50 NEO 512GB, NAVY BLUE",,DEV-PHONE-MOTO-133,,MOTOROLA,DEVICES,PHONE,Pieces,175.00,175.00,215.00,,1.0,,,Active,New,
"XIAOMI 12 5G 128GB, UNLOCKED",,DEV-PHONE-XIAOMI-190,,XIAOMI,DEVICES,PHONE,Pieces,75.00,75.00,115.00,,1.0,,,Active,New,
"XIAOMI 12 5G 256GB,",,DEV-PHONE-XIAOMI-191,,XIAOMI,DEVICES,PHONE,Pieces,90.00,90.00,129.00,,1.0,,,Active,New,
"XIAOMI REDMI A3 64GB, BLACK",,DEV-PHONE-REDMI-139,,REDMI,DEVICES,PHONE,Pieces,40.00,40.00,78.50,,0.0,,,Active,New,
"SAMSUNG TAB S4,WIFI ONLY BLACK",,DEV-TAB-SAMS-183,,SAMSUNG,DEVICES,TABLET,Pieces,90.00,90.00,129.00,,2.0,,,Active,New,
"APPLE IPAD 6TH GEN 32GB, SILVER",,DEV-IPAD-APPLE-100,,APPLE,DEVICES,IPAD,Pieces,58.00,58.00,98.00,,1.0,,,Active,New,
"APPLE IPAD 6TH GEN 32GB, SPACE GRAY",,DEV-IPAD-APPLE-101,,APPLE,DEVICES,IPAD,Pieces,58.00,58.00,98.00,,0.0,,,Active,New,
"APPLE IPAD 6TH GEN 32GB, ROSE GOLD",,DEV-IPAD-APPLE-99,,APPLE,DEVICES,IPAD,Pieces,58.00,58.00,98.00,,1.0,,,Active,New,
"SAMSUNG TAB S3 (T825), BLACK",,DEV-TAB-SAMS-182,,SAMSUNG,DEVICES,TABLET,Pieces,75.00,75.00,109.00,,0.0,,,Active,New,
"APPLE IPAD 7TH GEN 32GB, WIFI ONLY, SPACE GRAY",,DEV-IPAD-APPLE-102,,APPLE,DEVICES,IPAD,Pieces,75.00,75.00,115.00,,0.0,,,Active,New,
"SAMSUNG SM-T225 32GB, BLUE",,DEV-PHONE-SAMS-170,,SAMSUNG,DEVICES,PHONE,Pieces,45.00,45.00,85.00,,0.0,,,Active,New,
"SAMSUNG SM-X205 32GB, SILVER",,DEV-PHONE-SAMS-172,,SAMSUNG,DEVICES,PHONE,Pieces,85.00,85.00,125.00,,1.0,,,Active,New,
"SAMSUNG SM-X205 32GB, DARK GRAY",,DEV-PHONE-SAMS-171,,SAMSUNG,DEVICES,PHONE,Pieces,85.00,85.00,125.00,,0.0,,,Active,New,
"SAMSUNG SM-X200,WIFI ONLY, GRAPHITE",,DEV-PHONE-SAMS-178,,SAMSUNG,DEVICES,PHONE,Pieces,80.00,80.00,118.00,,1.0,,,Active,New,
"SAMSUNG SM-P615 64GB,UNLOCKED",,DEV-PHONE-SAMS-169,,SAMSUNG,DEVICES,PHONE,Pieces,100.00,100.00,140.00,,0.0,,,Active,New,
PS5 CONTROLLER,,GAM-CONT-SONY-205,,SONY,GAMES,CONTROLLER,Pieces,32.00,32.00,49.99,,0.0,,,Active,New,
NOKIA 3310,,DEV-PHONE-NOKIA-138,,NOKIA,DEVICES,PHONE,Pieces,20.00,20.00,34.00,,1.0,,,Active,New,
87 W USB-C POWER ADAPTER,,ACC-CABLE-APPLE-12,,APPLE,ACCESSORIES,CHARGING / DATA CABLES,Pieces,18.00,18.00,40.00,,0.0,,,Active,New,
91 W USB-C POWER ADAPTER,,ACC-CABLE-SAMS-60,,SAMSUNG,ACCESSORIES,CHARGING / DATA CABLES,Pieces,22.00,22.00,49.50,,1.0,,,Active,New,
APPLE MAGIC KEYPAD 2 ROSE GOLD,,ACC-MK-APPLE-26,,APPLE,ACCESSORIES,MOUSE / KEYPAD,Pieces,40.00,40.00,80.00,,1.0,,,Active,New,
APPLE KEYPAD,,ACC-MK-APPLE-25,,APPLE,ACCESSORIES,MOUSE / KEYPAD,Pieces,20.00,20.00,40.00,,0.0,,,Active,New,
A14 128GB BLACK,,DEV-PHONE-SAMS-152,,SAMSUNG,DEVICES,PHONE,Pieces,85.00,85.00,115.00,,4.0,,,Active,New,
SAM A04S DISPLAY,,REP-SCR-NON-440,,NON-BRANDED,REPLACEMENT / REPAIR PARTS,SCREEN,Pieces,15.00,15.00,0.00,,1.0,,,Active,New,
SAM A15 DISPLAY,,REP-SCR-NON-445,,NON-BRANDED,REPLACEMENT / REPAIR PARTS,SCREEN,Pieces,15.00,15.00,0.00,,1.0,,,Active,New,
SAM A16 5G DISPLAY,,REP-SCR-NON-447,,NON-BRANDED,REPLACEMENT / REPAIR PARTS,SCREEN,Pieces,15.00,15.00,0.00,,1.0,,,Active,New,
SAM A14 5F/ 145R  DISPLAY,,REP-SCR-NON-444,,NON-BRANDED,REPLACEMENT / REPAIR PARTS,SCREEN,Pieces,15.00,15.00,0.00,,1.0,,,Active,New,
SAM A12 DISPLAY,,REP-SCR-NON-442,,NON-BRANDED,REPLACEMENT / REPAIR PARTS,SCREEN,Pieces,15.00,15.00,0.00,,1.0,,,Active,New,
SAM A13BA /A13  5G  DISPLAY,,REP-SCR-NON-443,,NON-BRANDED,REPLACEMENT / REPAIR PARTS,SCREEN,Pieces,15.00,15.00,0.00,,1.0,,,Active,New,
SAM A05S / A057 DISPLAY,,REP-SCR-NON-441,,NON-BRANDED,REPLACEMENT / REPAIR PARTS,SCREEN,Pieces,15.00,15.00,0.00,,1.0,,,Active,New,
SAM A16 4G DISPLAY,,REP-SCR-NON-446,,NON-BRANDED,REPLACEMENT / REPAIR PARTS,SCREEN,Pieces,15.00,15.00,0.00,,1.0,,,Active,New,
SAM A22 5G DISPLAY,,REP-SCR-NON-449,,NON-BRANDED,REPLACEMENT / REPAIR PARTS,SCREEN,Pieces,15.00,15.00,0.00,,1.0,,,Active,New,
SAM A21S DISPLAY,,REP-SCR-NON-448,,NON-BRANDED,REPLACEMENT / REPAIR PARTS,SCREEN,Pieces,15.00,15.00,0.00,,1.0,,,Active,New,
SAM A04E DISPLAY,,REP-SCR-NON-439,,NON-BRANDED,REPLACEMENT / REPAIR PARTS,SCREEN,Pieces,15.00,15.00,0.00,,1.0,,,Active,New,
IP 6S PLUS DISPLAY,,REP-SCR-NON-435,,NON-BRANDED,REPLACEMENT / REPAIR PARTS,SCREEN,Pieces,7.00,7.00,0.00,,4.0,,,Active,New,
IP 7 PLUS WHITE DISPLAY,,REP-SCR-NON-436,,NON-BRANDED,REPLACEMENT / REPAIR PARTS,SCREEN,Pieces,8.00,8.00,0.00,,2.0,,,Active,New,
DISPLY IP 11 PRO MAX,,REP-SCR-NON-426,,NON-BRANDED,REPLACEMENT / REPAIR PARTS,SCREEN,Pieces,14.00,14.00,0.00,,1.0,,,Active,New,
IP 14 PLUS  BLACK DISPLAY,,REP-SCR-JCID-236,,JCID,REPLACEMENT / REPAIR PARTS,SCREEN,Pieces,20.00,20.00,0.00,,4.0,,,Active,New,
IP 14 PRO MAX BLACK DISPLAY,,REP-SCR-JCID-237,,JCID,REPLACEMENT / REPAIR PARTS,SCREEN,Pieces,32.00,32.00,0.00,,4.0,,,Active,New,
IP XS BLACK BACK GLASS,,REP-GLASS-NON-360,,NON-BRANDED,REPLACEMENT / REPAIR PARTS,BACK GLASS,Pieces,4.00,4.00,0.00,,1.0,,,Active,New,
IP XS  GOLD BACK GLASS,,REP-GLASS-NON-359,,NON-BRANDED,REPLACEMENT / REPAIR PARTS,BACK GLASS,Pieces,4.00,4.00,0.00,,1.0,,,Active,New,
IP XR WHITE BACK GLASS,,REP-GLASS-NON-358,,NON-BRANDED,REPLACEMENT / REPAIR PARTS,BACK GLASS,Pieces,4.00,4.00,0.00,,1.0,,,Active,New,
IP XR BLACK BACK GLASS,,REP-GLASS-NON-355,,NON-BRANDED,REPLACEMENT / REPAIR PARTS,BACK GLASS,Pieces,4.00,4.00,0.00,,1.0,,,Active,New,
IP XR ORANGE  BACK GLASS,,REP-GLASS-NON-356,,NON-BRANDED,REPLACEMENT / REPAIR PARTS,BACK GLASS,Pieces,4.00,4.00,0.00,,1.0,,,Active,New,
IP XR SKY BLUE BACK GLASS,,REP-GLASS-NON-357,,NON-BRANDED,REPLACEMENT / REPAIR PARTS,BACK GLASS,Pieces,4.00,4.00,0.00,,1.0,,,Active,New,
IP 11 BLACK BACK GLASS,,REP-GLASS-NON-307,,NON-BRANDED,REPLACEMENT / REPAIR PARTS,BACK GLASS,Pieces,4.00,4.00,0.00,,1.0,,,Active,New,
IP 11 RED  BACK GLASS,,REP-GLASS-NON-318,,NON-BRANDED,REPLACEMENT / REPAIR PARTS,BACK GLASS,Pieces,4.00,4.00,0.00,,1.0,,,Active,New,
IP 11 YELLOW BACK GLASS,,REP-GLASS-NON-320,,NON-BRANDED,REPLACEMENT / REPAIR PARTS,BACK GLASS,Pieces,4.00,4.00,0.00,,1.0,,,Active,New,
IP 11 PURPLE  BACK GLASS,,REP-GLASS-NON-317,,NON-BRANDED,REPLACEMENT / REPAIR PARTS,BACK GLASS,Pieces,4.00,4.00,0.00,,1.0,,,Active,New,
IP 11 WHITE BACK GLASS,,REP-GLASS-NON-319,,NON-BRANDED,REPLACEMENT / REPAIR PARTS,BACK GLASS,Pieces,4.00,4.00,0.00,,1.0,,,Active,New,
IP 11 GREEN BACK GLASS,,REP-GLASS-NON-308,,NON-BRANDED,REPLACEMENT / REPAIR PARTS,BACK GLASS,Pieces,4.00,4.00,0.00,,1.0,,,Active,New,
IP 11 PRO GRAY BACK GLASS,,REP-GLASS-NON-310,,NON-BRANDED,REPLACEMENT / REPAIR PARTS,BACK GLASS,Pieces,4.00,4.00,0.00,,1.0,,,Active,New,
IP 11 PRO WHITE  BACK GLASS,,REP-GLASS-NON-316,,NON-BRANDED,REPLACEMENT / REPAIR PARTS,BACK GLASS,Pieces,4.00,4.00,0.00,,1.0,,,Active,New,
IP 11 PRO GREEN BACK GLASS,,REP-GLASS-NON-311,,NON-BRANDED,REPLACEMENT / REPAIR PARTS,BACK GLASS,Pieces,4.00,4.00,0.00,,1.0,,,Active,New,
IP 11 PRO GOLD  BACK GLASS,,REP-GLASS-NON-309,,NON-BRANDED,REPLACEMENT / REPAIR PARTS,BACK GLASS,Pieces,4.00,4.00,0.00,,1.0,,,Active,New,
IP 12 RED  BACK GLASS,,REP-GLASS-NON-331,,NON-BRANDED,REPLACEMENT / REPAIR PARTS,BACK GLASS,Pieces,4.00,4.00,0.00,,1.0,,,Active,New,
IP 12 PURPLE BACK GLASS,,REP-GLASS-NON-330,,NON-BRANDED,REPLACEMENT / REPAIR PARTS,BACK GLASS,Pieces,4.00,4.00,0.00,,1.0,,,Active,New,
IP 12 WHITE BACK GLASS,,REP-GLASS-NON-332,,NON-BRANDED,REPLACEMENT / REPAIR PARTS,BACK GLASS,Pieces,4.00,4.00,0.00,,1.0,,,Active,New,
IP 12 BLACK BACK GLASS,,REP-GLASS-NON-321,,NON-BRANDED,REPLACEMENT / REPAIR PARTS,BACK GLASS,Pieces,4.00,4.00,0.00,,1.0,,,Active,New,
IP 12 GREEN BACK GLASS,,REP-GLASS-NON-323,,NON-BRANDED,REPLACEMENT / REPAIR PARTS,BACK GLASS,Pieces,4.00,4.00,0.00,,1.0,,,Active,New,
IP 12 BLUE BACK GLASS,,REP-GLASS-NON-322,,NON-BRANDED,REPLACEMENT / REPAIR PARTS,BACK GLASS,Pieces,4.00,4.00,0.00,,1.0,,,Active,New,
IP 12 PRO WHITE BACK GLASS,,REP-GLASS-NON-329,,NON-BRANDED,REPLACEMENT / REPAIR PARTS,BACK GLASS,Pieces,4.00,4.00,0.00,,1.0,,,Active,New,
IP 12 PRO GOLD BACK GLASS,,REP-GLASS-NON-325,,NON-BRANDED,REPLACEMENT / REPAIR PARTS,BACK GLASS,Pieces,4.00,4.00,0.00,,1.0,,,Active,New,
IP 12 PRO BLUE BACK GLASS,,REP-GLASS-NON-324,,NON-BRANDED,REPLACEMENT / REPAIR PARTS,BACK GLASS,Pieces,4.00,4.00,0.00,,1.0,,,Active,New,
IP 12 PRO MAX BLACK BACK GLASS,,REP-GLASS-NON-326,,NON-BRANDED,REPLACEMENT / REPAIR PARTS,BACK GLASS,Pieces,4.00,4.00,0.00,,1.0,,,Active,New,
IP 12 PRO MAX WHITE BACK GLASS,,REP-GLASS-NON-328,,NON-BRANDED,REPLACEMENT / REPAIR PARTS,BACK GLASS,Pieces,4.00,4.00,0.00,,1.0,,,Active,New,
IP 12 PRO MAX GOLD BACK GLASS,,REP-GLASS-NON-327,,NON-BRANDED,REPLACEMENT / REPAIR PARTS,BACK GLASS,Pieces,4.00,4.00,0.00,,1.0,,,Active,New,
IP XS MAX GOLD BACK GLASS,,REP-GLASS-NON-362,,NON-BRANDED,REPLACEMENT / REPAIR PARTS,BACK GLASS,Pieces,4.00,4.00,0.00,,1.0,,,Active,New,
IP XS MAX BLACK BACK GLASS,,REP-GLASS-NON-361,,NON-BRANDED,REPLACEMENT / REPAIR PARTS,BACK GLASS,Pieces,4.00,4.00,0.00,,1.0,,,Active,New,
IP XS MAX WHITE BACK GLASS,,REP-GLASS-NON-363,,NON-BRANDED,REPLACEMENT / REPAIR PARTS,BACK GLASS,Pieces,4.00,4.00,0.00,,1.0,,,Active,New,
IP 13 WHITE BACK GLASS,,REP-GLASS-NON-346,,NON-BRANDED,REPLACEMENT / REPAIR PARTS,BACK GLASS,Pieces,4.00,4.00,0.00,,1.0,,,Active,New,
IP 13 GREEN BACK GLASS,,REP-GLASS-NON-335,,NON-BRANDED,REPLACEMENT / REPAIR PARTS,BACK GLASS,Pieces,4.00,4.00,0.00,,1.0,,,Active,New,
IP 13 BLACK BACK GLASS,,REP-GLASS-NON-333,,NON-BRANDED,REPLACEMENT / REPAIR PARTS,BACK GLASS,Pieces,4.00,4.00,0.00,,1.0,,,Active,New,
IP 13 BLUE BACK GLASS,,REP-GLASS-NON-334,,NON-BRANDED,REPLACEMENT / REPAIR PARTS,BACK GLASS,Pieces,4.00,4.00,0.00,,1.0,,,Active,New,
IP 13 PRO BLUE BACK GLASS,,REP-GLASS-NON-337,,NON-BRANDED,REPLACEMENT / REPAIR PARTS,BACK GLASS,Pieces,4.00,4.00,0.00,,0.0,,,Active,New,
IP 13 PRO GREEN BACK GLASS,,REP-GLASS-NON-339,,NON-BRANDED,REPLACEMENT / REPAIR PARTS,BACK GLASS,Pieces,4.00,4.00,0.00,,0.0,,,Active,New,
IP 13 PRO WHITE BACK GLASS,,REP-GLASS-NON-345,,NON-BRANDED,REPLACEMENT / REPAIR PARTS,BACK GLASS,Pieces,4.00,4.00,0.00,,1.0,,,Active,New,
IP 13 PRO BLACK BACK GLASS,,REP-GLASS-NON-336,,NON-BRANDED,REPLACEMENT / REPAIR PARTS,BACK GLASS,Pieces,4.00,4.00,0.00,,1.0,,,Active,New,
IP 13 PRO GOLD BACK GLASS,,REP-GLASS-NON-338,,NON-BRANDED,REPLACEMENT / REPAIR PARTS,BACK GLASS,Pieces,4.00,4.00,0.00,,1.0,,,Active,New,
IP 13 PRO MAX GOLD BACK GLASS,,REP-GLASS-NON-342,,NON-BRANDED,REPLACEMENT / REPAIR PARTS,BACK GLASS,Pieces,4.00,4.00,0.00,,1.0,,,Active,New,
IP 13 PRO MAX WHITE  BACK GLASS,,REP-GLASS-NON-344,,NON-BRANDED,REPLACEMENT / REPAIR PARTS,BACK GLASS,Pieces,4.00,4.00,0.00,,1.0,,,Active,New,
IP 13 PRO MAX GREEN BACK GLASS,,REP-GLASS-NON-343,,NON-BRANDED,REPLACEMENT / REPAIR PARTS,BACK GLASS,Pieces,4.00,4.00,0.00,,0.0,,,Active,New,
IP 13 PRO MAX BLACK BACK GLASS,,REP-GLASS-NON-340,,NON-BRANDED,REPLACEMENT / REPAIR PARTS,BACK GLASS,Pieces,4.00,4.00,0.00,,1.0,,,Active,New,
IP 13 PRO MAX BLUE BACK GLASS,,REP-GLASS-NON-341,,NON-BRANDED,REPLACEMENT / REPAIR PARTS,BACK GLASS,Pieces,4.00,4.00,0.00,,1.0,,,Active,New,
IP 11 PRO MAX BLACK BACK GLASS,,REP-GLASS-NON-312,,NON-BRANDED,REPLACEMENT / REPAIR PARTS,BACK GLASS,Pieces,4.00,4.00,0.00,,1.0,,,Active,New,
IP 11 PRO MAX GOLD BACK GLASS,,REP-GLASS-NON-313,,NON-BRANDED,REPLACEMENT / REPAIR PARTS,BACK GLASS,Pieces,4.00,4.00,0.00,,1.0,,,Active,New,
IP 11 PRO MAX GREEN BACK GLASS,,REP-GLASS-NON-314,,NON-BRANDED,REPLACEMENT / REPAIR PARTS,BACK GLASS,Pieces,4.00,4.00,0.00,,1.0,,,Active,New,
IP 11 PRO MAX WHITE BACK GLASS,,REP-GLASS-NON-315,,NON-BRANDED,REPLACEMENT / REPAIR PARTS,BACK GLASS,Pieces,4.00,4.00,0.00,,1.0,,,Active,New,
IP 14 PRO WHITE BACK GLASS,,REP-GLASS-NON-354,,NON-BRANDED,REPLACEMENT / REPAIR PARTS,BACK GLASS,Pieces,4.00,4.00,0.00,,1.0,,,Active,New,
IP 14 PRO BLACK BACK GLASS,,REP-GLASS-NON-347,,NON-BRANDED,REPLACEMENT / REPAIR PARTS,BACK GLASS,Pieces,4.00,4.00,0.00,,1.0,,,Active,New,
IP 14 PRO GOLD  BACK GLASS,,REP-GLASS-NON-348,,NON-BRANDED,REPLACEMENT / REPAIR PARTS,BACK GLASS,Pieces,4.00,4.00,0.00,,1.0,,,Active,New,
IP 14 PRO PURPLE BACK GLASS,,REP-GLASS-NON-353,,NON-BRANDED,REPLACEMENT / REPAIR PARTS,BACK GLASS,Pieces,4.00,4.00,0.00,,0.0,,,Active,New,
IP 14 PRO MAX BLACK BACK GLASS,,REP-GLASS-NON-349,,NON-BRANDED,REPLACEMENT / REPAIR PARTS,BACK GLASS,Pieces,4.00,4.00,0.00,,0.0,,,Active,New,
IP 14 PRO MAX PURPLE BACK GLASS,,REP-GLASS-NON-351,,NON-BRANDED,REPLACEMENT / REPAIR PARTS,BACK GLASS,Pieces,4.00,4.00,0.00,,1.0,,,Active,New,
IP 14 PRO MAX GOLD BACK GLASS,,REP-GLASS-NON-350,,NON-BRANDED,REPLACEMENT / REPAIR PARTS,BACK GLASS,Pieces,4.00,4.00,0.00,,1.0,,,Active,New,
IP 14 PRO MAX WHITE BACK GLASS,,REP-GLASS-NON-352,,NON-BRANDED,REPLACEMENT / REPAIR PARTS,BACK GLASS,Pieces,4.00,4.00,0.00,,1.0,,,Active,New,
IP 14 PLUS WHITE BACK GLASS NFC,,REP-NFC-NON-373,,NON-BRANDED,REPLACEMENT / REPAIR PARTS,GLASS NFC,Pieces,12.00,12.00,0.00,,1.0,,,Active,New,
IP 14 PLUS BLUE BACK GLASS NFC,,REP-NFC-NON-371,,NON-BRANDED,REPLACEMENT / REPAIR PARTS,GLASS NFC,Pieces,12.00,12.00,0.00,,1.0,,,Active,New,
IP 14 PLUS BLACK BACK GLASS NFC,,REP-NFC-NON-370,,NON-BRANDED,REPLACEMENT / REPAIR PARTS,GLASS NFC,Pieces,12.00,12.00,0.00,,1.0,,,Active,New,
IP 14 PLUS PURPLE BACK GLASS NFC,,REP-NFC-NON-372,,NON-BRANDED,REPLACEMENT / REPAIR PARTS,GLASS NFC,Pieces,12.00,12.00,0.00,,1.0,,,Active,New,
IP 14  PURPLE BACK GLASS NFC,,REP-NFC-NON-368,,NON-BRANDED,REPLACEMENT / REPAIR PARTS,GLASS NFC,Pieces,12.00,12.00,0.00,,1.0,,,Active,New,
IP 14 BLACK BACK GLASS NFC,,REP-NFC-NON-369,,NON-BRANDED,REPLACEMENT / REPAIR PARTS,GLASS NFC,Pieces,12.00,12.00,0.00,,1.0,,,Active,New,
LOGITECH MX MECHANICAL KEYPAD,,ACC-MK-LOGI-53,,LOGITECH,ACCESSORIES,MOUSE / KEYPAD,Pieces,50.00,50.00,119.00,,1.0,,,Active,New,
IP 15 PLUS WHITE  BACK GLASS NFC,,REP-NFC-NON-379,,NON-BRANDED,REPLACEMENT / REPAIR PARTS,GLASS NFC,Pieces,12.00,12.00,0.00,,1.0,,,Active,New,
IP 15 PLUS BLACK BACK GLASS NFC,,REP-NFC-NON-377,,NON-BRANDED,REPLACEMENT / REPAIR PARTS,GLASS NFC,Pieces,12.00,12.00,0.00,,1.0,,,Active,New,
IP 15 PLUS GREEN BACK GLASS NFC,,REP-NFC-NON-378,,NON-BRANDED,REPLACEMENT / REPAIR PARTS,GLASS NFC,Pieces,12.00,12.00,0.00,,1.0,,,Active,New,
IP 15 GREEN BACK GLASS NFC,,REP-NFC-NON-376,,NON-BRANDED,REPLACEMENT / REPAIR PARTS,GLASS NFC,Pieces,12.00,12.00,0.00,,1.0,,,Active,New,
IP 15 BLACK BACK GLASS NFC,,REP-NFC-NON-375,,NON-BRANDED,REPLACEMENT / REPAIR PARTS,GLASS NFC,Pieces,12.00,12.00,0.00,,1.0,,,Active,New,
IP 15 PRO BACK GLASS NFC,,REP-NFC-NON-380,,NON-BRANDED,REPLACEMENT / REPAIR PARTS,GLASS NFC,Pieces,12.00,12.00,0.00,,1.0,,,Active,New,
IP 15 PRO TIANIUM GREY GLASS NFC,,REP-NFC-NON-382,,NON-BRANDED,REPLACEMENT / REPAIR PARTS,GLASS NFC,Pieces,12.00,12.00,0.00,,1.0,,,Active,New,
IP 15 PRO WHITE  GLASS NFC,,REP-NFC-NON-383,,NON-BRANDED,REPLACEMENT / REPAIR PARTS,GLASS NFC,Pieces,12.00,12.00,0.00,,1.0,,,Active,New,
IP 15 PRO BLUE GLASS NFC,,REP-NFC-NON-364,,NON-BRANDED,REPLACEMENT / REPAIR PARTS,GLASS NFC,Pieces,12.00,12.00,0.00,,1.0,,,Active,New,
IP 15 PRO MAX BLUE GLASS NFC,,REP-NFC-NON-366,,NON-BRANDED,REPLACEMENT / REPAIR PARTS,GLASS NFC,Pieces,12.00,12.00,0.00,,1.0,,,Active,New,
IP 15 PRO MAX WHITE GLASS NFC,,REP-NFC-NON-381,,NON-BRANDED,REPLACEMENT / REPAIR PARTS,GLASS NFC,Pieces,12.00,12.00,0.00,,1.0,,,Active,New,
IP 15 PRO MAX BLACK GLASS NFC,,REP-NFC-NON-365,,NON-BRANDED,REPLACEMENT / REPAIR PARTS,GLASS NFC,Pieces,12.00,12.00,0.00,,1.0,,,Active,New,
IP 15 PRO MAX TIANIUM GREY GLASS NFC,,REP-NFC-NON-367,,NON-BRANDED,REPLACEMENT / REPAIR PARTS,GLASS NFC,Pieces,12.00,12.00,0.00,,1.0,,,Active,New,
DELL 90 W BLUE PIN CHARGER  ,,ACC-CHARG-DELL-34,,DELL,ACCESSORIES,LAPTOP CHARGER,Pieces,8.00,8.00,19.50,,0.0,,,Active,New,
ANG BLACK PIN LAPTOP CHARGER  19V/3.42A,,ACC-CHARG-ANG-8,,ANG,ACCESSORIES,LAPTOP CHARGER,Pieces,10.00,10.00,24.38,,1.0,,,Active,New,
ANG BLACK PIN LAPTOP CHARGER  19V/4.74A,,ACC-CHARG-ANG-9,,ANG,ACCESSORIES,LAPTOP CHARGER,Pieces,8.00,8.00,19.50,,1.0,,,Active,New,
ASUS BLACK SMALL  PIN LAPTOP CHARGER  19V/2.37A,,ACC-CHARG-ASUS-29,,ASUS,ACCESSORIES,LAPTOP CHARGER,Pieces,8.00,8.00,19.50,,1.0,,,Active,New,
DELL BLACK SMALL PIN LAPTOP CHARGER  45W/19.5V /2.3A,,ACC-CHARG-DELL-36,,DELL,ACCESSORIES,LAPTOP CHARGER,Pieces,8.00,8.00,19.50,,1.0,,,Active,New,
DELL BLUE PIN LAPTOP CHARGER 90W/19.5V /4.62A,,ACC-CHARG-DELL-37,,DELL,ACCESSORIES,LAPTOP CHARGER,Pieces,8.00,8.00,19.50,,0.0,,,Active,New,
DELL BOX PIN LAPTOP CHARGER 19.5V /3.34A,,ACC-CHARG-DELL-38,,DELL,ACCESSORIES,LAPTOP CHARGER,Pieces,8.00,8.00,19.50,,1.0,,,Active,New,
HP YELLOW MED PIN LAPTOP CHARGER 90W /18.5V /4.9A,,ACC-CHARG-HP-44,,HP,ACCESSORIES,LAPTOP CHARGER,Pieces,8.00,8.00,19.50,,1.0,,,Active,New,
HP YELLOW SMALL PIN LAPTOP CHARGER 65W /18.5V /3.5A,,ACC-CHARG-HP-46,,HP,ACCESSORIES,LAPTOP CHARGER,Pieces,8.00,8.00,19.50,,2.0,,,Active,New,
HP BLACK BIG PIN LAPTOP CHARGER 90W /19.5V /4.62A,,ACC-CHARG-HP-41,,HP,ACCESSORIES,LAPTOP CHARGER,Pieces,8.00,8.00,19.50,,1.0,,,Active,New,
HP BLACK BIG PIN LAPTOP CHARGER 90W /19V /4.74A,,ACC-CHARG-HP-42,,HP,ACCESSORIES,LAPTOP CHARGER,Pieces,8.00,8.00,19.50,,1.0,,,Active,New,
HP BLACK BIG PIN LAPTOP CHARGER 45W /19.5V /2.31A,,ACC-CHARG-HP-40,,HP,ACCESSORIES,LAPTOP CHARGER,Pieces,8.00,8.00,19.50,,2.0,,,Active,New,
HP BLUE PIN LAPTOP CHARGER 45W /19.5V /2.31A,,ACC-CHARG-NON-70,,NON-BRANDED,ACCESSORIES,LAPTOP CHARGER,Pieces,8.00,8.00,19.50,,1.0,,,Active,New,
ACER YELLOW PIN LAPTOP CHARGER  65W /19 V/3.42A,,ACC-CHARG-ACER-3,,ACER,ACCESSORIES,LAPTOP CHARGER,Pieces,8.00,8.00,19.50,,1.0,,,Active,New,
ACER BLACK PIN LAPTOP CHARGER  /19V/2.37A,,ACC-CHARG-ACER-2,,ACER,ACCESSORIES,LAPTOP CHARGER,Pieces,8.00,8.00,19.50,,1.0,,,Active,New,
PRO WINDOW 8  LAPTOP CHARGER 12V/2.58A,,ACC-CHARG-WIND-92,,WINDOWS,ACCESSORIES,LAPTOP CHARGER,Pieces,8.00,8.00,19.50,,1.0,,,Active,New,
DELTA BLACK PIN LAPTOP CHARGER 19V/2.37A,,ACC-CHARG-DELTA-39,,DELTA,ACCESSORIES,LAPTOP CHARGER,Pieces,8.00,8.00,19.50,,1.0,,,Active,New,
LENOVO YELLOW BOX PIN LAPTOP CHARGER 65W/ 20V/3.25A,,ACC-CHARG-LENO-51,,LENOVO,ACCESSORIES,LAPTOP CHARGER,Pieces,8.00,8.00,19.50,,1.0,,,Active,New,
3 PIN LAPTOP CHARGER POWER CABLE,,ACC-CABLE-NON-75,,NON-BRANDED,ACCESSORIES,CHARGING / DATA CABLES,Pieces,2.00,2.00,5.00,,2.0,,,Active,New,
2 PIN LAPTOP CHARGER POWER CABLE,,ACC-CABLE-NON-74,,NON-BRANDED,ACCESSORIES,CHARGING / DATA CABLES,Pieces,2.00,2.00,5.00,,1.0,,,Active,New,
3 PIN PC  POWER CABLE,,ACC-CABLE-NON-76,,NON-BRANDED,ACCESSORIES,CHARGING / DATA CABLES,Pieces,2.00,2.00,5.00,,1.0,,,Active,New,
SM A54 5G RING CASE,,SCR-CASE-NON-579,,NON-BRANDED,SCREEN / DEVICE PROTECTION,PHONE CASE,Pieces,1.50,1.50,5.00,,2.0,,,Active,New,
SM A53 RING CASE,,SCR-CASE-NON-578,,NON-BRANDED,SCREEN / DEVICE PROTECTION,PHONE CASE,Pieces,1.50,1.50,5.00,,2.0,,,Active,New,
SM A55 RING CASE,,SCR-CASE-NON-580,,NON-BRANDED,SCREEN / DEVICE PROTECTION,PHONE CASE,Pieces,1.50,1.50,5.00,,4.0,,,Active,New,
SM A22 5G  RING CASE,,SCR-CASE-NON-570,,NON-BRANDED,SCREEN / DEVICE PROTECTION,PHONE CASE,Pieces,1.50,1.50,5.00,,1.0,,,Active,New,
SM A04S  RING CASE,,SCR-CASE-NON-562,,NON-BRANDED,SCREEN / DEVICE PROTECTION,PHONE CASE,Pieces,1.50,1.50,5.00,,2.0,,,Active,New,
SM A35 RING CASE,,SCR-CASE-NON-574,,NON-BRANDED,SCREEN / DEVICE PROTECTION,PHONE CASE,Pieces,1.50,1.50,5.00,,2.0,,,Active,New,
SM A13 4G RING CASE,,SCR-CASE-NON-567,,NON-BRANDED,SCREEN / DEVICE PROTECTION,PHONE CASE,Pieces,1.50,1.50,5.00,,5.0,,,Active,New,
SM A04 E RING CASE,,SCR-CASE-NON-561,,NON-BRANDED,SCREEN / DEVICE PROTECTION,PHONE CASE,Pieces,1.50,1.50,5.00,,1.0,,,Active,New,
SM A04  RING CASE,,SCR-CASE-NON-560,,NON-BRANDED,SCREEN / DEVICE PROTECTION,PHONE CASE,Pieces,1.50,1.50,5.00,,2.0,,,Active,New,
SM A06 RING CASE,,SCR-CASE-NON-565,,NON-BRANDED,SCREEN / DEVICE PROTECTION,PHONE CASE,Pieces,1.50,1.50,5.00,,0.0,,,Active,New,
SM A06 4G RING CASE,,SCR-CASE-NON-564,,NON-BRANDED,SCREEN / DEVICE PROTECTION,PHONE CASE,Pieces,1.50,1.50,5.00,,1.0,,,Active,New,
SM A34 5G RING CASE,,SCR-CASE-NON-572,,NON-BRANDED,SCREEN / DEVICE PROTECTION,PHONE CASE,Pieces,1.50,1.50,5.00,,2.0,,,Active,New,
SM A34 RING CASE,,SCR-CASE-NON-573,,NON-BRANDED,SCREEN / DEVICE PROTECTION,PHONE CASE,Pieces,1.50,1.50,5.00,,2.0,,,Active,New,
SM A14 4G/5G RING CASE,,SCR-CASE-NON-569,,NON-BRANDED,SCREEN / DEVICE PROTECTION,PHONE CASE,Pieces,1.50,1.50,5.00,,0.0,,,Active,New,
SM A42 5G  RING CASE,,SCR-CASE-NON-576,,NON-BRANDED,SCREEN / DEVICE PROTECTION,PHONE CASE,Pieces,1.50,1.50,5.00,,2.0,,,Active,New,
SM A56 5G RING CASE,,SCR-CASE-NON-581,,NON-BRANDED,SCREEN / DEVICE PROTECTION,PHONE CASE,Pieces,1.50,1.50,5.00,,2.0,,,Active,New,
SM A03 CORE RING CASE,,SCR-CASE-NON-559,,NON-BRANDED,SCREEN / DEVICE PROTECTION,PHONE CASE,Pieces,1.50,1.50,5.00,,2.0,,,Active,New,
SM A14  RING CASE,,SCR-CASE-NON-568,,NON-BRANDED,SCREEN / DEVICE PROTECTION,PHONE CASE,Pieces,1.50,1.50,5.00,,1.0,,,Active,New,
SM A36 RING CASE,,SCR-CASE-NON-575,,NON-BRANDED,SCREEN / DEVICE PROTECTION,PHONE CASE,Pieces,1.50,1.50,10.00,,1.0,,,Active,New,
SM A52 4G/5G /A52S 5G RING CASE,,SCR-CASE-NON-577,,NON-BRANDED,SCREEN / DEVICE PROTECTION,PHONE CASE,Pieces,1.50,1.50,5.00,,1.0,,,Active,New,
SM A25 RING CASE,,SCR-CASE-NON-571,,NON-BRANDED,SCREEN / DEVICE PROTECTION,PHONE CASE,Pieces,1.50,1.50,5.00,,2.0,,,Active,New,
SM A05 S  RING CASE,,SCR-CASE-NON-563,,NON-BRANDED,SCREEN / DEVICE PROTECTION,PHONE CASE,Pieces,1.50,1.50,5.00,,2.0,,,Active,New,
SM Z FLIP 4 CASE,,SCR-CASE-NON-582,,NON-BRANDED,SCREEN / DEVICE PROTECTION,PHONE CASE,Pieces,2.00,2.00,8.00,,2.0,,,Active,New,
SM Z FLIP 5 CASE,,SCR-CASE-NON-583,,NON-BRANDED,SCREEN / DEVICE PROTECTION,PHONE CASE,Pieces,2.00,2.00,8.00,,3.0,,,Active,New,
SM Z FLIP 6 CASE,,SCR-CASE-NON-584,,NON-BRANDED,SCREEN / DEVICE PROTECTION,PHONE CASE,Pieces,2.00,2.00,8.00,,2.0,,,Active,New,
SM Z FOLD 5  5G CASE,,SCR-CASE-NON-586,,NON-BRANDED,SCREEN / DEVICE PROTECTION,PHONE CASE,Pieces,2.00,2.00,8.00,,1.0,,,Active,New,
SM Z FOLD 4 CASE,,SCR-CASE-NON-585,,NON-BRANDED,SCREEN / DEVICE PROTECTION,PHONE CASE,Pieces,2.00,2.00,5.00,,1.0,,,Active,New,
SM Z FOLD 6 CASE,,SCR-CASE-NON-587,,NON-BRANDED,SCREEN / DEVICE PROTECTION,PHONE CASE,Pieces,2.00,2.00,8.00,,1.0,,,Active,New,
SM A12 RING CASE,,SCR-CASE-NON-566,,NON-BRANDED,SCREEN / DEVICE PROTECTION,PHONE CASE,Pieces,1.50,1.50,5.00,,2.0,,,Active,New,
PIXEL 8 RING CASE,,SCR-CASE-NON-549,,NON-BRANDED,SCREEN / DEVICE PROTECTION,PHONE CASE,Pieces,1.50,1.50,5.00,,2.0,,,Active,New,
PIXEL 8A RING CASE,,SCR-CASE-NON-550,,NON-BRANDED,SCREEN / DEVICE PROTECTION,PHONE CASE,Pieces,1.50,1.50,5.00,,1.0,,,Active,New,
PIXEL 9 PRO 5G RING CASE,,SCR-CASE-NON-551,,NON-BRANDED,SCREEN / DEVICE PROTECTION,PHONE CASE,Pieces,1.50,1.50,5.00,,1.0,,,Active,New,
PIXEL 8 PRO  RING CASE,,SCR-CASE-NON-548,,NON-BRANDED,SCREEN / DEVICE PROTECTION,PHONE CASE,Pieces,1.50,1.50,5.00,,3.0,,,Active,New,
TEMPERED GLASS  XS MAX/11 PRO MAX,,SCR-TEMPGLASS-NON-660,,NON-BRANDED,SCREEN / DEVICE PROTECTION,TEMPERED GLASS,Pieces,0.70,0.70,5.00,,20.,,,Active,New,
TEMPERED GLASS IP 16,,SCR-TEMPGLASS-NON-672,,NON-BRANDED,SCREEN / DEVICE PROTECTION,TEMPERED GLASS,Pieces,0.70,0.70,5.00,,0.0,,,Active,New,
TEMPERED GLASS IP 17 AIR,,SCR-TEMPGLASS-NON-675,,NON-BRANDED,SCREEN / DEVICE PROTECTION,TEMPERED GLASS,Pieces,0.70,0.70,5.00,,10.,,,Active,New,
TEMPERED GLASS IP 16 PRO,,SCR-TEMPGLASS-NON-673,,NON-BRANDED,SCREEN / DEVICE PROTECTION,TEMPERED GLASS,Pieces,0.70,0.70,5.00,,4.0,,,Active,New,
TEMPERED GLASS IP 16 PROMAX,,SCR-TEMPGLASS-NON-674,,NON-BRANDED,SCREEN / DEVICE PROTECTION,TEMPERED GLASS,Pieces,0.70,0.70,5.00,,4.0,,,Active,New,
TEMPERED GLASS IP 15 PRO MAX,,SCR-TEMPGLASS-NON-670,,NON-BRANDED,SCREEN / DEVICE PROTECTION,TEMPERED GLASS,Pieces,0.70,0.70,5.00,,4.0,,,Active,New,
TEMPERED GLASS IP 15,,SCR-TEMPGLASS-NON-668,,NON-BRANDED,SCREEN / DEVICE PROTECTION,TEMPERED GLASS,Pieces,0.70,0.70,5.00,,2.0,,,Active,New,
TEMPERED GLASS IP 17 PRO MAX,,SCR-TEMPGLASS-NON-676,,NON-BRANDED,SCREEN / DEVICE PROTECTION,TEMPERED GLASS,Pieces,0.70,0.70,5.00,,3.0,,,Active,New,
PRIVACY SCREEN  IP 16 PRO,,SCR-PRI-NON-638,,NON-BRANDED,SCREEN / DEVICE PROTECTION,PRIVACY SCREEN,Pieces,1.50,1.50,5.00,,1.0,,,Active,New,
PRIVACY SCREEN IP 17/17 PRO/ 16 PRO,,SCR-PRI-NON-644,,NON-BRANDED,SCREEN / DEVICE PROTECTION,PRIVACY SCREEN,Pieces,1.50,1.50,5.00,,1.0,,,Active,New,
PRIVACY SCREEN IP 15/16,,SCR-PRI-NON-640,,NON-BRANDED,SCREEN / DEVICE PROTECTION,PRIVACY SCREEN,Pieces,1.50,1.50,5.00,,0.0,,,Active,New,
PRIVACY SCREEN IP 17 AIR,,SCR-PRI-NON-642,,NON-BRANDED,SCREEN / DEVICE PROTECTION,PRIVACY SCREEN,Pieces,1.50,1.50,5.00,,5.0,,,Active,New,
PRIVACY SCREEN IP 16 PRO MAX,,SCR-PRI-NON-641,,NON-BRANDED,SCREEN / DEVICE PROTECTION,PRIVACY SCREEN,Pieces,1.50,1.50,5.00,,1.0,,,Active,New,
PRIVACY SCREEN IP 15 PLUS / 16 PLUS,,SCR-PRI-NON-639,,NON-BRANDED,SCREEN / DEVICE PROTECTION,PRIVACY SCREEN,Pieces,1.50,1.50,5.00,,1.0,,,Active,New,
PRIVACY SCREEN IP 17 PRO MAX,,SCR-PRI-NON-643,,NON-BRANDED,SCREEN / DEVICE PROTECTION,PRIVACY SCREEN,Pieces,1.50,1.50,5.00,,1.0,,,Active,New,
TEMPERED GLASS A36/A56,,SCR-GLASS-NON-618,,NON-BRANDED,SCREEN / DEVICE PROTECTION,SCREEN GLASS,Pieces,0.50,0.50,5.00,,1.0,,,Active,New,
TEMPERED GLASS A51/A52/A53/ S20FE/A11,,SCR-GLASS-NON-621,,NON-BRANDED,SCREEN / DEVICE PROTECTION,SCREEN GLASS,Pieces,0.50,0.50,5.00,,0.0,,,Active,New,
TEMPERED GLASS A17/A26,,SCR-GLASS-NON-612,,NON-BRANDED,SCREEN / DEVICE PROTECTION,SCREEN GLASS,Pieces,0.50,0.50,5.00,,0.0,,,Active,New,
TEMPERED GLASS A34 5G,,SCR-GLASS-NON-616,,NON-BRANDED,SCREEN / DEVICE PROTECTION,SCREEN GLASS,Pieces,0.50,0.50,5.00,,2.0,,,Active,New,
TEMPERED GLASS A15/A24/A25,,SCR-GLASS-NON-610,,NON-BRANDED,SCREEN / DEVICE PROTECTION,SCREEN GLASS,Pieces,0.50,0.50,5.00,,2.0,,,Active,New,
TEMPERED GLASS A12/A13/A04S/A04S/A02/A03CORE/A32 5G /A70,,SCR-GLASS-NON-609,,NON-BRANDED,SCREEN / DEVICE PROTECTION,SCREEN GLASS,Pieces,0.50,0.50,5.00,,1.0,,,Active,New,
TEMPERED GLASS A35/A55 5G,,SCR-GLASS-NON-617,,NON-BRANDED,SCREEN / DEVICE PROTECTION,SCREEN GLASS,Pieces,0.50,0.50,5.00,,1.0,,,Active,New,
TEMPERED GLASS A54 5G,,SCR-GLASS-NON-622,,NON-BRANDED,SCREEN / DEVICE PROTECTION,SCREEN GLASS,Pieces,0.50,0.50,5.00,,2.0,,,Active,New,
TEMPERED GLASS A06,,SCR-GLASS-NON-608,,NON-BRANDED,SCREEN / DEVICE PROTECTION,SCREEN GLASS,Pieces,0.50,0.50,5.00,,3.0,,,Active,New,
TEMPERED GLASS A16,,SCR-GLASS-NON-611,,NON-BRANDED,SCREEN / DEVICE PROTECTION,SCREEN GLASS,Pieces,0.50,0.50,5.00,,1.0,,,Active,New,
TEMPERED GLASS A20/A30/A30S/A31/A32 4G /A50/A50S/M10S/M30/M30S/M31,,SCR-GLASS-NON-613,,NON-BRANDED,SCREEN / DEVICE PROTECTION,SCREEN GLASS,Pieces,0.50,0.50,5.00,,2.0,,,Active,New,
TEMPERED GLASS A14 4G/5G/A225G,,SCR-GLASS-SAMS-474,,SAMSUNG,SCREEN / DEVICE PROTECTION,SCREEN GLASS,Pieces,0.50,0.50,5.00,,2.0,,,Active,New,
TEMPERED GLASS A05/A05S/HONER 7,,SCR-GLASS-NON-607,,NON-BRANDED,SCREEN / DEVICE PROTECTION,SCREEN GLASS,Pieces,0.50,0.50,5.00,,2.0,,,Active,New,
TEMPERED GLASS A40/A20E/A10E,,SCR-GLASS-NON-619,,NON-BRANDED,SCREEN / DEVICE PROTECTION,SCREEN GLASS,Pieces,0.50,0.50,5.00,,3.0,,,Active,New,
TEMPERED GLASS A21/A21S/A71/A72/A73/A81/A91,,SCR-GLASS-NON-614,,NON-BRANDED,SCREEN / DEVICE PROTECTION,SCREEN GLASS,Pieces,0.50,0.50,5.00,,2.0,,,Active,New,
TEMPERED GLASS A26,,SCR-GLASS-NON-615,,NON-BRANDED,SCREEN / DEVICE PROTECTION,SCREEN GLASS,Pieces,0.50,0.50,5.00,,1.0,,,Active,New,
TEMPERED GLASS A41,,SCR-GLASS-NON-620,,NON-BRANDED,SCREEN / DEVICE PROTECTION,SCREEN GLASS,Pieces,0.50,0.50,5.00,,3.0,,,Active,New,
TEMPERED GLASS S25 PLUS,,SCR-GLASS-NON-634,,NON-BRANDED,SCREEN / DEVICE PROTECTION,SCREEN GLASS,Pieces,1.00,1.00,8.00,,2.0,,,Active,New,
TEMPERED GLASS S25 ULTRA,,SCR-GLASS-NON-635,,NON-BRANDED,SCREEN / DEVICE PROTECTION,SCREEN GLASS,Pieces,1.00,1.00,8.00,,0.0,,,Active,New,
TEMPERED GLASS S24 ULTRA,,SCR-GLASS-NON-633,,NON-BRANDED,SCREEN / DEVICE PROTECTION,SCREEN GLASS,Pieces,1.00,1.00,8.00,,2.0,,,Active,New,
TEMPERED GLASS S8PLUS/S9 PLUS,,SCR-GLASS-NON-637,,NON-BRANDED,SCREEN / DEVICE PROTECTION,SCREEN GLASS,Pieces,1.00,1.00,5.00,,2.0,,,Active,New,
TEMPERED GLASS S21,,SCR-GLASS-NON-627,,NON-BRANDED,SCREEN / DEVICE PROTECTION,SCREEN GLASS,Pieces,1.00,1.00,7.00,,2.0,,,Active,New,
TEMPERED GLASS S22/ S23,,SCR-GLASS-NON-631,,NON-BRANDED,SCREEN / DEVICE PROTECTION,SCREEN GLASS,Pieces,1.00,1.00,7.00,,0.0,,,Active,New,
TEMPERED GLASS S22 PLUS/ S23 PLUS,,SCR-GLASS-NON-629,,NON-BRANDED,SCREEN / DEVICE PROTECTION,SCREEN GLASS,Pieces,1.00,1.00,8.00,,1.0,,,Active,New,
TEMPERED GLASS S22 ULTRA,,SCR-GLASS-NON-630,,NON-BRANDED,SCREEN / DEVICE PROTECTION,SCREEN GLASS,Pieces,1.00,1.00,7.00,,2.0,,,Active,New,
TEMPERED GLASS S23 ULTRA,,SCR-GLASS-NON-632,,NON-BRANDED,SCREEN / DEVICE PROTECTION,SCREEN GLASS,Pieces,1.00,1.00,8.00,,2.0,,,Active,New,
TEMPERED GLASS S8/S9,,SCR-GLASS-NON-636,,NON-BRANDED,SCREEN / DEVICE PROTECTION,SCREEN GLASS,Pieces,0.50,0.50,7.00,,2.0,,,Active,New,
TEMPERED GLASS S10 PLUS,,SCR-GLASS-NON-623,,NON-BRANDED,SCREEN / DEVICE PROTECTION,SCREEN GLASS,Pieces,1.00,1.00,6.00,,2.0,,,Active,New,
TEMPERED GLASS S20 PLUS,,SCR-GLASS-NON-625,,NON-BRANDED,SCREEN / DEVICE PROTECTION,SCREEN GLASS,Pieces,1.00,1.00,5.00,,1.0,,,Active,New,
TEMPERED GLASS S20,,SCR-GLASS-NON-624,,NON-BRANDED,SCREEN / DEVICE PROTECTION,SCREEN GLASS,Pieces,1.00,1.00,5.00,,2.0,,,Active,New,
TEMPERED GLASS S20ULTRA,,SCR-GLASS-NON-626,,NON-BRANDED,SCREEN / DEVICE PROTECTION,SCREEN GLASS,Pieces,0.50,0.50,5.00,,2.0,,,Active,New,
TEMPERED GLASS S21 PLUS,,SCR-GLASS-NON-628,,NON-BRANDED,SCREEN / DEVICE PROTECTION,SCREEN GLASS,Pieces,1.00,1.00,5.00,,1.0,,,Active,New,
IP DISPLAY 16 PRO MAX,,REP-SCR-NON-437,,NON-BRANDED,REPLACEMENT / REPAIR PARTS,SCREEN,Pieces,75.00,75.00,0.00,,0.0,,,Active,New,
INTERNATIONAL ADAPTER ALL IN ONE,,ACC-CABLE-NON-69,,NON-BRANDED,ACCESSORIES,CHARGING / DATA CABLES,Pieces,3.00,3.00,5.50,,1.0,,,Active,New,
UR USB TO TYPE-C CABLE 1M,,ACC-CABLE-NON-68,,NON-BRANDED,ACCESSORIES,CHARGING / DATA CABLES,Pieces,1.10,1.10,5.00,,14.,,,Active,New,
UR USB TO MICRO CABLE 1M,,ACC-CABLE-UR-80,,UR,ACCESSORIES,CHARGING / DATA CABLES,Pieces,1.10,1.10,5.00,,8.0,,,Active,New,
VEN-DENS OTG TYPE-C TO IP FEMALE,,ACC-OTG-VEN -90,,VEN DENS,ACCESSORIES,OTG,Pieces,3.00,3.00,7.50,,1.0,,,Active,New,
VEN-DENS OTG TYPE-C TO USB FEMALE,,ACC-OTG-NON-72,,NON-BRANDED,ACCESSORIES,OTG,Pieces,3.00,3.00,6.50,,1.0,,,Active,New,
VEN-DENS CAR HOLDER,,ACC-CAR-VEN -89,,VEN DENS,ACCESSORIES,CAR ACCESSORIES,Pieces,5.00,5.00,9.50,,1.0,,,Active,New,
VEN-DENS USB TO MICRO 1M,,ACC-CABLE-VEN -87,,VEN DENS,ACCESSORIES,CHARGING / DATA CABLES,Pieces,1.50,1.50,5.00,,2.0,,,Active,New,
VEN-DENS USB TO TYPE-C 2M,,ACC-CABLE-VEN -88,,VEN DENS,ACCESSORIES,CHARGING / DATA CABLES,Pieces,1.50,1.50,5.00,,0.0,,,Active,New,
2 M 100W C TO C CHARGING CABLE,,ACC-CABLE-NON-64,,NON-BRANDED,ACCESSORIES,CHARGING / DATA CABLES,Pieces,4.50,4.50,18.00,,5.0,,,Active,New,
BUDI OTG TYPE C TO USB,,ACC-OTG-BUDI-31,,BUDI,ACCESSORIES,OTG,Pieces,3.00,3.00,7.00,,1.0,,,Active,New,
ANG WIRELESS EAR HEADSET,,SOU-HEADPH-ANG-689,,ANG,SOUNDS,HEADPHONE,Pieces,12.00,12.00,21.00,,1.0,,,Active,New,
ORIGINAL C TO C1M CHARGING CABLE,,ACC-CABLE-NON-67,,NON-BRANDED,ACCESSORIES,CHARGING / DATA CABLES,Pieces,2.50,2.50,9.50,,9.0,,,Active,New,
ANG  USB C 65W POWER ADAPTER,,ACC-CABLE-ANG-7,,ANG,ACCESSORIES,CHARGING / DATA CABLES,Pieces,18.00,18.00,29.00,,1.0,,,Active,New,
ANG 2 PIN POWER CABLE,,ACC-CABLE-ANG-5,,ANG,ACCESSORIES,CHARGING / DATA CABLES,Pieces,2.00,2.00,6.00,,2.0,,,Active,New,
"APPLE IPHONE 12 64GB, WHITE",,DEV-IPHONE-APPLE-111,,APPLE,DEVICES,IPHONE,Pieces,155.00,155.00,195.00,,0.0,,,Active,New,
SAMSUNG A135F/A13 4G LCD,,REP-SCR-NON-450,,NON-BRANDED,REPLACEMENT / REPAIR PARTS,SCREEN,Pieces,15.00,15.00,0.00,,1.0,,,Active,New,
USB TO HDMI  OTG,,ACC-OTG-NON-71,,NON-BRANDED,ACCESSORIES,OTG,Pieces,6.99,6.99,11.00,,1.0,,,Active,New,
AIRPODS PRO 1/2 GEN EARS TIPS,,SOU-EARPH-NON-717,,NON-BRANDED,SOUNDS,EARPHONES,Pieces,5.98,5.98,11.96,,0.0,,,Active,New,
HONER NIC-LX1,,DEV-PHONE-HONER-119,,HONER,DEVICES,PHONE,Pieces,3.29,3.29,6.58,,0.0,,,Active,New,
TOOBUR FITNEES TRACKER WATCH,,GAD-WATCH-TOOB-997,,TOOBUR,WATCH,SMART WATCH,Pieces,16.14,16.14,26.99,,0.0,,,Active,New,
SM T220 CASE,,SCR-GLASS-NON-605,,NON-BRANDED,SCREEN / DEVICE PROTECTION,CASE AND GLASS,Pieces,7.99,7.99,12.00,,0.0,,,Active,New,
SM T225 GLASS,,SCR-PROT-NON-656,,NON-BRANDED,SCREEN / DEVICE PROTECTION,SCREEN PROTECTOR,Pieces,9.98,9.98,9.98,,0.0,,,Active,New,
HP ELITE  DRAGONFLY  512GB SSD  16GB RAM I7 V PRO,,DEV-LAP-HP-120,,HP,DEVICES,ELITEBOOK | LAPTOP,Pieces,400.00,400.00,549.00,,0.0,,,Active,New,
HP ELITEBOOK 830 G8 NOTEBOOK PC 512GB SDD 16GB RAM I 7 PRO,,DEV-LAP-HP-121,,HP,DEVICES,ELITEBOOK | LAPTOP,Pieces,350.00,350.00,449.00,,1.0,,,Active,New,
HP PROBOOK 440 / 256GB STORAGE 8GB RAM CORE I5-10 GEN,,DEV-LAP-HP-122,,HP,DEVICES,PROBOOK | LAPTOP,Pieces,180.00,180.00,297.00,,1.0,,,Active,New,
ONE PLUS 6T LCD,,REP-SCR-NON-438,,NON-BRANDED,REPLACEMENT / REPAIR PARTS,SCREEN,Pieces,27.00,27.00,58.50,,0.0,,,Active,New,
SM TAB 6 LITE CASE AND GLASS,,SCR-GLASS-NON-606,,NON-BRANDED,SCREEN / DEVICE PROTECTION,CASE AND GLASS,Pieces,5.98,5.98,13.95,,0.0,,,Active,New,
GOOGLE PIXLE 6A CASE AND GLASS,,SCR-GLASS-NON-595,,NON-BRANDED,SCREEN / DEVICE PROTECTION,CASE AND GLASS,Pieces,9.99,9.99,19.98,,0.0,,,Active,New,
IPAD 6 GEN CASE AND GLASS,,SCR-GLASS-NON-600,,NON-BRANDED,SCREEN / DEVICE PROTECTION,CASE AND GLASS,Pieces,14.49,14.49,28.98,,0.0,,,Active,New,
APPLE CHARGING HEAD,,ACC-CABLE-NON-65,,NON-BRANDED,ACCESSORIES,CHARGING / DATA CABLES,Pieces,2.50,2.50,5.00,,1.0,,,Active,New,
MOTO 5G CASE AND GLASSS,,SCR-GLASS-NON-602,,NON-BRANDED,SCREEN / DEVICE PROTECTION,CASE AND GLASS,Pieces,7.95,7.95,15.90,,0.0,,,Active,New,
REDMI 3A CASE AND GLASS,,SCR-GLASS-NON-603,,NON-BRANDED,SCREEN / DEVICE PROTECTION,CASE AND GLASS,Pieces,4.00,4.00,20.00,,0.0,,,Active,New,
SONY DVP-FX780 - 7 INCH PORTABLE DVD MEDIA PLAYER,,GAD-SOUND-SONY-195,,SONY,GADGETS,SOUNDS,Pieces,153.83,153.83,300.00,,0.0,,,Active,New,
HONER MAGIC V5  CASE AND GLASS,,SCR-GLASS-NON-598,,NON-BRANDED,SCREEN / DEVICE PROTECTION,CASE AND GLASS,Pieces,19.30,19.30,34.00,,0.0,,,Active,New,
A 56 CASE,,SCR-GLASS-NON-594,,NON-BRANDED,SCREEN / DEVICE PROTECTION,CASE AND GLASS,Pieces,4.99,4.99,10.00,,0.0,,,Active,New,
A 17 5G CASE,,SCR-GLASS-NON-593,,NON-BRANDED,SCREEN / DEVICE PROTECTION,CASE AND GLASS,Pieces,5.00,5.00,9.50,,0.0,,,Active,New,
IP 16 ORIGINALLCD,,REP-SCR-NON-434,,NON-BRANDED,REPLACEMENT / REPAIR PARTS,SCREEN,Pieces,35.00,35.00,139.00,,1.0,,,Active,New,
IPHONE 11 64 GB BLACK,,DEV-IPHONE-APPLE-112,,APPLE,DEVICES,IPHONE,Pieces,141.00,141.00,169.00,,0.0,,,Active,New,
S20 PLUS BACK,,REP-PART-NON-384,,NON-BRANDED,REPLACEMENT / REPAIR PARTS,PHONE REPAIR PART,Pieces,7.99,7.99,35.00,,0.0,,,Active,New,
15 PRO MAX 256,,DEV-IPHONE-APPLE-108,,APPLE,DEVICES,IPHONE,Pieces,300.00,300.00,550.00,,0.0,,,Active,New,
PS 5 PRO NOT FOR SELLING,,SCR-SCRAB-SONY-475,,SONY,SCRAB / BROKEN,SCRAB / BROKEN,Pieces,23.00,23.00,28.75,,0.0,,,Active,New,
MOTO  G32 CASE AND GLASS,,SCR-GLASS-NON-601,,NON-BRANDED,SCREEN / DEVICE PROTECTION,CASE AND GLASS,Pieces,9.99,9.99,9.99,,0.0,,,Active,New,
SM 17 CASE,,SCR-GLASS-NON-604,,NON-BRANDED,SCREEN / DEVICE PROTECTION,CASE AND GLASS,Pieces,5.99,5.99,5.99,,0.0,,,Active,New,
XIAOMI MIX 3,,DEV-PHONE-XIAOMI-193,,XIAOMI,DEVICES,PHONE,Pieces,9.99,9.99,15.00,,0.0,,,Active,New,
HARDWARE INSTALLATION,,SER--NON-682,,NON-BRANDED,SERVICES,INSTALLATION,Pieces,0.00,0.00,0.00,,0.0,,,Active,New,
IPHONE 15 BLUE 128GB,,DEV-IPHONE-APPLE-113,,APPLE,DEVICES,IPHONE,Pieces,200.00,200.00,325.00,,0.0,,,Active,New,
CHARGING PORT FIX FOR SM,,REP-PORT-SAMS-258,,SAMSUNG,REPLACEMENT / REPAIR PARTS,CHARGING PORT,Pieces,0.00,0.00,40.00,,1.0,,,Active,New,
S23 ULTRA 512GB,,DEV-PHONE-SAMS-160,,SAMSUNG,DEVICES,PHONE,Pieces,380.00,380.00,400.00,,0.0,,,Active,New,
14 PRO MAX 128GB WHITE,,DEV-IPHONE-APPLE-107,,APPLE,DEVICES,IPHONE,Pieces,250.00,250.00,420.00,,1.0,,,Active,New,
SM A02 DISPLAY,,REP-SCR-NON-451,,NON-BRANDED,REPLACEMENT / REPAIR PARTS,SCREEN,Pieces,15.00,15.00,50.00,,0.0,,,Active,New,
GAMING PC,,GAM-PC-NON-206,,NON-BRANDED,GAMES,GAMING PC,Pieces,50.00,50.00,449.00,,0.0,,,Active,New,
IPHONE X 64GB WHITE,,DEV-IPHONE-APPLE-115,,APPLE,DEVICES,IPHONE,Pieces,12.00,12.00,80.00,,1.0,,,Active,New,
MOPHIE 4-IN-1 CHARGING MAT,,ACC-CABLE-NON-66,,NON-BRANDED,ACCESSORIES,CHARGING / DATA CABLES,Pieces,15.00,15.00,63.00,,1.0,,,Active,New,
PRIVACY SCREEN PROTECTOR IP 13/13PRO/14,,SCR-PRI-NON-650,,NON-BRANDED,SCREEN / DEVICE PROTECTION,PRIVACY SCREEN,Pieces,0.90,0.90,5.00,,6.0,,,Active,New,
BELKIN IPHONE MOUNT WITH MAG SAFE FOR APPLE TV 4K,,ACC-PHONE-BELK-30,,BELKIN,ACCESSORIES,PHONE ACCESSORIES,Pieces,5.00,5.00,39.00,,1.0,,,Active,New,
APPLE LIGHTNING TO USB (2M),,ACC-CABLE-APPLE-13,,APPLE,ACCESSORIES,CHARGING / DATA CABLES,Pieces,5.50,5.50,9.99,,12.,,,Active,New,
APPLE USB-C TO USB ADAPTER,,ACC-CABLE-APPLE-22,,APPLE,ACCESSORIES,CHARGING / DATA CABLES,Pieces,20.00,20.00,29.00,,2.0,,,Active,New,
APPLE POWER ADAPTER EXTENSION CABLE,,ACC-CABLE-APPLE-14,,APPLE,ACCESSORIES,CHARGING / DATA CABLES,Pieces,10.00,10.00,15.00,,1.0,,,Active,New,
ANG HEADPHONES AND SPEAKER,,SOU-HEADPH-ANG-688,,ANG,SOUNDS,HEADPHONE,Pieces,18.00,18.00,35.00,,0.0,,,Active,New,
APPLE AIRPODS 1ST GEN,,SOU-EARPH-APPLE-692,,APPLE,SOUNDS,EARPHONES,Pieces,9.00,9.00,19.99,,--,,,Active,New,
APPLE MEGA SAFE WIRELESS CHARGER,,ACC-CHARG-APPLE-28,,APPLE,ACCESSORIES,PHONE CHARGER,Pieces,12.00,12.00,28.00,,0.0,,,Active,New,
APPLE USB-C TO HEADPHONE JACK ADAPTER,,ACC-CABLE-APPLE-21,,APPLE,ACCESSORIES,CHARGING / DATA CABLES,Pieces,4.00,4.00,9.99,,1.0,,,Active,New,
APPLE USB-C 20W POWER ADAPTER,,ACC-CABLE-APPLE-15,,APPLE,ACCESSORIES,CHARGING / DATA CABLES,Pieces,10.50,10.50,17.50,,2.0,,,Active,New,
AIRPODS 3RD GEN,,SOU-EARPH-APPLE-691,,APPLE,SOUNDS,EARPHONES,Pieces,10.00,10.00,23.00,,6.0,,,Active,New,
UR EARPODS USB-C,,SOU-EARPH-UR-719,,UR,SOUNDS,EARPHONES,Pieces,3.50,3.50,9.99,,9.0,,,Active,New,
APPLE EARPODS USB-C,,SOU-EARPH-APPLE-693,,APPLE,SOUNDS,EARPHONES,Pieces,5.50,5.50,14.99,,11.,,,Active,New,
ANG STANDARD KEYBOARD,,ACC-MK-ANG-10,,ANG,ACCESSORIES,MOUSE / KEYPAD,Pieces,5.00,5.00,16.00,,1.0,,,Active,New,
DISPLY IP 7 PLUS WHITE,,REP-SCR-DISP-225,,DISPLY,REPLACEMENT / REPAIR PARTS,SCREEN,Pieces,8.00,8.00,0.00,,1.0,,,Active,New,
YISON WIRELESS STEREO HEADPHONES BLACK B5,,SOU-HEADPH-YISON-726,,YISON,SOUNDS,HEADPHONE,Pieces,8.00,8.00,19.50,,0.0,,,Active,New,
CELEBRAT WIRELESS STEREO HEADPHONES BLACK,,SOU-HEADPH-CELEB-699,,CELEBRAT,SOUNDS,HEADPHONE,Pieces,9.00,9.00,25.00,,2.0,,,Active,New,
CELEBRAT WIRELESS STEREO HEADPHONES BLACK A27,,SOU-HEADPH-CELEB-700,,CELEBRAT,SOUNDS,HEADPHONE,Pieces,9.00,9.00,25.00,,1.0,,,Active,New,
CELEBRAT SIGNATURE SOUND HEADPHONES BLACK,,SOU-HEADPH-CELEB-695,,CELEBRAT,SOUNDS,HEADPHONE,Pieces,12.00,12.00,30.00,,0.0,,,Active,New,
CELEBRAT WIRELESS EXTRA BASS HEADPHONES BLACK,,SOU-HEADPH-CELEB-697,,CELEBRAT,SOUNDS,HEADPHONE,Pieces,11.00,11.00,30.00,,3.0,,,Active,New,
YISON WIRELESS STEREO HEADPHONES BLACK,,SOU-HEADPH-YISON-725,,YISON,SOUNDS,HEADPHONE,Pieces,11.00,11.00,30.00,,1.0,,,Active,New,
BACKBONE ONE USB-C CONTROLLER 2ND GEN,,GAM-CONS-BACKBONE-203,,BACKBONE,GAMES,CONSOLE,Pieces,50.00,50.00,70.00,,0.0,,,Active,New,
XBOX CONTROLLER CARBON BLACK,,GAM-CONT-XBOX-209,,XBOX,GAMES,CONTROLLER,Pieces,35.00,35.00,50.00,,0.0,,,Active,New,
25W PD ADAPTER USB-C TO USB-C CABLE,,ACC-CABLE-SAMS-57,,SAMSUNG,ACCESSORIES,CHARGING / DATA CABLES,Pieces,5.50,5.50,10.00,,4.0,,,Active,New,
MACBOOK AIR STORAGE 256GB MEMORY 16GB  2019,,DEV-LAP-APPLE-116,,APPLE,DEVICES,MACBOOK | LAPTOP,Pieces,150.00,150.00,295.00,,0.0,,,Active,New,
SAMSUNG AKG JACK EARPHONES,,SOU-EARPH-SAMS-711,,SAMSUNG,SOUNDS,EARPHONES,Pieces,4.50,4.50,10.00,,10.,,,Active,New,
G LIGHT,,GAD--UR-202,,UR,GADGETS,,Pieces,15.00,15.00,29.00,,3.0,,,Active,New,
JVC FLAT FOLDABLE ON-EAR HEADPHONES,,SOU-HEADPH-JVC-706,,JVC,SOUNDS,HEADPHONE,Pieces,8.00,8.00,15.00,,0.0,,,Active,New,
JVC DEEPBASE HEADPHONES,,SOU-HEADPH-JVC-705,,JVC,SOUNDS,HEADPHONE,Pieces,25.00,25.00,30.00,,0.0,,,Active,New,
ANG WIRELESS GAMING KEYBOARD AND MOUSE,,ACC-MK-ANG-11,,ANG,ACCESSORIES,MOUSE / KEYPAD,Pieces,5.00,5.00,25.00,,0.0,,,Active,New,
HP HEADPHONES,,SOU-HEADPH-HP-703,,HP,SOUNDS,HEADPHONE,Pieces,25.00,25.00,50.00,,1.0,,,Active,New,
UR WIRELESS AIRPODS,,SOU-EARPH-UR-720,,UR,SOUNDS,EARPHONES,Pieces,8.00,8.00,15.00,,1.0,,,Active,New,
GALAXY J5(2016),,DEV-PHONE-SAMS-159,,SAMSUNG,DEVICES,PHONE,Pieces,28.00,28.00,39.00,,0.0,,,Active,New,
UR M88 SMART TREASURE,,GAD-PBANK-UR-200,,UR,GADGETS,POWER BANK,Pieces,13.50,13.50,28.56,,2.0,,,Active,New,
CELEBRAT WIRELESS STEREO HEADPHONES NAVY BLUE A27,,SOU-HEADPH-CELEB-702,,CELEBRAT,SOUNDS,HEADPHONE,Pieces,9.00,9.00,25.00,,2.0,,,Active,New,
CELEBRAT WIRELESS STEREO HEADPHONES NAVY BLUE,,SOU-HEADPH-CELEB-701,,CELEBRAT,SOUNDS,HEADPHONE,Pieces,9.00,9.00,25.00,,2.0,,,Active,New,
NOKIA CHARGER,,ACC-CHARG-NOKIA-55,,NOKIA,ACCESSORIES,PHONE CHARGER,Pieces,0.00,0.00,15.00,,0.0,,,Active,New,
XBOX CONTROLLER REBOT WHITE,,GAM-CONT-XBOX-210,,XBOX,GAMES,CONTROLLER,Pieces,35.00,35.00,50.00,,1.0,,,Active,New,
XBOX CONTROLLER VELOCITY GREEN,,GAM-CONT-XBOX-211,,XBOX,GAMES,CONTROLLER,Pieces,35.00,35.00,50.00,,0.0,,,Active,New,
APPLE  WATCH MAGNETIC CHARGING CABLE,,ACC-CABLE-JOYR-48,,JOYROOM,ACCESSORIES,CHARGING / DATA CABLES,Pieces,7.00,7.00,15.00,,1.0,,,Active,New,
SAMSUNG GALAXY BUDS FE GRAPHITE,,SOU-EARPH-SAMS-712,,SAMSUNG,SOUNDS,EARPHONES,Pieces,50.00,50.00,69.00,,2.0,,,Active,New,
SAMSUNG GALAXY BUDS3 PRO WHITE,,SOU-EARPH-SAMS-713,,SAMSUNG,SOUNDS,EARPHONES,Pieces,70.00,70.00,99.00,,1.0,,,Active,New,
GALAXY TAB E,,DEV-TAB-SAMS-179,,SAMSUNG,DEVICES,TABLET,Pieces,28.00,28.00,35.00,,3.0,,,Active,New,
SM A52 CHARGING PORT,,REP-PORT-NON-421,,NON-BRANDED,REPLACEMENT / REPAIR PARTS,CHARGING PORT,Pieces,8.00,8.00,0.00,,1.0,,,Active,New,
TURTLE BEACH SYEALTH 600 GEN2 USB FOR XBOX,,SOU-HEADPH-XBOX-724,,XBOX,SOUNDS,HEADPHONE,Pieces,50.00,50.00,95.00,,1.0,,,Active,New,
STEREO HEADPHONES WIRELESS BLACK,,SOU-HEADPH-STER-716,,STEREO,SOUNDS,HEADPHONE,Pieces,6.00,6.00,15.00,,2.0,,,Active,New,
UR CAR CHARGER 43W DUAL PORT,,ACC-CAR-UR-82,,UR,ACCESSORIES,CAR ACCESSORIES,Pieces,3.50,3.50,11.50,,5.0,,,Active,New,
UR USB-C TO C 60W FAST CAR CHARGER PD30X2,,ACC-CAR-UR-84,,UR,ACCESSORIES,CAR ACCESSORIES,Pieces,3.50,3.50,12.00,,3.0,,,Active,New,
UR EARPHONES LIGHTNING EDITION,,SOU-EARPH-UR-718,,UR,SOUNDS,EARPHONES,Pieces,2.00,2.00,8.00,,13.,,,Active,New,
MAGNETIC CAR HOLDER,,ACC-CAR-UR-81,,UR,ACCESSORIES,CAR ACCESSORIES,Pieces,2.50,2.50,8.00,,5.0,,,Active,New,
UR GRAVITY PHONE HOLDER,,ACC-CAR-UR-85,,UR,ACCESSORIES,CAR ACCESSORIES,Pieces,2.50,2.50,10.00,,6.0,,,Active,New,
UR MAGNETIC PHONE HOLDER,,ACC-CAR-UR-83,,UR,ACCESSORIES,CAR ACCESSORIES,Pieces,3.50,3.50,3.50,,5.0,,,Active,New,
UR 10000MAH POWER BANK,,GAD-PBANK-UR-196,,UR,GADGETS,POWER BANK,Pieces,15.00,15.00,35.00,,2.0,,,Active,New,
UR 10000MAH POWER BANK UP-05,,GAD-PBANK-UR-197,,UR,GADGETS,POWER BANK,Pieces,10.00,10.00,25.00,,1.0,,,Active,New,
UR 5000 MAH MAGNET WIRELESS POWERBANK,,GAD-PBANK-UR-199,,UR,GADGETS,POWER BANK,Pieces,6.50,6.50,14.50,,2.0,,,Active,New,
UR 20000 SOLAR POWER BANK,,GAD-PBANK-UR-198,,UR,GADGETS,POWER BANK,Pieces,18.50,18.50,38.50,,1.0,,,Active,New,
UR MAGNET WIRELESS CHARGER MATE,,ACC-CABLE-UR-78,,UR,ACCESSORIES,CHARGING / DATA CABLES,Pieces,7.00,7.00,15.00,,1.0,,,Active,New,
UR WIRELESS CHARGING SOUND SYSTEM,,GAD-WIRLESS-UR-201,,UR,GADGETS,WIRELESS SOUND CHARGER,Pieces,25.00,25.00,39.00,,0.0,,,Active,New,
UR WIRELESS KARAOKE SPEAKERS,,GAD-SPEAK-UR-722,,UR,SOUNDS,SPEAKER,Pieces,15.00,15.00,38.00,,4.0,,,Active,New,
UR PORTABLE SPEAKERS,,GAD-SPEAK-UR-721,,UR,SOUNDS,SPEAKER,Pieces,7.00,7.00,18.00,,4.0,,,Active,New,
UR WIRELESS MAGNETIC SPEAKER,,GAD-SPEAK-UR-723,,UR,SOUNDS,SPEAKER,Pieces,6.00,6.00,15.00,,4.0,,,Active,New,
RACING WHEEL,,GAM-CONT-VENO-207,,VENOM,GAMES,CONTROLLER,Pieces,10.00,10.00,12.00,,1.0,,,Active,New,
CELEBRAT WIRELESS EXTRA BASS HEADPHONES WHITE,,SOU-HEADPH-CELEB-698,,CELEBRAT,SOUNDS,HEADPHONE,Pieces,11.00,11.00,30.00,,1.0,,,Active,New,
CELEBRAT SIGNATURE SOUND HEADPHONES WHITE,,SOU-HEADPH-CELEB-696,,CELEBRAT,SOUNDS,HEADPHONE,Pieces,12.00,12.00,30.00,,1.0,,,Active,New,
YISON WIRELESS STEREO HEADPHONES WHITE,,SOU-HEADPH-YISON-727,,YISON,SOUNDS,HEADPHONE,Pieces,11.00,11.00,30.00,,4.0,,,Active,New,
YISON WIRELESS STEREO HEADPHONES WHITE B5,,SOU-HEADPH-YISON-728,,YISON,SOUNDS,HEADPHONE,Pieces,8.00,8.00,19.50,,0.0,,,Active,New,
SONY AIRBUDS BLACK,,SOU-EARPH-SONY-714,,SONY,SOUNDS,EARPHONES,Pieces,25.00,25.00,38.00,,0.0,,,Active,New,
NECTAR HD4 18650 BATTERIES,,VAP-CELL-NECT-936,,NECTAR,VAPES,VAP CELL | BATTERY,Pieces,5.95,5.95,11.90,,4.0,,,Active,New,
ZWQI CAR PHONE HOLDER,,ACC-CAR-ZWQI-93,,ZWQI,ACCESSORIES,CAR ACCESSORIES,Pieces,0.00,0.00,5.00,,1.0,,,Active,New,
SM A72 CHARGING PORT,,REP-PORT-NON-422,,NON-BRANDED,REPLACEMENT / REPAIR PARTS,CHARGING PORT,Pieces,4.00,4.00,0.00,,2.0,,,Active,New,
